pincode,district,state
110001,New Delhi,Delhi
110002,Central,Delhi
110003,New Delhi,Delhi
110003,South,Delhi
110003,South East,Delhi
110004,New Delhi,Delhi
110005,Central,Delhi
110006,North,Delhi
110007,Central,Delhi
110007,North,Delhi
110007,North West,Delhi
110008,West,Delhi
110009,North,Delhi
110009,North West,Delhi
110010,New Delhi,Delhi
110011,New Delhi,Delhi
110012,West,Delhi
110013,South,Delhi
110013,South East,Delhi
110014,South,Delhi
110014,South East,Delhi
110015,West,Delhi
110016,South,Delhi
110017,South,Delhi
110018,West,Delhi
110019,South,Delhi
110019,South East,Delhi
110020,South,Delhi
110020,South East,Delhi
110021,New Delhi,Delhi
110022,New Delhi,Delhi
110023,New Delhi,Delhi
110024,South,Delhi
110024,South East,Delhi
110025,Budaun,Uttar Pradesh
110025,South,Delhi
110025,South East,Delhi
110026,West,Delhi
110027,West,Delhi
110028,New Delhi,Delhi
110029,South,Delhi
110030,South,Delhi
110031,East,Delhi
110031,Shahdara,Delhi
110032,Shahdara,Delhi
110033,North,Delhi
110034,North West,Delhi
110035,North West,Delhi
110036,North,Delhi
110037,New Delhi,Delhi
110038,New Delhi,Delhi
110039,North,Delhi
110039,North West,Delhi
110040,North,Delhi
110041,West,Delhi
110042,North,Delhi
110042,North West,Delhi
110043,West,Delhi
110044,South,Delhi
110044,South East,Delhi
110045,South West,Delhi
110046,New Delhi,Delhi
110047,South,Delhi
110048,South,Delhi
110048,South East,Delhi
110049,South,Delhi
110049,South East,Delhi
110051,East,Delhi
110051,Shahdara,Delhi
110052,North,Delhi
110052,North West,Delhi
110053,North East,Delhi
110054,Central,Delhi
110055,Central,Delhi
110055,West,Delhi
110056,North West,Delhi
110057,New Delhi,Delhi
110058,West,Delhi
110059,West,Delhi
110060,Central,Delhi
110061,New Delhi,Delhi
110061,South West,Delhi
110062,South,Delhi
110063,West,Delhi
110064,West,Delhi
110065,South,Delhi
110065,South East,Delhi
110066,New Delhi,Delhi
110067,New Delhi,Delhi
110068,South,Delhi
110069,New Delhi,Delhi
110070,New Delhi,Delhi
110071,South West,Delhi
110072,South West,Delhi
110073,South West,Delhi
110074,South,Delhi
110075,South West,Delhi
110076,South,Delhi
110077,New Delhi,Delhi
110077,South West,Delhi
110078,South West,Delhi
110080,South,Delhi
110081,North West,Delhi
110082,North,Delhi
110083,North West,Delhi
110084,Central,Delhi
110084,North,Delhi
110085,North West,Delhi
110086,North West,Delhi
110087,West,Delhi
110088,North,Delhi
110089,North West,Delhi
110090,North East,Delhi
110091,East,Delhi
110092,East,Delhi
110092,Shahdara,Delhi
110093,North East,Delhi
110094,North East,Delhi
110095,Shahdara,Delhi
110096,East,Delhi
110097,South West,Delhi
110099,North West,Delhi
110102,New Delhi,Delhi
110106,North,Delhi
110110,North West,Delhi
110119,South East,Delhi
110124,South,Delhi
110151,Shahdara,Delhi
110195,Shahdara,Delhi
121001,Faridabad,Haryana
121002,Faridabad,Haryana
121003,Faridabad,Haryana
121004,Faridabad,Haryana
121004,Palwal,Haryana
121005,Faridabad,Haryana
121006,Faridabad,Haryana
121007,Faridabad,Haryana
121008,Faridabad,Haryana
121009,Faridabad,Haryana
121010,Faridabad,Haryana
121012,Faridabad,Haryana
121013,Faridabad,Haryana
121014,Faridabad,Haryana
121015,Faridabad,Haryana
121101,Faridabad,Haryana
121102,Faridabad,Haryana
121102,Palwal,Haryana
121103,Palwal,Haryana
121105,Palwal,Haryana
121106,Palwal,Haryana
121107,Palwal,Haryana
122001,Gurugram,Haryana
122002,Gurugram,Haryana
122003,Gurugram,Haryana
122004,Gurugram,Haryana
122005,Gurugram,Haryana
122006,Gurugram,Haryana
122007,Gurugram,Haryana
122008,Gurugram,Haryana
122009,Gurugram,Haryana
122010,Gurugram,Haryana
122011,Gurugram,Haryana
122012,Gurugram,Haryana
122015,Gurugram,Haryana
122016,Gurugram,Haryana
122017,Gurugram,Haryana
122018,Gurugram,Haryana
122051,Gurugram,Haryana
122052,Gurugram,Haryana
122098,Gurugram,Haryana
122101,Gurugram,Haryana
122102,Gurugram,Haryana
122103,Gurugram,Haryana
122103,Nuh,Haryana
122104,Nuh,Haryana
122105,Nuh,Haryana
122107,Nuh,Haryana
122108,Nuh,Haryana
122413,Gurugram,Haryana
122414,Gurugram,Haryana
122502,Gurugram,Haryana
122502,Rewari,Haryana
122503,Gurugram,Haryana
122504,Gurugram,Haryana
122505,Gurugram,Haryana
122506,Gurugram,Haryana
122508,Nuh,Haryana
123001,Mahendragarh,Haryana
123021,Mahendragarh,Haryana
123023,Mahendragarh,Haryana
123024,Mahendragarh,Haryana
123027,Mahendragarh,Haryana
123028,Mahendragarh,Haryana
123029,Mahendragarh,Haryana
123031,Mahendragarh,Haryana
123034,Mahendragarh,Haryana
123035,Rewari,Haryana
123101,Rewari,Haryana
123102,Rewari,Haryana
123103,Rewari,Haryana
123106,Rewari,Haryana
123110,Rewari,Haryana
123301,Rewari,Haryana
123302,Rewari,Haryana
123303,Rewari,Haryana
123304,Mahendragarh,Haryana
123304,Rewari,Haryana
123401,Rewari,Haryana
123411,Rewari,Haryana
123412,Rewari,Haryana
123501,Rewari,Haryana
124001,Rohtak,Haryana
124010,Rohtak,Haryana
124021,Jhajjar,Haryana
124021,Rohtak,Haryana
124022,Rohtak,Haryana
124102,Jhajjar,Haryana
124103,Jhajjar,Haryana
124104,Jhajjar,Haryana
124105,Jhajjar,Haryana
124106,Jhajjar,Haryana
124107,Jhajjar,Haryana
124108,Jhajjar,Haryana
124109,Jhajjar,Haryana
124111,Rohtak,Haryana
124112,Rohtak,Haryana
124113,Rohtak,Haryana
124141,Jhajjar,Haryana
124142,Jhajjar,Haryana
124146,Jhajjar,Haryana
124201,Jhajjar,Haryana
124201,Rohtak,Haryana
124202,Jhajjar,Haryana
124202,Rohtak,Haryana
124303,Rohtak,Haryana
124401,Rohtak,Haryana
124404,Jhajjar,Haryana
124404,Rohtak,Haryana
124406,Rohtak,Haryana
124411,Rohtak,Haryana
124412,Jhajjar,Haryana
124412,Rohtak,Haryana
124501,Jhajjar,Haryana
124501,Rohtak,Haryana
124504,Jhajjar,Haryana
124505,Jhajjar,Haryana
124506,Jhajjar,Haryana
124507,Jhajjar,Haryana
124508,Jhajjar,Haryana
124513,Rohtak,Haryana
124514,Rohtak,Haryana
124515,Rohtak,Haryana
125001,Hisar,Haryana
125004,Hisar,Haryana
125005,Hisar,Haryana
125006,Hisar,Haryana
125007,Hisar,Haryana
125011,Hisar,Haryana
125033,Hisar,Haryana
125037,Hisar,Haryana
125038,Hisar,Haryana
125039,Hisar,Haryana
125042,Hisar,Haryana
125044,Hisar,Haryana
125047,Fatehabad,Haryana
125047,Hisar,Haryana
125048,Fatehabad,Haryana
125049,Hisar,Haryana
125050,Fatehabad,Haryana
125050,Hisar,Haryana
125051,Fatehabad,Haryana
125052,Hisar,Haryana
125053,Fatehabad,Haryana
125054,Sirsa,Haryana
125055,Sirsa,Haryana
125056,Sirsa,Haryana
125058,Sirsa,Haryana
125060,Sirsa,Haryana
125061,Hisar,Haryana
125075,Sirsa,Haryana
125076,Sirsa,Haryana
125077,Sirsa,Haryana
125078,Sirsa,Haryana
125101,Sirsa,Haryana
125102,Sirsa,Haryana
125103,Sirsa,Haryana
125104,Sirsa,Haryana
125106,Fatehabad,Haryana
125110,Sirsa,Haryana
125111,Fatehabad,Haryana
125112,Fatehabad,Haryana
125112,Hisar,Haryana
125113,Fatehabad,Haryana
125113,Hisar,Haryana
125120,Fatehabad,Haryana
125121,Hisar,Haryana
125133,Fatehabad,Haryana
125201,Sirsa,Haryana
126101,Jind,Haryana
126102,Jind,Haryana
126110,Jind,Haryana
126111,Jind,Haryana
126112,Jind,Haryana
126113,Jind,Haryana
126114,Jind,Haryana
126115,Jind,Haryana
126116,Jind,Haryana
126125,Jind,Haryana
126152,Jind,Haryana
127021,Bhiwani,Haryana
127022,Charki Dadri,Haryana
127025,Charki Dadri,Haryana
127026,Charki Dadri,Haryana
127027,Bhiwani,Haryana
127028,Bhiwani,Haryana
127029,Bhiwani,Haryana
127030,Bhiwani,Haryana
127031,Bhiwani,Haryana
127032,Bhiwani,Haryana
127035,Bhiwani,Haryana
127040,Bhiwani,Haryana
127041,Bhiwani,Haryana
127042,Charki Dadri,Haryana
127043,Bhiwani,Haryana
127045,Bhiwani,Haryana
127046,Bhiwani,Haryana
127111,Bhiwani,Haryana
127114,Bhiwani,Haryana
127201,Bhiwani,Haryana
127306,Charki Dadri,Haryana
127307,Charki Dadri,Haryana
127308,Charki Dadri,Haryana
127309,Bhiwani,Haryana
127310,Charki Dadri,Haryana
127311,Bhiwani,Haryana
127312,Charki Dadri,Haryana
131001,Sonipat,Haryana
131021,Sonipat,Haryana
131022,Sonipat,Haryana
131023,Sonipat,Haryana
131024,Sonipat,Haryana
131027,Sonipat,Haryana
131028,Sonipat,Haryana
131029,Sonipat,Haryana
131030,Sonipat,Haryana
131039,Sonipat,Haryana
131101,Sonipat,Haryana
131102,Sonipat,Haryana
131103,Sonipat,Haryana
131301,Sonipat,Haryana
131302,Sonipat,Haryana
131304,Sonipat,Haryana
131305,Sonipat,Haryana
131306,Sonipat,Haryana
131402,Sonipat,Haryana
131403,Sonipat,Haryana
131408,Sonipat,Haryana
131409,Sonipat,Haryana
132001,Karnal,Haryana
132022,Karnal,Haryana
132023,Karnal,Haryana
132024,Karnal,Haryana
132036,Karnal,Haryana
132037,Karnal,Haryana
132039,Karnal,Haryana
132040,Karnal,Haryana
132041,Karnal,Haryana
132046,Karnal,Haryana
132054,Karnal,Haryana
132101,Panipat,Haryana
132102,Panipat,Haryana
132103,Panipat,Haryana
132104,Panipat,Haryana
132105,Panipat,Haryana
132106,Panipat,Haryana
132107,Panipat,Haryana
132108,Panipat,Haryana
132113,Panipat,Haryana
132114,Karnal,Haryana
132115,Panipat,Haryana
132116,Karnal,Haryana
132117,Karnal,Haryana
132122,Panipat,Haryana
132140,Panipat,Haryana
132145,Panipat,Haryana
132157,Karnal,Haryana
133001,Ambala,Haryana
133004,Ambala,Haryana
133005,Ambala,Haryana
133006,Ambala,Haryana
133008,Ambala,Haryana
133010,Ambala,Haryana
133101,Ambala,Haryana
133102,Ambala,Haryana
133103,Yamunanagar,Haryana
133104,Ambala,Haryana
133201,Ambala,Haryana
133202,Ambala,Haryana
133202,Yamunanagar,Haryana
133203,Ambala,Haryana
133204,Yamunanagar,Haryana
133205,Ambala,Haryana
133206,Ambala,Haryana
133206,Yamunanagar,Haryana
133207,Ambala,Haryana
133301,Panchkula,Haryana
133302,Panchkula,Haryana
134003,Ambala,Haryana
134005,Ambala,Haryana
134007,Ambala,Haryana
134008,Ambala,Haryana
134101,Panchkula,Haryana
134102,Panchkula,Haryana
134103,Panchkula,Haryana
134104,Panchkula,Haryana
134105,Panchkula,Haryana
134107,Panchkula,Haryana
134108,Panchkula,Haryana
134109,Panchkula,Haryana
134112,Panchkula,Haryana
134113,Panchkula,Haryana
134114,Panchkula,Haryana
134116,Panchkula,Haryana
134117,Panchkula,Haryana
134118,Ambala,Haryana
134118,Panchkula,Haryana
134201,Ambala,Haryana
134201,Panchkula,Haryana
134202,Ambala,Haryana
134203,Ambala,Haryana
134204,Panchkula,Haryana
134204,Yamunanagar,Haryana
134205,Panchkula,Haryana
135001,Yamunanagar,Haryana
135002,Yamunanagar,Haryana
135003,Yamunanagar,Haryana
135004,Yamunanagar,Haryana
135021,Yamunanagar,Haryana
135101,Yamunanagar,Haryana
135102,Yamunanagar,Haryana
135103,Yamunanagar,Haryana
135106,Yamunanagar,Haryana
135133,Yamunanagar,Haryana
136020,Kaithal,Haryana
136021,Kaithal,Haryana
136026,Kaithal,Haryana
136027,Kaithal,Haryana
136030,Kurukshetra,Haryana
136033,Kaithal,Haryana
136034,Kaithal,Haryana
136035,Kaithal,Haryana
136038,Kurukshetra,Haryana
136042,Kaithal,Haryana
136043,Kaithal,Haryana
136044,Kaithal,Haryana
136117,Kaithal,Haryana
136118,Kurukshetra,Haryana
136119,Kurukshetra,Haryana
136128,Kurukshetra,Haryana
136129,Kurukshetra,Haryana
136130,Kurukshetra,Haryana
136131,Kurukshetra,Haryana
136132,Kurukshetra,Haryana
136134,Kurukshetra,Haryana
136135,Kurukshetra,Haryana
136136,Kurukshetra,Haryana
136156,Kurukshetra,Haryana
140001,Rupnagar,Punjab
140101,Rupnagar,Punjab
140102,Rupnagar,Punjab
140103,S.a.s Nagar,Punjab
140108,Rupnagar,Punjab
140109,S.a.s Nagar,Punjab
140110,S.a.s Nagar,Punjab
140111,Rupnagar,Punjab
140112,Rupnagar,Punjab
140113,Rupnagar,Punjab
140114,Rupnagar,Punjab
140115,Rupnagar,Punjab
140116,Rupnagar,Punjab
140117,Rupnagar,Punjab
140118,Rupnagar,Punjab
140119,Rupnagar,Punjab
140123,Rupnagar,Punjab
140124,Rupnagar,Punjab
140125,Rupnagar,Punjab
140126,Rupnagar,Punjab
140127,Rupnagar,Punjab
140128,Rupnagar,Punjab
140133,Rupnagar,Punjab
140201,S.a.s Nagar,Punjab
140301,S.a.s Nagar,Punjab
140306,S.a.s Nagar,Punjab
140307,S.a.s Nagar,Punjab
140308,S.a.s Nagar,Punjab
140401,Patiala,Punjab
140402,Fatehgarh Sahib,Punjab
140402,Patiala,Punjab
140405,Fatehgarh Sahib,Punjab
140406,Fatehgarh Sahib,Punjab
140407,Fatehgarh Sahib,Punjab
140408,Fatehgarh Sahib,Punjab
140412,Fatehgarh Sahib,Punjab
140413,S.a.s Nagar,Punjab
140417,Patiala,Punjab
140501,S.a.s Nagar,Punjab
140506,S.a.s Nagar,Punjab
140507,S.a.s Nagar,Punjab
140601,Patiala,Punjab
140601,S.a.s Nagar,Punjab
140602,Fatehgarh Sahib,Punjab
140602,Patiala,Punjab
140603,S.a.s Nagar,Punjab
140604,S.a.s Nagar,Punjab
140701,Patiala,Punjab
140702,Patiala,Punjab
140802,Fatehgarh Sahib,Punjab
140901,S.a.s Nagar,Punjab
141001,Ludhiana,Punjab
141002,Ludhiana,Punjab
141003,Ludhiana,Punjab
141004,Ludhiana,Punjab
141006,Ludhiana,Punjab
141007,Ludhiana,Punjab
141008,Ludhiana,Punjab
141010,Ludhiana,Punjab
141011,Ludhiana,Punjab
141012,Ludhiana,Punjab
141013,Ludhiana,Punjab
141014,Ludhiana,Punjab
141015,Ludhiana,Punjab
141016,Ludhiana,Punjab
141101,Ludhiana,Punjab
141102,Ludhiana,Punjab
141103,Ludhiana,Punjab
141104,Ludhiana,Punjab
141105,Ludhiana,Punjab
141106,Ludhiana,Punjab
141107,Ludhiana,Punjab
141108,Ludhiana,Punjab
141109,Ludhiana,Punjab
141110,Ludhiana,Punjab
141112,Ludhiana,Punjab
141113,Ludhiana,Punjab
141114,Ludhiana,Punjab
141115,Ludhiana,Punjab
141116,Ludhiana,Punjab
141117,Ludhiana,Punjab
141118,Ludhiana,Punjab
141119,Ludhiana,Punjab
141120,Ludhiana,Punjab
141121,Ludhiana,Punjab
141122,Ludhiana,Punjab
141123,Ludhiana,Punjab
141125,Ludhiana,Punjab
141126,Ludhiana,Punjab
141127,Ludhiana,Punjab
141201,Ludhiana,Punjab
141202,Ludhiana,Punjab
141203,Ludhiana,Punjab
141204,Ludhiana,Punjab
141205,Ludhiana,Punjab
141206,Ludhiana,Punjab
141401,Ludhiana,Punjab
141411,Fatehgarh Sahib,Punjab
141412,Ludhiana,Punjab
141413,Ludhiana,Punjab
141414,Ludhiana,Punjab
141415,Ludhiana,Punjab
141416,Ludhiana,Punjab
141417,Ludhiana,Punjab
141418,Ludhiana,Punjab
141419,Ludhiana,Punjab
141421,Ludhiana,Punjab
141422,Ludhiana,Punjab
141801,Fatehgarh Sahib,Punjab
142001,Moga,Punjab
142002,Moga,Punjab
142003,Moga,Punjab
142011,Moga,Punjab
142021,Ludhiana,Punjab
142022,Ludhiana,Punjab
142023,Ludhiana,Punjab
142024,Ludhiana,Punjab
142025,Ludhiana,Punjab
142026,Ludhiana,Punjab
142027,Ludhiana,Punjab
142029,Ludhiana,Punjab
142030,Ludhiana,Punjab
142031,Ludhiana,Punjab
142032,Ludhiana,Punjab
142033,Ludhiana,Punjab
142034,Ludhiana,Punjab
142035,Ludhiana,Punjab
142036,Ludhiana,Punjab
142037,Moga,Punjab
142038,Moga,Punjab
142039,Moga,Punjab
142040,Moga,Punjab
142041,Moga,Punjab
142042,Moga,Punjab
142043,Moga,Punjab
142044,Firozepur,Punjab
142045,Moga,Punjab
142046,Moga,Punjab
142047,Firozepur,Punjab
142048,Moga,Punjab
142049,Moga,Punjab
142050,Firozepur,Punjab
142052,Firozepur,Punjab
142053,Moga,Punjab
142054,Moga,Punjab
142055,Moga,Punjab
142056,Moga,Punjab
142057,Moga,Punjab
142058,Moga,Punjab
142060,Firozepur,Punjab
143001,Amritsar,Punjab
143002,Amritsar,Punjab
143004,Amritsar,Punjab
143005,Amritsar,Punjab
143006,Amritsar,Punjab
143008,Amritsar,Punjab
143009,Amritsar,Punjab
143022,Amritsar,Punjab
143101,Amritsar,Punjab
143102,Amritsar,Punjab
143103,Amritsar,Punjab
143105,Amritsar,Punjab
143107,Amritsar,Punjab
143107,Tarn Taran,Punjab
143108,Amritsar,Punjab
143109,Amritsar,Punjab
143111,Amritsar,Punjab
143112,Amritsar,Punjab
143113,Amritsar,Punjab
143114,Amritsar,Punjab
143115,Amritsar,Punjab
143116,Amritsar,Punjab
143117,Tarn Taran,Punjab
143118,Tarn Taran,Punjab
143119,Amritsar,Punjab
143149,Amritsar,Punjab
143201,Amritsar,Punjab
143202,Amritsar,Punjab
143203,Amritsar,Punjab
143204,Amritsar,Punjab
143205,Amritsar,Punjab
143301,Tarn Taran,Punjab
143302,Tarn Taran,Punjab
143303,Tarn Taran,Punjab
143304,Tarn Taran,Punjab
143305,Tarn Taran,Punjab
143401,Tarn Taran,Punjab
143402,Tarn Taran,Punjab
143406,Tarn Taran,Punjab
143407,Tarn Taran,Punjab
143408,Tarn Taran,Punjab
143409,Tarn Taran,Punjab
143410,Tarn Taran,Punjab
143411,Tarn Taran,Punjab
143412,Tarn Taran,Punjab
143413,Amritsar,Punjab
143414,Tarn Taran,Punjab
143415,Tarn Taran,Punjab
143416,Tarn Taran,Punjab
143419,Tarn Taran,Punjab
143422,Tarn Taran,Punjab
143501,Amritsar,Punjab
143502,Amritsar,Punjab
143504,Amritsar,Punjab
143505,Gurdaspur,Punjab
143506,Gurdaspur,Punjab
143507,Gurdaspur,Punjab
143511,Gurdaspur,Punjab
143512,Gurdaspur,Punjab
143513,Gurdaspur,Punjab
143514,Gurdaspur,Punjab
143515,Gurdaspur,Punjab
143516,Gurdaspur,Punjab
143517,Gurdaspur,Punjab
143518,Gurdaspur,Punjab
143519,Gurdaspur,Punjab
143520,Gurdaspur,Punjab
143521,Gurdaspur,Punjab
143525,Gurdaspur,Punjab
143525,Pathankot,Punjab
143526,Gurdaspur,Punjab
143527,Gurdaspur,Punjab
143528,Gurdaspur,Punjab
143529,Gurdaspur,Punjab
143530,Gurdaspur,Punjab
143531,Gurdaspur,Punjab
143531,Pathankot,Punjab
143532,Gurdaspur,Punjab
143533,Gurdaspur,Punjab
143533,Pathankot,Punjab
143534,Pathankot,Punjab
143601,Amritsar,Punjab
143602,Gurdaspur,Punjab
143603,Amritsar,Punjab
143604,Gurdaspur,Punjab
143605,Gurdaspur,Punjab
143606,Amritsar,Punjab
144001,Jalandhar,Punjab
144002,Jalandhar,Punjab
144003,Jalandhar,Punjab
144005,Jalandhar,Punjab
144006,Jalandhar,Punjab
144007,Jalandhar,Punjab
144008,Jalandhar,Punjab
144009,Jalandhar,Punjab
144010,Jalandhar,Punjab
144020,Jalandhar,Punjab
144021,Jalandhar,Punjab
144022,Jalandhar,Punjab
144023,Jalandhar,Punjab
144024,Jalandhar,Punjab
144025,Jalandhar,Punjab
144026,Jalandhar,Punjab
144027,Jalandhar,Punjab
144028,Jalandhar,Punjab
144029,Jalandhar,Punjab
144029,Shahid Bhagat Singh Nagar,Punjab
144030,Jalandhar,Punjab
144031,Jalandhar,Punjab
144032,Jalandhar,Punjab
144033,Jalandhar,Punjab
144034,Jalandhar,Punjab
144035,Jalandhar,Punjab
144036,Jalandhar,Punjab
144037,Jalandhar,Punjab
144039,Jalandhar,Punjab
144040,Jalandhar,Punjab
144041,Jalandhar,Punjab
144042,Jalandhar,Punjab
144043,Jalandhar,Punjab
144044,Jalandhar,Punjab
144101,Jalandhar,Punjab
144102,Jalandhar,Punjab
144103,Jalandhar,Punjab
144104,Jalandhar,Punjab
144105,Hoshiarpur,Punjab
144106,Jalandhar,Punjab
144201,Jalandhar,Punjab
144202,Hoshiarpur,Punjab
144204,Hoshiarpur,Punjab
144205,Hoshiarpur,Punjab
144206,Hoshiarpur,Punjab
144207,Hoshiarpur,Punjab
144208,Hoshiarpur,Punjab
144209,Hoshiarpur,Punjab
144210,Hoshiarpur,Punjab
144211,Hoshiarpur,Punjab
144212,Hoshiarpur,Punjab
144213,Hoshiarpur,Punjab
144214,Hoshiarpur,Punjab
144216,Hoshiarpur,Punjab
144221,Hoshiarpur,Punjab
144222,Hoshiarpur,Punjab
144223,Hoshiarpur,Punjab
144224,Hoshiarpur,Punjab
144301,Jalandhar,Punjab
144302,Jalandhar,Punjab
144303,Jalandhar,Punjab
144305,Hoshiarpur,Punjab
144306,Hoshiarpur,Punjab
144311,Jalandhar,Punjab
144401,Kapurthala,Punjab
144402,Kapurthala,Punjab
144403,Kapurthala,Punjab
144404,Hoshiarpur,Punjab
144405,Kapurthala,Punjab
144406,Hoshiarpur,Punjab
144407,Kapurthala,Punjab
144408,Kapurthala,Punjab
144409,Jalandhar,Punjab
144410,Jalandhar,Punjab
144411,Jalandhar,Punjab
144411,Kapurthala,Punjab
144415,Shahid Bhagat Singh Nagar,Punjab
144416,Jalandhar,Punjab
144417,Shahid Bhagat Singh Nagar,Punjab
144418,Jalandhar,Punjab
144419,Jalandhar,Punjab
144421,Shahid Bhagat Singh Nagar,Punjab
144422,Shahid Bhagat Singh Nagar,Punjab
144501,Shahid Bhagat Singh Nagar,Punjab
144502,Jalandhar,Punjab
144502,Shahid Bhagat Singh Nagar,Punjab
144503,Shahid Bhagat Singh Nagar,Punjab
144504,Shahid Bhagat Singh Nagar,Punjab
144505,Shahid Bhagat Singh Nagar,Punjab
144506,Shahid Bhagat Singh Nagar,Punjab
144507,Shahid Bhagat Singh Nagar,Punjab
144508,Shahid Bhagat Singh Nagar,Punjab
144509,Shahid Bhagat Singh Nagar,Punjab
144510,Shahid Bhagat Singh Nagar,Punjab
144511,Shahid Bhagat Singh Nagar,Punjab
144512,Shahid Bhagat Singh Nagar,Punjab
144513,Shahid Bhagat Singh Nagar,Punjab
144514,Shahid Bhagat Singh Nagar,Punjab
144515,Shahid Bhagat Singh Nagar,Punjab
144516,Shahid Bhagat Singh Nagar,Punjab
144517,Shahid Bhagat Singh Nagar,Punjab
144518,Shahid Bhagat Singh Nagar,Punjab
144519,Hoshiarpur,Punjab
144520,Hoshiarpur,Punjab
144521,Shahid Bhagat Singh Nagar,Punjab
144522,Shahid Bhagat Singh Nagar,Punjab
144523,Hoshiarpur,Punjab
144524,Shahid Bhagat Singh Nagar,Punjab
144525,Shahid Bhagat Singh Nagar,Punjab
144526,Shahid Bhagat Singh Nagar,Punjab
144527,Hoshiarpur,Punjab
144528,Hoshiarpur,Punjab
144529,Hoshiarpur,Punjab
144530,Hoshiarpur,Punjab
144531,Hoshiarpur,Punjab
144532,Hoshiarpur,Punjab
144533,Shahid Bhagat Singh Nagar,Punjab
144601,Kapurthala,Punjab
144602,Kapurthala,Punjab
144603,Jalandhar,Punjab
144603,Kapurthala,Punjab
144606,Kapurthala,Punjab
144620,Kapurthala,Punjab
144621,Kapurthala,Punjab
144622,Kapurthala,Punjab
144623,Jalandhar,Punjab
144623,Kapurthala,Punjab
144624,Kapurthala,Punjab
144625,Jalandhar,Punjab
144625,Kapurthala,Punjab
144626,Kapurthala,Punjab
144628,Kapurthala,Punjab
144629,Jalandhar,Punjab
144630,Jalandhar,Punjab
144631,Kapurthala,Punjab
144632,Jalandhar,Punjab
144632,Kapurthala,Punjab
144632,Shahid Bhagat Singh Nagar,Punjab
144633,Jalandhar,Punjab
144701,Jalandhar,Punjab
144702,Jalandhar,Punjab
144703,Jalandhar,Punjab
144801,Jalandhar,Punjab
144802,Kapurthala,Punjab
144803,Jalandhar,Punjab
144804,Kapurthala,Punjab
144805,Jalandhar,Punjab
144806,Jalandhar,Punjab
144819,Kapurthala,Punjab
145001,Pathankot,Punjab
145002,Gurdaspur,Punjab
145022,Pathankot,Punjab
145023,Pathankot,Punjab
145024,Pathankot,Punjab
145025,Pathankot,Punjab
145026,Pathankot,Punjab
145027,Pathankot,Punjab
145029,Pathankot,Punjab
145101,Pathankot,Punjab
146001,Hoshiarpur,Punjab
146021,Hoshiarpur,Punjab
146022,Hoshiarpur,Punjab
146023,Hoshiarpur,Punjab
146024,Hoshiarpur,Punjab
146101,Hoshiarpur,Punjab
146102,Hoshiarpur,Punjab
146103,Hoshiarpur,Punjab
146104,Hoshiarpur,Punjab
146105,Hoshiarpur,Punjab
146106,Hoshiarpur,Punjab
146107,Hoshiarpur,Punjab
146108,Hoshiarpur,Punjab
146109,Hoshiarpur,Punjab
146110,Hoshiarpur,Punjab
146111,Hoshiarpur,Punjab
146112,Hoshiarpur,Punjab
146113,Hoshiarpur,Punjab
146114,Hoshiarpur,Punjab
146115,Hoshiarpur,Punjab
146116,Hoshiarpur,Punjab
147001,Patiala,Punjab
147002,Patiala,Punjab
147003,Patiala,Punjab
147004,Patiala,Punjab
147005,Patiala,Punjab
147006,Patiala,Punjab
147007,Patiala,Punjab
147008,Patiala,Punjab
147021,Patiala,Punjab
147101,Patiala,Punjab
147102,Patiala,Punjab
147103,Patiala,Punjab
147104,Fatehgarh Sahib,Punjab
147104,Patiala,Punjab
147105,Patiala,Punjab
147111,Patiala,Punjab
147201,Patiala,Punjab
147202,Patiala,Punjab
147203,Fatehgarh Sahib,Punjab
147301,Fatehgarh Sahib,Punjab
148001,Sangrur,Punjab
148002,Sangrur,Punjab
148017,Sangrur,Punjab
148018,Malerkotla,Punjab
148018,Sangrur,Punjab
148019,Malerkotla,Punjab
148020,Malerkotla,Punjab
148020,Sangrur,Punjab
148021,Malerkotla,Punjab
148022,Malerkotla,Punjab
148022,Sangrur,Punjab
148023,Malerkotla,Punjab
148023,Sangrur,Punjab
148024,Barnala,Punjab
148024,Sangrur,Punjab
148025,Barnala,Punjab
148025,Sangrur,Punjab
148026,Sangrur,Punjab
148027,Sangrur,Punjab
148028,Sangrur,Punjab
148029,Sangrur,Punjab
148030,Sangrur,Punjab
148031,Sangrur,Punjab
148033,Sangrur,Punjab
148034,Sangrur,Punjab
148035,Sangrur,Punjab
148100,Barnala,Punjab
148101,Barnala,Punjab
148102,Barnala,Punjab
148103,Barnala,Punjab
148104,Barnala,Punjab
148105,Barnala,Punjab
148106,Barnala,Punjab
148106,Sangrur,Punjab
148107,Barnala,Punjab
148108,Barnala,Punjab
148109,Barnala,Punjab
151001,Bathinda,Punjab
151002,Bathinda,Punjab
151003,Bathinda,Punjab
151004,Bathinda,Punjab
151005,Bathinda,Punjab
151006,Bathinda,Punjab
151007,Bathinda,Punjab
151101,Bathinda,Punjab
151102,Bathinda,Punjab
151103,Bathinda,Punjab
151104,Bathinda,Punjab
151105,Bathinda,Punjab
151106,Bathinda,Punjab
151108,Bathinda,Punjab
151111,Bathinda,Punjab
151201,Bathinda,Punjab
151202,Faridkot,Punjab
151202,Sri Muktsar Sahib,Punjab
151203,Faridkot,Punjab
151204,Faridkot,Punjab
151205,Faridkot,Punjab
151206,Bathinda,Punjab
151207,Faridkot,Punjab
151207,Moga,Punjab
151208,Faridkot,Punjab
151208,Moga,Punjab
151209,Faridkot,Punjab
151210,Sri Muktsar Sahib,Punjab
151211,Sri Muktsar Sahib,Punjab
151212,Faridkot,Punjab
151213,Faridkot,Punjab
151214,Faridkot,Punjab
151301,Bathinda,Punjab
151302,Bathinda,Punjab
151302,Mansa,Punjab
151401,Bathinda,Punjab
151501,Mansa,Punjab
151502,Mansa,Punjab
151503,Mansa,Punjab
151504,Mansa,Punjab
151505,Mansa,Punjab
151506,Mansa,Punjab
151507,Mansa,Punjab
151508,Mansa,Punjab
151509,Bathinda,Punjab
151509,Mansa,Punjab
151510,Bathinda,Punjab
151510,Mansa,Punjab
151511,Bathinda,Punjab
152001,Firozepur,Punjab
152002,Firozepur,Punjab
152003,Firozepur,Punjab
152004,Firozepur,Punjab
152005,Firozepur,Punjab
152020,Fazilka,Punjab
152021,Firozepur,Punjab
152022,Firozepur,Punjab
152023,Firozepur,Punjab
152024,Fazilka,Punjab
152025,Faridkot,Punjab
152025,Sri Muktsar Sahib,Punjab
152026,Sri Muktsar Sahib,Punjab
152028,Firozepur,Punjab
152028,Moga,Punjab
152031,Sri Muktsar Sahib,Punjab
152032,Sri Muktsar Sahib,Punjab
152033,Fazilka,Punjab
152101,Sri Muktsar Sahib,Punjab
152107,Sri Muktsar Sahib,Punjab
152112,Sri Muktsar Sahib,Punjab
152113,Sri Muktsar Sahib,Punjab
152114,Sri Muktsar Sahib,Punjab
152115,Sri Muktsar Sahib,Punjab
152116,Fazilka,Punjab
152117,Fazilka,Punjab
152118,Fazilka,Punjab
152121,Fazilka,Punjab
152122,Fazilka,Punjab
152123,Fazilka,Punjab
152124,Fazilka,Punjab
152128,Fazilka,Punjab
152132,Fazilka,Punjab
160001,Chandigarh,Chandigarh
160002,Chandigarh,Chandigarh
160003,Chandigarh,Chandigarh
160004,Chandigarh,Chandigarh
160006,Chandigarh,Chandigarh
160009,Chandigarh,Chandigarh
160011,Chandigarh,Chandigarh
160012,Chandigarh,Chandigarh
160014,Chandigarh,Chandigarh
160015,Chandigarh,Chandigarh
160017,Chandigarh,Chandigarh
160018,Chandigarh,Chandigarh
160019,Chandigarh,Chandigarh
160020,Chandigarh,Chandigarh
160022,Chandigarh,Chandigarh
160023,Chandigarh,Chandigarh
160025,Chandigarh,Chandigarh
160030,Chandigarh,Chandigarh
160036,Chandigarh,Chandigarh
160043,Chandigarh,Chandigarh
160047,Chandigarh,Chandigarh
160055,S.a.s Nagar,Punjab
160059,S.a.s Nagar,Punjab
160062,S.a.s Nagar,Punjab
160071,S.a.s Nagar,Punjab
160101,Chandigarh,Chandigarh
160102,Chandigarh,Chandigarh
160103,S.a.s Nagar,Punjab
160104,S.a.s Nagar,Punjab
171001,Shimla,Himachal Pradesh
171002,Shimla,Himachal Pradesh
171003,Shimla,Himachal Pradesh
171004,Shimla,Himachal Pradesh
171005,Shimla,Himachal Pradesh
171006,Shimla,Himachal Pradesh
171007,Shimla,Himachal Pradesh
171008,Shimla,Himachal Pradesh
171009,Shimla,Himachal Pradesh
171010,Shimla,Himachal Pradesh
171011,Shimla,Himachal Pradesh
171012,Shimla,Himachal Pradesh
171013,Shimla,Himachal Pradesh
171014,Shimla,Himachal Pradesh
171015,Shimla,Himachal Pradesh
171018,Shimla,Himachal Pradesh
171019,Shimla,Himachal Pradesh
171102,Solan,Himachal Pradesh
171103,Shimla,Himachal Pradesh
171201,Shimla,Himachal Pradesh
171202,Shimla,Himachal Pradesh
171203,Shimla,Himachal Pradesh
171204,Shimla,Himachal Pradesh
171205,Shimla,Himachal Pradesh
171206,Shimla,Himachal Pradesh
171207,Shimla,Himachal Pradesh
171208,Shimla,Himachal Pradesh
171209,Shimla,Himachal Pradesh
171210,Shimla,Himachal Pradesh
171211,Shimla,Himachal Pradesh
171212,Shimla,Himachal Pradesh
171213,Shimla,Himachal Pradesh
171214,Shimla,Himachal Pradesh
171215,Shimla,Himachal Pradesh
171216,Shimla,Himachal Pradesh
171217,Shimla,Himachal Pradesh
171218,Shimla,Himachal Pradesh
171219,Shimla,Himachal Pradesh
171220,Shimla,Himachal Pradesh
171221,Shimla,Himachal Pradesh
171222,Shimla,Himachal Pradesh
171223,Shimla,Himachal Pradesh
171224,Shimla,Himachal Pradesh
171225,Shimla,Himachal Pradesh
171226,Shimla,Himachal Pradesh
171226,Sirmaur,Himachal Pradesh
171301,Shimla,Himachal Pradesh
172001,Kullu,Himachal Pradesh
172001,Shimla,Himachal Pradesh
172002,Kullu,Himachal Pradesh
172021,Shimla,Himachal Pradesh
172022,Shimla,Himachal Pradesh
172023,Kullu,Himachal Pradesh
172024,Shimla,Himachal Pradesh
172025,Kullu,Himachal Pradesh
172026,Kullu,Himachal Pradesh
172027,Shimla,Himachal Pradesh
172028,Shimla,Himachal Pradesh
172029,Shimla,Himachal Pradesh
172030,Shimla,Himachal Pradesh
172031,Shimla,Himachal Pradesh
172032,Kullu,Himachal Pradesh
172033,Kullu,Himachal Pradesh
172034,Shimla,Himachal Pradesh
172101,Kinnaur,Himachal Pradesh
172101,Shimla,Himachal Pradesh
172102,Shimla,Himachal Pradesh
172103,Kinnaur,Himachal Pradesh
172104,Kinnaur,Himachal Pradesh
172105,Kinnaur,Himachal Pradesh
172106,Kinnaur,Himachal Pradesh
172107,Kinnaur,Himachal Pradesh
172108,Kinnaur,Himachal Pradesh
172109,Kinnaur,Himachal Pradesh
172110,Kinnaur,Himachal Pradesh
172111,Kinnaur,Himachal Pradesh
172111,Lahul & Spiti,Himachal Pradesh
172112,Kinnaur,Himachal Pradesh
172113,Lahul & Spiti,Himachal Pradesh
172114,Lahul & Spiti,Himachal Pradesh
172115,Kinnaur,Himachal Pradesh
172116,Kinnaur,Himachal Pradesh
172117,Lahul & Spiti,Himachal Pradesh
172118,Kinnaur,Himachal Pradesh
172201,Kullu,Himachal Pradesh
172201,Shimla,Himachal Pradesh
173001,Sirmaur,Himachal Pradesh
173021,Sirmaur,Himachal Pradesh
173022,Sirmaur,Himachal Pradesh
173023,Sirmaur,Himachal Pradesh
173024,Sirmaur,Himachal Pradesh
173025,Sirmaur,Himachal Pradesh
173026,Sirmaur,Himachal Pradesh
173027,Sirmaur,Himachal Pradesh
173029,Sirmaur,Himachal Pradesh
173030,Sirmaur,Himachal Pradesh
173031,Sirmaur,Himachal Pradesh
173032,Sirmaur,Himachal Pradesh
173033,Sirmaur,Himachal Pradesh
173101,Sirmaur,Himachal Pradesh
173104,Sirmaur,Himachal Pradesh
173201,Solan,Himachal Pradesh
173202,Solan,Himachal Pradesh
173204,Solan,Himachal Pradesh
173205,Solan,Himachal Pradesh
173206,Solan,Himachal Pradesh
173207,Solan,Himachal Pradesh
173208,Solan,Himachal Pradesh
173209,Solan,Himachal Pradesh
173210,Solan,Himachal Pradesh
173211,Solan,Himachal Pradesh
173212,Solan,Himachal Pradesh
173213,Solan,Himachal Pradesh
173214,Solan,Himachal Pradesh
173215,Solan,Himachal Pradesh
173217,Shimla,Himachal Pradesh
173217,Solan,Himachal Pradesh
173218,Solan,Himachal Pradesh
173220,Solan,Himachal Pradesh
173221,Solan,Himachal Pradesh
173222,Solan,Himachal Pradesh
173223,Sirmaur,Himachal Pradesh
173223,Solan,Himachal Pradesh
173225,Solan,Himachal Pradesh
173229,Sirmaur,Himachal Pradesh
173229,Solan,Himachal Pradesh
173230,Solan,Himachal Pradesh
173233,Solan,Himachal Pradesh
173234,Solan,Himachal Pradesh
173235,Solan,Himachal Pradesh
173236,Solan,Himachal Pradesh
173237,Solan,Himachal Pradesh
174001,Bilaspur,Himachal Pradesh
174002,Bilaspur,Himachal Pradesh
174003,Bilaspur,Himachal Pradesh
174004,Bilaspur,Himachal Pradesh
174005,Bilaspur,Himachal Pradesh
174011,Bilaspur,Himachal Pradesh
174012,Bilaspur,Himachal Pradesh
174013,Bilaspur,Himachal Pradesh
174015,Bilaspur,Himachal Pradesh
174017,Bilaspur,Himachal Pradesh
174021,Bilaspur,Himachal Pradesh
174023,Bilaspur,Himachal Pradesh
174024,Bilaspur,Himachal Pradesh
174026,Bilaspur,Himachal Pradesh
174027,Bilaspur,Himachal Pradesh
174028,Bilaspur,Himachal Pradesh
174029,Bilaspur,Himachal Pradesh
174030,Bilaspur,Himachal Pradesh
174031,Bilaspur,Himachal Pradesh
174032,Bilaspur,Himachal Pradesh
174033,Bilaspur,Himachal Pradesh
174034,Bilaspur,Himachal Pradesh
174035,Bilaspur,Himachal Pradesh
174036,Bilaspur,Himachal Pradesh
174101,Solan,Himachal Pradesh
174102,Solan,Himachal Pradesh
174103,Solan,Himachal Pradesh
174201,Bilaspur,Himachal Pradesh
174301,Una,Himachal Pradesh
174302,Una,Himachal Pradesh
174303,Una,Himachal Pradesh
174304,Hamirpur,Himachal Pradesh
174305,Hamirpur,Himachal Pradesh
174306,Una,Himachal Pradesh
174307,Una,Himachal Pradesh
174308,Una,Himachal Pradesh
174309,Hamirpur,Himachal Pradesh
174310,Bilaspur,Himachal Pradesh
174311,Hamirpur,Himachal Pradesh
174312,Hamirpur,Himachal Pradesh
174314,Una,Himachal Pradesh
174315,Una,Himachal Pradesh
174316,Una,Himachal Pradesh
174317,Una,Himachal Pradesh
174319,Una,Himachal Pradesh
174320,Una,Himachal Pradesh
174321,Una,Himachal Pradesh
174405,Hamirpur,Himachal Pradesh
174503,Una,Himachal Pradesh
174505,Hamirpur,Himachal Pradesh
174507,Una,Himachal Pradesh
175001,Mandi,Himachal Pradesh
175002,Mandi,Himachal Pradesh
175003,Mandi,Himachal Pradesh
175004,Mandi,Himachal Pradesh
175005,Mandi,Himachal Pradesh
175006,Mandi,Himachal Pradesh
175007,Mandi,Himachal Pradesh
175008,Mandi,Himachal Pradesh
175009,Mandi,Himachal Pradesh
175010,Mandi,Himachal Pradesh
175011,Mandi,Himachal Pradesh
175012,Mandi,Himachal Pradesh
175013,Kangra,Himachal Pradesh
175013,Mandi,Himachal Pradesh
175014,Mandi,Himachal Pradesh
175015,Mandi,Himachal Pradesh
175016,Mandi,Himachal Pradesh
175017,Mandi,Himachal Pradesh
175018,Mandi,Himachal Pradesh
175019,Mandi,Himachal Pradesh
175020,Mandi,Himachal Pradesh
175021,Mandi,Himachal Pradesh
175022,Mandi,Himachal Pradesh
175023,Mandi,Himachal Pradesh
175024,Mandi,Himachal Pradesh
175025,Mandi,Himachal Pradesh
175026,Mandi,Himachal Pradesh
175027,Mandi,Himachal Pradesh
175028,Mandi,Himachal Pradesh
175029,Mandi,Himachal Pradesh
175030,Mandi,Himachal Pradesh
175031,Mandi,Himachal Pradesh
175032,Mandi,Himachal Pradesh
175033,Mandi,Himachal Pradesh
175034,Mandi,Himachal Pradesh
175035,Mandi,Himachal Pradesh
175036,Mandi,Himachal Pradesh
175037,Mandi,Himachal Pradesh
175038,Mandi,Himachal Pradesh
175039,Mandi,Himachal Pradesh
175040,Mandi,Himachal Pradesh
175042,Mandi,Himachal Pradesh
175045,Mandi,Himachal Pradesh
175046,Mandi,Himachal Pradesh
175047,Mandi,Himachal Pradesh
175048,Mandi,Himachal Pradesh
175049,Mandi,Himachal Pradesh
175050,Mandi,Himachal Pradesh
175051,Mandi,Himachal Pradesh
175052,Mandi,Himachal Pradesh
175075,Mandi,Himachal Pradesh
175101,Kullu,Himachal Pradesh
175102,Kullu,Himachal Pradesh
175103,Kullu,Himachal Pradesh
175104,Kullu,Himachal Pradesh
175105,Kullu,Himachal Pradesh
175106,Kullu,Himachal Pradesh
175106,Mandi,Himachal Pradesh
175121,Kullu,Himachal Pradesh
175121,Mandi,Himachal Pradesh
175123,Kullu,Himachal Pradesh
175123,Mandi,Himachal Pradesh
175124,Mandi,Himachal Pradesh
175125,Kullu,Himachal Pradesh
175125,Mandi,Himachal Pradesh
175126,Kullu,Himachal Pradesh
175128,Kullu,Himachal Pradesh
175129,Kullu,Himachal Pradesh
175130,Kullu,Himachal Pradesh
175131,Kullu,Himachal Pradesh
175132,Lahul & Spiti,Himachal Pradesh
175133,Lahul & Spiti,Himachal Pradesh
175134,Kullu,Himachal Pradesh
175136,Kullu,Himachal Pradesh
175138,Kullu,Himachal Pradesh
175139,Lahul & Spiti,Himachal Pradesh
175140,Lahul & Spiti,Himachal Pradesh
175141,Kullu,Himachal Pradesh
175141,Mandi,Himachal Pradesh
175142,Lahul & Spiti,Himachal Pradesh
175143,Kullu,Himachal Pradesh
176001,Kangra,Himachal Pradesh
176002,Kangra,Himachal Pradesh
176021,Kangra,Himachal Pradesh
176022,Kangra,Himachal Pradesh
176023,Kangra,Himachal Pradesh
176025,Kangra,Himachal Pradesh
176026,Kangra,Himachal Pradesh
176027,Kangra,Himachal Pradesh
176028,Kangra,Himachal Pradesh
176029,Kangra,Himachal Pradesh
176030,Kangra,Himachal Pradesh
176031,Kangra,Himachal Pradesh
176032,Kangra,Himachal Pradesh
176033,Kangra,Himachal Pradesh
176036,Kangra,Himachal Pradesh
176037,Kangra,Himachal Pradesh
176038,Kangra,Himachal Pradesh
176039,Hamirpur,Himachal Pradesh
176040,Hamirpur,Himachal Pradesh
176041,Hamirpur,Himachal Pradesh
176042,Hamirpur,Himachal Pradesh
176043,Hamirpur,Himachal Pradesh
176044,Hamirpur,Himachal Pradesh
176045,Hamirpur,Himachal Pradesh
176047,Kangra,Himachal Pradesh
176048,Hamirpur,Himachal Pradesh
176049,Hamirpur,Himachal Pradesh
176051,Kangra,Himachal Pradesh
176052,Kangra,Himachal Pradesh
176053,Kangra,Himachal Pradesh
176054,Kangra,Himachal Pradesh
176055,Kangra,Himachal Pradesh
176056,Kangra,Himachal Pradesh
176057,Kangra,Himachal Pradesh
176058,Kangra,Himachal Pradesh
176059,Kangra,Himachal Pradesh
176060,Kangra,Himachal Pradesh
176061,Kangra,Himachal Pradesh
176062,Kangra,Himachal Pradesh
176063,Kangra,Himachal Pradesh
176064,Kangra,Himachal Pradesh
176065,Kangra,Himachal Pradesh
176066,Kangra,Himachal Pradesh
176067,Kangra,Himachal Pradesh
176071,Kangra,Himachal Pradesh
176073,Kangra,Himachal Pradesh
176075,Kangra,Himachal Pradesh
176076,Kangra,Himachal Pradesh
176077,Kangra,Himachal Pradesh
176081,Kangra,Himachal Pradesh
176082,Kangra,Himachal Pradesh
176083,Kangra,Himachal Pradesh
176084,Kangra,Himachal Pradesh
176085,Kangra,Himachal Pradesh
176086,Kangra,Himachal Pradesh
176087,Kangra,Himachal Pradesh
176088,Kangra,Himachal Pradesh
176089,Kangra,Himachal Pradesh
176090,Mandi,Himachal Pradesh
176091,Kangra,Himachal Pradesh
176092,Kangra,Himachal Pradesh
176093,Kangra,Himachal Pradesh
176094,Kangra,Himachal Pradesh
176095,Kangra,Himachal Pradesh
176096,Kangra,Himachal Pradesh
176097,Kangra,Himachal Pradesh
176098,Kangra,Himachal Pradesh
176101,Kangra,Himachal Pradesh
176102,Kangra,Himachal Pradesh
176103,Kangra,Himachal Pradesh
176107,Kangra,Himachal Pradesh
176108,Hamirpur,Himachal Pradesh
176109,Hamirpur,Himachal Pradesh
176110,Hamirpur,Himachal Pradesh
176111,Hamirpur,Himachal Pradesh
176115,Kangra,Himachal Pradesh
176125,Kangra,Himachal Pradesh
176128,Kangra,Himachal Pradesh
176200,Kangra,Himachal Pradesh
176201,Kangra,Himachal Pradesh
176202,Kangra,Himachal Pradesh
176203,Kangra,Himachal Pradesh
176204,Kangra,Himachal Pradesh
176205,Kangra,Himachal Pradesh
176206,Kangra,Himachal Pradesh
176207,Chamba,Himachal Pradesh
176208,Kangra,Himachal Pradesh
176209,Kangra,Himachal Pradesh
176210,Kangra,Himachal Pradesh
176211,Kangra,Himachal Pradesh
176214,Kangra,Himachal Pradesh
176215,Kangra,Himachal Pradesh
176216,Kangra,Himachal Pradesh
176217,Kangra,Himachal Pradesh
176218,Kangra,Himachal Pradesh
176225,Kangra,Himachal Pradesh
176301,Chamba,Himachal Pradesh
176302,Chamba,Himachal Pradesh
176303,Chamba,Himachal Pradesh
176304,Chamba,Himachal Pradesh
176305,Chamba,Himachal Pradesh
176306,Chamba,Himachal Pradesh
176307,Chamba,Himachal Pradesh
176308,Chamba,Himachal Pradesh
176309,Chamba,Himachal Pradesh
176310,Chamba,Himachal Pradesh
176311,Chamba,Himachal Pradesh
176312,Chamba,Himachal Pradesh
176313,Chamba,Himachal Pradesh
176314,Chamba,Himachal Pradesh
176315,Chamba,Himachal Pradesh
176316,Chamba,Himachal Pradesh
176317,Chamba,Himachal Pradesh
176318,Chamba,Himachal Pradesh
176319,Chamba,Himachal Pradesh
176320,Chamba,Himachal Pradesh
176321,Chamba,Himachal Pradesh
176323,Chamba,Himachal Pradesh
176324,Chamba,Himachal Pradesh
176325,Chamba,Himachal Pradesh
176326,Chamba,Himachal Pradesh
176330,Chamba,Himachal Pradesh
176401,Kangra,Himachal Pradesh
176402,Kangra,Himachal Pradesh
176403,Kangra,Himachal Pradesh
176501,Kangra,Himachal Pradesh
176502,Kangra,Himachal Pradesh
176601,Una,Himachal Pradesh
177001,Hamirpur,Himachal Pradesh
177005,Hamirpur,Himachal Pradesh
177006,Hamirpur,Himachal Pradesh
177007,Hamirpur,Himachal Pradesh
177020,Hamirpur,Himachal Pradesh
177021,Hamirpur,Himachal Pradesh
177022,Hamirpur,Himachal Pradesh
177023,Hamirpur,Himachal Pradesh
177024,Hamirpur,Himachal Pradesh
177025,Hamirpur,Himachal Pradesh
177026,Hamirpur,Himachal Pradesh
177027,Hamirpur,Himachal Pradesh
177028,Hamirpur,Himachal Pradesh
177029,Hamirpur,Himachal Pradesh
177031,Una,Himachal Pradesh
177033,Hamirpur,Himachal Pradesh
177033,Kangra,Himachal Pradesh
177034,Kangra,Himachal Pradesh
177038,Hamirpur,Himachal Pradesh
177038,Una,Himachal Pradesh
177039,Una,Himachal Pradesh
177040,Hamirpur,Himachal Pradesh
177041,Hamirpur,Himachal Pradesh
177042,Hamirpur,Himachal Pradesh
177043,Kangra,Himachal Pradesh
177044,Hamirpur,Himachal Pradesh
177045,Hamirpur,Himachal Pradesh
177048,Hamirpur,Himachal Pradesh
177101,Kangra,Himachal Pradesh
177103,Kangra,Himachal Pradesh
177104,Kangra,Himachal Pradesh
177105,Kangra,Himachal Pradesh
177106,Kangra,Himachal Pradesh
177107,Kangra,Himachal Pradesh
177108,Kangra,Himachal Pradesh
177109,Una,Himachal Pradesh
177110,Kangra,Himachal Pradesh
177110,Una,Himachal Pradesh
177111,Kangra,Himachal Pradesh
177112,Kangra,Himachal Pradesh
177113,Kangra,Himachal Pradesh
177114,Kangra,Himachal Pradesh
177117,Kangra,Himachal Pradesh
177118,Hamirpur,Himachal Pradesh
177119,Hamirpur,Himachal Pradesh
177201,Una,Himachal Pradesh
177202,Una,Himachal Pradesh
177203,Una,Himachal Pradesh
177204,Una,Himachal Pradesh
177205,Una,Himachal Pradesh
177206,Una,Himachal Pradesh
177207,Una,Himachal Pradesh
177208,Una,Himachal Pradesh
177209,Una,Himachal Pradesh
177210,Una,Himachal Pradesh
177211,Una,Himachal Pradesh
177212,Una,Himachal Pradesh
177213,Una,Himachal Pradesh
177219,Una,Himachal Pradesh
177220,Una,Himachal Pradesh
177301,Hamirpur,Himachal Pradesh
177401,Hamirpur,Himachal Pradesh
177501,Hamirpur,Himachal Pradesh
177601,Hamirpur,Himachal Pradesh
180001,Jammu,Jammu & Kashmir
180002,Jammu,Jammu & Kashmir
180003,Jammu,Jammu & Kashmir
180004,Jammu,Jammu & Kashmir
180005,Jammu,Jammu & Kashmir
180006,Jammu,Jammu & Kashmir
180007,Jammu,Jammu & Kashmir
180009,Jammu,Jammu & Kashmir
180010,Jammu,Jammu & Kashmir
180011,Jammu,Jammu & Kashmir
180012,Jammu,Jammu & Kashmir
180013,Jammu,Jammu & Kashmir
180015,Jammu,Jammu & Kashmir
180016,Jammu,Jammu & Kashmir
180017,Jammu,Jammu & Kashmir
180018,Jammu,Jammu & Kashmir
180019,Jammu,Jammu & Kashmir
180020,Jammu,Jammu & Kashmir
181008,Jammu,Jammu & Kashmir
181101,Jammu,Jammu & Kashmir
181102,Jammu,Jammu & Kashmir
181111,Jammu,Jammu & Kashmir
181121,Jammu,Jammu & Kashmir
181122,Jammu,Jammu & Kashmir
181123,Jammu,Jammu & Kashmir
181124,Jammu,Jammu & Kashmir
181131,Jammu,Jammu & Kashmir
181132,Jammu,Jammu & Kashmir
181133,Samba,Jammu & Kashmir
181134,Jammu,Jammu & Kashmir
181141,Jammu,Jammu & Kashmir
181141,Samba,Jammu & Kashmir
181143,Jammu,Jammu & Kashmir
181143,Samba,Jammu & Kashmir
181145,Samba,Jammu & Kashmir
181152,Jammu,Jammu & Kashmir
181201,Jammu,Jammu & Kashmir
181202,Jammu,Jammu & Kashmir
181203,Jammu,Jammu & Kashmir
181204,Jammu,Jammu & Kashmir
181205,Jammu,Jammu & Kashmir
181206,Jammu,Jammu & Kashmir
181207,Jammu,Jammu & Kashmir
181208,Jammu,Jammu & Kashmir
181221,Jammu,Jammu & Kashmir
181224,Jammu,Jammu & Kashmir
182101,Udhampur,Jammu & Kashmir
182104,Udhampur,Jammu & Kashmir
182121,Reasi,Jammu & Kashmir
182121,Udhampur,Jammu & Kashmir
182122,Udhampur,Jammu & Kashmir
182124,Udhampur,Jammu & Kashmir
182125,Udhampur,Jammu & Kashmir
182126,Udhampur,Jammu & Kashmir
182127,Udhampur,Jammu & Kashmir
182128,Udhampur,Jammu & Kashmir
182129,Doda,Jammu & Kashmir
182130,Udhampur,Jammu & Kashmir
182131,Doda,Jammu & Kashmir
182132,Kishtwar,Jammu & Kashmir
182133,Kishtwar,Jammu & Kashmir
182134,Kishtwar,Jammu & Kashmir
182135,Kishtwar,Jammu & Kashmir
182136,Kishtwar,Jammu & Kashmir
182137,Kishtwar,Jammu & Kashmir
182138,Kishtwar,Jammu & Kashmir
182139,Kishtwar,Jammu & Kashmir
182140,Kishtwar,Jammu & Kashmir
182141,Udhampur,Jammu & Kashmir
182142,Udhampur,Jammu & Kashmir
182143,Doda,Jammu & Kashmir
182143,Ramban,Jammu & Kashmir
182144,Ramban,Jammu & Kashmir
182145,Ramban,Jammu & Kashmir
182146,Ramban,Jammu & Kashmir
182147,Doda,Jammu & Kashmir
182148,Ramban,Jammu & Kashmir
182161,Udhampur,Jammu & Kashmir
182201,Doda,Jammu & Kashmir
182202,Doda,Jammu & Kashmir
182203,Doda,Jammu & Kashmir
182203,Kishtwar,Jammu & Kashmir
182204,Kishtwar,Jammu & Kashmir
182205,Kishtwar,Jammu & Kashmir
182206,Kishtwar,Jammu & Kashmir
182207,Doda,Jammu & Kashmir
182221,Doda,Jammu & Kashmir
182222,Doda,Jammu & Kashmir
182301,Reasi,Jammu & Kashmir
182311,Reasi,Jammu & Kashmir
182312,Reasi,Jammu & Kashmir
182313,Reasi,Jammu & Kashmir
182315,Reasi,Jammu & Kashmir
182320,Reasi,Jammu & Kashmir
184101,Kathua,Jammu & Kashmir
184102,Kathua,Jammu & Kashmir
184104,Kathua,Jammu & Kashmir
184120,Samba,Jammu & Kashmir
184121,Samba,Jammu & Kashmir
184121,Udhampur,Jammu & Kashmir
184141,Kathua,Jammu & Kashmir
184141,Samba,Jammu & Kashmir
184142,Kathua,Jammu & Kashmir
184143,Kathua,Jammu & Kashmir
184144,Kathua,Jammu & Kashmir
184145,Kathua,Jammu & Kashmir
184148,Kathua,Jammu & Kashmir
184151,Kathua,Jammu & Kashmir
184152,Kathua,Jammu & Kashmir
184201,Kathua,Jammu & Kashmir
184202,Kathua,Jammu & Kashmir
184203,Kathua,Jammu & Kashmir
184204,Kathua,Jammu & Kashmir
184205,Kathua,Jammu & Kashmir
184205,Udhampur,Jammu & Kashmir
184206,Kathua,Jammu & Kashmir
184210,Jammu,Jammu & Kashmir
184210,Kathua,Jammu & Kashmir
184210,Udhampur,Jammu & Kashmir
185101,Poonch,Jammu & Kashmir
185102,Poonch,Jammu & Kashmir
185121,Poonch,Jammu & Kashmir
185131,Rajouri,Jammu & Kashmir
185132,Rajouri,Jammu & Kashmir
185133,Rajouri,Jammu & Kashmir
185135,Rajouri,Jammu & Kashmir
185151,Rajouri,Jammu & Kashmir
185152,Rajouri,Jammu & Kashmir
185153,Rajouri,Jammu & Kashmir
185154,Jammu,Jammu & Kashmir
185154,Reasi,Jammu & Kashmir
185155,Rajouri,Jammu & Kashmir
185156,Rajouri,Jammu & Kashmir
185201,Rajouri,Jammu & Kashmir
185202,Rajouri,Jammu & Kashmir
185203,Rajouri,Jammu & Kashmir
185203,Reasi,Jammu & Kashmir
185211,Poonch,Jammu & Kashmir
185212,Rajouri,Jammu & Kashmir
185233,Rajouri,Jammu & Kashmir
185234,Rajouri,Jammu & Kashmir
190001,Srinagar,Jammu & Kashmir
190002,Srinagar,Jammu & Kashmir
190003,Srinagar,Jammu & Kashmir
190004,Srinagar,Jammu & Kashmir
190005,Srinagar,Jammu & Kashmir
190006,Srinagar,Jammu & Kashmir
190007,Budgam,Jammu & Kashmir
190008,Srinagar,Jammu & Kashmir
190009,Srinagar,Jammu & Kashmir
190010,Srinagar,Jammu & Kashmir
190011,Srinagar,Jammu & Kashmir
190012,Srinagar,Jammu & Kashmir
190014,Budgam,Jammu & Kashmir
190015,Budgam,Jammu & Kashmir
190015,Srinagar,Jammu & Kashmir
190017,Srinagar,Jammu & Kashmir
190018,Budgam,Jammu & Kashmir
190018,Srinagar,Jammu & Kashmir
190019,Budgam,Jammu & Kashmir
190019,Srinagar,Jammu & Kashmir
190020,Srinagar,Jammu & Kashmir
190021,Budgam,Jammu & Kashmir
190023,Srinagar,Jammu & Kashmir
190024,Srinagar,Jammu & Kashmir
190025,Srinagar,Jammu & Kashmir
190099,Srinagar,Jammu & Kashmir
191101,Srinagar,Jammu & Kashmir
191102,Pulwama,Jammu & Kashmir
191103,Pulwama,Jammu & Kashmir
191111,Budgam,Jammu & Kashmir
191112,Budgam,Jammu & Kashmir
191112,Pulwama,Jammu & Kashmir
191112,Shopian,Jammu & Kashmir
191113,Budgam,Jammu & Kashmir
191121,Srinagar,Jammu & Kashmir
191131,Ganderbal,Jammu & Kashmir
191132,Budgam,Jammu & Kashmir
191201,Ganderbal,Jammu & Kashmir
191202,Ganderbal,Jammu & Kashmir
192101,Anantnag,Jammu & Kashmir
192121,Budgam,Jammu & Kashmir
192121,Pulwama,Jammu & Kashmir
192122,Anantnag,Jammu & Kashmir
192122,Pulwama,Jammu & Kashmir
192123,Pulwama,Jammu & Kashmir
192124,Anantnag,Jammu & Kashmir
192124,Kulgam,Jammu & Kashmir
192124,Pulwama,Jammu & Kashmir
192124,Shopian,Jammu & Kashmir
192125,Anantnag,Jammu & Kashmir
192126,Anantnag,Jammu & Kashmir
192129,Anantnag,Jammu & Kashmir
192201,Anantnag,Jammu & Kashmir
192202,Anantnag,Jammu & Kashmir
192210,Anantnag,Jammu & Kashmir
192211,Anantnag,Jammu & Kashmir
192212,Anantnag,Jammu & Kashmir
192221,Anantnag,Jammu & Kashmir
192231,Kulgam,Jammu & Kashmir
192232,Kulgam,Jammu & Kashmir
192232,Shopian,Jammu & Kashmir
192233,Kulgam,Jammu & Kashmir
192301,Pulwama,Jammu & Kashmir
192302,Pulwama,Jammu & Kashmir
192303,Shopian,Jammu & Kashmir
192304,Pulwama,Jammu & Kashmir
192305,Pulwama,Jammu & Kashmir
192305,Shopian,Jammu & Kashmir
192401,Anantnag,Jammu & Kashmir
193101,Baramulla,Jammu & Kashmir
193103,Baramulla,Jammu & Kashmir
193108,Baramulla,Jammu & Kashmir
193109,Baramulla,Jammu & Kashmir
193121,Bandipora,Jammu & Kashmir
193121,Baramulla,Jammu & Kashmir
193122,Baramulla,Jammu & Kashmir
193123,Baramulla,Jammu & Kashmir
193201,Baramulla,Jammu & Kashmir
193221,Kupwara,Jammu & Kashmir
193222,Kupwara,Jammu & Kashmir
193223,Kupwara,Jammu & Kashmir
193224,Kupwara,Jammu & Kashmir
193225,Kupwara,Jammu & Kashmir
193301,Baramulla,Jammu & Kashmir
193302,Kupwara,Jammu & Kashmir
193303,Baramulla,Jammu & Kashmir
193303,Kupwara,Jammu & Kashmir
193306,Pulwama,Jammu & Kashmir
193306,Shopian,Jammu & Kashmir
193401,Budgam,Jammu & Kashmir
193402,Baramulla,Jammu & Kashmir
193403,Baramulla,Jammu & Kashmir
193404,Baramulla,Jammu & Kashmir
193404,Budgam,Jammu & Kashmir
193411,Budgam,Jammu & Kashmir
193501,Bandipora,Jammu & Kashmir
193501,Baramulla,Jammu & Kashmir
193501,Ganderbal,Jammu & Kashmir
193501,Srinagar,Jammu & Kashmir
193502,Bandipora,Jammu & Kashmir
193503,Bandipora,Jammu & Kashmir
193504,Bandipora,Jammu & Kashmir
193504,Ganderbal,Jammu & Kashmir
193505,Bandipora,Jammu & Kashmir
194101,Leh Ladakh,Ladakh
194102,Kargil,Ladakh
194103,Kargil,Ladakh
194104,Leh Ladakh,Ladakh
194105,Kargil,Ladakh
194106,Leh Ladakh,Ladakh
194107,Leh Ladakh,Ladakh
194109,Kargil,Ladakh
194201,Leh Ladakh,Ladakh
194202,Leh Ladakh,Ladakh
194301,Kargil,Ladakh
194302,Kargil,Ladakh
194303,Kargil,Ladakh
194401,Leh Ladakh,Ladakh
201001,Ghaziabad,Uttar Pradesh
201002,Ghaziabad,Uttar Pradesh
201003,Ghaziabad,Uttar Pradesh
201004,Ghaziabad,Uttar Pradesh
201005,Ghaziabad,Uttar Pradesh
201006,Ghaziabad,Uttar Pradesh
201007,Ghaziabad,Uttar Pradesh
201008,Gautam Buddha Nagar,Uttar Pradesh
201009,Gautam Buddha Nagar,Uttar Pradesh
201009,Ghaziabad,Uttar Pradesh
201010,Ghaziabad,Uttar Pradesh
201011,Ghaziabad,Uttar Pradesh
201012,Ghaziabad,Uttar Pradesh
201013,Ghaziabad,Uttar Pradesh
201014,Ghaziabad,Uttar Pradesh
201015,Ghaziabad,Uttar Pradesh
201015,Hapur,Uttar Pradesh
201016,Ghaziabad,Uttar Pradesh
201017,Ghaziabad,Uttar Pradesh
201018,Ghaziabad,Uttar Pradesh
201019,Ghaziabad,Uttar Pradesh
201020,Ghaziabad,Uttar Pradesh
201021,Ghaziabad,Uttar Pradesh
201022,Hapur,Uttar Pradesh
201102,Ghaziabad,Uttar Pradesh
201103,Ghaziabad,Uttar Pradesh
201201,Ghaziabad,Uttar Pradesh
201204,Ghaziabad,Uttar Pradesh
201206,Ghaziabad,Uttar Pradesh
201301,Gautam Buddha Nagar,Uttar Pradesh
201302,Gautam Buddha Nagar,Uttar Pradesh
201303,Gautam Buddha Nagar,Uttar Pradesh
201304,Gautam Buddha Nagar,Uttar Pradesh
201305,Gautam Buddha Nagar,Uttar Pradesh
201306,Gautam Buddha Nagar,Uttar Pradesh
201307,Gautam Buddha Nagar,Uttar Pradesh
201309,Gautam Buddha Nagar,Uttar Pradesh
201310,Gautam Buddha Nagar,Uttar Pradesh
201311,Gautam Buddha Nagar,Uttar Pradesh
201312,Gautam Buddha Nagar,Uttar Pradesh
201313,Gautam Buddha Nagar,Uttar Pradesh
201314,Gautam Buddha Nagar,Uttar Pradesh
201315,Gautam Buddha Nagar,Uttar Pradesh
201316,Gautam Buddha Nagar,Uttar Pradesh
201317,Gautam Buddha Nagar,Uttar Pradesh
201318,Gautam Buddha Nagar,Uttar Pradesh
202001,Aligarh,Uttar Pradesh
202002,Aligarh,Uttar Pradesh
202121,Aligarh,Uttar Pradesh
202122,Aligarh,Uttar Pradesh
202123,Aligarh,Uttar Pradesh
202124,Aligarh,Uttar Pradesh
202125,Aligarh,Uttar Pradesh
202126,Aligarh,Uttar Pradesh
202127,Aligarh,Uttar Pradesh
202128,Aligarh,Uttar Pradesh
202129,Aligarh,Uttar Pradesh
202130,Aligarh,Uttar Pradesh
202131,Aligarh,Uttar Pradesh
202132,Aligarh,Uttar Pradesh
202133,Aligarh,Uttar Pradesh
202134,Aligarh,Uttar Pradesh
202135,Aligarh,Uttar Pradesh
202136,Aligarh,Uttar Pradesh
202137,Aligarh,Uttar Pradesh
202138,Aligarh,Uttar Pradesh
202139,Hathras,Uttar Pradesh
202140,Aligarh,Uttar Pradesh
202141,Aligarh,Uttar Pradesh
202142,Aligarh,Uttar Pradesh
202143,Aligarh,Uttar Pradesh
202145,Aligarh,Uttar Pradesh
202146,Aligarh,Uttar Pradesh
202150,Aligarh,Uttar Pradesh
202150,Hathras,Uttar Pradesh
202155,Aligarh,Uttar Pradesh
202165,Aligarh,Uttar Pradesh
202170,Aligarh,Uttar Pradesh
202280,Aligarh,Uttar Pradesh
202281,Aligarh,Uttar Pradesh
202282,Aligarh,Uttar Pradesh
203001,Bulandshahr,Uttar Pradesh
203001,Hathras,Uttar Pradesh
203002,Bulandshahr,Uttar Pradesh
203129,Bulandshahr,Uttar Pradesh
203131,Bulandshahr,Uttar Pradesh
203132,Bulandshahr,Uttar Pradesh
203135,Gautam Buddha Nagar,Uttar Pradesh
203141,Gautam Buddha Nagar,Uttar Pradesh
203150,Bulandshahr,Uttar Pradesh
203155,Gautam Buddha Nagar,Uttar Pradesh
203201,Gautam Buddha Nagar,Uttar Pradesh
203202,Gautam Buddha Nagar,Uttar Pradesh
203203,Gautam Buddha Nagar,Uttar Pradesh
203205,Bulandshahr,Uttar Pradesh
203206,Bulandshahr,Uttar Pradesh
203207,Gautam Buddha Nagar,Uttar Pradesh
203209,Gautam Buddha Nagar,Uttar Pradesh
203389,Bulandshahr,Uttar Pradesh
203390,Bulandshahr,Uttar Pradesh
203391,Bulandshahr,Uttar Pradesh
203392,Bulandshahr,Uttar Pradesh
203393,Bulandshahr,Uttar Pradesh
203394,Bulandshahr,Uttar Pradesh
203395,Bulandshahr,Uttar Pradesh
203396,Bulandshahr,Uttar Pradesh
203397,Bulandshahr,Uttar Pradesh
203398,Bulandshahr,Uttar Pradesh
203399,Bulandshahr,Uttar Pradesh
203401,Bulandshahr,Uttar Pradesh
203402,Bulandshahr,Uttar Pradesh
203403,Bulandshahr,Uttar Pradesh
203405,Bulandshahr,Uttar Pradesh
203407,Bulandshahr,Uttar Pradesh
203408,Bulandshahr,Uttar Pradesh
203409,Bulandshahr,Uttar Pradesh
203411,Bulandshahr,Uttar Pradesh
203412,Bulandshahr,Uttar Pradesh
203413,Bulandshahr,Uttar Pradesh
204101,Hathras,Uttar Pradesh
204102,Hathras,Uttar Pradesh
204211,Hathras,Uttar Pradesh
204212,Hathras,Uttar Pradesh
204213,Hathras,Uttar Pradesh
204214,Hathras,Uttar Pradesh
204215,Hathras,Uttar Pradesh
204216,Hathras,Uttar Pradesh
204217,Aligarh,Uttar Pradesh
205001,Mainpuri,Uttar Pradesh
205119,Mainpuri,Uttar Pradesh
205121,Mainpuri,Uttar Pradesh
205247,Mainpuri,Uttar Pradesh
205261,Mainpuri,Uttar Pradesh
205262,Mainpuri,Uttar Pradesh
205263,Mainpuri,Uttar Pradesh
205264,Mainpuri,Uttar Pradesh
205265,Mainpuri,Uttar Pradesh
205267,Mainpuri,Uttar Pradesh
205268,Mainpuri,Uttar Pradesh
205301,Mainpuri,Uttar Pradesh
205303,Mainpuri,Uttar Pradesh
205304,Mainpuri,Uttar Pradesh
206001,Etawah,Uttar Pradesh
206002,Etawah,Uttar Pradesh
206003,Etawah,Uttar Pradesh
206120,Auraiya,Uttar Pradesh
206120,Etawah,Uttar Pradesh
206121,Auraiya,Uttar Pradesh
206121,Etawah,Uttar Pradesh
206122,Auraiya,Uttar Pradesh
206123,Etawah,Uttar Pradesh
206124,Etawah,Uttar Pradesh
206125,Etawah,Uttar Pradesh
206126,Etawah,Uttar Pradesh
206127,Etawah,Uttar Pradesh
206128,Auraiya,Uttar Pradesh
206128,Etawah,Uttar Pradesh
206129,Auraiya,Uttar Pradesh
206130,Etawah,Uttar Pradesh
206131,Etawah,Uttar Pradesh
206241,Auraiya,Uttar Pradesh
206242,Etawah,Uttar Pradesh
206243,Auraiya,Uttar Pradesh
206244,Auraiya,Uttar Pradesh
206245,Etawah,Uttar Pradesh
206246,Auraiya,Uttar Pradesh
206247,Auraiya,Uttar Pradesh
206248,Auraiya,Uttar Pradesh
206249,Auraiya,Uttar Pradesh
206250,Auraiya,Uttar Pradesh
206251,Auraiya,Uttar Pradesh
206252,Auraiya,Uttar Pradesh
206253,Etawah,Uttar Pradesh
206255,Auraiya,Uttar Pradesh
207001,Etah,Uttar Pradesh
207002,Etah,Uttar Pradesh
207003,Etah,Uttar Pradesh
207120,Etah,Uttar Pradesh
207121,Etah,Uttar Pradesh
207122,Etah,Uttar Pradesh
207123,Kasganj,Uttar Pradesh
207124,Kasganj,Uttar Pradesh
207125,Etah,Uttar Pradesh
207241,Etah,Uttar Pradesh
207241,Kasganj,Uttar Pradesh
207242,Kasganj,Uttar Pradesh
207243,Kasganj,Uttar Pradesh
207244,Etah,Uttar Pradesh
207244,Kasganj,Uttar Pradesh
207245,Kasganj,Uttar Pradesh
207246,Kasganj,Uttar Pradesh
207247,Etah,Uttar Pradesh
207248,Etah,Uttar Pradesh
207248,Kasganj,Uttar Pradesh
207249,Etah,Uttar Pradesh
207250,Etah,Uttar Pradesh
207301,Etah,Uttar Pradesh
207302,Etah,Uttar Pradesh
207401,Etah,Uttar Pradesh
207402,Kasganj,Uttar Pradesh
207403,Kasganj,Uttar Pradesh
208001,Fatehpur,Uttar Pradesh
208001,Kanpur Nagar,Uttar Pradesh
208002,Kanpur Nagar,Uttar Pradesh
208003,Kanpur Nagar,Uttar Pradesh
208004,Kanpur Nagar,Uttar Pradesh
208005,Kanpur Nagar,Uttar Pradesh
208006,Kanpur Nagar,Uttar Pradesh
208007,Kanpur Nagar,Uttar Pradesh
208008,Kanpur Nagar,Uttar Pradesh
208009,Kanpur Nagar,Uttar Pradesh
208010,Kanpur Nagar,Uttar Pradesh
208011,Kanpur Nagar,Uttar Pradesh
208012,Kanpur Nagar,Uttar Pradesh
208013,Kanpur Nagar,Uttar Pradesh
208014,Kanpur Nagar,Uttar Pradesh
208015,Kanpur Nagar,Uttar Pradesh
208016,Kanpur Nagar,Uttar Pradesh
208017,Kanpur Nagar,Uttar Pradesh
208019,Kanpur Nagar,Uttar Pradesh
208020,Kanpur Nagar,Uttar Pradesh
208021,Kanpur Nagar,Uttar Pradesh
208022,Kanpur Nagar,Uttar Pradesh
208023,Kanpur Nagar,Uttar Pradesh
208024,Kanpur Nagar,Uttar Pradesh
208025,Kanpur Nagar,Uttar Pradesh
208026,Kanpur Nagar,Uttar Pradesh
208027,Kanpur Nagar,Uttar Pradesh
208028,Kanpur Nagar,Uttar Pradesh
209101,Kanpur Dehat,Uttar Pradesh
209111,Kanpur Dehat,Uttar Pradesh
209112,Kanpur Dehat,Uttar Pradesh
209115,Kanpur Dehat,Uttar Pradesh
209121,Kanpur Dehat,Uttar Pradesh
209121,Kanpur Nagar,Uttar Pradesh
209125,Kanpur Dehat,Uttar Pradesh
209202,Kanpur Nagar,Uttar Pradesh
209203,Kanpur Nagar,Uttar Pradesh
209204,Kanpur Dehat,Uttar Pradesh
209205,Kanpur Nagar,Uttar Pradesh
209206,Kanpur Nagar,Uttar Pradesh
209208,Kanpur Dehat,Uttar Pradesh
209209,Kanpur Nagar,Uttar Pradesh
209210,Kanpur Nagar,Uttar Pradesh
209214,Kanpur Nagar,Uttar Pradesh
209217,Kanpur Nagar,Uttar Pradesh
209301,Kanpur Dehat,Uttar Pradesh
209302,Kanpur Dehat,Uttar Pradesh
209303,Kanpur Dehat,Uttar Pradesh
209304,Kanpur Nagar,Uttar Pradesh
209305,Kanpur Nagar,Uttar Pradesh
209306,Kanpur Dehat,Uttar Pradesh
209307,Kanpur Dehat,Uttar Pradesh
209307,Kanpur Nagar,Uttar Pradesh
209308,Kanpur Nagar,Uttar Pradesh
209310,Kanpur Dehat,Uttar Pradesh
209311,Kanpur Dehat,Uttar Pradesh
209311,Kanpur Nagar,Uttar Pradesh
209312,Kanpur Dehat,Uttar Pradesh
209401,Kanpur Nagar,Uttar Pradesh
209402,Kanpur Nagar,Uttar Pradesh
209402,Mathura,Uttar Pradesh
209501,Farrukhabad,Uttar Pradesh
209502,Farrukhabad,Uttar Pradesh
209503,Farrukhabad,Uttar Pradesh
209504,Farrukhabad,Uttar Pradesh
209505,Farrukhabad,Uttar Pradesh
209601,Farrukhabad,Uttar Pradesh
209602,Farrukhabad,Uttar Pradesh
209621,Farrukhabad,Uttar Pradesh
209622,Farrukhabad,Uttar Pradesh
209625,Farrukhabad,Uttar Pradesh
209651,Farrukhabad,Uttar Pradesh
209652,Farrukhabad,Uttar Pradesh
209720,Kannauj,Uttar Pradesh
209720,Mainpuri,Uttar Pradesh
209721,Kannauj,Uttar Pradesh
209722,Kannauj,Uttar Pradesh
209723,Kannauj,Uttar Pradesh
209724,Farrukhabad,Uttar Pradesh
209724,Kannauj,Uttar Pradesh
209725,Kannauj,Uttar Pradesh
209726,Kannauj,Uttar Pradesh
209727,Kannauj,Uttar Pradesh
209728,Kannauj,Uttar Pradesh
209729,Kannauj,Uttar Pradesh
209731,Kannauj,Uttar Pradesh
209732,Kannauj,Uttar Pradesh
209733,Kannauj,Uttar Pradesh
209734,Kannauj,Uttar Pradesh
209735,Kannauj,Uttar Pradesh
209736,Kannauj,Uttar Pradesh
209738,Kannauj,Uttar Pradesh
209739,Farrukhabad,Uttar Pradesh
209743,Farrukhabad,Uttar Pradesh
209745,Farrukhabad,Uttar Pradesh
209747,Kannauj,Uttar Pradesh
209749,Farrukhabad,Uttar Pradesh
209801,Unnao,Uttar Pradesh
209821,Unnao,Uttar Pradesh
209825,Unnao,Uttar Pradesh
209827,Unnao,Uttar Pradesh
209831,Unnao,Uttar Pradesh
209841,Unnao,Uttar Pradesh
209859,Unnao,Uttar Pradesh
209860,Unnao,Uttar Pradesh
209861,Unnao,Uttar Pradesh
209862,Unnao,Uttar Pradesh
209863,Mathura,Uttar Pradesh
209863,Unnao,Uttar Pradesh
209864,Unnao,Uttar Pradesh
209865,Unnao,Uttar Pradesh
209866,Unnao,Uttar Pradesh
209867,Unnao,Uttar Pradesh
209868,Unnao,Uttar Pradesh
209869,Hardoi,Uttar Pradesh
209869,Unnao,Uttar Pradesh
209870,Unnao,Uttar Pradesh
209871,Unnao,Uttar Pradesh
209881,Unnao,Uttar Pradesh
210001,Banda,Uttar Pradesh
210120,Banda,Uttar Pradesh
210121,Banda,Uttar Pradesh
210122,Banda,Uttar Pradesh
210123,Banda,Uttar Pradesh
210125,Banda,Uttar Pradesh
210126,Banda,Uttar Pradesh
210128,Banda,Uttar Pradesh
210129,Banda,Uttar Pradesh
210201,Banda,Uttar Pradesh
210202,Banda,Uttar Pradesh
210202,Chitrakoot,Uttar Pradesh
210203,Banda,Uttar Pradesh
210204,Chitrakoot,Uttar Pradesh
210205,Chitrakoot,Uttar Pradesh
210206,Chitrakoot,Uttar Pradesh
210207,Chitrakoot,Uttar Pradesh
210208,Chitrakoot,Uttar Pradesh
210209,Chitrakoot,Uttar Pradesh
210301,Hamirpur,Uttar Pradesh
210341,Hamirpur,Uttar Pradesh
210421,Mahoba,Uttar Pradesh
210422,Hamirpur,Uttar Pradesh
210423,Mahoba,Uttar Pradesh
210424,Mahoba,Uttar Pradesh
210425,Hamirpur,Uttar Pradesh
210425,Mahoba,Uttar Pradesh
210426,Mahoba,Uttar Pradesh
210427,Mahoba,Uttar Pradesh
210428,Hamirpur,Uttar Pradesh
210429,Mahoba,Uttar Pradesh
210430,Hamirpur,Uttar Pradesh
210431,Hamirpur,Uttar Pradesh
210432,Hamirpur,Uttar Pradesh
210433,Mahoba,Uttar Pradesh
210501,Hamirpur,Uttar Pradesh
210502,Hamirpur,Uttar Pradesh
210504,Hamirpur,Uttar Pradesh
210504,Mahoba,Uttar Pradesh
210505,Hamirpur,Uttar Pradesh
210506,Hamirpur,Uttar Pradesh
210507,Hamirpur,Uttar Pradesh
211001,Prayagraj,Uttar Pradesh
211002,Prayagraj,Uttar Pradesh
211003,Prayagraj,Uttar Pradesh
211004,Prayagraj,Uttar Pradesh
211005,Prayagraj,Uttar Pradesh
211006,Prayagraj,Uttar Pradesh
211007,Prayagraj,Uttar Pradesh
211008,Prayagraj,Uttar Pradesh
211010,Prayagraj,Uttar Pradesh
211011,Prayagraj,Uttar Pradesh
211012,Prayagraj,Uttar Pradesh
211013,Prayagraj,Uttar Pradesh
211014,Prayagraj,Uttar Pradesh
211015,Prayagraj,Uttar Pradesh
211016,Prayagraj,Uttar Pradesh
211017,Prayagraj,Uttar Pradesh
211018,Prayagraj,Uttar Pradesh
211019,Prayagraj,Uttar Pradesh
211020,Prayagraj,Uttar Pradesh
211021,Prayagraj,Uttar Pradesh
211022,Prayagraj,Uttar Pradesh
211023,Prayagraj,Uttar Pradesh
212104,Prayagraj,Uttar Pradesh
212105,Prayagraj,Uttar Pradesh
212106,Prayagraj,Uttar Pradesh
212107,Prayagraj,Uttar Pradesh
212108,Prayagraj,Uttar Pradesh
212109,Prayagraj,Uttar Pradesh
212110,Prayagraj,Uttar Pradesh
212111,Prayagraj,Uttar Pradesh
212201,Kaushambi,Uttar Pradesh
212202,Kaushambi,Uttar Pradesh
212202,Prayagraj,Uttar Pradesh
212203,Kaushambi,Uttar Pradesh
212204,Kaushambi,Uttar Pradesh
212205,Kaushambi,Uttar Pradesh
212206,Kaushambi,Uttar Pradesh
212207,Kaushambi,Uttar Pradesh
212208,Kaushambi,Uttar Pradesh
212208,Prayagraj,Uttar Pradesh
212212,Prayagraj,Uttar Pradesh
212213,Kaushambi,Uttar Pradesh
212214,Kaushambi,Uttar Pradesh
212216,Kaushambi,Uttar Pradesh
212217,Kaushambi,Uttar Pradesh
212218,Kaushambi,Uttar Pradesh
212301,Prayagraj,Uttar Pradesh
212302,Prayagraj,Uttar Pradesh
212303,Prayagraj,Uttar Pradesh
212305,Prayagraj,Uttar Pradesh
212306,Prayagraj,Uttar Pradesh
212307,Prayagraj,Uttar Pradesh
212308,Prayagraj,Uttar Pradesh
212401,Jaunpur,Uttar Pradesh
212401,Prayagraj,Uttar Pradesh
212402,Prayagraj,Uttar Pradesh
212404,Prayagraj,Uttar Pradesh
212405,Prayagraj,Uttar Pradesh
212502,Prayagraj,Uttar Pradesh
212503,Prayagraj,Uttar Pradesh
212507,Prayagraj,Uttar Pradesh
212601,Fatehpur,Uttar Pradesh
212620,Fatehpur,Uttar Pradesh
212621,Fatehpur,Uttar Pradesh
212622,Fatehpur,Uttar Pradesh
212631,Fatehpur,Uttar Pradesh
212635,Fatehpur,Uttar Pradesh
212641,Fatehpur,Uttar Pradesh
212645,Fatehpur,Uttar Pradesh
212650,Fatehpur,Uttar Pradesh
212651,Fatehpur,Uttar Pradesh
212652,Fatehpur,Uttar Pradesh
212652,Gautam Buddha Nagar,Uttar Pradesh
212653,Fatehpur,Uttar Pradesh
212654,Fatehpur,Uttar Pradesh
212655,Fatehpur,Uttar Pradesh
212656,Fatehpur,Uttar Pradesh
212657,Fatehpur,Uttar Pradesh
212658,Fatehpur,Uttar Pradesh
212659,Fatehpur,Uttar Pradesh
212661,Fatehpur,Uttar Pradesh
212663,Fatehpur,Uttar Pradesh
212664,Fatehpur,Uttar Pradesh
212665,Fatehpur,Uttar Pradesh
221001,Varanasi,Uttar Pradesh
221002,Varanasi,Uttar Pradesh
221003,Varanasi,Uttar Pradesh
221004,Varanasi,Uttar Pradesh
221005,Varanasi,Uttar Pradesh
221006,Varanasi,Uttar Pradesh
221007,Varanasi,Uttar Pradesh
221008,Varanasi,Uttar Pradesh
221009,Chandauli,Uttar Pradesh
221010,Varanasi,Uttar Pradesh
221011,Varanasi,Uttar Pradesh
221012,Varanasi,Uttar Pradesh
221101,Varanasi,Uttar Pradesh
221103,Varanasi,Uttar Pradesh
221104,Varanasi,Uttar Pradesh
221105,Varanasi,Uttar Pradesh
221106,Varanasi,Uttar Pradesh
221107,Varanasi,Uttar Pradesh
221108,Varanasi,Uttar Pradesh
221109,Varanasi,Uttar Pradesh
221110,Chandauli,Uttar Pradesh
221111,Varanasi,Uttar Pradesh
221112,Varanasi,Uttar Pradesh
221115,Chandauli,Uttar Pradesh
221116,Varanasi,Uttar Pradesh
221201,Varanasi,Uttar Pradesh
221202,Varanasi,Uttar Pradesh
221204,Varanasi,Uttar Pradesh
221206,Varanasi,Uttar Pradesh
221207,Varanasi,Uttar Pradesh
221208,Varanasi,Uttar Pradesh
221301,Bhadohi,Uttar Pradesh
221302,Varanasi,Uttar Pradesh
221303,Bhadohi,Uttar Pradesh
221304,Bhadohi,Uttar Pradesh
221305,Varanasi,Uttar Pradesh
221306,Bhadohi,Uttar Pradesh
221307,Varanasi,Uttar Pradesh
221308,Bhadohi,Uttar Pradesh
221309,Bhadohi,Uttar Pradesh
221310,Bhadohi,Uttar Pradesh
221311,Varanasi,Uttar Pradesh
221313,Varanasi,Uttar Pradesh
221314,Bhadohi,Uttar Pradesh
221401,Bhadohi,Uttar Pradesh
221402,Bhadohi,Uttar Pradesh
221403,Varanasi,Uttar Pradesh
221404,Bhadohi,Uttar Pradesh
221405,Varanasi,Uttar Pradesh
221406,Bhadohi,Uttar Pradesh
221407,Varanasi,Uttar Pradesh
221409,Bhadohi,Uttar Pradesh
221502,Prayagraj,Uttar Pradesh
221503,Prayagraj,Uttar Pradesh
221505,Prayagraj,Uttar Pradesh
221507,Prayagraj,Uttar Pradesh
221508,Prayagraj,Uttar Pradesh
221601,Mau,Uttar Pradesh
221602,Mau,Uttar Pradesh
221603,Mau,Uttar Pradesh
221701,Ballia,Uttar Pradesh
221705,Mau,Uttar Pradesh
221706,Mau,Uttar Pradesh
221709,Ballia,Uttar Pradesh
221711,Ballia,Uttar Pradesh
221712,Ballia,Uttar Pradesh
221713,Ballia,Uttar Pradesh
221715,Ballia,Uttar Pradesh
221716,Ballia,Uttar Pradesh
221717,Ballia,Uttar Pradesh
221718,Ballia,Uttar Pradesh
222001,Jaunpur,Uttar Pradesh
222002,Jaunpur,Uttar Pradesh
222003,Jaunpur,Uttar Pradesh
222004,Jaunpur,Uttar Pradesh
222105,Jaunpur,Uttar Pradesh
222109,Jaunpur,Uttar Pradesh
222125,Jaunpur,Uttar Pradesh
222126,Jaunpur,Uttar Pradesh
222127,Jaunpur,Uttar Pradesh
222128,Jaunpur,Uttar Pradesh
222129,Jaunpur,Uttar Pradesh
222131,Jaunpur,Uttar Pradesh
222132,Jaunpur,Uttar Pradesh
222133,Jaunpur,Uttar Pradesh
222135,Jaunpur,Uttar Pradesh
222136,Jaunpur,Uttar Pradesh
222137,Jaunpur,Uttar Pradesh
222138,Jaunpur,Uttar Pradesh
222139,Jaunpur,Uttar Pradesh
222141,Jaunpur,Uttar Pradesh
222142,Jaunpur,Uttar Pradesh
222143,Jaunpur,Uttar Pradesh
222144,Jaunpur,Uttar Pradesh
222145,Jaunpur,Uttar Pradesh
222146,Jaunpur,Uttar Pradesh
222148,Jaunpur,Uttar Pradesh
222149,Jaunpur,Uttar Pradesh
222161,Jaunpur,Uttar Pradesh
222162,Jaunpur,Uttar Pradesh
222165,Jaunpur,Uttar Pradesh
222170,Jaunpur,Uttar Pradesh
222175,Jaunpur,Uttar Pradesh
222180,Jaunpur,Uttar Pradesh
222181,Jaunpur,Uttar Pradesh
222201,Jaunpur,Uttar Pradesh
222202,Jaunpur,Uttar Pradesh
222203,Jaunpur,Uttar Pradesh
222204,Jaunpur,Uttar Pradesh
222205,Jaunpur,Uttar Pradesh
222301,Sultanpur,Uttar Pradesh
222302,Sultanpur,Uttar Pradesh
222303,Sultanpur,Uttar Pradesh
223101,Jaunpur,Uttar Pradesh
223102,Jaunpur,Uttar Pradesh
223103,Jaunpur,Uttar Pradesh
223104,Jaunpur,Uttar Pradesh
223105,Jaunpur,Uttar Pradesh
223221,Azamgarh,Uttar Pradesh
223222,Azamgarh,Uttar Pradesh
223223,Azamgarh,Uttar Pradesh
223224,Azamgarh,Uttar Pradesh
223225,Azamgarh,Uttar Pradesh
223226,Azamgarh,Uttar Pradesh
223227,Azamgarh,Uttar Pradesh
224001,Ayodhya,Uttar Pradesh
224116,Ayodhya,Uttar Pradesh
224117,Ayodhya,Uttar Pradesh
224118,Ayodhya,Uttar Pradesh
224119,Ayodhya,Uttar Pradesh
224120,Ayodhya,Uttar Pradesh
224121,Ayodhya,Uttar Pradesh
224122,Ambedkar Nagar,Uttar Pradesh
224123,Ayodhya,Uttar Pradesh
224125,Ambedkar Nagar,Uttar Pradesh
224126,Ayodhya,Uttar Pradesh
224127,Ayodhya,Uttar Pradesh
224129,Ambedkar Nagar,Uttar Pradesh
224132,Ambedkar Nagar,Uttar Pradesh
224133,Ayodhya,Uttar Pradesh
224135,Ayodhya,Uttar Pradesh
224137,Ambedkar Nagar,Uttar Pradesh
224139,Ambedkar Nagar,Uttar Pradesh
224141,Ambedkar Nagar,Uttar Pradesh
224141,Ayodhya,Uttar Pradesh
224143,Ambedkar Nagar,Uttar Pradesh
224145,Ambedkar Nagar,Uttar Pradesh
224146,Ambedkar Nagar,Uttar Pradesh
224147,Ambedkar Nagar,Uttar Pradesh
224149,Ambedkar Nagar,Uttar Pradesh
224151,Ambedkar Nagar,Uttar Pradesh
224152,Ambedkar Nagar,Uttar Pradesh
224153,Ayodhya,Uttar Pradesh
224155,Ambedkar Nagar,Uttar Pradesh
224157,Ambedkar Nagar,Uttar Pradesh
224158,Ayodhya,Uttar Pradesh
224159,Ambedkar Nagar,Uttar Pradesh
224161,Ayodhya,Uttar Pradesh
224164,Ayodhya,Uttar Pradesh
224168,Ambedkar Nagar,Uttar Pradesh
224171,Ayodhya,Uttar Pradesh
224172,Firozabad,Uttar Pradesh
224176,Ambedkar Nagar,Uttar Pradesh
224181,Ambedkar Nagar,Uttar Pradesh
224182,Ayodhya,Uttar Pradesh
224183,Ambedkar Nagar,Uttar Pradesh
224186,Ambedkar Nagar,Uttar Pradesh
224188,Ayodhya,Uttar Pradesh
224189,Ayodhya,Uttar Pradesh
224190,Ambedkar Nagar,Uttar Pradesh
224195,Ayodhya,Uttar Pradesh
224201,Ayodhya,Uttar Pradesh
224202,Ayodhya,Uttar Pradesh
224203,Ayodhya,Uttar Pradesh
224204,Ayodhya,Uttar Pradesh
224205,Ayodhya,Uttar Pradesh
224206,Ambedkar Nagar,Uttar Pradesh
224206,Ayodhya,Uttar Pradesh
224207,Ayodhya,Uttar Pradesh
224208,Ayodhya,Uttar Pradesh
224209,Ayodhya,Uttar Pradesh
224210,Ambedkar Nagar,Uttar Pradesh
224225,Ayodhya,Uttar Pradesh
224227,Ambedkar Nagar,Uttar Pradesh
224228,Ayodhya,Uttar Pradesh
224229,Ayodhya,Uttar Pradesh
224230,Ambedkar Nagar,Uttar Pradesh
224231,Ambedkar Nagar,Uttar Pradesh
224232,Ambedkar Nagar,Uttar Pradesh
224234,Ambedkar Nagar,Uttar Pradesh
224234,Ayodhya,Uttar Pradesh
224235,Ambedkar Nagar,Uttar Pradesh
224238,Ambedkar Nagar,Uttar Pradesh
224239,Ambedkar Nagar,Uttar Pradesh
224284,Ayodhya,Uttar Pradesh
225001,Barabanki,Uttar Pradesh
225003,Barabanki,Uttar Pradesh
225119,Barabanki,Uttar Pradesh
225120,Barabanki,Uttar Pradesh
225121,Barabanki,Uttar Pradesh
225122,Barabanki,Uttar Pradesh
225123,Barabanki,Uttar Pradesh
225124,Barabanki,Uttar Pradesh
225125,Barabanki,Uttar Pradesh
225126,Barabanki,Uttar Pradesh
225201,Barabanki,Uttar Pradesh
225202,Barabanki,Uttar Pradesh
225203,Barabanki,Uttar Pradesh
225204,Barabanki,Uttar Pradesh
225205,Barabanki,Uttar Pradesh
225206,Barabanki,Uttar Pradesh
225207,Barabanki,Uttar Pradesh
225208,Barabanki,Uttar Pradesh
225301,Barabanki,Uttar Pradesh
225302,Barabanki,Uttar Pradesh
225303,Barabanki,Uttar Pradesh
225304,Barabanki,Uttar Pradesh
225305,Barabanki,Uttar Pradesh
225306,Barabanki,Uttar Pradesh
225401,Barabanki,Uttar Pradesh
225403,Barabanki,Uttar Pradesh
225404,Barabanki,Uttar Pradesh
225405,Barabanki,Uttar Pradesh
225409,Barabanki,Uttar Pradesh
225412,Barabanki,Uttar Pradesh
225413,Barabanki,Uttar Pradesh
225414,Barabanki,Uttar Pradesh
225415,Barabanki,Uttar Pradesh
225416,Barabanki,Uttar Pradesh
226001,Lucknow,Uttar Pradesh
226002,Lucknow,Uttar Pradesh
226003,Lucknow,Uttar Pradesh
226004,Lucknow,Uttar Pradesh
226005,Lucknow,Uttar Pradesh
226006,Lucknow,Uttar Pradesh
226007,Lucknow,Uttar Pradesh
226008,Lucknow,Uttar Pradesh
226009,Lucknow,Uttar Pradesh
226010,Lucknow,Uttar Pradesh
226011,Lucknow,Uttar Pradesh
226012,Lucknow,Uttar Pradesh
226013,Lucknow,Uttar Pradesh
226014,Lucknow,Uttar Pradesh
226015,Lucknow,Uttar Pradesh
226016,Lucknow,Uttar Pradesh
226017,Lucknow,Uttar Pradesh
226018,Lucknow,Uttar Pradesh
226019,Lucknow,Uttar Pradesh
226020,Lucknow,Uttar Pradesh
226021,Lucknow,Uttar Pradesh
226022,Lucknow,Uttar Pradesh
226023,Lucknow,Uttar Pradesh
226024,Lucknow,Uttar Pradesh
226025,Lucknow,Uttar Pradesh
226026,Lucknow,Uttar Pradesh
226027,Lucknow,Uttar Pradesh
226028,Lucknow,Uttar Pradesh
226029,Lucknow,Uttar Pradesh
226030,Lucknow,Uttar Pradesh
226031,Lucknow,Uttar Pradesh
226101,Lucknow,Uttar Pradesh
226102,Lucknow,Uttar Pradesh
226103,Lucknow,Uttar Pradesh
226104,Lucknow,Uttar Pradesh
226201,Lucknow,Uttar Pradesh
226202,Lucknow,Uttar Pradesh
226203,Lucknow,Uttar Pradesh
226301,Lucknow,Uttar Pradesh
226302,Lucknow,Uttar Pradesh
226303,Lucknow,Uttar Pradesh
226401,Lucknow,Uttar Pradesh
226501,Lucknow,Uttar Pradesh
227304,Sultanpur,Uttar Pradesh
227405,Amethi,Uttar Pradesh
227406,Amethi,Uttar Pradesh
227407,Amethi,Uttar Pradesh
227408,Amethi,Uttar Pradesh
227408,Sultanpur,Uttar Pradesh
227409,Amethi,Uttar Pradesh
227411,Amethi,Uttar Pradesh
227412,Amethi,Uttar Pradesh
227413,Amethi,Uttar Pradesh
227801,Amethi,Uttar Pradesh
227805,Amethi,Uttar Pradesh
227805,Sultanpur,Uttar Pradesh
227806,Sultanpur,Uttar Pradesh
227807,Amethi,Uttar Pradesh
227808,Amethi,Uttar Pradesh
227808,Sultanpur,Uttar Pradesh
227809,Amethi,Uttar Pradesh
227811,Amethi,Uttar Pradesh
227812,Sultanpur,Uttar Pradesh
227813,Amethi,Uttar Pradesh
227813,Sultanpur,Uttar Pradesh
227814,Sultanpur,Uttar Pradesh
227815,Amethi,Uttar Pradesh
227815,Sultanpur,Uttar Pradesh
227816,Amethi,Uttar Pradesh
227816,Sultanpur,Uttar Pradesh
227817,Amethi,Uttar Pradesh
228001,Sultanpur,Uttar Pradesh
228118,Sultanpur,Uttar Pradesh
228119,Sultanpur,Uttar Pradesh
228120,Sultanpur,Uttar Pradesh
228121,Sultanpur,Uttar Pradesh
228125,Sultanpur,Uttar Pradesh
228131,Sultanpur,Uttar Pradesh
228132,Sultanpur,Uttar Pradesh
228133,Sultanpur,Uttar Pradesh
228141,Sultanpur,Uttar Pradesh
228142,Sultanpur,Uttar Pradesh
228145,Sultanpur,Uttar Pradesh
228151,Sultanpur,Uttar Pradesh
228155,Sultanpur,Uttar Pradesh
228159,Amethi,Uttar Pradesh
228159,Sultanpur,Uttar Pradesh
228161,Sultanpur,Uttar Pradesh
228171,Sultanpur,Uttar Pradesh
228172,Sultanpur,Uttar Pradesh
229001,Rae Bareli,Uttar Pradesh
229010,Rae Bareli,Uttar Pradesh
229103,Rae Bareli,Uttar Pradesh
229120,Rae Bareli,Uttar Pradesh
229121,Rae Bareli,Uttar Pradesh
229122,Rae Bareli,Uttar Pradesh
229123,Rae Bareli,Uttar Pradesh
229124,Rae Bareli,Uttar Pradesh
229125,Rae Bareli,Uttar Pradesh
229126,Amethi,Uttar Pradesh
229126,Rae Bareli,Uttar Pradesh
229127,Rae Bareli,Uttar Pradesh
229128,Rae Bareli,Uttar Pradesh
229129,Rae Bareli,Uttar Pradesh
229130,Rae Bareli,Uttar Pradesh
229135,Amethi,Uttar Pradesh
229201,Rae Bareli,Uttar Pradesh
229202,Rae Bareli,Uttar Pradesh
229203,Rae Bareli,Uttar Pradesh
229204,Rae Bareli,Uttar Pradesh
229205,Rae Bareli,Uttar Pradesh
229206,Rae Bareli,Uttar Pradesh
229207,Rae Bareli,Uttar Pradesh
229208,Rae Bareli,Uttar Pradesh
229209,Rae Bareli,Uttar Pradesh
229210,Rae Bareli,Uttar Pradesh
229211,Rae Bareli,Uttar Pradesh
229212,Rae Bareli,Uttar Pradesh
229215,Rae Bareli,Uttar Pradesh
229216,Rae Bareli,Uttar Pradesh
229301,Rae Bareli,Uttar Pradesh
229302,Amethi,Uttar Pradesh
229302,Rae Bareli,Uttar Pradesh
229303,Rae Bareli,Uttar Pradesh
229304,Amethi,Uttar Pradesh
229304,Rae Bareli,Uttar Pradesh
229305,Amethi,Uttar Pradesh
229305,Rae Bareli,Uttar Pradesh
229306,Amethi,Uttar Pradesh
229306,Rae Bareli,Uttar Pradesh
229307,Rae Bareli,Uttar Pradesh
229308,Rae Bareli,Uttar Pradesh
229309,Amethi,Uttar Pradesh
229310,Rae Bareli,Uttar Pradesh
229311,Rae Bareli,Uttar Pradesh
229316,Rae Bareli,Uttar Pradesh
229401,Rae Bareli,Uttar Pradesh
229402,Rae Bareli,Uttar Pradesh
229404,Rae Bareli,Uttar Pradesh
229405,Rae Bareli,Uttar Pradesh
229406,Rae Bareli,Uttar Pradesh
229408,Pratapgarh,Uttar Pradesh
229410,Pratapgarh,Uttar Pradesh
229411,Prayagraj,Uttar Pradesh
229412,Prayagraj,Uttar Pradesh
229413,Prayagraj,Uttar Pradesh
229801,Amethi,Uttar Pradesh
229801,Rae Bareli,Uttar Pradesh
229802,Amethi,Uttar Pradesh
229802,Rae Bareli,Uttar Pradesh
230001,Pratapgarh,Uttar Pradesh
230002,Pratapgarh,Uttar Pradesh
230121,Pratapgarh,Uttar Pradesh
230124,Pratapgarh,Uttar Pradesh
230125,Pratapgarh,Uttar Pradesh
230126,Pratapgarh,Uttar Pradesh
230127,Pratapgarh,Uttar Pradesh
230128,Pratapgarh,Uttar Pradesh
230129,Pratapgarh,Uttar Pradesh
230130,Pratapgarh,Uttar Pradesh
230131,Pratapgarh,Uttar Pradesh
230132,Pratapgarh,Uttar Pradesh
230133,Pratapgarh,Uttar Pradesh
230134,Pratapgarh,Uttar Pradesh
230135,Pratapgarh,Uttar Pradesh
230136,Pratapgarh,Uttar Pradesh
230137,Pratapgarh,Uttar Pradesh
230138,Pratapgarh,Uttar Pradesh
230139,Pratapgarh,Uttar Pradesh
230141,Pratapgarh,Uttar Pradesh
230142,Pratapgarh,Uttar Pradesh
230143,Pratapgarh,Uttar Pradesh
230144,Pratapgarh,Uttar Pradesh
230201,Pratapgarh,Uttar Pradesh
230202,Pratapgarh,Uttar Pradesh
230204,Pratapgarh,Uttar Pradesh
230301,Pratapgarh,Uttar Pradesh
230302,Pratapgarh,Uttar Pradesh
230304,Pratapgarh,Uttar Pradesh
230306,Pratapgarh,Uttar Pradesh
230401,Pratapgarh,Uttar Pradesh
230402,Pratapgarh,Uttar Pradesh
230403,Pratapgarh,Uttar Pradesh
230404,Pratapgarh,Uttar Pradesh
230405,Pratapgarh,Uttar Pradesh
230501,Amethi,Uttar Pradesh
230501,Pratapgarh,Uttar Pradesh
230502,Pratapgarh,Uttar Pradesh
230503,Pratapgarh,Uttar Pradesh
231001,Mirzapur,Uttar Pradesh
231205,Sonbhadra,Uttar Pradesh
231206,Sonbhadra,Uttar Pradesh
231207,Sonbhadra,Uttar Pradesh
231208,Sonbhadra,Uttar Pradesh
231209,Sonbhadra,Uttar Pradesh
231210,Mirzapur,Uttar Pradesh
231210,Sonbhadra,Uttar Pradesh
231211,Mirzapur,Uttar Pradesh
231212,Sonbhadra,Uttar Pradesh
231213,Sonbhadra,Uttar Pradesh
231215,Sonbhadra,Uttar Pradesh
231216,Sonbhadra,Uttar Pradesh
231217,Sonbhadra,Uttar Pradesh
231218,Sonbhadra,Uttar Pradesh
231219,Sonbhadra,Uttar Pradesh
231220,Sonbhadra,Uttar Pradesh
231221,Sonbhadra,Uttar Pradesh
231222,Sonbhadra,Uttar Pradesh
231223,Sonbhadra,Uttar Pradesh
231224,Sonbhadra,Uttar Pradesh
231225,Sonbhadra,Uttar Pradesh
231226,Sonbhadra,Uttar Pradesh
231301,Mirzapur,Uttar Pradesh
231302,Mirzapur,Uttar Pradesh
231303,Mirzapur,Uttar Pradesh
231304,Mirzapur,Uttar Pradesh
231305,Mirzapur,Uttar Pradesh
231306,Mirzapur,Uttar Pradesh
231307,Mirzapur,Uttar Pradesh
231307,Sonbhadra,Uttar Pradesh
231309,Mirzapur,Uttar Pradesh
231311,Mirzapur,Uttar Pradesh
231312,Mirzapur,Uttar Pradesh
231313,Mirzapur,Uttar Pradesh
231314,Mirzapur,Uttar Pradesh
231501,Mirzapur,Uttar Pradesh
232101,Chandauli,Uttar Pradesh
232102,Chandauli,Uttar Pradesh
232103,Chandauli,Uttar Pradesh
232104,Chandauli,Uttar Pradesh
232105,Chandauli,Uttar Pradesh
232106,Chandauli,Uttar Pradesh
232107,Chandauli,Uttar Pradesh
232108,Chandauli,Uttar Pradesh
232109,Chandauli,Uttar Pradesh
232110,Chandauli,Uttar Pradesh
232111,Chandauli,Uttar Pradesh
232114,Varanasi,Uttar Pradesh
232115,Chandauli,Uttar Pradesh
232118,Chandauli,Uttar Pradesh
232120,Chandauli,Uttar Pradesh
232325,Ghazipur,Uttar Pradesh
232326,Ghazipur,Uttar Pradesh
232327,Ghazipur,Uttar Pradesh
232328,Ghazipur,Uttar Pradesh
232329,Ghazipur,Uttar Pradesh
232330,Ghazipur,Uttar Pradesh
232331,Ghazipur,Uttar Pradesh
232332,Ghazipur,Uttar Pradesh
232333,Ghazipur,Uttar Pradesh
232336,Ghazipur,Uttar Pradesh
232339,Ghazipur,Uttar Pradesh
232340,Ghazipur,Uttar Pradesh
232341,Ghazipur,Uttar Pradesh
233001,Ghazipur,Uttar Pradesh
233002,Ghazipur,Uttar Pradesh
233221,Ghazipur,Uttar Pradesh
233222,Ghazipur,Uttar Pradesh
233223,Ghazipur,Uttar Pradesh
233224,Ghazipur,Uttar Pradesh
233225,Ghazipur,Uttar Pradesh
233226,Ghazipur,Uttar Pradesh
233227,Ghazipur,Uttar Pradesh
233228,Ghazipur,Uttar Pradesh
233229,Ghazipur,Uttar Pradesh
233230,Ghazipur,Uttar Pradesh
233231,Ghazipur,Uttar Pradesh
233232,Ghazipur,Uttar Pradesh
233233,Ghazipur,Uttar Pradesh
233234,Ghazipur,Uttar Pradesh
233300,Ghazipur,Uttar Pradesh
233301,Ghazipur,Uttar Pradesh
233302,Ghazipur,Uttar Pradesh
233303,Ghazipur,Uttar Pradesh
233304,Ghazipur,Uttar Pradesh
233305,Ghazipur,Uttar Pradesh
233306,Ghazipur,Uttar Pradesh
233307,Ghazipur,Uttar Pradesh
233310,Ghazipur,Uttar Pradesh
233311,Ghazipur,Uttar Pradesh
241001,Hardoi,Uttar Pradesh
241001,Mathura,Uttar Pradesh
241121,Hardoi,Uttar Pradesh
241122,Hardoi,Uttar Pradesh
241123,Hardoi,Uttar Pradesh
241124,Hardoi,Uttar Pradesh
241125,Hardoi,Uttar Pradesh
241126,Hardoi,Uttar Pradesh
241127,Hardoi,Uttar Pradesh
241201,Hardoi,Uttar Pradesh
241202,Hardoi,Uttar Pradesh
241203,Hardoi,Uttar Pradesh
241204,Hardoi,Uttar Pradesh
241301,Hardoi,Uttar Pradesh
241302,Hardoi,Uttar Pradesh
241303,Hardoi,Uttar Pradesh
241304,Hardoi,Uttar Pradesh
241305,Hardoi,Uttar Pradesh
241401,Hardoi,Uttar Pradesh
241402,Hardoi,Uttar Pradesh
241403,Hardoi,Uttar Pradesh
241404,Hardoi,Uttar Pradesh
241405,Hardoi,Uttar Pradesh
241406,Hardoi,Uttar Pradesh
241407,Hardoi,Uttar Pradesh
242001,Shahjahanpur,Uttar Pradesh
242021,Sambhal,Uttar Pradesh
242042,Shahjahanpur,Uttar Pradesh
242127,Shahjahanpur,Uttar Pradesh
242220,Shahjahanpur,Uttar Pradesh
242221,Shahjahanpur,Uttar Pradesh
242223,Shahjahanpur,Uttar Pradesh
242226,Shahjahanpur,Uttar Pradesh
242301,Shahjahanpur,Uttar Pradesh
242303,Shahjahanpur,Uttar Pradesh
242305,Shahjahanpur,Uttar Pradesh
242306,Shahjahanpur,Uttar Pradesh
242307,Shahjahanpur,Uttar Pradesh
242401,Shahjahanpur,Uttar Pradesh
242405,Shahjahanpur,Uttar Pradesh
242406,Shahjahanpur,Uttar Pradesh
242407,Shahjahanpur,Uttar Pradesh
243001,Bareilly,Uttar Pradesh
243002,Bareilly,Uttar Pradesh
243003,Bareilly,Uttar Pradesh
243004,Bareilly,Uttar Pradesh
243005,Bareilly,Uttar Pradesh
243006,Bareilly,Uttar Pradesh
243122,Bareilly,Uttar Pradesh
243123,Bareilly,Uttar Pradesh
243126,Bareilly,Uttar Pradesh
243201,Bareilly,Uttar Pradesh
243202,Bareilly,Uttar Pradesh
243203,Bareilly,Uttar Pradesh
243301,Bareilly,Uttar Pradesh
243302,Bareilly,Uttar Pradesh
243303,Bareilly,Uttar Pradesh
243401,Bareilly,Uttar Pradesh
243402,Bareilly,Uttar Pradesh
243403,Bareilly,Uttar Pradesh
243407,Bareilly,Uttar Pradesh
243501,Bareilly,Uttar Pradesh
243502,Bareilly,Uttar Pradesh
243503,Bareilly,Uttar Pradesh
243504,Bareilly,Uttar Pradesh
243505,Bareilly,Uttar Pradesh
243506,Bareilly,Uttar Pradesh
243601,Budaun,Uttar Pradesh
243630,Budaun,Uttar Pradesh
243631,Budaun,Uttar Pradesh
243632,Budaun,Uttar Pradesh
243633,Budaun,Uttar Pradesh
243634,Budaun,Uttar Pradesh
243635,Budaun,Uttar Pradesh
243636,Budaun,Uttar Pradesh
243637,Budaun,Uttar Pradesh
243638,Sambhal,Uttar Pradesh
243639,Budaun,Uttar Pradesh
243641,Budaun,Uttar Pradesh
243720,Budaun,Uttar Pradesh
243722,Sambhal,Uttar Pradesh
243723,Budaun,Uttar Pradesh
243723,Sambhal,Uttar Pradesh
243724,Budaun,Uttar Pradesh
243725,Budaun,Uttar Pradesh
243726,Budaun,Uttar Pradesh
243727,Sambhal,Uttar Pradesh
243751,Sambhal,Uttar Pradesh
244001,Moradabad,Uttar Pradesh
244102,Amroha,Uttar Pradesh
244102,Moradabad,Uttar Pradesh
244102,Sambhal,Uttar Pradesh
244103,Moradabad,Uttar Pradesh
244104,Moradabad,Uttar Pradesh
244105,Moradabad,Uttar Pradesh
244221,Amroha,Uttar Pradesh
244222,Amroha,Uttar Pradesh
244223,Amroha,Uttar Pradesh
244225,Amroha,Uttar Pradesh
244231,Amroha,Uttar Pradesh
244235,Amroha,Uttar Pradesh
244236,Amroha,Uttar Pradesh
244241,Amroha,Uttar Pradesh
244242,Amroha,Uttar Pradesh
244245,Amroha,Uttar Pradesh
244251,Amroha,Uttar Pradesh
244255,Amroha,Uttar Pradesh
244301,Sambhal,Uttar Pradesh
244302,Sambhal,Uttar Pradesh
244303,Sambhal,Uttar Pradesh
244304,Sambhal,Uttar Pradesh
244401,Amroha,Uttar Pradesh
244401,Moradabad,Uttar Pradesh
244402,Moradabad,Uttar Pradesh
244410,Sambhal,Uttar Pradesh
244411,Moradabad,Uttar Pradesh
244411,Sambhal,Uttar Pradesh
244412,Sambhal,Uttar Pradesh
244413,Moradabad,Uttar Pradesh
244414,Sambhal,Uttar Pradesh
244415,Moradabad,Uttar Pradesh
244501,Amroha,Uttar Pradesh
244501,Moradabad,Uttar Pradesh
244504,Moradabad,Uttar Pradesh
244601,Moradabad,Uttar Pradesh
244602,Moradabad,Uttar Pradesh
244701,Bareilly,Uttar Pradesh
244701,Rampur,Uttar Pradesh
244712,Udam Singh Nagar,Uttarakhand
244713,Nainital,Uttarakhand
244713,Udam Singh Nagar,Uttarakhand
244715,Almora,Uttarakhand
244715,Nainital,Uttarakhand
244716,Nainital,Uttarakhand
244716,Udam Singh Nagar,Uttarakhand
244717,Udam Singh Nagar,Uttarakhand
244720,Udam Singh Nagar,Uttarakhand
244901,Rampur,Uttar Pradesh
244921,Rampur,Uttar Pradesh
244922,Rampur,Uttar Pradesh
244923,Rampur,Uttar Pradesh
244923,Udam Singh Nagar,Uttarakhand
244924,Rampur,Uttar Pradesh
244924,Udam Singh Nagar,Uttarakhand
244925,Rampur,Uttar Pradesh
244926,Rampur,Uttar Pradesh
244927,Rampur,Uttar Pradesh
244928,Rampur,Uttar Pradesh
245101,Hapur,Uttar Pradesh
245201,Hapur,Uttar Pradesh
245205,Hapur,Uttar Pradesh
245206,Meerut,Uttar Pradesh
245207,Hapur,Uttar Pradesh
245208,Hapur,Uttar Pradesh
245301,Hapur,Uttar Pradesh
245304,Ghaziabad,Uttar Pradesh
245304,Hapur,Uttar Pradesh
246001,Pauri Garhwal,Uttarakhand
246113,Pauri Garhwal,Uttarakhand
246121,Pauri Garhwal,Uttarakhand
246123,Pauri Garhwal,Uttarakhand
246124,Pauri Garhwal,Uttarakhand
246125,Pauri Garhwal,Uttarakhand
246127,Pauri Garhwal,Uttarakhand
246128,Pauri Garhwal,Uttarakhand
246129,Pauri Garhwal,Uttarakhand
246130,Pauri Garhwal,Uttarakhand
246131,Pauri Garhwal,Uttarakhand
246141,Rudra Prayag,Uttarakhand
246142,Pauri Garhwal,Uttarakhand
246144,Pauri Garhwal,Uttarakhand
246146,Pauri Garhwal,Uttarakhand
246147,Pauri Garhwal,Uttarakhand
246148,Pauri Garhwal,Uttarakhand
246149,Pauri Garhwal,Uttarakhand
246150,Pauri Garhwal,Uttarakhand
246155,Pauri Garhwal,Uttarakhand
246159,Pauri Garhwal,Uttarakhand
246161,Pauri Garhwal,Uttarakhand
246162,Pauri Garhwal,Uttarakhand
246163,Pauri Garhwal,Uttarakhand
246164,Pauri Garhwal,Uttarakhand
246165,Pauri Garhwal,Uttarakhand
246166,Pauri Garhwal,Uttarakhand
246167,Pauri Garhwal,Uttarakhand
246169,Pauri Garhwal,Uttarakhand
246171,Rudra Prayag,Uttarakhand
246172,Pauri Garhwal,Uttarakhand
246173,Pauri Garhwal,Uttarakhand
246174,Pauri Garhwal,Uttarakhand
246175,Pauri Garhwal,Uttarakhand
246176,Pauri Garhwal,Uttarakhand
246177,Pauri Garhwal,Uttarakhand
246178,Pauri Garhwal,Uttarakhand
246179,Pauri Garhwal,Uttarakhand
246193,Pauri Garhwal,Uttarakhand
246194,Pauri Garhwal,Uttarakhand
246275,Pauri Garhwal,Uttarakhand
246276,Pauri Garhwal,Uttarakhand
246277,Pauri Garhwal,Uttarakhand
246278,Pauri Garhwal,Uttarakhand
246279,Pauri Garhwal,Uttarakhand
246285,Pauri Garhwal,Uttarakhand
246401,Chamoli,Uttarakhand
246419,Rudra Prayag,Uttarakhand
246421,Rudra Prayag,Uttarakhand
246422,Chamoli,Uttarakhand
246424,Chamoli,Uttarakhand
246425,Rudra Prayag,Uttarakhand
246426,Chamoli,Uttarakhand
246427,Chamoli,Uttarakhand
246428,Chamoli,Uttarakhand
246429,Chamoli,Uttarakhand
246429,Rudra Prayag,Uttarakhand
246431,Chamoli,Uttarakhand
246435,Chamoli,Uttarakhand
246439,Rudra Prayag,Uttarakhand
246440,Chamoli,Uttarakhand
246441,Chamoli,Uttarakhand
246442,Chamoli,Uttarakhand
246442,Rudra Prayag,Uttarakhand
246443,Chamoli,Uttarakhand
246444,Chamoli,Uttarakhand
246445,Rudra Prayag,Uttarakhand
246446,Chamoli,Uttarakhand
246448,Rudra Prayag,Uttarakhand
246449,Chamoli,Uttarakhand
246453,Chamoli,Uttarakhand
246455,Chamoli,Uttarakhand
246469,Rudra Prayag,Uttarakhand
246471,Rudra Prayag,Uttarakhand
246472,Chamoli,Uttarakhand
246473,Chamoli,Uttarakhand
246474,Chamoli,Uttarakhand
246475,Rudra Prayag,Uttarakhand
246481,Chamoli,Uttarakhand
246482,Chamoli,Uttarakhand
246483,Chamoli,Uttarakhand
246486,Chamoli,Uttarakhand
246487,Chamoli,Uttarakhand
246488,Chamoli,Uttarakhand
246495,Rudra Prayag,Uttarakhand
246701,Bijnor,Uttar Pradesh
246721,Bijnor,Uttar Pradesh
246722,Bijnor,Uttar Pradesh
246723,Bijnor,Uttar Pradesh
246724,Bijnor,Uttar Pradesh
246725,Bijnor,Uttar Pradesh
246726,Bijnor,Uttar Pradesh
246727,Bijnor,Uttar Pradesh
246728,Bijnor,Uttar Pradesh
246729,Bijnor,Uttar Pradesh
246731,Bijnor,Uttar Pradesh
246732,Bijnor,Uttar Pradesh
246733,Bijnor,Uttar Pradesh
246734,Bijnor,Uttar Pradesh
246735,Bijnor,Uttar Pradesh
246736,Bijnor,Uttar Pradesh
246737,Bijnor,Uttar Pradesh
246745,Bijnor,Uttar Pradesh
246746,Bijnor,Uttar Pradesh
246747,Bijnor,Uttar Pradesh
246749,Bijnor,Uttar Pradesh
246761,Aligarh,Uttar Pradesh
246762,Bijnor,Uttar Pradesh
246763,Bijnor,Uttar Pradesh
246764,Bijnor,Uttar Pradesh
247001,Saharanpur,Uttar Pradesh
247002,Saharanpur,Uttar Pradesh
247120,Saharanpur,Uttar Pradesh
247121,Saharanpur,Uttar Pradesh
247122,Saharanpur,Uttar Pradesh
247129,Saharanpur,Uttar Pradesh
247231,Saharanpur,Uttar Pradesh
247232,Saharanpur,Uttar Pradesh
247340,Saharanpur,Uttar Pradesh
247341,Saharanpur,Uttar Pradesh
247342,Saharanpur,Uttar Pradesh
247343,Saharanpur,Uttar Pradesh
247451,Saharanpur,Uttar Pradesh
247452,Saharanpur,Uttar Pradesh
247453,Saharanpur,Uttar Pradesh
247551,Saharanpur,Uttar Pradesh
247552,Saharanpur,Uttar Pradesh
247554,Saharanpur,Uttar Pradesh
247656,Haridwar,Uttarakhand
247658,Haridwar,Uttarakhand
247661,Haridwar,Uttarakhand
247662,Haridwar,Uttarakhand
247662,Saharanpur,Uttar Pradesh
247663,Haridwar,Uttarakhand
247664,Haridwar,Uttarakhand
247665,Haridwar,Uttarakhand
247666,Haridwar,Uttarakhand
247667,Haridwar,Uttarakhand
247668,Haridwar,Uttarakhand
247669,Saharanpur,Uttar Pradesh
247670,Haridwar,Uttarakhand
247671,Haridwar,Uttarakhand
247771,Muzaffarnagar,Uttar Pradesh
247771,Shamli,Uttar Pradesh
247772,Muzaffarnagar,Uttar Pradesh
247772,Shamli,Uttar Pradesh
247773,Shamli,Uttar Pradesh
247774,Shamli,Uttar Pradesh
247775,Muzaffarnagar,Uttar Pradesh
247775,Shamli,Uttar Pradesh
247776,Muzaffarnagar,Uttar Pradesh
247776,Shamli,Uttar Pradesh
247777,Shamli,Uttar Pradesh
247778,Shamli,Uttar Pradesh
248001,Dehradun,Uttarakhand
248002,Dehradun,Uttarakhand
248003,Dehradun,Uttarakhand
248005,Dehradun,Uttarakhand
248006,Dehradun,Uttarakhand
248007,Dehradun,Uttarakhand
248008,Dehradun,Uttarakhand
248008,Tehri Garhwal,Uttarakhand
248009,Dehradun,Uttarakhand
248011,Dehradun,Uttarakhand
248012,Dehradun,Uttarakhand
248013,Dehradun,Uttarakhand
248014,Dehradun,Uttarakhand
248015,Dehradun,Uttarakhand
248016,Dehradun,Uttarakhand
248018,Dehradun,Uttarakhand
248019,Dehradun,Uttarakhand
248121,Dehradun,Uttarakhand
248122,Dehradun,Uttarakhand
248123,Dehradun,Uttarakhand
248124,Dehradun,Uttarakhand
248125,Dehradun,Uttarakhand
248140,Dehradun,Uttarakhand
248142,Dehradun,Uttarakhand
248143,Dehradun,Uttarakhand
248145,Dehradun,Uttarakhand
248146,Dehradun,Uttarakhand
248158,Dehradun,Uttarakhand
248158,Tehri Garhwal,Uttarakhand
248159,Dehradun,Uttarakhand
248165,Dehradun,Uttarakhand
248171,Dehradun,Uttarakhand
248179,Dehradun,Uttarakhand
248179,Tehri Garhwal,Uttarakhand
248195,Dehradun,Uttarakhand
248196,Dehradun,Uttarakhand
248197,Dehradun,Uttarakhand
248198,Dehradun,Uttarakhand
248199,Dehradun,Uttarakhand
249001,Tehri Garhwal,Uttarakhand
249121,Tehri Garhwal,Uttarakhand
249122,Tehri Garhwal,Uttarakhand
249123,Tehri Garhwal,Uttarakhand
249124,Tehri Garhwal,Uttarakhand
249125,Tehri Garhwal,Uttarakhand
249126,Tehri Garhwal,Uttarakhand
249127,Tehri Garhwal,Uttarakhand
249128,Uttar Kashi,Uttarakhand
249130,Tehri Garhwal,Uttarakhand
249131,Tehri Garhwal,Uttarakhand
249132,Tehri Garhwal,Uttarakhand
249135,Uttar Kashi,Uttarakhand
249136,Uttar Kashi,Uttarakhand
249137,Tehri Garhwal,Uttarakhand
249141,Uttar Kashi,Uttarakhand
249145,Tehri Garhwal,Uttarakhand
249146,Tehri Garhwal,Uttarakhand
249151,Uttar Kashi,Uttarakhand
249152,Uttar Kashi,Uttarakhand
249155,Tehri Garhwal,Uttarakhand
249161,Tehri Garhwal,Uttarakhand
249165,Tehri Garhwal,Uttarakhand
249165,Uttar Kashi,Uttarakhand
249171,Uttar Kashi,Uttarakhand
249175,Tehri Garhwal,Uttarakhand
249180,Tehri Garhwal,Uttarakhand
249181,Tehri Garhwal,Uttarakhand
249185,Uttar Kashi,Uttarakhand
249186,Tehri Garhwal,Uttarakhand
249192,Tehri Garhwal,Uttarakhand
249193,Uttar Kashi,Uttarakhand
249194,Uttar Kashi,Uttarakhand
249196,Tehri Garhwal,Uttarakhand
249196,Uttar Kashi,Uttarakhand
249199,Tehri Garhwal,Uttarakhand
249201,Dehradun,Uttarakhand
249202,Dehradun,Uttarakhand
249203,Dehradun,Uttarakhand
249204,Dehradun,Uttarakhand
249205,Dehradun,Uttarakhand
249206,Dehradun,Uttarakhand
249301,Pauri Garhwal,Uttarakhand
249301,Tehri Garhwal,Uttarakhand
249302,Pauri Garhwal,Uttarakhand
249304,Pauri Garhwal,Uttarakhand
249306,Pauri Garhwal,Uttarakhand
249401,Haridwar,Uttarakhand
249402,Haridwar,Uttarakhand
249403,Haridwar,Uttarakhand
249404,Haridwar,Uttarakhand
249405,Haridwar,Uttarakhand
249407,Haridwar,Uttarakhand
249408,Haridwar,Uttarakhand
249410,Haridwar,Uttarakhand
249411,Haridwar,Uttarakhand
249412,Haridwar,Uttarakhand
250001,Meerut,Uttar Pradesh
250002,Meerut,Uttar Pradesh
250003,Meerut,Uttar Pradesh
250004,Meerut,Uttar Pradesh
250005,Meerut,Uttar Pradesh
250101,Baghpat,Uttar Pradesh
250103,Meerut,Uttar Pradesh
250104,Meerut,Uttar Pradesh
250106,Meerut,Uttar Pradesh
250110,Meerut,Uttar Pradesh
250205,Meerut,Uttar Pradesh
250221,Meerut,Uttar Pradesh
250222,Meerut,Uttar Pradesh
250223,Meerut,Uttar Pradesh
250341,Meerut,Uttar Pradesh
250342,Meerut,Uttar Pradesh
250344,Meerut,Uttar Pradesh
250345,Baghpat,Uttar Pradesh
250401,Meerut,Uttar Pradesh
250402,Meerut,Uttar Pradesh
250404,Meerut,Uttar Pradesh
250406,Meerut,Uttar Pradesh
250501,Meerut,Uttar Pradesh
250502,Meerut,Uttar Pradesh
250601,Baghpat,Uttar Pradesh
250606,Baghpat,Uttar Pradesh
250609,Baghpat,Uttar Pradesh
250611,Aligarh,Uttar Pradesh
250611,Baghpat,Uttar Pradesh
250615,Baghpat,Uttar Pradesh
250617,Meerut,Uttar Pradesh
250619,Baghpat,Uttar Pradesh
250620,Baghpat,Uttar Pradesh
250621,Baghpat,Uttar Pradesh
250622,Baghpat,Uttar Pradesh
250623,Baghpat,Uttar Pradesh
250625,Baghpat,Uttar Pradesh
250626,Meerut,Uttar Pradesh
251001,Muzaffarnagar,Uttar Pradesh
251002,Muzaffarnagar,Uttar Pradesh
251003,Muzaffarnagar,Uttar Pradesh
251201,Muzaffarnagar,Uttar Pradesh
251202,Muzaffarnagar,Uttar Pradesh
251203,Muzaffarnagar,Uttar Pradesh
251301,Muzaffarnagar,Uttar Pradesh
251301,Shamli,Uttar Pradesh
251305,Shamli,Uttar Pradesh
251306,Muzaffarnagar,Uttar Pradesh
251307,Muzaffarnagar,Uttar Pradesh
251308,Muzaffarnagar,Uttar Pradesh
251309,Muzaffarnagar,Uttar Pradesh
251310,Muzaffarnagar,Uttar Pradesh
251311,Muzaffarnagar,Uttar Pradesh
251314,Muzaffarnagar,Uttar Pradesh
251315,Muzaffarnagar,Uttar Pradesh
251316,Muzaffarnagar,Uttar Pradesh
251318,Muzaffarnagar,Uttar Pradesh
251319,Muzaffarnagar,Uttar Pradesh
251319,Shamli,Uttar Pradesh
251320,Muzaffarnagar,Uttar Pradesh
251327,Muzaffarnagar,Uttar Pradesh
261001,Sitapur,Uttar Pradesh
261121,Sitapur,Uttar Pradesh
261125,Sitapur,Uttar Pradesh
261131,Sitapur,Uttar Pradesh
261135,Sitapur,Uttar Pradesh
261136,Sitapur,Uttar Pradesh
261141,Sitapur,Uttar Pradesh
261145,Sitapur,Uttar Pradesh
261151,Sitapur,Uttar Pradesh
261201,Sitapur,Uttar Pradesh
261202,Sitapur,Uttar Pradesh
261203,Sitapur,Uttar Pradesh
261204,Sitapur,Uttar Pradesh
261205,Sitapur,Uttar Pradesh
261206,Sitapur,Uttar Pradesh
261207,Sitapur,Uttar Pradesh
261208,Sitapur,Uttar Pradesh
261301,Sitapur,Uttar Pradesh
261302,Sitapur,Uttar Pradesh
261303,Sitapur,Uttar Pradesh
261304,Sitapur,Uttar Pradesh
261401,Sitapur,Uttar Pradesh
261402,Sitapur,Uttar Pradesh
261403,Sitapur,Uttar Pradesh
261404,Sitapur,Uttar Pradesh
261405,Sitapur,Uttar Pradesh
261501,Kheri,Uttar Pradesh
261502,Kheri,Uttar Pradesh
261505,Kheri,Uttar Pradesh
261505,Sitapur,Uttar Pradesh
261506,Kheri,Uttar Pradesh
262001,Pilibhit,Uttar Pradesh
262121,Pilibhit,Uttar Pradesh
262122,Pilibhit,Uttar Pradesh
262123,Pilibhit,Uttar Pradesh
262124,Pilibhit,Uttar Pradesh
262201,Pilibhit,Uttar Pradesh
262202,Pilibhit,Uttar Pradesh
262203,Pilibhit,Uttar Pradesh
262302,Pilibhit,Uttar Pradesh
262305,Pilibhit,Uttar Pradesh
262308,Udam Singh Nagar,Uttarakhand
262309,Champawat,Uttarakhand
262310,Champawat,Uttarakhand
262311,Udam Singh Nagar,Uttarakhand
262401,Udam Singh Nagar,Uttarakhand
262402,Nainital,Uttarakhand
262405,Udam Singh Nagar,Uttarakhand
262406,Bareilly,Uttar Pradesh
262501,Pithoragarh,Uttarakhand
262502,Pithoragarh,Uttarakhand
262520,Pithoragarh,Uttarakhand
262521,Pithoragarh,Uttarakhand
262522,Pithoragarh,Uttarakhand
262523,Champawat,Uttarakhand
262524,Champawat,Uttarakhand
262525,Champawat,Uttarakhand
262526,Pithoragarh,Uttarakhand
262527,Champawat,Uttarakhand
262528,Champawat,Uttarakhand
262529,Champawat,Uttarakhand
262529,Pithoragarh,Uttarakhand
262530,Pithoragarh,Uttarakhand
262531,Pithoragarh,Uttarakhand
262532,Pithoragarh,Uttarakhand
262533,Pithoragarh,Uttarakhand
262534,Pithoragarh,Uttarakhand
262540,Pithoragarh,Uttarakhand
262541,Pithoragarh,Uttarakhand
262542,Pithoragarh,Uttarakhand
262543,Pithoragarh,Uttarakhand
262544,Pithoragarh,Uttarakhand
262545,Pithoragarh,Uttarakhand
262546,Pithoragarh,Uttarakhand
262547,Pithoragarh,Uttarakhand
262550,Pithoragarh,Uttarakhand
262551,Pithoragarh,Uttarakhand
262552,Pithoragarh,Uttarakhand
262553,Pithoragarh,Uttarakhand
262554,Pithoragarh,Uttarakhand
262555,Pithoragarh,Uttarakhand
262561,Champawat,Uttarakhand
262572,Pithoragarh,Uttarakhand
262576,Pithoragarh,Uttarakhand
262580,Champawat,Uttarakhand
262701,Kheri,Uttar Pradesh
262702,Kheri,Uttar Pradesh
262721,Kheri,Uttar Pradesh
262721,Sitapur,Uttar Pradesh
262722,Kheri,Uttar Pradesh
262722,Sitapur,Uttar Pradesh
262723,Kheri,Uttar Pradesh
262724,Kheri,Uttar Pradesh
262725,Kheri,Uttar Pradesh
262726,Kheri,Uttar Pradesh
262727,Kheri,Uttar Pradesh
262728,Kheri,Uttar Pradesh
262728,Sitapur,Uttar Pradesh
262801,Kheri,Uttar Pradesh
262802,Kheri,Uttar Pradesh
262803,Kheri,Uttar Pradesh
262804,Kheri,Uttar Pradesh
262805,Kheri,Uttar Pradesh
262901,Kheri,Uttar Pradesh
262902,Kheri,Uttar Pradesh
262903,Kheri,Uttar Pradesh
262904,Kheri,Uttar Pradesh
262904,Pilibhit,Uttar Pradesh
262905,Kheri,Uttar Pradesh
262906,Kheri,Uttar Pradesh
262907,Kheri,Uttar Pradesh
262908,Kheri,Uttar Pradesh
263001,Nainital,Uttarakhand
263126,Nainital,Uttarakhand
263127,Nainital,Uttarakhand
263128,Nainital,Uttarakhand
263132,Nainital,Uttarakhand
263134,Nainital,Uttarakhand
263135,Nainital,Uttarakhand
263136,Nainital,Uttarakhand
263137,Nainital,Uttarakhand
263138,Nainital,Uttarakhand
263139,Nainital,Uttarakhand
263140,Nainital,Uttarakhand
263141,Nainital,Uttarakhand
263142,Nainital,Uttarakhand
263145,Udam Singh Nagar,Uttarakhand
263148,Udam Singh Nagar,Uttarakhand
263149,Udam Singh Nagar,Uttarakhand
263150,Udam Singh Nagar,Uttarakhand
263151,Udam Singh Nagar,Uttarakhand
263152,Udam Singh Nagar,Uttarakhand
263153,Udam Singh Nagar,Uttarakhand
263156,Nainital,Uttarakhand
263157,Nainital,Uttarakhand
263158,Nainital,Uttarakhand
263159,Nainital,Uttarakhand
263160,Udam Singh Nagar,Uttarakhand
263601,Almora,Uttarakhand
263619,Bageshwar,Uttarakhand
263620,Bageshwar,Uttarakhand
263621,Almora,Uttarakhand
263622,Almora,Uttarakhand
263623,Almora,Uttarakhand
263624,Almora,Uttarakhand
263625,Almora,Uttarakhand
263626,Almora,Uttarakhand
263628,Almora,Uttarakhand
263628,Bageshwar,Uttarakhand
263629,Almora,Uttarakhand
263630,Bageshwar,Uttarakhand
263631,Bageshwar,Uttarakhand
263632,Bageshwar,Uttarakhand
263633,Bageshwar,Uttarakhand
263634,Bageshwar,Uttarakhand
263635,Almora,Uttarakhand
263635,Bageshwar,Uttarakhand
263636,Almora,Uttarakhand
263637,Almora,Uttarakhand
263638,Almora,Uttarakhand
263639,Bageshwar,Uttarakhand
263640,Bageshwar,Uttarakhand
263641,Bageshwar,Uttarakhand
263642,Bageshwar,Uttarakhand
263643,Almora,Uttarakhand
263645,Almora,Uttarakhand
263646,Almora,Uttarakhand
263651,Almora,Uttarakhand
263652,Almora,Uttarakhand
263653,Almora,Uttarakhand
263655,Almora,Uttarakhand
263656,Almora,Uttarakhand
263658,Almora,Uttarakhand
263659,Almora,Uttarakhand
263660,Almora,Uttarakhand
263661,Almora,Uttarakhand
263663,Almora,Uttarakhand
263664,Almora,Uttarakhand
263665,Almora,Uttarakhand
263667,Almora,Uttarakhand
263676,Almora,Uttarakhand
263678,Almora,Uttarakhand
263679,Bageshwar,Uttarakhand
263680,Almora,Uttarakhand
271001,Gonda,Uttar Pradesh
271002,Gonda,Uttar Pradesh
271003,Gonda,Uttar Pradesh
271122,Gonda,Uttar Pradesh
271123,Gonda,Uttar Pradesh
271124,Gonda,Uttar Pradesh
271125,Gonda,Uttar Pradesh
271126,Gonda,Uttar Pradesh
271129,Gonda,Uttar Pradesh
271201,Balrampur,Uttar Pradesh
271201,Shravasti,Uttar Pradesh
271202,Gonda,Uttar Pradesh
271203,Balrampur,Uttar Pradesh
271204,Gonda,Uttar Pradesh
271205,Balrampur,Uttar Pradesh
271206,Balrampur,Uttar Pradesh
271207,Balrampur,Uttar Pradesh
271208,Balrampur,Uttar Pradesh
271209,Gonda,Uttar Pradesh
271210,Balrampur,Uttar Pradesh
271215,Balrampur,Uttar Pradesh
271301,Gonda,Uttar Pradesh
271302,Gonda,Uttar Pradesh
271303,Gonda,Uttar Pradesh
271304,Gonda,Uttar Pradesh
271305,Basti,Uttar Pradesh
271305,Gonda,Uttar Pradesh
271306,Balrampur,Uttar Pradesh
271307,Balrampur,Uttar Pradesh
271307,Gonda,Uttar Pradesh
271308,Gonda,Uttar Pradesh
271309,Gonda,Uttar Pradesh
271310,Gonda,Uttar Pradesh
271311,Gonda,Uttar Pradesh
271312,Gonda,Uttar Pradesh
271313,Gonda,Uttar Pradesh
271319,Gonda,Uttar Pradesh
271401,Gonda,Uttar Pradesh
271402,Gonda,Uttar Pradesh
271403,Gonda,Uttar Pradesh
271502,Gonda,Uttar Pradesh
271503,Gonda,Uttar Pradesh
271504,Gonda,Uttar Pradesh
271601,Gonda,Uttar Pradesh
271602,Gonda,Uttar Pradesh
271603,Gonda,Uttar Pradesh
271604,Balrampur,Uttar Pradesh
271607,Balrampur,Uttar Pradesh
271609,Balrampur,Uttar Pradesh
271801,Bahraich,Uttar Pradesh
271802,Bahraich,Uttar Pradesh
271803,Shravasti,Uttar Pradesh
271804,Shravasti,Uttar Pradesh
271805,Shravasti,Uttar Pradesh
271806,Bahraich,Uttar Pradesh
271821,Bahraich,Uttar Pradesh
271824,Bahraich,Uttar Pradesh
271825,Bahraich,Uttar Pradesh
271830,Bahraich,Uttar Pradesh
271831,Shravasti,Uttar Pradesh
271835,Shravasti,Uttar Pradesh
271840,Shravasti,Uttar Pradesh
271841,Bahraich,Uttar Pradesh
271845,Shravasti,Uttar Pradesh
271851,Bahraich,Uttar Pradesh
271855,Bahraich,Uttar Pradesh
271861,Balrampur,Uttar Pradesh
271865,Bahraich,Uttar Pradesh
271870,Bahraich,Uttar Pradesh
271871,Bahraich,Uttar Pradesh
271872,Bahraich,Uttar Pradesh
271875,Bahraich,Uttar Pradesh
271881,Bahraich,Uttar Pradesh
271882,Bahraich,Uttar Pradesh
271901,Bahraich,Uttar Pradesh
271902,Bahraich,Uttar Pradesh
271903,Bahraich,Uttar Pradesh
271904,Bahraich,Uttar Pradesh
272001,Basti,Uttar Pradesh
272002,Basti,Uttar Pradesh
272123,Basti,Uttar Pradesh
272124,Basti,Uttar Pradesh
272125,Sant Kabeer Nagar,Uttar Pradesh
272126,Sant Kabeer Nagar,Uttar Pradesh
272127,Basti,Uttar Pradesh
272128,Basti,Uttar Pradesh
272129,Basti,Uttar Pradesh
272130,Basti,Uttar Pradesh
272131,Basti,Uttar Pradesh
272148,Basti,Uttar Pradesh
272148,Sant Kabeer Nagar,Uttar Pradesh
272148,Siddharth Nagar,Uttar Pradesh
272150,Basti,Uttar Pradesh
272151,Basti,Uttar Pradesh
272151,Siddharth Nagar,Uttar Pradesh
272152,Sant Kabeer Nagar,Uttar Pradesh
272152,Siddharth Nagar,Uttar Pradesh
272153,Siddharth Nagar,Uttar Pradesh
272154,Sant Kabeer Nagar,Uttar Pradesh
272155,Basti,Uttar Pradesh
272161,Basti,Uttar Pradesh
272162,Sant Kabeer Nagar,Uttar Pradesh
272163,Basti,Uttar Pradesh
272164,Sant Kabeer Nagar,Uttar Pradesh
272165,Sant Kabeer Nagar,Uttar Pradesh
272171,Basti,Uttar Pradesh
272172,Sant Kabeer Nagar,Uttar Pradesh
272173,Sant Kabeer Nagar,Uttar Pradesh
272175,Sant Kabeer Nagar,Uttar Pradesh
272176,Sant Kabeer Nagar,Uttar Pradesh
272177,Basti,Uttar Pradesh
272178,Basti,Uttar Pradesh
272178,Siddharth Nagar,Uttar Pradesh
272181,Basti,Uttar Pradesh
272182,Basti,Uttar Pradesh
272189,Siddharth Nagar,Uttar Pradesh
272190,Basti,Uttar Pradesh
272191,Siddharth Nagar,Uttar Pradesh
272192,Siddharth Nagar,Uttar Pradesh
272193,Siddharth Nagar,Uttar Pradesh
272194,Basti,Uttar Pradesh
272195,Siddharth Nagar,Uttar Pradesh
272199,Sant Kabeer Nagar,Uttar Pradesh
272201,Siddharth Nagar,Uttar Pradesh
272202,Siddharth Nagar,Uttar Pradesh
272203,Siddharth Nagar,Uttar Pradesh
272204,Siddharth Nagar,Uttar Pradesh
272205,Siddharth Nagar,Uttar Pradesh
272206,Siddharth Nagar,Uttar Pradesh
272207,Siddharth Nagar,Uttar Pradesh
272208,Siddharth Nagar,Uttar Pradesh
272270,Sant Kabeer Nagar,Uttar Pradesh
272271,Sant Kabeer Nagar,Uttar Pradesh
272301,Basti,Uttar Pradesh
272302,Basti,Uttar Pradesh
273001,Gorakhpur,Uttar Pradesh
273002,Gorakhpur,Uttar Pradesh
273003,Gorakhpur,Uttar Pradesh
273004,Gorakhpur,Uttar Pradesh
273005,Gorakhpur,Uttar Pradesh
273006,Gorakhpur,Uttar Pradesh
273007,Gorakhpur,Uttar Pradesh
273008,Gorakhpur,Uttar Pradesh
273009,Gorakhpur,Uttar Pradesh
273010,Gorakhpur,Uttar Pradesh
273012,Gorakhpur,Uttar Pradesh
273013,Gorakhpur,Uttar Pradesh
273014,Gorakhpur,Uttar Pradesh
273015,Gorakhpur,Uttar Pradesh
273016,Gorakhpur,Uttar Pradesh
273017,Gorakhpur,Uttar Pradesh
273151,Maharajganj,Uttar Pradesh
273152,Gorakhpur,Uttar Pradesh
273155,Gorakhpur,Uttar Pradesh
273155,Maharajganj,Uttar Pradesh
273157,Maharajganj,Uttar Pradesh
273158,Gorakhpur,Uttar Pradesh
273161,Gorakhpur,Uttar Pradesh
273161,Maharajganj,Uttar Pradesh
273162,Maharajganj,Uttar Pradesh
273163,Maharajganj,Uttar Pradesh
273164,Maharajganj,Uttar Pradesh
273165,Gorakhpur,Uttar Pradesh
273165,Maharajganj,Uttar Pradesh
273201,Gorakhpur,Uttar Pradesh
273202,Gorakhpur,Uttar Pradesh
273203,Gorakhpur,Uttar Pradesh
273207,Maharajganj,Uttar Pradesh
273209,Gorakhpur,Uttar Pradesh
273211,Gorakhpur,Uttar Pradesh
273212,Gorakhpur,Uttar Pradesh
273213,Gorakhpur,Uttar Pradesh
273301,Maharajganj,Uttar Pradesh
273302,Maharajganj,Uttar Pradesh
273303,Maharajganj,Uttar Pradesh
273304,Maharajganj,Uttar Pradesh
273305,Maharajganj,Uttar Pradesh
273306,Gorakhpur,Uttar Pradesh
273306,Maharajganj,Uttar Pradesh
273308,Maharajganj,Uttar Pradesh
273309,Maharajganj,Uttar Pradesh
273310,Maharajganj,Uttar Pradesh
273311,Maharajganj,Uttar Pradesh
273312,Maharajganj,Uttar Pradesh
273401,Gorakhpur,Uttar Pradesh
273402,Gorakhpur,Uttar Pradesh
273403,Gorakhpur,Uttar Pradesh
273404,Gorakhpur,Uttar Pradesh
273405,Gorakhpur,Uttar Pradesh
273406,Gorakhpur,Uttar Pradesh
273407,Gorakhpur,Uttar Pradesh
273408,Gorakhpur,Uttar Pradesh
273409,Gorakhpur,Uttar Pradesh
273411,Gorakhpur,Uttar Pradesh
273412,Gorakhpur,Uttar Pradesh
273413,Deoria,Uttar Pradesh
273413,Gorakhpur,Uttar Pradesh
274001,Deoria,Uttar Pradesh
274149,Kushi Nagar,Uttar Pradesh
274182,Deoria,Uttar Pradesh
274201,Deoria,Uttar Pradesh
274202,Deoria,Uttar Pradesh
274203,Kushi Nagar,Uttar Pradesh
274204,Deoria,Uttar Pradesh
274205,Deoria,Uttar Pradesh
274206,Deoria,Uttar Pradesh
274206,Kushi Nagar,Uttar Pradesh
274207,Kushi Nagar,Uttar Pradesh
274208,Deoria,Uttar Pradesh
274301,Kushi Nagar,Uttar Pradesh
274302,Kushi Nagar,Uttar Pradesh
274303,Kushi Nagar,Uttar Pradesh
274304,Kushi Nagar,Uttar Pradesh
274305,Kushi Nagar,Uttar Pradesh
274306,Kushi Nagar,Uttar Pradesh
274307,Kushi Nagar,Uttar Pradesh
274308,Kushi Nagar,Uttar Pradesh
274309,Kushi Nagar,Uttar Pradesh
274401,Kushi Nagar,Uttar Pradesh
274402,Kushi Nagar,Uttar Pradesh
274403,Kushi Nagar,Uttar Pradesh
274404,Deoria,Uttar Pradesh
274405,Deoria,Uttar Pradesh
274406,Kushi Nagar,Uttar Pradesh
274407,Kushi Nagar,Uttar Pradesh
274408,Deoria,Uttar Pradesh
274409,Kushi Nagar,Uttar Pradesh
274501,Deoria,Uttar Pradesh
274502,Deoria,Uttar Pradesh
274505,Deoria,Uttar Pradesh
274506,Deoria,Uttar Pradesh
274508,Deoria,Uttar Pradesh
274509,Deoria,Uttar Pradesh
274601,Deoria,Uttar Pradesh
274602,Deoria,Uttar Pradesh
274603,Deoria,Uttar Pradesh
274604,Deoria,Uttar Pradesh
274701,Deoria,Uttar Pradesh
274702,Deoria,Uttar Pradesh
274703,Deoria,Uttar Pradesh
274704,Deoria,Uttar Pradesh
274705,Deoria,Uttar Pradesh
274801,Kushi Nagar,Uttar Pradesh
274802,Kushi Nagar,Uttar Pradesh
274806,Deoria,Uttar Pradesh
274807,Deoria,Uttar Pradesh
274808,Deoria,Uttar Pradesh
275101,Mau,Uttar Pradesh
275102,Mau,Uttar Pradesh
275103,Mau,Uttar Pradesh
275105,Mau,Uttar Pradesh
275201,Ghazipur,Uttar Pradesh
275202,Ghazipur,Uttar Pradesh
275203,Ghazipur,Uttar Pradesh
275204,Ghazipur,Uttar Pradesh
275205,Ghazipur,Uttar Pradesh
275301,Mau,Uttar Pradesh
275302,Mau,Uttar Pradesh
275303,Azamgarh,Uttar Pradesh
275303,Mau,Uttar Pradesh
275304,Mau,Uttar Pradesh
275305,Mau,Uttar Pradesh
275306,Mau,Uttar Pradesh
275307,Mau,Uttar Pradesh
276001,Azamgarh,Uttar Pradesh
276121,Azamgarh,Uttar Pradesh
276122,Azamgarh,Uttar Pradesh
276123,Azamgarh,Uttar Pradesh
276124,Azamgarh,Uttar Pradesh
276125,Azamgarh,Uttar Pradesh
276126,Azamgarh,Uttar Pradesh
276127,Azamgarh,Uttar Pradesh
276128,Azamgarh,Uttar Pradesh
276129,Mau,Uttar Pradesh
276131,Azamgarh,Uttar Pradesh
276135,Azamgarh,Uttar Pradesh
276136,Azamgarh,Uttar Pradesh
276137,Azamgarh,Uttar Pradesh
276138,Azamgarh,Uttar Pradesh
276139,Azamgarh,Uttar Pradesh
276140,Azamgarh,Uttar Pradesh
276141,Azamgarh,Uttar Pradesh
276142,Azamgarh,Uttar Pradesh
276143,Azamgarh,Uttar Pradesh
276201,Azamgarh,Uttar Pradesh
276202,Azamgarh,Uttar Pradesh
276203,Azamgarh,Uttar Pradesh
276204,Azamgarh,Uttar Pradesh
276205,Azamgarh,Uttar Pradesh
276206,Azamgarh,Uttar Pradesh
276207,Azamgarh,Uttar Pradesh
276208,Azamgarh,Uttar Pradesh
276288,Azamgarh,Uttar Pradesh
276301,Azamgarh,Uttar Pradesh
276302,Azamgarh,Uttar Pradesh
276303,Azamgarh,Uttar Pradesh
276304,Azamgarh,Uttar Pradesh
276305,Azamgarh,Uttar Pradesh
276306,Gorakhpur,Uttar Pradesh
276306,Mau,Uttar Pradesh
276402,Mau,Uttar Pradesh
276403,Azamgarh,Uttar Pradesh
276403,Mau,Uttar Pradesh
276404,Azamgarh,Uttar Pradesh
276405,Azamgarh,Uttar Pradesh
276405,Mau,Uttar Pradesh
276406,Azamgarh,Uttar Pradesh
276406,Mau,Uttar Pradesh
277001,Ballia,Uttar Pradesh
277121,Ballia,Uttar Pradesh
277123,Ballia,Uttar Pradesh
277124,Ballia,Uttar Pradesh
277201,Ballia,Uttar Pradesh
277202,Ballia,Uttar Pradesh
277203,Ballia,Uttar Pradesh
277204,Ballia,Uttar Pradesh
277205,Ballia,Uttar Pradesh
277207,Ballia,Uttar Pradesh
277208,Ballia,Uttar Pradesh
277209,Ballia,Uttar Pradesh
277210,Ballia,Uttar Pradesh
277211,Ballia,Uttar Pradesh
277213,Ballia,Uttar Pradesh
277214,Ballia,Uttar Pradesh
277216,Ballia,Uttar Pradesh
277219,Ballia,Uttar Pradesh
277301,Ballia,Uttar Pradesh
277302,Ballia,Uttar Pradesh
277303,Ballia,Uttar Pradesh
277304,Ballia,Uttar Pradesh
277401,Ballia,Uttar Pradesh
277402,Ballia,Uttar Pradesh
277403,Ballia,Uttar Pradesh
277501,Ballia,Uttar Pradesh
277502,Ballia,Uttar Pradesh
277503,Ballia,Uttar Pradesh
277504,Ballia,Uttar Pradesh
277506,Ballia,Uttar Pradesh
281001,Mathura,Uttar Pradesh
281003,Mathura,Uttar Pradesh
281004,Mathura,Uttar Pradesh
281005,Mathura,Uttar Pradesh
281006,Mathura,Uttar Pradesh
281104,Etah,Uttar Pradesh
281104,Hathras,Uttar Pradesh
281121,Mathura,Uttar Pradesh
281122,Mathura,Uttar Pradesh
281123,Mathura,Uttar Pradesh
281201,Mathura,Uttar Pradesh
281202,Mathura,Uttar Pradesh
281203,Mathura,Uttar Pradesh
281204,Mathura,Uttar Pradesh
281205,Mathura,Uttar Pradesh
281206,Mathura,Uttar Pradesh
281301,Mathura,Uttar Pradesh
281302,Hathras,Uttar Pradesh
281303,Mathura,Uttar Pradesh
281305,Mathura,Uttar Pradesh
281306,Hathras,Uttar Pradesh
281307,Hathras,Uttar Pradesh
281308,Mathura,Uttar Pradesh
281401,Mathura,Uttar Pradesh
281403,Mathura,Uttar Pradesh
281404,Mathura,Uttar Pradesh
281405,Mathura,Uttar Pradesh
281406,Mathura,Uttar Pradesh
281501,Mathura,Uttar Pradesh
281502,Mathura,Uttar Pradesh
281504,Mathura,Uttar Pradesh
282001,Agra,Uttar Pradesh
282002,Agra,Uttar Pradesh
282003,Agra,Uttar Pradesh
282004,Agra,Uttar Pradesh
282005,Agra,Uttar Pradesh
282006,Agra,Uttar Pradesh
282007,Agra,Uttar Pradesh
282008,Agra,Uttar Pradesh
282009,Agra,Uttar Pradesh
282010,Agra,Uttar Pradesh
283101,Agra,Uttar Pradesh
283102,Agra,Uttar Pradesh
283103,Firozabad,Uttar Pradesh
283104,Agra,Uttar Pradesh
283105,Agra,Uttar Pradesh
283110,Agra,Uttar Pradesh
283111,Agra,Uttar Pradesh
283112,Agra,Uttar Pradesh
283113,Agra,Uttar Pradesh
283114,Agra,Uttar Pradesh
283115,Agra,Uttar Pradesh
283119,Agra,Uttar Pradesh
283121,Agra,Uttar Pradesh
283122,Agra,Uttar Pradesh
283123,Agra,Uttar Pradesh
283124,Agra,Uttar Pradesh
283125,Agra,Uttar Pradesh
283126,Agra,Uttar Pradesh
283130,Firozabad,Uttar Pradesh
283135,Firozabad,Uttar Pradesh
283136,Firozabad,Uttar Pradesh
283141,Firozabad,Uttar Pradesh
283142,Firozabad,Uttar Pradesh
283145,Firozabad,Uttar Pradesh
283151,Firozabad,Uttar Pradesh
283152,Firozabad,Uttar Pradesh
283201,Agra,Uttar Pradesh
283202,Agra,Uttar Pradesh
283203,Aligarh,Uttar Pradesh
283203,Firozabad,Uttar Pradesh
283204,Firozabad,Uttar Pradesh
283205,Firozabad,Uttar Pradesh
283206,Firozabad,Uttar Pradesh
283207,Firozabad,Uttar Pradesh
284001,Jhansi,Uttar Pradesh
284002,Jhansi,Uttar Pradesh
284003,Jhansi,Uttar Pradesh
284120,Jhansi,Uttar Pradesh
284121,Jhansi,Uttar Pradesh
284122,Lalitpur,Uttar Pradesh
284123,Lalitpur,Uttar Pradesh
284124,Lalitpur,Uttar Pradesh
284125,Lalitpur,Uttar Pradesh
284126,Lalitpur,Uttar Pradesh
284127,Jhansi,Uttar Pradesh
284128,Jhansi,Uttar Pradesh
284135,Jhansi,Uttar Pradesh
284136,Lalitpur,Uttar Pradesh
284201,Jhansi,Uttar Pradesh
284202,Jhansi,Uttar Pradesh
284203,Jhansi,Uttar Pradesh
284204,Jhansi,Uttar Pradesh
284205,Jhansi,Uttar Pradesh
284206,Jhansi,Uttar Pradesh
284301,Jhansi,Uttar Pradesh
284302,Jhansi,Uttar Pradesh
284303,Jhansi,Uttar Pradesh
284304,Jhansi,Uttar Pradesh
284305,Jhansi,Uttar Pradesh
284306,Jhansi,Uttar Pradesh
284401,Jhansi,Uttar Pradesh
284402,Lalitpur,Uttar Pradesh
284403,Lalitpur,Uttar Pradesh
284404,Lalitpur,Uttar Pradesh
284405,Lalitpur,Uttar Pradesh
284406,Lalitpur,Uttar Pradesh
284419,Jhansi,Uttar Pradesh
284501,Lalitpur,Uttar Pradesh
285001,Aligarh,Uttar Pradesh
285001,Jalaun,Uttar Pradesh
285121,Jalaun,Uttar Pradesh
285122,Jalaun,Uttar Pradesh
285123,Jalaun,Uttar Pradesh
285124,Jalaun,Uttar Pradesh
285125,Jalaun,Uttar Pradesh
285126,Jalaun,Uttar Pradesh
285127,Jalaun,Uttar Pradesh
285128,Jalaun,Uttar Pradesh
285129,Jalaun,Uttar Pradesh
285130,Jalaun,Uttar Pradesh
285201,Jalaun,Uttar Pradesh
285202,Jalaun,Uttar Pradesh
285203,Hamirpur,Uttar Pradesh
285203,Jalaun,Uttar Pradesh
285204,Jalaun,Uttar Pradesh
285205,Jalaun,Uttar Pradesh
285205,Jhansi,Uttar Pradesh
285206,Jalaun,Uttar Pradesh
285223,Jalaun,Uttar Pradesh
301001,Alwar,Rajasthan
301018,Alwar,Rajasthan
301019,Alwar,Rajasthan
301020,Alwar,Rajasthan
301021,Alwar,Rajasthan
301022,Alwar,Rajasthan
301023,Alwar,Rajasthan
301024,Alwar,Rajasthan
301025,Alwar,Rajasthan
301026,Alwar,Rajasthan
301027,Alwar,Rajasthan
301027,Nagaur,Rajasthan
301028,Alwar,Rajasthan
301030,Alwar,Rajasthan
301035,Alwar,Rajasthan
301401,Alwar,Rajasthan
301402,Alwar,Rajasthan
301403,Alwar,Rajasthan
301404,Alwar,Rajasthan
301405,Alwar,Rajasthan
301406,Alwar,Rajasthan
301407,Alwar,Rajasthan
301408,Alwar,Rajasthan
301409,Alwar,Rajasthan
301410,Alwar,Rajasthan
301411,Alwar,Rajasthan
301412,Alwar,Rajasthan
301413,Alwar,Rajasthan
301414,Alwar,Rajasthan
301415,Alwar,Rajasthan
301416,Alwar,Rajasthan
301427,Alwar,Rajasthan
301604,Alwar,Rajasthan
301701,Alwar,Rajasthan
301702,Alwar,Rajasthan
301703,Alwar,Rajasthan
301704,Alwar,Rajasthan
301705,Alwar,Rajasthan
301706,Alwar,Rajasthan
301707,Alwar,Rajasthan
301708,Alwar,Rajasthan
301709,Alwar,Rajasthan
301713,Alwar,Rajasthan
301714,Alwar,Rajasthan
302001,Jaipur,Rajasthan
302002,Jaipur,Rajasthan
302003,Jaipur,Rajasthan
302004,Jaipur,Rajasthan
302005,Jaipur,Rajasthan
302006,Jaipur,Rajasthan
302012,Jaipur,Rajasthan
302013,Jaipur,Rajasthan
302015,Jaipur,Rajasthan
302016,Jaipur,Rajasthan
302017,Jaipur,Rajasthan
302018,Jaipur,Rajasthan
302019,Jaipur,Rajasthan
302020,Jaipur,Rajasthan
302021,Jaipur,Rajasthan
302022,Jaipur,Rajasthan
302026,Jaipur,Rajasthan
302027,Jaipur,Rajasthan
302028,Jaipur,Rajasthan
302029,Jaipur,Rajasthan
302031,Jaipur,Rajasthan
302033,Jaipur,Rajasthan
302034,Jaipur,Rajasthan
302037,Jaipur,Rajasthan
302038,Jaipur,Rajasthan
302039,Jaipur,Rajasthan
302041,Jaipur,Rajasthan
302042,Jaipur,Rajasthan
302044,Jaipur,Rajasthan
302046,Jaipur,Rajasthan
302047,Jaipur,Rajasthan
302048,Jaipur,Rajasthan
302049,Jaipur,Rajasthan
303001,Jaipur,Rajasthan
303002,Jaipur,Rajasthan
303003,Jaipur,Rajasthan
303004,Dausa,Rajasthan
303005,Jaipur,Rajasthan
303006,Jaipur,Rajasthan
303007,Jaipur,Rajasthan
303008,Jaipur,Rajasthan
303009,Jaipur,Rajasthan
303012,Jaipur,Rajasthan
303102,Jaipur,Rajasthan
303103,Jaipur,Rajasthan
303104,Jaipur,Rajasthan
303105,Jaipur,Rajasthan
303106,Jaipur,Rajasthan
303107,Jaipur,Rajasthan
303108,Jaipur,Rajasthan
303109,Jaipur,Rajasthan
303110,Jaipur,Rajasthan
303119,Jaipur,Rajasthan
303120,Jaipur,Rajasthan
303121,Jaipur,Rajasthan
303122,Jaipur,Rajasthan
303123,Jaipur,Rajasthan
303124,Jaipur,Rajasthan
303301,Jaipur,Rajasthan
303302,Dausa,Rajasthan
303303,Dausa,Rajasthan
303304,Dausa,Rajasthan
303305,Jaipur,Rajasthan
303313,Dausa,Rajasthan
303315,Dausa,Rajasthan
303323,Dausa,Rajasthan
303325,Dausa,Rajasthan
303326,Dausa,Rajasthan
303327,Dausa,Rajasthan
303328,Jaipur,Rajasthan
303329,Jaipur,Rajasthan
303338,Jaipur,Rajasthan
303348,Jaipur,Rajasthan
303501,Dausa,Rajasthan
303502,Dausa,Rajasthan
303503,Dausa,Rajasthan
303504,Dausa,Rajasthan
303505,Dausa,Rajasthan
303506,Dausa,Rajasthan
303507,Dausa,Rajasthan
303508,Dausa,Rajasthan
303509,Dausa,Rajasthan
303510,Dausa,Rajasthan
303511,Dausa,Rajasthan
303601,Jaipur,Rajasthan
303602,Jaipur,Rajasthan
303603,Jaipur,Rajasthan
303604,Jaipur,Rajasthan
303701,Jaipur,Rajasthan
303702,Jaipur,Rajasthan
303704,Jaipur,Rajasthan
303706,Jaipur,Rajasthan
303712,Jaipur,Rajasthan
303801,Jaipur,Rajasthan
303803,Jaipur,Rajasthan
303804,Jaipur,Rajasthan
303805,Jaipur,Rajasthan
303806,Jaipur,Rajasthan
303807,Jaipur,Rajasthan
303901,Jaipur,Rajasthan
303903,Jaipur,Rajasthan
303904,Jaipur,Rajasthan
303905,Jaipur,Rajasthan
303908,Jaipur,Rajasthan
304001,Tonk,Rajasthan
304021,Tonk,Rajasthan
304022,Tonk,Rajasthan
304023,Tonk,Rajasthan
304024,Tonk,Rajasthan
304025,Tonk,Rajasthan
304026,Tonk,Rajasthan
304501,Tonk,Rajasthan
304502,Tonk,Rajasthan
304503,Tonk,Rajasthan
304504,Tonk,Rajasthan
304505,Tonk,Rajasthan
304507,Tonk,Rajasthan
304801,Tonk,Rajasthan
304802,Tonk,Rajasthan
304803,Tonk,Rajasthan
304804,Tonk,Rajasthan
305001,Ajmer,Rajasthan
305002,Ajmer,Rajasthan
305003,Ajmer,Rajasthan
305004,Ajmer,Rajasthan
305005,Ajmer,Rajasthan
305006,Ajmer,Rajasthan
305007,Ajmer,Rajasthan
305009,Ajmer,Rajasthan
305012,Ajmer,Rajasthan
305021,Ajmer,Rajasthan
305022,Ajmer,Rajasthan
305023,Ajmer,Rajasthan
305024,Ajmer,Rajasthan
305025,Ajmer,Rajasthan
305026,Nagaur,Rajasthan
305201,Ajmer,Rajasthan
305202,Ajmer,Rajasthan
305203,Ajmer,Rajasthan
305204,Ajmer,Rajasthan
305205,Ajmer,Rajasthan
305206,Ajmer,Rajasthan
305207,Ajmer,Rajasthan
305401,Ajmer,Rajasthan
305402,Ajmer,Rajasthan
305402,Mulugu,Telangana
305403,Ajmer,Rajasthan
305404,Ajmer,Rajasthan
305405,Ajmer,Rajasthan
305406,Ajmer,Rajasthan
305407,Ajmer,Rajasthan
305408,Ajmer,Rajasthan
305412,Ajmer,Rajasthan
305415,Ajmer,Rajasthan
305601,Ajmer,Rajasthan
305621,Ajmer,Rajasthan
305622,Ajmer,Rajasthan
305623,Ajmer,Rajasthan
305624,Ajmer,Rajasthan
305625,Ajmer,Rajasthan
305625,Bhilwara,Rajasthan
305627,Ajmer,Rajasthan
305628,Ajmer,Rajasthan
305629,Ajmer,Rajasthan
305630,Ajmer,Rajasthan
305631,Ajmer,Rajasthan
305801,Ajmer,Rajasthan
305802,Ajmer,Rajasthan
305811,Ajmer,Rajasthan
305812,Ajmer,Rajasthan
305813,Ajmer,Rajasthan
305814,Ajmer,Rajasthan
305815,Ajmer,Rajasthan
305816,Ajmer,Rajasthan
305817,Ajmer,Rajasthan
305819,Ajmer,Rajasthan
305901,Ajmer,Rajasthan
305901,Rajsamand,Rajasthan
305921,Rajsamand,Rajasthan
305922,Ajmer,Rajasthan
305922,Rajsamand,Rajasthan
305923,Ajmer,Rajasthan
305924,Ajmer,Rajasthan
305925,Ajmer,Rajasthan
305925,Rajsamand,Rajasthan
305926,Ajmer,Rajasthan
305927,Ajmer,Rajasthan
306001,Pali,Rajasthan
306021,Pali,Rajasthan
306022,Pali,Rajasthan
306023,Pali,Rajasthan
306101,Pali,Rajasthan
306102,Pali,Rajasthan
306103,Pali,Rajasthan
306104,Pali,Rajasthan
306105,Pali,Rajasthan
306114,Pali,Rajasthan
306115,Pali,Rajasthan
306116,Pali,Rajasthan
306119,Pali,Rajasthan
306126,Pali,Rajasthan
306301,Pali,Rajasthan
306302,Pali,Rajasthan
306303,Pali,Rajasthan
306304,Pali,Rajasthan
306305,Pali,Rajasthan
306306,Pali,Rajasthan
306307,Pali,Rajasthan
306308,Pali,Rajasthan
306401,Pali,Rajasthan
306421,Pali,Rajasthan
306422,Pali,Rajasthan
306501,Pali,Rajasthan
306502,Pali,Rajasthan
306503,Pali,Rajasthan
306504,Pali,Rajasthan
306601,Pali,Rajasthan
306602,Pali,Rajasthan
306603,Pali,Rajasthan
306604,Pali,Rajasthan
306701,Pali,Rajasthan
306702,Pali,Rajasthan
306703,Pali,Rajasthan
306704,Pali,Rajasthan
306705,Pali,Rajasthan
306706,Pali,Rajasthan
306707,Pali,Rajasthan
306708,Pali,Rajasthan
306709,Pali,Rajasthan
306901,Pali,Rajasthan
306902,Pali,Rajasthan
306912,Pali,Rajasthan
307001,Sirohi,Rajasthan
307019,Sirohi,Rajasthan
307022,Sirohi,Rajasthan
307023,Sirohi,Rajasthan
307024,Sirohi,Rajasthan
307025,Udaipur,Rajasthan
307026,Sirohi,Rajasthan
307027,Sirohi,Rajasthan
307028,Sirohi,Rajasthan
307029,Jalore,Rajasthan
307030,Jalore,Rajasthan
307031,Sirohi,Rajasthan
307032,Sirohi,Rajasthan
307043,Sirohi,Rajasthan
307501,Sirohi,Rajasthan
307510,Sirohi,Rajasthan
307511,Sirohi,Rajasthan
307512,Sirohi,Rajasthan
307513,Sirohi,Rajasthan
307514,Sirohi,Rajasthan
307515,Jalore,Rajasthan
307801,Sirohi,Rajasthan
307802,Sirohi,Rajasthan
307803,Jalore,Rajasthan
311001,Bhilwara,Rajasthan
311011,Bhilwara,Rajasthan
311021,Bhilwara,Rajasthan
311022,Bhilwara,Rajasthan
311023,Bhilwara,Rajasthan
311024,Bhilwara,Rajasthan
311025,Bhilwara,Rajasthan
311026,Bhilwara,Rajasthan
311030,Bhilwara,Rajasthan
311201,Bhilwara,Rajasthan
311202,Bhilwara,Rajasthan
311203,Bhilwara,Rajasthan
311204,Bhilwara,Rajasthan
311301,Bhilwara,Rajasthan
311302,Bhilwara,Rajasthan
311302,Rajsamand,Rajasthan
311401,Bhilwara,Rajasthan
311402,Bhilwara,Rajasthan
311403,Bhilwara,Rajasthan
311404,Bhilwara,Rajasthan
311407,Bhilwara,Rajasthan
311408,Bhilwara,Rajasthan
311601,Bhilwara,Rajasthan
311601,Mulugu,Telangana
311602,Bhilwara,Rajasthan
311603,Bhilwara,Rajasthan
311604,Bhilwara,Rajasthan
311605,Bhilwara,Rajasthan
311606,Bhilwara,Rajasthan
311801,Bhilwara,Rajasthan
311802,Bhilwara,Rajasthan
311803,Bhilwara,Rajasthan
311804,Bhilwara,Rajasthan
311805,Bhilwara,Rajasthan
311806,Bhilwara,Rajasthan
312001,Chittorgarh,Rajasthan
312021,Chittorgarh,Rajasthan
312022,Chittorgarh,Rajasthan
312023,Chittorgarh,Rajasthan
312024,Chittorgarh,Rajasthan
312025,Chittorgarh,Rajasthan
312027,Chittorgarh,Rajasthan
312201,Chittorgarh,Rajasthan
312202,Chittorgarh,Rajasthan
312203,Chittorgarh,Rajasthan
312204,Chittorgarh,Rajasthan
312205,Chittorgarh,Rajasthan
312206,Chittorgarh,Rajasthan
312207,Chittorgarh,Rajasthan
312401,Chittorgarh,Rajasthan
312402,Chittorgarh,Rajasthan
312403,Chittorgarh,Rajasthan
312404,Chittorgarh,Rajasthan
312601,Chittorgarh,Rajasthan
312602,Chittorgarh,Rajasthan
312603,Chittorgarh,Rajasthan
312604,Pratapgarh,Rajasthan
312605,Pratapgarh,Rajasthan
312606,Chittorgarh,Rajasthan
312612,Chittorgarh,Rajasthan
312613,Chittorgarh,Rajasthan
312614,Chittorgarh,Rajasthan
312615,Pratapgarh,Rajasthan
312616,Pratapgarh,Rajasthan
312617,Chittorgarh,Rajasthan
312619,Pratapgarh,Rajasthan
312620,Chittorgarh,Rajasthan
312622,Chittorgarh,Rajasthan
312623,Pratapgarh,Rajasthan
312624,Pratapgarh,Rajasthan
312625,Pratapgarh,Rajasthan
312626,Pratapgarh,Rajasthan
312627,Chittorgarh,Rajasthan
312628,Chittorgarh,Rajasthan
312628,Pratapgarh,Rajasthan
312629,Chittorgarh,Rajasthan
312901,Chittorgarh,Rajasthan
313001,Udaipur,Rajasthan
313002,Udaipur,Rajasthan
313003,Udaipur,Rajasthan
313004,Udaipur,Rajasthan
313011,Rajsamand,Rajasthan
313011,Udaipur,Rajasthan
313022,Udaipur,Rajasthan
313024,Udaipur,Rajasthan
313026,Udaipur,Rajasthan
313027,Udaipur,Rajasthan
313031,Udaipur,Rajasthan
313038,Udaipur,Rajasthan
313201,Udaipur,Rajasthan
313202,Rajsamand,Rajasthan
313202,Udaipur,Rajasthan
313203,Udaipur,Rajasthan
313204,Rajsamand,Rajasthan
313204,Udaipur,Rajasthan
313205,Udaipur,Rajasthan
313206,Rajsamand,Rajasthan
313206,Udaipur,Rajasthan
313207,Rajsamand,Rajasthan
313211,Rajsamand,Rajasthan
313301,Rajsamand,Rajasthan
313321,Rajsamand,Rajasthan
313322,Rajsamand,Rajasthan
313322,Udaipur,Rajasthan
313323,Rajsamand,Rajasthan
313324,Rajsamand,Rajasthan
313325,Rajsamand,Rajasthan
313327,Rajsamand,Rajasthan
313328,Rajsamand,Rajasthan
313329,Rajsamand,Rajasthan
313330,Rajsamand,Rajasthan
313331,Rajsamand,Rajasthan
313332,Rajsamand,Rajasthan
313333,Rajsamand,Rajasthan
313334,Rajsamand,Rajasthan
313341,Rajsamand,Rajasthan
313342,Rajsamand,Rajasthan
313601,Udaipur,Rajasthan
313602,Udaipur,Rajasthan
313603,Udaipur,Rajasthan
313604,Udaipur,Rajasthan
313701,Udaipur,Rajasthan
313702,Udaipur,Rajasthan
313703,Udaipur,Rajasthan
313704,Udaipur,Rajasthan
313705,Udaipur,Rajasthan
313706,Udaipur,Rajasthan
313708,Udaipur,Rajasthan
313801,Udaipur,Rajasthan
313802,Udaipur,Rajasthan
313803,Udaipur,Rajasthan
313804,Udaipur,Rajasthan
313805,Udaipur,Rajasthan
313806,Udaipur,Rajasthan
313901,Udaipur,Rajasthan
313902,Udaipur,Rajasthan
313903,Udaipur,Rajasthan
313904,Udaipur,Rajasthan
313905,Udaipur,Rajasthan
313906,Udaipur,Rajasthan
314001,Dungarpur,Rajasthan
314001,Nagaur,Rajasthan
314011,Dungarpur,Rajasthan
314021,Dungarpur,Rajasthan
314022,Dungarpur,Rajasthan
314023,Dungarpur,Rajasthan
314024,Dungarpur,Rajasthan
314025,Dungarpur,Rajasthan
314026,Dungarpur,Rajasthan
314027,Dungarpur,Rajasthan
314028,Dungarpur,Rajasthan
314029,Dungarpur,Rajasthan
314030,Dungarpur,Rajasthan
314031,Dungarpur,Rajasthan
314032,Dungarpur,Rajasthan
314034,Dungarpur,Rajasthan
314035,Dungarpur,Rajasthan
314036,Dungarpur,Rajasthan
314037,Dungarpur,Rajasthan
314038,Dungarpur,Rajasthan
314401,Dungarpur,Rajasthan
314402,Dungarpur,Rajasthan
314403,Dungarpur,Rajasthan
314404,Dungarpur,Rajasthan
314406,Dungarpur,Rajasthan
314801,Dungarpur,Rajasthan
314804,Dungarpur,Rajasthan
321001,Bharatpur,Rajasthan
321021,Bharatpur,Rajasthan
321022,Bharatpur,Rajasthan
321023,Bharatpur,Rajasthan
321024,Bharatpur,Rajasthan
321025,Bharatpur,Rajasthan
321026,Bharatpur,Rajasthan
321028,Bharatpur,Rajasthan
321201,Bharatpur,Rajasthan
321202,Bharatpur,Rajasthan
321203,Bharatpur,Rajasthan
321204,Bharatpur,Rajasthan
321205,Bharatpur,Rajasthan
321206,Bharatpur,Rajasthan
321301,Bharatpur,Rajasthan
321302,Bharatpur,Rajasthan
321303,Bharatpur,Rajasthan
321401,Bharatpur,Rajasthan
321402,Bharatpur,Rajasthan
321403,Bharatpur,Rajasthan
321404,Bharatpur,Rajasthan
321405,Bharatpur,Rajasthan
321406,Bharatpur,Rajasthan
321407,Bharatpur,Rajasthan
321408,Bharatpur,Rajasthan
321409,Bharatpur,Rajasthan
321410,Bharatpur,Rajasthan
321411,Bharatpur,Rajasthan
321601,Bharatpur,Rajasthan
321602,Bharatpur,Rajasthan
321605,Alwar,Rajasthan
321606,Alwar,Rajasthan
321607,Alwar,Rajasthan
321608,Dausa,Rajasthan
321609,Dausa,Rajasthan
321610,Dausa,Rajasthan
321610,Karauli,Rajasthan
321611,Karauli,Rajasthan
321612,Dausa,Rajasthan
321613,Dausa,Rajasthan
321614,Bharatpur,Rajasthan
321615,Bharatpur,Rajasthan
321633,Alwar,Rajasthan
321642,Bharatpur,Rajasthan
322001,Sawai Madhopur,Rajasthan
322021,Sawai Madhopur,Rajasthan
322023,Sawai Madhopur,Rajasthan
322024,Sawai Madhopur,Rajasthan
322025,Sawai Madhopur,Rajasthan
322026,Sawai Madhopur,Rajasthan
322027,Sawai Madhopur,Rajasthan
322028,Sawai Madhopur,Rajasthan
322029,Sawai Madhopur,Rajasthan
322030,Sawai Madhopur,Rajasthan
322033,Karauli,Rajasthan
322033,Sawai Madhopur,Rajasthan
322034,Sawai Madhopur,Rajasthan
322201,Sawai Madhopur,Rajasthan
322202,Karauli,Rajasthan
322202,Sawai Madhopur,Rajasthan
322203,Karauli,Rajasthan
322203,Sawai Madhopur,Rajasthan
322204,Karauli,Rajasthan
322204,Sawai Madhopur,Rajasthan
322205,Sawai Madhopur,Rajasthan
322211,Sawai Madhopur,Rajasthan
322212,Karauli,Rajasthan
322212,Sawai Madhopur,Rajasthan
322213,Karauli,Rajasthan
322214,Sawai Madhopur,Rajasthan
322215,Karauli,Rajasthan
322215,Sawai Madhopur,Rajasthan
322216,Karauli,Rajasthan
322218,Karauli,Rajasthan
322219,Karauli,Rajasthan
322219,Sawai Madhopur,Rajasthan
322220,Karauli,Rajasthan
322230,Karauli,Rajasthan
322234,Karauli,Rajasthan
322236,Karauli,Rajasthan
322238,Karauli,Rajasthan
322240,Dausa,Rajasthan
322241,Karauli,Rajasthan
322242,Karauli,Rajasthan
322243,Karauli,Rajasthan
322249,Karauli,Rajasthan
322251,Karauli,Rajasthan
322252,Karauli,Rajasthan
322254,Karauli,Rajasthan
322255,Karauli,Rajasthan
322701,Sawai Madhopur,Rajasthan
322702,Sawai Madhopur,Rajasthan
322703,Sawai Madhopur,Rajasthan
322704,Sawai Madhopur,Rajasthan
323001,Bundi,Rajasthan
323021,Bundi,Rajasthan
323022,Bundi,Rajasthan
323023,Bundi,Rajasthan
323024,Bundi,Rajasthan
323025,Bundi,Rajasthan
323026,Bundi,Rajasthan
323301,Bundi,Rajasthan
323303,Chittorgarh,Rajasthan
323304,Chittorgarh,Rajasthan
323305,Chittorgarh,Rajasthan
323307,Chittorgarh,Rajasthan
323601,Bundi,Rajasthan
323602,Bundi,Rajasthan
323603,Bundi,Rajasthan
323613,Bundi,Rajasthan
323614,Bundi,Rajasthan
323615,Bundi,Rajasthan
323616,Bundi,Rajasthan
323801,Bundi,Rajasthan
323802,Bundi,Rajasthan
323803,Bundi,Rajasthan
324001,Kota,Rajasthan
324002,Kota,Rajasthan
324003,Kota,Rajasthan
324004,Kota,Rajasthan
324005,Kota,Rajasthan
324006,Kota,Rajasthan
324007,Kota,Rajasthan
324008,Kota,Rajasthan
324009,Kota,Rajasthan
324010,Kota,Rajasthan
325001,Kota,Rajasthan
325003,Kota,Rajasthan
325004,Kota,Rajasthan
325009,Kota,Rajasthan
325201,Kota,Rajasthan
325202,Baran,Rajasthan
325203,Kota,Rajasthan
325204,Kota,Rajasthan
325205,Baran,Rajasthan
325206,Baran,Rajasthan
325207,Baran,Rajasthan
325207,Kota,Rajasthan
325208,Kota,Rajasthan
325209,Baran,Rajasthan
325214,Kota,Rajasthan
325215,Baran,Rajasthan
325216,Baran,Rajasthan
325217,Baran,Rajasthan
325218,Baran,Rajasthan
325219,Baran,Rajasthan
325220,Baran,Rajasthan
325221,Baran,Rajasthan
325222,Baran,Rajasthan
325223,Baran,Rajasthan
325224,Baran,Rajasthan
325601,Kota,Rajasthan
325602,Kota,Rajasthan
326001,Jhalawar,Rajasthan
326021,Jhalawar,Rajasthan
326022,Jhalawar,Rajasthan
326023,Jhalawar,Rajasthan
326033,Jhalawar,Rajasthan
326034,Jhalawar,Rajasthan
326035,Jhalawar,Rajasthan
326036,Jhalawar,Rajasthan
326037,Jhalawar,Rajasthan
326038,Jhalawar,Rajasthan
326039,Jhalawar,Rajasthan
326501,Jhalawar,Rajasthan
326502,Jhalawar,Rajasthan
326512,Jhalawar,Rajasthan
326513,Jhalawar,Rajasthan
326514,Jhalawar,Rajasthan
326515,Jhalawar,Rajasthan
326516,Jhalawar,Rajasthan
326517,Kota,Rajasthan
326518,Kota,Rajasthan
326519,Kota,Rajasthan
326520,Kota,Rajasthan
326529,Kota,Rajasthan
326530,Kota,Rajasthan
327001,Banswara,Rajasthan
327021,Banswara,Rajasthan
327022,Banswara,Rajasthan
327023,Banswara,Rajasthan
327024,Banswara,Rajasthan
327025,Banswara,Rajasthan
327026,Banswara,Rajasthan
327027,Banswara,Rajasthan
327031,Banswara,Rajasthan
327032,Banswara,Rajasthan
327034,Banswara,Rajasthan
327601,Banswara,Rajasthan
327602,Banswara,Rajasthan
327603,Banswara,Rajasthan
327604,Banswara,Rajasthan
327605,Banswara,Rajasthan
327606,Banswara,Rajasthan
327801,Banswara,Rajasthan
328001,Dholpur,Rajasthan
328021,Dholpur,Rajasthan
328022,Dholpur,Rajasthan
328023,Dholpur,Rajasthan
328024,Dholpur,Rajasthan
328025,Dholpur,Rajasthan
328026,Dholpur,Rajasthan
328027,Dholpur,Rajasthan
328028,Dholpur,Rajasthan
328029,Dholpur,Rajasthan
328030,Dholpur,Rajasthan
328031,Dholpur,Rajasthan
328041,Dholpur,Rajasthan
331001,Churu,Rajasthan
331021,Churu,Rajasthan
331022,Churu,Rajasthan
331023,Churu,Rajasthan
331024,Sikar,Rajasthan
331025,Jhunjhunu,Rajasthan
331026,Jhunjhunu,Rajasthan
331027,Jhunjhunu,Rajasthan
331028,Jhunjhunu,Rajasthan
331029,Churu,Rajasthan
331031,Churu,Rajasthan
331301,Churu,Rajasthan
331302,Churu,Rajasthan
331303,Churu,Rajasthan
331304,Churu,Rajasthan
331305,Churu,Rajasthan
331402,Churu,Rajasthan
331403,Churu,Rajasthan
331411,Churu,Rajasthan
331501,Churu,Rajasthan
331502,Churu,Rajasthan
331503,Churu,Rajasthan
331504,Churu,Rajasthan
331505,Churu,Rajasthan
331506,Churu,Rajasthan
331507,Churu,Rajasthan
331517,Churu,Rajasthan
331518,Churu,Rajasthan
331701,Churu,Rajasthan
331801,Bikaner,Rajasthan
331802,Churu,Rajasthan
331803,Bikaner,Rajasthan
331811,Bikaner,Rajasthan
332001,Sikar,Rajasthan
332002,Sikar,Rajasthan
332003,Sikar,Rajasthan
332021,Sikar,Rajasthan
332023,Sikar,Rajasthan
332024,Sikar,Rajasthan
332025,Sikar,Rajasthan
332026,Sikar,Rajasthan
332027,Sikar,Rajasthan
332028,Mulugu,Telangana
332028,Sikar,Rajasthan
332029,Sikar,Rajasthan
332030,Sikar,Rajasthan
332031,Sikar,Rajasthan
332041,Sikar,Rajasthan
332042,Sikar,Rajasthan
332301,Sikar,Rajasthan
332302,Sikar,Rajasthan
332303,Sikar,Rajasthan
332304,Sikar,Rajasthan
332305,Sikar,Rajasthan
332307,Sikar,Rajasthan
332311,Sikar,Rajasthan
332312,Sikar,Rajasthan
332315,Sikar,Rajasthan
332316,Sikar,Rajasthan
332317,Sikar,Rajasthan
332318,Sikar,Rajasthan
332401,Sikar,Rajasthan
332402,Sikar,Rajasthan
332403,Sikar,Rajasthan
332404,Sikar,Rajasthan
332405,Sikar,Rajasthan
332406,Sikar,Rajasthan
332411,Sikar,Rajasthan
332601,Sikar,Rajasthan
332602,Sikar,Rajasthan
332603,Sikar,Rajasthan
332701,Sikar,Rajasthan
332702,Sikar,Rajasthan
332703,Sikar,Rajasthan
332705,Sikar,Rajasthan
332706,Sikar,Rajasthan
332707,Sikar,Rajasthan
332708,Sikar,Rajasthan
332709,Sikar,Rajasthan
332710,Sikar,Rajasthan
332711,Sikar,Rajasthan
332712,Sikar,Rajasthan
332713,Sikar,Rajasthan
332714,Sikar,Rajasthan
332715,Sikar,Rajasthan
332716,Jhunjhunu,Rajasthan
332718,Sikar,Rajasthan
332719,Sikar,Rajasthan
332721,Sikar,Rajasthan
332722,Sikar,Rajasthan
332742,Sikar,Rajasthan
332746,Jhunjhunu,Rajasthan
333001,Jhunjhunu,Rajasthan
333010,Jhunjhunu,Rajasthan
333011,Jhunjhunu,Rajasthan
333012,Jhunjhunu,Rajasthan
333020,Jhunjhunu,Rajasthan
333021,Jhunjhunu,Rajasthan
333022,Jhunjhunu,Rajasthan
333022,Mulugu,Telangana
333023,Jhunjhunu,Rajasthan
333024,Jhunjhunu,Rajasthan
333025,Jhunjhunu,Rajasthan
333026,Jhunjhunu,Rajasthan
333027,Jhunjhunu,Rajasthan
333028,Jhunjhunu,Rajasthan
333029,Jhunjhunu,Rajasthan
333030,Jhunjhunu,Rajasthan
333031,Jhunjhunu,Rajasthan
333032,Jhunjhunu,Rajasthan
333033,Jhunjhunu,Rajasthan
333034,Jhunjhunu,Rajasthan
333035,Jhunjhunu,Rajasthan
333036,Jhunjhunu,Rajasthan
333041,Jhunjhunu,Rajasthan
333042,Jhunjhunu,Rajasthan
333053,Jhunjhunu,Rajasthan
333055,Jhunjhunu,Rajasthan
333302,Jhunjhunu,Rajasthan
333303,Jhunjhunu,Rajasthan
333304,Jhunjhunu,Rajasthan
333305,Jhunjhunu,Rajasthan
333307,Jhunjhunu,Rajasthan
333308,Jhunjhunu,Rajasthan
333501,Jhunjhunu,Rajasthan
333502,Jhunjhunu,Rajasthan
333503,Jhunjhunu,Rajasthan
333504,Jhunjhunu,Rajasthan
333514,Jhunjhunu,Rajasthan
333515,Jhunjhunu,Rajasthan
333516,Jhunjhunu,Rajasthan
333517,Jhunjhunu,Rajasthan
333701,Jhunjhunu,Rajasthan
333702,Jhunjhunu,Rajasthan
333704,Jhunjhunu,Rajasthan
333705,Jhunjhunu,Rajasthan
333707,Jhunjhunu,Rajasthan
333801,Jhunjhunu,Rajasthan
334001,Bikaner,Rajasthan
334002,Raipur,Chhattisgarh
334003,Bikaner,Rajasthan
334004,Bikaner,Rajasthan
334006,Bikaner,Rajasthan
334021,Bikaner,Rajasthan
334022,Bikaner,Rajasthan
334023,Bikaner,Rajasthan
334024,Bikaner,Rajasthan
334025,Bikaner,Rajasthan
334201,Bikaner,Rajasthan
334202,Bikaner,Rajasthan
334302,Bikaner,Rajasthan
334303,Bikaner,Rajasthan
334305,Bikaner,Rajasthan
334401,Bikaner,Rajasthan
334402,Bikaner,Rajasthan
334403,Bikaner,Rajasthan
334601,Bikaner,Rajasthan
334602,Bikaner,Rajasthan
334603,Bikaner,Rajasthan
334604,Bikaner,Rajasthan
334801,Bikaner,Rajasthan
334802,Bikaner,Rajasthan
334803,Bikaner,Rajasthan
334804,Bikaner,Rajasthan
334808,Bikaner,Rajasthan
335001,Ganganagar,Rajasthan
335002,Ganganagar,Rajasthan
335021,Ganganagar,Rajasthan
335022,Ganganagar,Rajasthan
335024,Ganganagar,Rajasthan
335025,Ganganagar,Rajasthan
335027,Ganganagar,Rajasthan
335037,Ganganagar,Rajasthan
335038,Ganganagar,Rajasthan
335039,Ganganagar,Rajasthan
335040,Ganganagar,Rajasthan
335041,Ganganagar,Rajasthan
335042,Ganganagar,Rajasthan
335051,Ganganagar,Rajasthan
335061,Ganganagar,Rajasthan
335062,Ganganagar,Rajasthan
335062,Hanumangarh,Rajasthan
335063,Hanumangarh,Rajasthan
335064,Hanumangarh,Rajasthan
335065,Hanumangarh,Rajasthan
335073,Ganganagar,Rajasthan
335501,Hanumangarh,Rajasthan
335502,Hanumangarh,Rajasthan
335503,Hanumangarh,Rajasthan
335504,Hanumangarh,Rajasthan
335511,Hanumangarh,Rajasthan
335512,Hanumangarh,Rajasthan
335513,Hanumangarh,Rajasthan
335513,Mulugu,Telangana
335521,Hanumangarh,Rajasthan
335522,Hanumangarh,Rajasthan
335523,Hanumangarh,Rajasthan
335524,Hanumangarh,Rajasthan
335525,Hanumangarh,Rajasthan
335526,Hanumangarh,Rajasthan
335526,Mulugu,Telangana
335701,Ganganagar,Rajasthan
335702,Ganganagar,Rajasthan
335703,Ganganagar,Rajasthan
335704,Ganganagar,Rajasthan
335707,Ganganagar,Rajasthan
335708,Ganganagar,Rajasthan
335711,Ganganagar,Rajasthan
335801,Hanumangarh,Rajasthan
335802,Hanumangarh,Rajasthan
335803,Hanumangarh,Rajasthan
335804,Ganganagar,Rajasthan
335805,Ganganagar,Rajasthan
335901,Ganganagar,Rajasthan
341001,Nagaur,Rajasthan
341002,Nagaur,Rajasthan
341003,Nagaur,Rajasthan
341020,Nagaur,Rajasthan
341021,Nagaur,Rajasthan
341022,Nagaur,Rajasthan
341023,Nagaur,Rajasthan
341024,Nagaur,Rajasthan
341025,Nagaur,Rajasthan
341026,Nagaur,Rajasthan
341027,Nagaur,Rajasthan
341028,Nagaur,Rajasthan
341029,Nagaur,Rajasthan
341030,Nagaur,Rajasthan
341031,Nagaur,Rajasthan
341301,Nagaur,Rajasthan
341302,Nagaur,Rajasthan
341303,Nagaur,Rajasthan
341304,Nagaur,Rajasthan
341305,Nagaur,Rajasthan
341306,Nagaur,Rajasthan
341307,Nagaur,Rajasthan
341309,Nagaur,Rajasthan
341316,Nagaur,Rajasthan
341317,Nagaur,Rajasthan
341318,Nagaur,Rajasthan
341319,Nagaur,Rajasthan
341501,Nagaur,Rajasthan
341502,Nagaur,Rajasthan
341503,Nagaur,Rajasthan
341504,Nagaur,Rajasthan
341505,Nagaur,Rajasthan
341506,Nagaur,Rajasthan
341507,Nagaur,Rajasthan
341508,Nagaur,Rajasthan
341509,Nagaur,Rajasthan
341510,Nagaur,Rajasthan
341511,Nagaur,Rajasthan
341512,Nagaur,Rajasthan
341513,Nagaur,Rajasthan
341514,Nagaur,Rajasthan
341515,Nagaur,Rajasthan
341516,Nagaur,Rajasthan
341517,Nagaur,Rajasthan
341518,Nagaur,Rajasthan
341519,Nagaur,Rajasthan
341520,Nagaur,Rajasthan
341521,Nagaur,Rajasthan
341533,Nagaur,Rajasthan
341551,Nagaur,Rajasthan
342001,Jodhpur,Rajasthan
342002,Jodhpur,Rajasthan
342003,Jodhpur,Rajasthan
342005,Jodhpur,Rajasthan
342006,Jodhpur,Rajasthan
342007,Jodhpur,Rajasthan
342008,Jodhpur,Rajasthan
342011,Jodhpur,Rajasthan
342012,Jodhpur,Rajasthan
342013,Jodhpur,Rajasthan
342014,Jodhpur,Rajasthan
342015,Jodhpur,Rajasthan
342016,Jodhpur,Rajasthan
342017,Jodhpur,Rajasthan
342021,Jodhpur,Rajasthan
342022,Jodhpur,Rajasthan
342023,Jodhpur,Rajasthan
342024,Jodhpur,Rajasthan
342025,Jodhpur,Rajasthan
342026,Jodhpur,Rajasthan
342027,Jodhpur,Rajasthan
342028,Jodhpur,Rajasthan
342029,Jodhpur,Rajasthan
342030,Jodhpur,Rajasthan
342032,Jodhpur,Rajasthan
342037,Jodhpur,Rajasthan
342301,Jodhpur,Rajasthan
342302,Jodhpur,Rajasthan
342303,Jodhpur,Rajasthan
342304,Jodhpur,Rajasthan
342305,Jodhpur,Rajasthan
342306,Jodhpur,Rajasthan
342307,Jodhpur,Rajasthan
342308,Jodhpur,Rajasthan
342309,Jodhpur,Rajasthan
342310,Jaisalmer,Rajasthan
342311,Jodhpur,Rajasthan
342312,Jodhpur,Rajasthan
342314,Jodhpur,Rajasthan
342601,Jodhpur,Rajasthan
342602,Jodhpur,Rajasthan
342603,Jodhpur,Rajasthan
342604,Jodhpur,Rajasthan
342605,Jodhpur,Rajasthan
342606,Jodhpur,Rajasthan
342801,Jodhpur,Rajasthan
342802,Jodhpur,Rajasthan
342901,Jodhpur,Rajasthan
342902,Nagaur,Rajasthan
343001,Jalore,Rajasthan
343002,Jalore,Rajasthan
343021,Jalore,Rajasthan
343022,Jalore,Rajasthan
343023,Jalore,Rajasthan
343024,Jalore,Rajasthan
343025,Jalore,Rajasthan
343027,Jalore,Rajasthan
343027,Mulugu,Telangana
343028,Jalore,Rajasthan
343029,Jalore,Rajasthan
343030,Jalore,Rajasthan
343032,Jalore,Rajasthan
343039,Jalore,Rajasthan
343040,Jalore,Rajasthan
343041,Jalore,Rajasthan
343042,Jalore,Rajasthan
343048,Jalore,Rajasthan
343049,Jalore,Rajasthan
344001,Barmer,Rajasthan
344011,Barmer,Rajasthan
344012,Barmer,Rajasthan
344021,Barmer,Rajasthan
344022,Barmer,Rajasthan
344024,Barmer,Rajasthan
344025,Barmer,Rajasthan
344026,Barmer,Rajasthan
344027,Barmer,Rajasthan
344031,Barmer,Rajasthan
344032,Barmer,Rajasthan
344033,Barmer,Rajasthan
344034,Barmer,Rajasthan
344035,Barmer,Rajasthan
344037,Barmer,Rajasthan
344043,Barmer,Rajasthan
344044,Barmer,Rajasthan
344501,Barmer,Rajasthan
344502,Barmer,Rajasthan
344701,Barmer,Rajasthan
344702,Barmer,Rajasthan
344703,Barmer,Rajasthan
344704,Barmer,Rajasthan
344705,Barmer,Rajasthan
344706,Barmer,Rajasthan
344708,Barmer,Rajasthan
344801,Barmer,Rajasthan
344802,Barmer,Rajasthan
345001,Jaisalmer,Rajasthan
345021,Jaisalmer,Rajasthan
345021,Jodhpur,Rajasthan
345022,Jaisalmer,Rajasthan
345023,Jaisalmer,Rajasthan
345024,Jaisalmer,Rajasthan
345025,Jaisalmer,Rajasthan
345026,Jaisalmer,Rajasthan
345027,Jaisalmer,Rajasthan
345028,Jaisalmer,Rajasthan
345031,Jaisalmer,Rajasthan
345033,Jaisalmer,Rajasthan
345033,Jhalawar,Rajasthan
345034,Jaisalmer,Rajasthan
360001,Rajkot,Gujarat
360002,Rajkot,Gujarat
360003,Morbi,Gujarat
360003,Rajkot,Gujarat
360004,Rajkot,Gujarat
360005,Rajkot,Gujarat
360006,Rajkot,Gujarat
360007,Rajkot,Gujarat
360020,Rajkot,Gujarat
360021,Rajkot,Gujarat
360022,Rajkot,Gujarat
360023,Rajkot,Gujarat
360024,Rajkot,Gujarat
360025,Rajkot,Gujarat
360026,Rajkot,Gujarat
360028,Rajkot,Gujarat
360030,Rajkot,Gujarat
360035,Rajkot,Gujarat
360040,Rajkot,Gujarat
360045,Rajkot,Gujarat
360050,Rajkot,Gujarat
360055,Rajkot,Gujarat
360060,Rajkot,Gujarat
360070,Rajkot,Gujarat
360110,Jamnagar,Gujarat
360110,Rajkot,Gujarat
360311,Rajkot,Gujarat
360320,Rajkot,Gujarat
360325,Rajkot,Gujarat
360330,Rajkot,Gujarat
360360,Rajkot,Gujarat
360370,Rajkot,Gujarat
360375,Rajkot,Gujarat
360380,Rajkot,Gujarat
360405,Jamnagar,Gujarat
360405,Rajkot,Gujarat
360410,Rajkot,Gujarat
360421,Rajkot,Gujarat
360430,Rajkot,Gujarat
360440,Rajkot,Gujarat
360450,Rajkot,Gujarat
360452,Rajkot,Gujarat
360460,Rajkot,Gujarat
360465,Rajkot,Gujarat
360470,Rajkot,Gujarat
360480,Jamnagar,Gujarat
360480,Rajkot,Gujarat
360485,Rajkot,Gujarat
360490,Jamnagar,Gujarat
360490,Junagadh,Gujarat
360490,Porbandar,Gujarat
360490,Rajkot,Gujarat
360510,Devbhumi Dwarka,Gujarat
360515,Devbhumi Dwarka,Gujarat
360520,Jamnagar,Gujarat
360530,Jamnagar,Gujarat
360531,Jamnagar,Gujarat
360540,Jamnagar,Gujarat
360545,Porbandar,Gujarat
360550,Porbandar,Gujarat
360570,Porbandar,Gujarat
360575,Porbandar,Gujarat
360576,Porbandar,Gujarat
360577,Porbandar,Gujarat
360578,Porbandar,Gujarat
360579,Porbandar,Gujarat
360590,Devbhumi Dwarka,Gujarat
360590,Porbandar,Gujarat
361001,Jamnagar,Gujarat
361002,Jamnagar,Gujarat
361003,Jamnagar,Gujarat
361004,Jamnagar,Gujarat
361005,Jamnagar,Gujarat
361006,Jamnagar,Gujarat
361007,Jamnagar,Gujarat
361008,Jamnagar,Gujarat
361009,Jamnagar,Gujarat
361010,Devbhumi Dwarka,Gujarat
361010,Jamnagar,Gujarat
361011,Jamnagar,Gujarat
361012,Jamnagar,Gujarat
361013,Jamnagar,Gujarat
361110,Jamnagar,Gujarat
361120,Jamnagar,Gujarat
361130,Jamnagar,Gujarat
361140,Jamnagar,Gujarat
361142,Jamnagar,Gujarat
361150,Jamnagar,Gujarat
361160,Jamnagar,Gujarat
361162,Jamnagar,Gujarat
361170,Jamnagar,Gujarat
361210,Jamnagar,Gujarat
361220,Jamnagar,Gujarat
361230,Jamnagar,Gujarat
361240,Jamnagar,Gujarat
361250,Jamnagar,Gujarat
361280,Jamnagar,Gujarat
361305,Devbhumi Dwarka,Gujarat
361306,Devbhumi Dwarka,Gujarat
361310,Devbhumi Dwarka,Gujarat
361315,Devbhumi Dwarka,Gujarat
361320,Devbhumi Dwarka,Gujarat
361325,Devbhumi Dwarka,Gujarat
361330,Devbhumi Dwarka,Gujarat
361335,Devbhumi Dwarka,Gujarat
361345,Devbhumi Dwarka,Gujarat
361347,Devbhumi Dwarka,Gujarat
361350,Devbhumi Dwarka,Gujarat
362001,Junagadh,Gujarat
362002,Junagadh,Gujarat
362011,Junagadh,Gujarat
362015,Junagadh,Gujarat
362020,Junagadh,Gujarat
362030,Junagadh,Gujarat
362037,Junagadh,Gujarat
362110,Junagadh,Gujarat
362120,Junagadh,Gujarat
362130,Junagadh,Gujarat
362135,Gir Somnath,Gujarat
362135,Junagadh,Gujarat
362140,Gir Somnath,Gujarat
362150,Gir Somnath,Gujarat
362150,Junagadh,Gujarat
362205,Junagadh,Gujarat
362215,Junagadh,Gujarat
362220,Junagadh,Gujarat
362222,Junagadh,Gujarat
362225,Junagadh,Gujarat
362226,Junagadh,Gujarat
362227,Junagadh,Gujarat
362230,Junagadh,Gujarat
362230,Porbandar,Gujarat
362240,Junagadh,Gujarat
362245,Junagadh,Gujarat
362250,Junagadh,Gujarat
362255,Gir Somnath,Gujarat
362255,Junagadh,Gujarat
362260,Junagadh,Gujarat
362263,Junagadh,Gujarat
362265,Gir Somnath,Gujarat
362268,Gir Somnath,Gujarat
362269,Gir Somnath,Gujarat
362275,Gir Somnath,Gujarat
362310,Junagadh,Gujarat
362315,Junagadh,Gujarat
362510,Gir Somnath,Gujarat
362520,Diu,Dadra & Nagar Haveli And Daman & Diu
362530,Gir Somnath,Gujarat
362540,Diu,Dadra & Nagar Haveli And Daman & Diu
362550,Gir Somnath,Gujarat
362560,Gir Somnath,Gujarat
362565,Gir Somnath,Gujarat
362570,Diu,Dadra & Nagar Haveli And Daman & Diu
362610,Junagadh,Gujarat
362620,Junagadh,Gujarat
362620,Porbandar,Gujarat
362625,Junagadh,Gujarat
362630,Junagadh,Gujarat
362640,Junagadh,Gujarat
362650,Junagadh,Gujarat
362650,Porbandar,Gujarat
362710,Gir Somnath,Gujarat
362715,Gir Somnath,Gujarat
362720,Gir Somnath,Gujarat
363001,Surendranagar,Gujarat
363020,Surendranagar,Gujarat
363030,Surendranagar,Gujarat
363040,Surendranagar,Gujarat
363110,Surendranagar,Gujarat
363115,Surendranagar,Gujarat
363310,Surendranagar,Gujarat
363320,Surendranagar,Gujarat
363330,Morbi,Gujarat
363330,Surendranagar,Gujarat
363351,Morbi,Gujarat
363410,Botad,Gujarat
363410,Surendranagar,Gujarat
363421,Botad,Gujarat
363421,Surendranagar,Gujarat
363423,Ahmadabad,Gujarat
363423,Surendranagar,Gujarat
363427,Surendranagar,Gujarat
363430,Surendranagar,Gujarat
363435,Surendranagar,Gujarat
363440,Rajkot,Gujarat
363440,Surendranagar,Gujarat
363510,Surendranagar,Gujarat
363520,Rajkot,Gujarat
363520,Surendranagar,Gujarat
363530,Surendranagar,Gujarat
363621,Morbi,Gujarat
363623,Morbi,Gujarat
363630,Morbi,Gujarat
363641,Morbi,Gujarat
363642,Morbi,Gujarat
363643,Morbi,Gujarat
363650,Morbi,Gujarat
363650,Rajkot,Gujarat
363655,Jamnagar,Gujarat
363655,Morbi,Gujarat
363660,Morbi,Gujarat
363670,Morbi,Gujarat
363745,Surendranagar,Gujarat
363750,Surendranagar,Gujarat
363755,Surendranagar,Gujarat
363760,Surendranagar,Gujarat
363765,Surendranagar,Gujarat
363775,Surendranagar,Gujarat
363780,Surendranagar,Gujarat
364001,Bhavnagar,Gujarat
364002,Bhavnagar,Gujarat
364003,Bhavnagar,Gujarat
364004,Bhavnagar,Gujarat
364005,Bhavnagar,Gujarat
364006,Bhavnagar,Gujarat
364050,Bhavnagar,Gujarat
364060,Bhavnagar,Gujarat
364070,Bhavnagar,Gujarat
364081,Bhavnagar,Gujarat
364110,Bhavnagar,Gujarat
364120,Bhavnagar,Gujarat
364120,Botad,Gujarat
364130,Bhavnagar,Gujarat
364135,Bhavnagar,Gujarat
364140,Bhavnagar,Gujarat
364145,Bhavnagar,Gujarat
364150,Bhavnagar,Gujarat
364210,Bhavnagar,Gujarat
364230,Bhavnagar,Gujarat
364240,Bhavnagar,Gujarat
364250,Bhavnagar,Gujarat
364260,Bhavnagar,Gujarat
364265,Bhavnagar,Gujarat
364270,Bhavnagar,Gujarat
364275,Bhavnagar,Gujarat
364280,Bhavnagar,Gujarat
364290,Bhavnagar,Gujarat
364295,Bhavnagar,Gujarat
364310,Bhavnagar,Gujarat
364313,Bhavnagar,Gujarat
364320,Bhavnagar,Gujarat
364320,Botad,Gujarat
364330,Bhavnagar,Gujarat
364505,Bhavnagar,Gujarat
364510,Bhavnagar,Gujarat
364515,Amreli,Gujarat
364521,Amreli,Gujarat
364522,Amreli,Gujarat
364525,Amreli,Gujarat
364525,Bhavnagar,Gujarat
364530,Amreli,Gujarat
364530,Bhavnagar,Gujarat
364710,Botad,Gujarat
364720,Botad,Gujarat
364730,Botad,Gujarat
364740,Bhavnagar,Gujarat
364740,Botad,Gujarat
364750,Botad,Gujarat
364760,Bhavnagar,Gujarat
364760,Botad,Gujarat
364765,Botad,Gujarat
365220,Amreli,Gujarat
365410,Amreli,Gujarat
365421,Amreli,Gujarat
365430,Amreli,Gujarat
365435,Amreli,Gujarat
365440,Amreli,Gujarat
365440,Junagadh,Gujarat
365450,Amreli,Gujarat
365455,Amreli,Gujarat
365456,Amreli,Gujarat
365460,Amreli,Gujarat
365480,Amreli,Gujarat
365480,Rajkot,Gujarat
365535,Amreli,Gujarat
365540,Amreli,Gujarat
365541,Amreli,Gujarat
365550,Amreli,Gujarat
365555,Amreli,Gujarat
365560,Amreli,Gujarat
365601,Amreli,Gujarat
365610,Amreli,Gujarat
365620,Amreli,Gujarat
365630,Amreli,Gujarat
365635,Amreli,Gujarat
365640,Amreli,Gujarat
365645,Amreli,Gujarat
365650,Amreli,Gujarat
365730,Amreli,Gujarat
370001,Kachchh,Gujarat
370015,Kachchh,Gujarat
370020,Kachchh,Gujarat
370030,Kachchh,Gujarat
370040,Kachchh,Gujarat
370105,Kachchh,Gujarat
370110,Kachchh,Gujarat
370115,Kachchh,Gujarat
370130,Kachchh,Gujarat
370135,Kachchh,Gujarat
370140,Kachchh,Gujarat
370145,Kachchh,Gujarat
370150,Kachchh,Gujarat
370155,Kachchh,Gujarat
370160,Kachchh,Gujarat
370165,Kachchh,Gujarat
370201,Kachchh,Gujarat
370203,Kachchh,Gujarat
370205,Kachchh,Gujarat
370210,Kachchh,Gujarat
370230,Kachchh,Gujarat
370405,Kachchh,Gujarat
370410,Kachchh,Gujarat
370415,Kachchh,Gujarat
370421,Kachchh,Gujarat
370425,Kachchh,Gujarat
370427,Kachchh,Gujarat
370430,Kachchh,Gujarat
370435,Kachchh,Gujarat
370445,Kachchh,Gujarat
370450,Kachchh,Gujarat
370455,Kachchh,Gujarat
370460,Kachchh,Gujarat
370465,Kachchh,Gujarat
370475,Kachchh,Gujarat
370485,Kachchh,Gujarat
370490,Kachchh,Gujarat
370510,Kachchh,Gujarat
370601,Kachchh,Gujarat
370605,Kachchh,Gujarat
370610,Kachchh,Gujarat
370615,Kachchh,Gujarat
370620,Kachchh,Gujarat
370625,Kachchh,Gujarat
370627,Kachchh,Gujarat
370630,Kachchh,Gujarat
370641,Kachchh,Gujarat
370645,Kachchh,Gujarat
370650,Kachchh,Gujarat
370655,Kachchh,Gujarat
370660,Kachchh,Gujarat
370665,Kachchh,Gujarat
370670,Kachchh,Gujarat
370675,Kachchh,Gujarat
380001,Ahmadabad,Gujarat
380002,Ahmadabad,Gujarat
380003,Ahmadabad,Gujarat
380004,Ahmadabad,Gujarat
380005,Ahmadabad,Gujarat
380006,Ahmadabad,Gujarat
380007,Ahmadabad,Gujarat
380008,Ahmadabad,Gujarat
380009,Ahmadabad,Gujarat
380013,Ahmadabad,Gujarat
380014,Ahmadabad,Gujarat
380015,Ahmadabad,Gujarat
380016,Ahmadabad,Gujarat
380018,Ahmadabad,Gujarat
380019,Ahmadabad,Gujarat
380021,Ahmadabad,Gujarat
380022,Ahmadabad,Gujarat
380023,Ahmadabad,Gujarat
380024,Ahmadabad,Gujarat
380026,Ahmadabad,Gujarat
380027,Ahmadabad,Gujarat
380028,Ahmadabad,Gujarat
380049,Ahmadabad,Gujarat
380050,Ahmadabad,Gujarat
380051,Ahmadabad,Gujarat
380052,Ahmadabad,Gujarat
380054,Ahmadabad,Gujarat
380055,Ahmadabad,Gujarat
380057,Ahmadabad,Gujarat
380058,Ahmadabad,Gujarat
380059,Ahmadabad,Gujarat
380060,Ahmadabad,Gujarat
380061,Ahmadabad,Gujarat
380063,Ahmadabad,Gujarat
382006,Gandhinagar,Gujarat
382007,Gandhinagar,Gujarat
382010,Gandhinagar,Gujarat
382016,Gandhinagar,Gujarat
382021,Gandhinagar,Gujarat
382028,Gandhinagar,Gujarat
382030,Gandhinagar,Gujarat
382041,Gandhinagar,Gujarat
382042,Gandhinagar,Gujarat
382045,Gandhinagar,Gujarat
382050,Gandhinagar,Gujarat
382055,Gandhinagar,Gujarat
382110,Ahmadabad,Gujarat
382115,Ahmadabad,Gujarat
382115,Gandhinagar,Gujarat
382115,Mahesana,Gujarat
382120,Ahmadabad,Gujarat
382120,Mahesana,Gujarat
382122,Gandhinagar,Gujarat
382130,Ahmadabad,Gujarat
382130,Surendranagar,Gujarat
382140,Ahmadabad,Gujarat
382145,Ahmadabad,Gujarat
382150,Ahmadabad,Gujarat
382170,Ahmadabad,Gujarat
382170,Mahesana,Gujarat
382210,Ahmadabad,Gujarat
382213,Ahmadabad,Gujarat
382220,Ahmadabad,Gujarat
382220,Gandhinagar,Gujarat
382225,Ahmadabad,Gujarat
382230,Ahmadabad,Gujarat
382240,Ahmadabad,Gujarat
382245,Ahmadabad,Gujarat
382245,Botad,Gujarat
382250,Ahmadabad,Gujarat
382250,Botad,Gujarat
382255,Botad,Gujarat
382260,Ahmadabad,Gujarat
382265,Ahmadabad,Gujarat
382305,Gandhinagar,Gujarat
382308,Ahmadabad,Gujarat
382308,Gandhinagar,Gujarat
382315,Gandhinagar,Gujarat
382320,Gandhinagar,Gujarat
382321,Gandhinagar,Gujarat
382330,Ahmadabad,Gujarat
382340,Ahmadabad,Gujarat
382345,Ahmadabad,Gujarat
382350,Ahmadabad,Gujarat
382355,Gandhinagar,Gujarat
382405,Ahmadabad,Gujarat
382415,Ahmadabad,Gujarat
382418,Ahmadabad,Gujarat
382419,Gandhinagar,Gujarat
382421,Ahmadabad,Gujarat
382421,Gandhinagar,Gujarat
382422,Gandhinagar,Gujarat
382423,Gandhinagar,Gujarat
382424,Ahmadabad,Gujarat
382424,Gandhinagar,Gujarat
382425,Ahmadabad,Gujarat
382426,Gandhinagar,Gujarat
382427,Ahmadabad,Gujarat
382428,Ahmadabad,Gujarat
382430,Ahmadabad,Gujarat
382433,Ahmadabad,Gujarat
382435,Ahmadabad,Gujarat
382443,Ahmadabad,Gujarat
382445,Ahmadabad,Gujarat
382449,Ahmadabad,Gujarat
382450,Ahmadabad,Gujarat
382450,Botad,Gujarat
382455,Ahmadabad,Gujarat
382460,Ahmadabad,Gujarat
382463,Ahmadabad,Gujarat
382465,Ahmadabad,Gujarat
382470,Ahmadabad,Gujarat
382475,Ahmadabad,Gujarat
382480,Ahmadabad,Gujarat
382481,Ahmadabad,Gujarat
382501,Gandhinagar,Gujarat
382610,Gandhinagar,Gujarat
382620,Gandhinagar,Gujarat
382630,Gandhinagar,Gujarat
382640,Gandhinagar,Gujarat
382650,Gandhinagar,Gujarat
382721,Gandhinagar,Gujarat
382722,Ahmadabad,Gujarat
382722,Gandhinagar,Gujarat
382725,Gandhinagar,Gujarat
382729,Gandhinagar,Gujarat
382735,Gandhinagar,Gujarat
382740,Gandhinagar,Gujarat
382810,Gandhinagar,Gujarat
382835,Gandhinagar,Gujarat
382845,Gandhinagar,Gujarat
382855,Gandhinagar,Gujarat
383001,Sabar Kantha,Gujarat
383002,Sabar Kantha,Gujarat
383006,Sabar Kantha,Gujarat
383010,Sabar Kantha,Gujarat
383030,Sabar Kantha,Gujarat
383110,Sabar Kantha,Gujarat
383120,Sabar Kantha,Gujarat
383205,Sabar Kantha,Gujarat
383210,Sabar Kantha,Gujarat
383215,Sabar Kantha,Gujarat
383220,Sabar Kantha,Gujarat
383225,Sabar Kantha,Gujarat
383230,Sabar Kantha,Gujarat
383235,Sabar Kantha,Gujarat
383240,Sabar Kantha,Gujarat
383245,Arvalli,Gujarat
383246,Arvalli,Gujarat
383246,Sabar Kantha,Gujarat
383250,Arvalli,Gujarat
383251,Arvalli,Gujarat
383255,Sabar Kantha,Gujarat
383260,Arvalli,Gujarat
383270,Sabar Kantha,Gujarat
383275,Sabar Kantha,Gujarat
383276,Arvalli,Gujarat
383276,Sabar Kantha,Gujarat
383305,Sabar Kantha,Gujarat
383307,Arvalli,Gujarat
383307,Sabar Kantha,Gujarat
383310,Arvalli,Gujarat
383315,Arvalli,Gujarat
383316,Arvalli,Gujarat
383317,Arvalli,Gujarat
383320,Arvalli,Gujarat
383325,Arvalli,Gujarat
383330,Arvalli,Gujarat
383335,Arvalli,Gujarat
383340,Arvalli,Gujarat
383345,Arvalli,Gujarat
383350,Arvalli,Gujarat
383355,Arvalli,Gujarat
383410,Sabar Kantha,Gujarat
383421,Sabar Kantha,Gujarat
383422,Sabar Kantha,Gujarat
383430,Sabar Kantha,Gujarat
383434,Sabar Kantha,Gujarat
383440,Sabar Kantha,Gujarat
383450,Arvalli,Gujarat
383450,Sabar Kantha,Gujarat
383460,Sabar Kantha,Gujarat
383462,Sabar Kantha,Gujarat
384001,Mahesana,Gujarat
384002,Mahesana,Gujarat
384003,Mahesana,Gujarat
384005,Mahesana,Gujarat
384012,Mahesana,Gujarat
384110,Patan,Gujarat
384120,Mahesana,Gujarat
384130,Mahesana,Gujarat
384135,Mahesana,Gujarat
384140,Mahesana,Gujarat
384151,Patan,Gujarat
384160,Mahesana,Gujarat
384170,Mahesana,Gujarat
384220,Patan,Gujarat
384221,Patan,Gujarat
384225,Patan,Gujarat
384229,Patan,Gujarat
384230,Patan,Gujarat
384240,Patan,Gujarat
384241,Patan,Gujarat
384245,Patan,Gujarat
384246,Patan,Gujarat
384255,Patan,Gujarat
384260,Mahesana,Gujarat
384260,Patan,Gujarat
384265,Patan,Gujarat
384266,Patan,Gujarat
384272,Patan,Gujarat
384275,Patan,Gujarat
384285,Patan,Gujarat
384290,Patan,Gujarat
384305,Mahesana,Gujarat
384310,Mahesana,Gujarat
384315,Mahesana,Gujarat
384316,Nagaur,Rajasthan
384320,Mahesana,Gujarat
384325,Mahesana,Gujarat
384330,Mahesana,Gujarat
384335,Mahesana,Gujarat
384340,Mahesana,Gujarat
384345,Mahesana,Gujarat
384355,Mahesana,Gujarat
384360,Mahesana,Gujarat
384410,Mahesana,Gujarat
384412,Mahesana,Gujarat
384415,Mahesana,Gujarat
384421,Mahesana,Gujarat
384430,Mahesana,Gujarat
384435,Mahesana,Gujarat
384440,Mahesana,Gujarat
384441,Mahesana,Gujarat
384445,Mahesana,Gujarat
384450,Mahesana,Gujarat
384455,Mahesana,Gujarat
384460,Mahesana,Gujarat
384465,Mahesana,Gujarat
384470,Mahesana,Gujarat
384515,Mahesana,Gujarat
384520,Mahesana,Gujarat
384530,Mahesana,Gujarat
384540,Mahesana,Gujarat
384550,Mahesana,Gujarat
384560,Mahesana,Gujarat
384565,Mahesana,Gujarat
384570,Mahesana,Gujarat
385001,Banas Kantha,Gujarat
385010,Banas Kantha,Gujarat
385110,Banas Kantha,Gujarat
385120,Banas Kantha,Gujarat
385130,Banas Kantha,Gujarat
385135,Banas Kantha,Gujarat
385210,Banas Kantha,Gujarat
385310,Banas Kantha,Gujarat
385320,Banas Kantha,Gujarat
385330,Banas Kantha,Gujarat
385340,Patan,Gujarat
385350,Patan,Gujarat
385360,Patan,Gujarat
385410,Banas Kantha,Gujarat
385421,Banas Kantha,Gujarat
385505,Banas Kantha,Gujarat
385506,Banas Kantha,Gujarat
385510,Banas Kantha,Gujarat
385515,Banas Kantha,Gujarat
385520,Banas Kantha,Gujarat
385530,Banas Kantha,Gujarat
385535,Banas Kantha,Gujarat
385540,Banas Kantha,Gujarat
385545,Banas Kantha,Gujarat
385550,Banas Kantha,Gujarat
385555,Banas Kantha,Gujarat
385560,Banas Kantha,Gujarat
385565,Banas Kantha,Gujarat
385566,Banas Kantha,Gujarat
385570,Banas Kantha,Gujarat
385575,Banas Kantha,Gujarat
385581,Banas Kantha,Gujarat
387001,Kheda,Gujarat
387002,Kheda,Gujarat
387003,Kheda,Gujarat
387105,Kheda,Gujarat
387110,Kheda,Gujarat
387115,Anand,Gujarat
387115,Kheda,Gujarat
387120,Kheda,Gujarat
387130,Kheda,Gujarat
387210,Anand,Gujarat
387210,Kheda,Gujarat
387220,Anand,Gujarat
387230,Kheda,Gujarat
387240,Anand,Gujarat
387305,Kheda,Gujarat
387305,Sabar Kantha,Gujarat
387310,Anand,Gujarat
387315,Kheda,Gujarat
387320,Kheda,Gujarat
387325,Kheda,Gujarat
387330,Kheda,Gujarat
387335,Kheda,Gujarat
387340,Kheda,Gujarat
387345,Kheda,Gujarat
387350,Kheda,Gujarat
387355,Kheda,Gujarat
387360,Kheda,Gujarat
387365,Kheda,Gujarat
387370,Kheda,Gujarat
387375,Anand,Gujarat
387375,Kheda,Gujarat
387380,Anand,Gujarat
387380,Kheda,Gujarat
387411,Kheda,Gujarat
387430,Kheda,Gujarat
387510,Kheda,Gujarat
387520,Kheda,Gujarat
387530,Anand,Gujarat
387530,Kheda,Gujarat
387540,Kheda,Gujarat
387550,Kheda,Gujarat
387560,Kheda,Gujarat
387570,Kheda,Gujarat
387610,Kheda,Gujarat
387620,Kheda,Gujarat
387630,Kheda,Gujarat
387635,Kheda,Gujarat
387640,Kheda,Gujarat
387650,Kheda,Gujarat
387710,Anand,Gujarat
387710,Kheda,Gujarat
388001,Anand,Gujarat
388110,Anand,Gujarat
388120,Anand,Gujarat
388130,Anand,Gujarat
388140,Anand,Gujarat
388150,Anand,Gujarat
388160,Anand,Gujarat
388170,Anand,Gujarat
388180,Anand,Gujarat
388180,Kheda,Gujarat
388205,Anand,Gujarat
388210,Anand,Gujarat
388215,Anand,Gujarat
388215,Kheda,Gujarat
388220,Anand,Gujarat
388220,Kheda,Gujarat
388225,Kheda,Gujarat
388230,Kheda,Gujarat
388235,Kheda,Gujarat
388235,Mahisagar,Gujarat
388239,Kheda,Gujarat
388245,Kheda,Gujarat
388250,Kheda,Gujarat
388255,Kheda,Gujarat
388255,Mahisagar,Gujarat
388260,Mahisagar,Gujarat
388265,Mahisagar,Gujarat
388270,Mahisagar,Gujarat
388305,Anand,Gujarat
388306,Anand,Gujarat
388307,Anand,Gujarat
388310,Anand,Gujarat
388315,Anand,Gujarat
388320,Anand,Gujarat
388325,Anand,Gujarat
388330,Anand,Gujarat
388335,Anand,Gujarat
388340,Anand,Gujarat
388345,Anand,Gujarat
388350,Anand,Gujarat
388355,Anand,Gujarat
388360,Anand,Gujarat
388365,Anand,Gujarat
388370,Anand,Gujarat
388410,Anand,Gujarat
388421,Anand,Gujarat
388430,Anand,Gujarat
388440,Anand,Gujarat
388440,Kheda,Gujarat
388450,Anand,Gujarat
388460,Anand,Gujarat
388465,Anand,Gujarat
388470,Anand,Gujarat
388480,Anand,Gujarat
388510,Anand,Gujarat
388520,Anand,Gujarat
388530,Anand,Gujarat
388540,Anand,Gujarat
388543,Anand,Gujarat
388545,Anand,Gujarat
388550,Anand,Gujarat
388560,Anand,Gujarat
388570,Anand,Gujarat
388580,Anand,Gujarat
388590,Anand,Gujarat
388610,Anand,Gujarat
388620,Anand,Gujarat
388625,Anand,Gujarat
388630,Anand,Gujarat
388640,Anand,Gujarat
388710,Panch Mahals,Gujarat
388713,Panch Mahals,Gujarat
389001,Panch Mahals,Gujarat
389002,Panch Mahals,Gujarat
389110,Mahisagar,Gujarat
389110,Panch Mahals,Gujarat
389115,Panch Mahals,Gujarat
389120,Panch Mahals,Gujarat
389130,Dohad,Gujarat
389135,Dohad,Gujarat
389140,Dohad,Gujarat
389146,Dohad,Gujarat
389151,Dohad,Gujarat
389152,Dohad,Gujarat
389154,Dohad,Gujarat
389155,Dohad,Gujarat
389160,Dohad,Gujarat
389170,Dohad,Gujarat
389172,Dohad,Gujarat
389172,Mahisagar,Gujarat
389175,Dohad,Gujarat
389180,Dohad,Gujarat
389190,Dohad,Gujarat
389190,Mahisagar,Gujarat
389210,Mahisagar,Gujarat
389210,Panch Mahals,Gujarat
389220,Mahisagar,Gujarat
389220,Panch Mahals,Gujarat
389230,Mahisagar,Gujarat
389232,Mahisagar,Gujarat
389235,Mahisagar,Gujarat
389250,Mahisagar,Gujarat
389260,Mahisagar,Gujarat
389265,Mahisagar,Gujarat
389310,Panch Mahals,Gujarat
389320,Panch Mahals,Gujarat
389330,Panch Mahals,Gujarat
389340,Panch Mahals,Gujarat
389341,Panch Mahals,Gujarat
389350,Panch Mahals,Gujarat
389360,Panch Mahals,Gujarat
389365,Panch Mahals,Gujarat
389370,Panch Mahals,Gujarat
389380,Dohad,Gujarat
389380,Panch Mahals,Gujarat
389382,Dohad,Gujarat
389390,Panch Mahals,Gujarat
390001,Vadodara,Gujarat
390002,Vadodara,Gujarat
390003,Vadodara,Gujarat
390004,Vadodara,Gujarat
390006,Vadodara,Gujarat
390007,Vadodara,Gujarat
390009,Vadodara,Gujarat
390010,Vadodara,Gujarat
390011,Vadodara,Gujarat
390012,Vadodara,Gujarat
390013,Vadodara,Gujarat
390014,Vadodara,Gujarat
390016,Vadodara,Gujarat
390017,Vadodara,Gujarat
390018,Vadodara,Gujarat
390019,Vadodara,Gujarat
390020,Vadodara,Gujarat
390021,Vadodara,Gujarat
390022,Vadodara,Gujarat
390023,Vadodara,Gujarat
390024,Vadodara,Gujarat
390025,Vadodara,Gujarat
391101,Vadodara,Gujarat
391105,Vadodara,Gujarat
391107,Vadodara,Gujarat
391110,Chhotaudepur,Gujarat
391110,Vadodara,Gujarat
391115,Vadodara,Gujarat
391120,Narmada,Gujarat
391125,Chhotaudepur,Gujarat
391130,Chhotaudepur,Gujarat
391135,Chhotaudepur,Gujarat
391140,Chhotaudepur,Gujarat
391145,Chhotaudepur,Gujarat
391150,Chhotaudepur,Gujarat
391150,Narmada,Gujarat
391152,Chhotaudepur,Gujarat
391156,Chhotaudepur,Gujarat
391160,Chhotaudepur,Gujarat
391165,Chhotaudepur,Gujarat
391168,Chhotaudepur,Gujarat
391170,Chhotaudepur,Gujarat
391210,Vadodara,Gujarat
391220,Vadodara,Gujarat
391240,Vadodara,Gujarat
391243,Vadodara,Gujarat
391244,Vadodara,Gujarat
391250,Vadodara,Gujarat
391310,Vadodara,Gujarat
391320,Vadodara,Gujarat
391330,Vadodara,Gujarat
391340,Vadodara,Gujarat
391345,Vadodara,Gujarat
391350,Vadodara,Gujarat
391410,Vadodara,Gujarat
391421,Vadodara,Gujarat
391430,Vadodara,Gujarat
391440,Vadodara,Gujarat
391445,Vadodara,Gujarat
391450,Vadodara,Gujarat
391510,Vadodara,Gujarat
391520,Vadodara,Gujarat
391530,Vadodara,Gujarat
391740,Vadodara,Gujarat
391745,Vadodara,Gujarat
391750,Vadodara,Gujarat
391760,Vadodara,Gujarat
391761,Chhotaudepur,Gujarat
391761,Vadodara,Gujarat
391770,Vadodara,Gujarat
391774,Vadodara,Gujarat
391775,Vadodara,Gujarat
391776,Vadodara,Gujarat
391780,Vadodara,Gujarat
391810,Bharuch,Gujarat
392001,Bharuch,Gujarat
392011,Bharuch,Gujarat
392012,Bharuch,Gujarat
392015,Bharuch,Gujarat
392020,Bharuch,Gujarat
392025,Bharuch,Gujarat
392030,Bharuch,Gujarat
392035,Bharuch,Gujarat
392040,Bharuch,Gujarat
392110,Bharuch,Gujarat
392130,Bharuch,Gujarat
392135,Bharuch,Gujarat
392140,Bharuch,Gujarat
392150,Bharuch,Gujarat
392155,Bharuch,Gujarat
392160,Bharuch,Gujarat
392165,Bharuch,Gujarat
392170,Bharuch,Gujarat
392180,Bharuch,Gujarat
392210,Bharuch,Gujarat
392215,Bharuch,Gujarat
392220,Bharuch,Gujarat
392220,Vadodara,Gujarat
392230,Bharuch,Gujarat
392240,Bharuch,Gujarat
392310,Vadodara,Gujarat
393001,Bharuch,Gujarat
393002,Bharuch,Gujarat
393010,Bharuch,Gujarat
393017,Bharuch,Gujarat
393020,Bharuch,Gujarat
393025,Narmada,Gujarat
393030,Bharuch,Gujarat
393040,Narmada,Gujarat
393041,Narmada,Gujarat
393050,Narmada,Gujarat
393105,Bharuch,Gujarat
393105,Vadodara,Gujarat
393110,Bharuch,Gujarat
393115,Bharuch,Gujarat
393120,Bharuch,Gujarat
393120,Narmada,Gujarat
393125,Bharuch,Gujarat
393130,Bharuch,Gujarat
393130,Narmada,Gujarat
393135,Bharuch,Gujarat
393140,Bharuch,Gujarat
393140,Narmada,Gujarat
393145,Narmada,Gujarat
393150,Narmada,Gujarat
393151,Narmada,Gujarat
394101,Surat,Gujarat
394105,Surat,Gujarat
394107,Surat,Gujarat
394110,Surat,Gujarat
394112,Surat,Gujarat
394115,Bharuch,Gujarat
394120,Bharuch,Gujarat
394125,Surat,Gujarat
394130,Surat,Gujarat
394140,Surat,Gujarat
394150,Surat,Gujarat
394155,Surat,Gujarat
394160,Surat,Gujarat
394163,Surat,Gujarat
394170,Surat,Gujarat
394180,Surat,Gujarat
394185,Surat,Gujarat
394190,Surat,Gujarat
394210,Surat,Gujarat
394221,Surat,Gujarat
394230,Surat,Gujarat
394235,Surat,Gujarat
394240,Surat,Gujarat
394245,Surat,Gujarat
394246,Surat,Gujarat
394246,Tapi,Gujarat
394248,Surat,Gujarat
394250,Surat,Gujarat
394250,Tapi,Gujarat
394270,Surat,Gujarat
394305,Surat,Gujarat
394310,Surat,Gujarat
394315,Surat,Gujarat
394317,Surat,Gujarat
394320,Surat,Gujarat
394325,Surat,Gujarat
394326,Surat,Gujarat
394327,Surat,Gujarat
394330,Surat,Gujarat
394335,Surat,Gujarat
394340,Surat,Gujarat
394340,Tapi,Gujarat
394345,Surat,Gujarat
394350,Surat,Gujarat
394352,Surat,Gujarat
394355,Surat,Gujarat
394365,Tapi,Gujarat
394370,Tapi,Gujarat
394375,Tapi,Gujarat
394380,Tapi,Gujarat
394405,Surat,Gujarat
394410,Surat,Gujarat
394421,Surat,Gujarat
394430,Surat,Gujarat
394440,Surat,Gujarat
394445,Surat,Gujarat
394510,Surat,Gujarat
394515,Surat,Gujarat
394516,Surat,Gujarat
394517,Surat,Gujarat
394518,Surat,Gujarat
394520,Surat,Gujarat
394530,Surat,Gujarat
394540,Surat,Gujarat
394550,Surat,Gujarat
394601,Surat,Gujarat
394620,Surat,Gujarat
394620,Tapi,Gujarat
394630,Tapi,Gujarat
394633,Tapi,Gujarat
394635,Tapi,Gujarat
394640,Tapi,Gujarat
394641,Tapi,Gujarat
394650,Tapi,Gujarat
394651,Surat,Gujarat
394651,Tapi,Gujarat
394652,Tapi,Gujarat
394655,Tapi,Gujarat
394660,Tapi,Gujarat
394670,Tapi,Gujarat
394680,Tapi,Gujarat
394690,Tapi,Gujarat
394710,Dang,Gujarat
394715,Dang,Gujarat
394716,Dang,Gujarat
394716,Tapi,Gujarat
394720,Dang,Gujarat
394730,Dang,Gujarat
394810,Bharuch,Gujarat
395001,Surat,Gujarat
395002,Surat,Gujarat
395003,Surat,Gujarat
395004,Surat,Gujarat
395005,Surat,Gujarat
395006,Surat,Gujarat
395007,Surat,Gujarat
395008,Surat,Gujarat
395009,Surat,Gujarat
395010,Surat,Gujarat
395011,Surat,Gujarat
395012,Surat,Gujarat
395013,Surat,Gujarat
395017,Surat,Gujarat
395023,Surat,Gujarat
396001,Valsad,Gujarat
396002,Valsad,Gujarat
396007,Valsad,Gujarat
396020,Valsad,Gujarat
396030,Valsad,Gujarat
396035,Valsad,Gujarat
396040,Navsari,Gujarat
396045,Valsad,Gujarat
396050,Valsad,Gujarat
396051,Navsari,Gujarat
396051,Valsad,Gujarat
396055,Valsad,Gujarat
396060,Navsari,Gujarat
396065,Valsad,Gujarat
396067,Valsad,Gujarat
396105,Valsad,Gujarat
396110,Navsari,Gujarat
396115,Valsad,Gujarat
396120,Valsad,Gujarat
396125,Valsad,Gujarat
396126,Valsad,Gujarat
396130,Valsad,Gujarat
396135,Valsad,Gujarat
396140,Valsad,Gujarat
396145,Valsad,Gujarat
396150,Valsad,Gujarat
396155,Valsad,Gujarat
396165,Valsad,Gujarat
396170,Valsad,Gujarat
396171,Valsad,Gujarat
396180,Valsad,Gujarat
396185,Valsad,Gujarat
396191,Valsad,Gujarat
396193,Dadra & Nagar Haveli,Dadra & Nagar Haveli And Daman & Diu
396193,Valsad,Gujarat
396195,Valsad,Gujarat
396210,Daman,Dadra & Nagar Haveli And Daman & Diu
396215,Daman,Dadra & Nagar Haveli And Daman & Diu
396215,Valsad,Gujarat
396220,Daman,Dadra & Nagar Haveli And Daman & Diu
396230,Dadra & Nagar Haveli,Dadra & Nagar Haveli And Daman & Diu
396230,Valsad,Gujarat
396235,Dadra & Nagar Haveli,Dadra & Nagar Haveli And Daman & Diu
396235,Valsad,Gujarat
396240,Dadra & Nagar Haveli,Dadra & Nagar Haveli And Daman & Diu
396240,Valsad,Gujarat
396310,Navsari,Gujarat
396321,Navsari,Gujarat
396325,Navsari,Gujarat
396350,Navsari,Gujarat
396360,Navsari,Gujarat
396370,Navsari,Gujarat
396375,Valsad,Gujarat
396380,Navsari,Gujarat
396385,Valsad,Gujarat
396403,Navsari,Gujarat
396406,Navsari,Gujarat
396409,Navsari,Gujarat
396412,Navsari,Gujarat
396415,Navsari,Gujarat
396418,Navsari,Gujarat
396421,Navsari,Gujarat
396427,Navsari,Gujarat
396430,Navsari,Gujarat
396433,Navsari,Gujarat
396436,Navsari,Gujarat
396439,Navsari,Gujarat
396445,Navsari,Gujarat
396450,Navsari,Gujarat
396460,Navsari,Gujarat
396463,Navsari,Gujarat
396466,Navsari,Gujarat
396469,Navsari,Gujarat
396472,Navsari,Gujarat
396475,Navsari,Gujarat
396510,Surat,Gujarat
396521,Navsari,Gujarat
396530,Navsari,Gujarat
396540,Navsari,Gujarat
396560,Navsari,Gujarat
396570,Navsari,Gujarat
396580,Navsari,Gujarat
396590,Navsari,Gujarat
400001,Mumbai,Maharashtra
400002,Mumbai,Maharashtra
400003,Mumbai,Maharashtra
400004,Mumbai,Maharashtra
400005,Mumbai,Maharashtra
400006,Mumbai,Maharashtra
400007,Mumbai,Maharashtra
400008,Mumbai,Maharashtra
400009,Mumbai,Maharashtra
400010,Mumbai,Maharashtra
400010,Mumbai Suburban,Maharashtra
400011,Mumbai,Maharashtra
400012,Mumbai,Maharashtra
400013,Mumbai,Maharashtra
400014,Mumbai,Maharashtra
400015,Mumbai,Maharashtra
400016,Mumbai,Maharashtra
400017,Mumbai,Maharashtra
400018,Mumbai,Maharashtra
400019,Mumbai,Maharashtra
400020,Mumbai,Maharashtra
400021,Mumbai,Maharashtra
400022,Mumbai,Maharashtra
400024,Mumbai Suburban,Maharashtra
400025,Mumbai,Maharashtra
400026,Mumbai,Maharashtra
400027,Mumbai,Maharashtra
400028,Mumbai,Maharashtra
400029,Mumbai Suburban,Maharashtra
400030,Mumbai,Maharashtra
400031,Mumbai,Maharashtra
400032,Mumbai,Maharashtra
400033,Mumbai,Maharashtra
400034,Mumbai,Maharashtra
400035,Mumbai,Maharashtra
400037,Mumbai,Maharashtra
400042,Mumbai Suburban,Maharashtra
400043,Mumbai Suburban,Maharashtra
400049,Mumbai Suburban,Maharashtra
400050,Mumbai Suburban,Maharashtra
400051,Mumbai Suburban,Maharashtra
400052,Mumbai Suburban,Maharashtra
400053,Mumbai Suburban,Maharashtra
400054,Mumbai Suburban,Maharashtra
400055,Mumbai Suburban,Maharashtra
400056,Mumbai Suburban,Maharashtra
400057,Mumbai Suburban,Maharashtra
400058,Mumbai Suburban,Maharashtra
400059,Mumbai Suburban,Maharashtra
400060,Mumbai Suburban,Maharashtra
400061,Mumbai Suburban,Maharashtra
400063,Mumbai Suburban,Maharashtra
400064,Mumbai Suburban,Maharashtra
400065,Mumbai Suburban,Maharashtra
400066,Mumbai Suburban,Maharashtra
400067,Mumbai Suburban,Maharashtra
400068,Mumbai Suburban,Maharashtra
400069,Mumbai Suburban,Maharashtra
400070,Mumbai Suburban,Maharashtra
400071,Mumbai Suburban,Maharashtra
400072,Mumbai Suburban,Maharashtra
400074,Mumbai Suburban,Maharashtra
400075,Mumbai Suburban,Maharashtra
400076,Mumbai Suburban,Maharashtra
400077,Mumbai Suburban,Maharashtra
400078,Mumbai Suburban,Maharashtra
400079,Mumbai Suburban,Maharashtra
400080,Mumbai Suburban,Maharashtra
400081,Mumbai Suburban,Maharashtra
400082,Mumbai Suburban,Maharashtra
400083,Mumbai Suburban,Maharashtra
400084,Mumbai Suburban,Maharashtra
400085,Mumbai Suburban,Maharashtra
400086,Mumbai Suburban,Maharashtra
400087,Mumbai Suburban,Maharashtra
400088,Mumbai Suburban,Maharashtra
400089,Mumbai Suburban,Maharashtra
400091,Mumbai Suburban,Maharashtra
400092,Mumbai Suburban,Maharashtra
400093,Mumbai Suburban,Maharashtra
400094,Mumbai Suburban,Maharashtra
400095,Mumbai Suburban,Maharashtra
400096,Mumbai Suburban,Maharashtra
400097,Mumbai Suburban,Maharashtra
400098,Mumbai Suburban,Maharashtra
400099,Mumbai Suburban,Maharashtra
400101,Mumbai Suburban,Maharashtra
400102,Mumbai Suburban,Maharashtra
400103,Mumbai Suburban,Maharashtra
400104,Mumbai Suburban,Maharashtra
400601,Thane,Maharashtra
400602,Thane,Maharashtra
400603,Thane,Maharashtra
400604,Thane,Maharashtra
400605,Thane,Maharashtra
400606,Thane,Maharashtra
400607,Thane,Maharashtra
400608,Thane,Maharashtra
400610,Thane,Maharashtra
400612,Thane,Maharashtra
400614,Thane,Maharashtra
400615,Thane,Maharashtra
400701,Thane,Maharashtra
400702,Raigad,Maharashtra
400703,Thane,Maharashtra
400704,Raigad,Maharashtra
400705,Thane,Maharashtra
400706,Thane,Maharashtra
400707,Raigad,Maharashtra
400708,Thane,Maharashtra
400709,Thane,Maharashtra
400710,Thane,Maharashtra
401101,Thane,Maharashtra
401102,Palghar,Maharashtra
401103,Palghar,Maharashtra
401105,Palghar,Maharashtra
401106,Thane,Maharashtra
401107,Thane,Maharashtra
401201,Palghar,Maharashtra
401202,Palghar,Maharashtra
401203,Palghar,Maharashtra
401204,Palghar,Maharashtra
401204,Thane,Maharashtra
401205,Palghar,Maharashtra
401207,Palghar,Maharashtra
401208,Palghar,Maharashtra
401209,Palghar,Maharashtra
401301,Palghar,Maharashtra
401302,Palghar,Maharashtra
401303,Palghar,Maharashtra
401304,Palghar,Maharashtra
401305,Palghar,Maharashtra
401401,Palghar,Maharashtra
401402,Palghar,Maharashtra
401403,Palghar,Maharashtra
401404,Palghar,Maharashtra
401405,Palghar,Maharashtra
401501,Palghar,Maharashtra
401502,Palghar,Maharashtra
401503,Palghar,Maharashtra
401504,Palghar,Maharashtra
401506,Palghar,Maharashtra
401601,Palghar,Maharashtra
401602,Palghar,Maharashtra
401603,Palghar,Maharashtra
401604,Palghar,Maharashtra
401605,Palghar,Maharashtra
401606,Palghar,Maharashtra
401607,Palghar,Maharashtra
401608,Palghar,Maharashtra
401701,Palghar,Maharashtra
401702,Palghar,Maharashtra
401703,Palghar,Maharashtra
402101,Raigad,Maharashtra
402102,Raigad,Maharashtra
402103,Raigad,Maharashtra
402104,Raigad,Maharashtra
402105,Raigad,Maharashtra
402106,Raigad,Maharashtra
402107,Raigad,Maharashtra
402108,Raigad,Maharashtra
402109,Raigad,Maharashtra
402110,Raigad,Maharashtra
402111,Raigad,Maharashtra
402112,Raigad,Maharashtra
402113,Raigad,Maharashtra
402114,Raigad,Maharashtra
402115,Raigad,Maharashtra
402116,Raigad,Maharashtra
402117,Raigad,Maharashtra
402120,Raigad,Maharashtra
402122,Raigad,Maharashtra
402125,Raigad,Maharashtra
402126,Raigad,Maharashtra
402201,Raigad,Maharashtra
402202,Raigad,Maharashtra
402203,Raigad,Maharashtra
402204,Raigad,Maharashtra
402207,Raigad,Maharashtra
402208,Raigad,Maharashtra
402209,Raigad,Maharashtra
402301,Raigad,Maharashtra
402302,Raigad,Maharashtra
402303,Raigad,Maharashtra
402304,Raigad,Maharashtra
402305,Raigad,Maharashtra
402306,Raigad,Maharashtra
402307,Raigad,Maharashtra
402308,Raigad,Maharashtra
402309,Raigad,Maharashtra
402401,Raigad,Maharashtra
402402,Raigad,Maharashtra
402403,Raigad,Maharashtra
402404,Raigad,Maharashtra
403001,North Goa,Goa
403002,North Goa,Goa
403004,North Goa,Goa
403005,North Goa,Goa
403006,North Goa,Goa
403101,North Goa,Goa
403102,North Goa,Goa
403103,South Goa,Goa
403104,North Goa,Goa
403105,North Goa,Goa
403106,North Goa,Goa
403107,North Goa,Goa
403107,South Goa,Goa
403108,North Goa,Goa
403109,North Goa,Goa
403110,North Goa,Goa
403114,North Goa,Goa
403115,South Goa,Goa
403201,North Goa,Goa
403202,North Goa,Goa
403203,North Goa,Goa
403204,North Goa,Goa
403206,North Goa,Goa
403401,South Goa,Goa
403402,North Goa,Goa
403403,North Goa,Goa
403404,South Goa,Goa
403406,South Goa,Goa
403409,South Goa,Goa
403410,South Goa,Goa
403501,North Goa,Goa
403502,North Goa,Goa
403503,North Goa,Goa
403504,North Goa,Goa
403505,North Goa,Goa
403506,North Goa,Goa
403507,North Goa,Goa
403508,North Goa,Goa
403509,North Goa,Goa
403510,North Goa,Goa
403511,North Goa,Goa
403512,North Goa,Goa
403513,North Goa,Goa
403515,North Goa,Goa
403516,North Goa,Goa
403517,North Goa,Goa
403521,North Goa,Goa
403523,North Goa,Goa
403524,North Goa,Goa
403525,North Goa,Goa
403526,North Goa,Goa
403527,North Goa,Goa
403529,North Goa,Goa
403530,North Goa,Goa
403601,South Goa,Goa
403602,South Goa,Goa
403701,South Goa,Goa
403702,South Goa,Goa
403703,South Goa,Goa
403704,South Goa,Goa
403705,South Goa,Goa
403706,South Goa,Goa
403707,South Goa,Goa
403708,South Goa,Goa
403709,South Goa,Goa
403710,South Goa,Goa
403711,South Goa,Goa
403712,South Goa,Goa
403713,South Goa,Goa
403714,South Goa,Goa
403715,South Goa,Goa
403716,South Goa,Goa
403717,South Goa,Goa
403718,South Goa,Goa
403719,South Goa,Goa
403720,South Goa,Goa
403721,South Goa,Goa
403722,South Goa,Goa
403723,South Goa,Goa
403724,South Goa,Goa
403725,South Goa,Goa
403726,South Goa,Goa
403728,South Goa,Goa
403729,South Goa,Goa
403731,South Goa,Goa
403801,South Goa,Goa
403802,South Goa,Goa
403803,South Goa,Goa
403804,South Goa,Goa
403806,South Goa,Goa
410101,Raigad,Maharashtra
410102,Raigad,Maharashtra
410201,Raigad,Maharashtra
410202,Raigad,Maharashtra
410203,Raigad,Maharashtra
410204,Raigad,Maharashtra
410205,Raigad,Maharashtra
410206,Raigad,Maharashtra
410207,Raigad,Maharashtra
410208,Raigad,Maharashtra
410209,Raigad,Maharashtra
410210,Raigad,Maharashtra
410216,Raigad,Maharashtra
410218,Raigad,Maharashtra
410220,Raigad,Maharashtra
410221,Raigad,Maharashtra
410222,Raigad,Maharashtra
410301,Pune,Maharashtra
410302,Pune,Maharashtra
410401,Pune,Maharashtra
410402,Pune,Maharashtra
410403,Pune,Maharashtra
410405,Pune,Maharashtra
410406,Pune,Maharashtra
410501,Palghar,Maharashtra
410501,Pune,Maharashtra
410502,Pune,Maharashtra
410503,Pune,Maharashtra
410504,Pune,Maharashtra
410505,Pune,Maharashtra
410506,Pune,Maharashtra
410507,Pune,Maharashtra
410508,Pune,Maharashtra
410509,Pune,Maharashtra
410510,Pune,Maharashtra
410511,Pune,Maharashtra
410512,Pune,Maharashtra
410513,Pune,Maharashtra
410515,Pune,Maharashtra
410516,Pune,Maharashtra
410517,Pune,Maharashtra
411001,Pune,Maharashtra
411002,Pune,Maharashtra
411003,Pune,Maharashtra
411004,Pune,Maharashtra
411005,Pune,Maharashtra
411006,Pune,Maharashtra
411007,Pune,Maharashtra
411008,Pune,Maharashtra
411009,Pune,Maharashtra
411011,Pune,Maharashtra
411012,Pune,Maharashtra
411013,Pune,Maharashtra
411014,Pune,Maharashtra
411015,Pune,Maharashtra
411016,Pune,Maharashtra
411017,Pune,Maharashtra
411018,Pune,Maharashtra
411019,Pune,Maharashtra
411020,Pune,Maharashtra
411021,Pune,Maharashtra
411022,Pune,Maharashtra
411023,Pune,Maharashtra
411024,Pune,Maharashtra
411025,Pune,Maharashtra
411026,Pune,Maharashtra
411027,Pune,Maharashtra
411028,Pune,Maharashtra
411030,Pune,Maharashtra
411031,Pune,Maharashtra
411032,Pune,Maharashtra
411033,Pune,Maharashtra
411034,Pune,Maharashtra
411035,Pune,Maharashtra
411036,Pune,Maharashtra
411037,Pune,Maharashtra
411038,Pune,Maharashtra
411039,Pune,Maharashtra
411040,Pune,Maharashtra
411041,Pune,Maharashtra
411042,Pune,Maharashtra
411043,Pune,Maharashtra
411044,Pune,Maharashtra
411045,Pune,Maharashtra
411046,Pune,Maharashtra
411047,Pune,Maharashtra
411048,Pune,Maharashtra
411051,Pune,Maharashtra
411052,Pune,Maharashtra
411057,Pune,Maharashtra
411058,Pune,Maharashtra
411060,Pune,Maharashtra
411061,Pune,Maharashtra
411062,Pune,Maharashtra
411067,Pune,Maharashtra
411068,Pune,Maharashtra
411069,Pune,Maharashtra
411070,Pune,Maharashtra
411071,Pune,Maharashtra
411073,Pune,Maharashtra
411081,Pune,Maharashtra
412101,Pune,Maharashtra
412102,Pune,Maharashtra
412103,Pune,Maharashtra
412104,Pune,Maharashtra
412105,Pune,Maharashtra
412106,Pune,Maharashtra
412107,Pune,Maharashtra
412108,Pune,Maharashtra
412109,Pune,Maharashtra
412110,Pune,Maharashtra
412112,Pune,Maharashtra
412115,Pune,Maharashtra
412201,Pune,Maharashtra
412202,Pune,Maharashtra
412203,Pune,Maharashtra
412204,Pune,Maharashtra
412205,Pune,Maharashtra
412206,Pune,Maharashtra
412206,Satara,Maharashtra
412207,Pune,Maharashtra
412208,Pune,Maharashtra
412209,Pune,Maharashtra
412210,Pune,Maharashtra
412211,Pune,Maharashtra
412212,Pune,Maharashtra
412213,Pune,Maharashtra
412214,Pune,Maharashtra
412215,Pune,Maharashtra
412216,Pune,Maharashtra
412218,Pune,Maharashtra
412219,Pune,Maharashtra
412220,Pune,Maharashtra
412301,Pune,Maharashtra
412303,Pune,Maharashtra
412304,Pune,Maharashtra
412305,Pune,Maharashtra
412306,Pune,Maharashtra
412307,Pune,Maharashtra
412308,Pune,Maharashtra
412311,Pune,Maharashtra
412312,Pune,Maharashtra
412401,Pune,Maharashtra
412402,Pune,Maharashtra
412403,Pune,Maharashtra
412404,Pune,Maharashtra
412405,Pune,Maharashtra
412406,Pune,Maharashtra
412408,Pune,Maharashtra
412409,Pune,Maharashtra
412410,Pune,Maharashtra
412411,Pune,Maharashtra
412412,Pune,Maharashtra
412801,Satara,Maharashtra
412802,Satara,Maharashtra
412803,Satara,Maharashtra
412804,Satara,Maharashtra
412805,Satara,Maharashtra
412806,Satara,Maharashtra
413001,Solapur,Maharashtra
413002,Solapur,Maharashtra
413003,Solapur,Maharashtra
413004,Solapur,Maharashtra
413005,Solapur,Maharashtra
413006,Solapur,Maharashtra
413007,Solapur,Maharashtra
413008,Solapur,Maharashtra
413101,Solapur,Maharashtra
413102,Pune,Maharashtra
413103,Pune,Maharashtra
413104,Pune,Maharashtra
413105,Pune,Maharashtra
413106,Pune,Maharashtra
413107,Solapur,Maharashtra
413108,Solapur,Maharashtra
413109,Solapur,Maharashtra
413110,Pune,Maharashtra
413111,Solapur,Maharashtra
413112,Solapur,Maharashtra
413113,Solapur,Maharashtra
413114,Pune,Maharashtra
413115,Pune,Maharashtra
413116,Pune,Maharashtra
413118,Solapur,Maharashtra
413120,Pune,Maharashtra
413130,Pune,Maharashtra
413132,Pune,Maharashtra
413133,Pune,Maharashtra
413201,Ahmednagar,Maharashtra
413202,Solapur,Maharashtra
413203,Solapur,Maharashtra
413204,Ahmednagar,Maharashtra
413205,Ahmednagar,Maharashtra
413206,Solapur,Maharashtra
413207,Beed,Maharashtra
413208,Solapur,Maharashtra
413209,Solapur,Maharashtra
413210,Solapur,Maharashtra
413211,Pune,Maharashtra
413211,Solapur,Maharashtra
413212,Solapur,Maharashtra
413213,Solapur,Maharashtra
413214,Solapur,Maharashtra
413215,Solapur,Maharashtra
413216,Solapur,Maharashtra
413217,Solapur,Maharashtra
413218,Solapur,Maharashtra
413219,Solapur,Maharashtra
413220,Solapur,Maharashtra
413221,Solapur,Maharashtra
413222,Solapur,Maharashtra
413223,Solapur,Maharashtra
413224,Solapur,Maharashtra
413226,Solapur,Maharashtra
413227,Solapur,Maharashtra
413228,Solapur,Maharashtra
413229,Beed,Maharashtra
413248,Solapur,Maharashtra
413249,Beed,Maharashtra
413250,Solapur,Maharashtra
413251,Solapur,Maharashtra
413252,Solapur,Maharashtra
413253,Solapur,Maharashtra
413255,Solapur,Maharashtra
413301,Solapur,Maharashtra
413302,Solapur,Maharashtra
413303,Solapur,Maharashtra
413304,Solapur,Maharashtra
413305,Solapur,Maharashtra
413306,Solapur,Maharashtra
413307,Solapur,Maharashtra
413308,Solapur,Maharashtra
413309,Solapur,Maharashtra
413310,Solapur,Maharashtra
413314,Solapur,Maharashtra
413315,Solapur,Maharashtra
413317,Solapur,Maharashtra
413319,Solapur,Maharashtra
413322,Solapur,Maharashtra
413324,Solapur,Maharashtra
413401,Solapur,Maharashtra
413402,Solapur,Maharashtra
413403,Solapur,Maharashtra
413404,Solapur,Maharashtra
413405,Osmanabad,Maharashtra
413406,Solapur,Maharashtra
413409,Solapur,Maharashtra
413410,Solapur,Maharashtra
413411,Solapur,Maharashtra
413412,Solapur,Maharashtra
413501,Osmanabad,Maharashtra
413502,Osmanabad,Maharashtra
413503,Osmanabad,Maharashtra
413504,Osmanabad,Maharashtra
413505,Osmanabad,Maharashtra
413506,Osmanabad,Maharashtra
413507,Osmanabad,Maharashtra
413508,Osmanabad,Maharashtra
413509,Osmanabad,Maharashtra
413510,Latur,Maharashtra
413510,Osmanabad,Maharashtra
413511,Latur,Maharashtra
413512,Latur,Maharashtra
413513,Latur,Maharashtra
413514,Latur,Maharashtra
413515,Latur,Maharashtra
413516,Latur,Maharashtra
413517,Latur,Maharashtra
413518,Latur,Maharashtra
413519,Latur,Maharashtra
413520,Latur,Maharashtra
413521,Latur,Maharashtra
413522,Latur,Maharashtra
413523,Latur,Maharashtra
413524,Latur,Maharashtra
413525,Osmanabad,Maharashtra
413526,Osmanabad,Maharashtra
413527,Latur,Maharashtra
413528,Osmanabad,Maharashtra
413529,Latur,Maharashtra
413530,Latur,Maharashtra
413531,Latur,Maharashtra
413532,Latur,Maharashtra
413534,Osmanabad,Maharashtra
413544,Latur,Maharashtra
413581,Latur,Maharashtra
413582,Osmanabad,Maharashtra
413601,Osmanabad,Maharashtra
413602,Osmanabad,Maharashtra
413603,Osmanabad,Maharashtra
413604,Osmanabad,Maharashtra
413605,Osmanabad,Maharashtra
413606,Osmanabad,Maharashtra
413607,Latur,Maharashtra
413608,Osmanabad,Maharashtra
413623,Osmanabad,Maharashtra
413624,Osmanabad,Maharashtra
413625,Osmanabad,Maharashtra
413626,Osmanabad,Maharashtra
413701,Ahmednagar,Maharashtra
413702,Ahmednagar,Maharashtra
413703,Ahmednagar,Maharashtra
413704,Ahmednagar,Maharashtra
413705,Ahmednagar,Maharashtra
413706,Ahmednagar,Maharashtra
413707,Ahmednagar,Maharashtra
413708,Ahmednagar,Maharashtra
413709,Ahmednagar,Maharashtra
413710,Ahmednagar,Maharashtra
413711,Ahmednagar,Maharashtra
413712,Ahmednagar,Maharashtra
413713,Ahmednagar,Maharashtra
413714,Ahmednagar,Maharashtra
413715,Ahmednagar,Maharashtra
413716,Ahmednagar,Maharashtra
413717,Ahmednagar,Maharashtra
413718,Ahmednagar,Maharashtra
413719,Ahmednagar,Maharashtra
413720,Ahmednagar,Maharashtra
413721,Ahmednagar,Maharashtra
413722,Ahmednagar,Maharashtra
413723,Ahmednagar,Maharashtra
413725,Ahmednagar,Maharashtra
413726,Ahmednagar,Maharashtra
413728,Ahmednagar,Maharashtra
413736,Ahmednagar,Maharashtra
413737,Ahmednagar,Maharashtra
413738,Ahmednagar,Maharashtra
413739,Ahmednagar,Maharashtra
413801,Pune,Maharashtra
413802,Pune,Maharashtra
414001,Ahmednagar,Maharashtra
414002,Ahmednagar,Maharashtra
414003,Ahmednagar,Maharashtra
414005,Ahmednagar,Maharashtra
414006,Ahmednagar,Maharashtra
414101,Ahmednagar,Maharashtra
414102,Ahmednagar,Maharashtra
414103,Ahmednagar,Maharashtra
414105,Ahmednagar,Maharashtra
414106,Ahmednagar,Maharashtra
414110,Ahmednagar,Maharashtra
414111,Ahmednagar,Maharashtra
414113,Ahmednagar,Maharashtra
414201,Ahmednagar,Maharashtra
414202,Beed,Maharashtra
414203,Beed,Maharashtra
414204,Beed,Maharashtra
414205,Beed,Maharashtra
414208,Beed,Maharashtra
414301,Ahmednagar,Maharashtra
414302,Ahmednagar,Maharashtra
414303,Ahmednagar,Maharashtra
414304,Ahmednagar,Maharashtra
414305,Ahmednagar,Maharashtra
414306,Ahmednagar,Maharashtra
414401,Ahmednagar,Maharashtra
414402,Ahmednagar,Maharashtra
414403,Ahmednagar,Maharashtra
414501,Ahmednagar,Maharashtra
414502,Ahmednagar,Maharashtra
414503,Ahmednagar,Maharashtra
414504,Ahmednagar,Maharashtra
414505,Ahmednagar,Maharashtra
414601,Ahmednagar,Maharashtra
414602,Ahmednagar,Maharashtra
414603,Ahmednagar,Maharashtra
414604,Ahmednagar,Maharashtra
414605,Ahmednagar,Maharashtra
414606,Ahmednagar,Maharashtra
414607,Ahmednagar,Maharashtra
414609,Ahmednagar,Maharashtra
414701,Ahmednagar,Maharashtra
415001,Satara,Maharashtra
415002,Satara,Maharashtra
415003,Satara,Maharashtra
415004,Satara,Maharashtra
415010,Satara,Maharashtra
415011,Satara,Maharashtra
415012,Satara,Maharashtra
415013,Satara,Maharashtra
415014,Satara,Maharashtra
415015,Satara,Maharashtra
415019,Satara,Maharashtra
415020,Satara,Maharashtra
415021,Satara,Maharashtra
415022,Satara,Maharashtra
415023,Satara,Maharashtra
415101,Kolhapur,Maharashtra
415102,Satara,Maharashtra
415103,Satara,Maharashtra
415104,Satara,Maharashtra
415105,Satara,Maharashtra
415106,Satara,Maharashtra
415107,Satara,Maharashtra
415108,Satara,Maharashtra
415109,Satara,Maharashtra
415110,Satara,Maharashtra
415111,Satara,Maharashtra
415112,Satara,Maharashtra
415114,Satara,Maharashtra
415115,Satara,Maharashtra
415116,Satara,Maharashtra
415122,Satara,Maharashtra
415124,Satara,Maharashtra
415202,Ratnagiri,Maharashtra
415203,Ratnagiri,Maharashtra
415205,Satara,Maharashtra
415206,Satara,Maharashtra
415207,Satara,Maharashtra
415208,Ratnagiri,Maharashtra
415209,Satara,Maharashtra
415211,Satara,Maharashtra
415212,Satara,Maharashtra
415213,Raigad,Maharashtra
415214,Ratnagiri,Maharashtra
415301,Sangli,Maharashtra
415302,Sangli,Maharashtra
415303,Sangli,Maharashtra
415304,Sangli,Maharashtra
415305,Sangli,Maharashtra
415306,Sangli,Maharashtra
415307,Sangli,Maharashtra
415308,Sangli,Maharashtra
415309,Sangli,Maharashtra
415310,Sangli,Maharashtra
415311,Sangli,Maharashtra
415312,Satara,Maharashtra
415313,Sangli,Maharashtra
415315,Sangli,Maharashtra
415401,Sangli,Maharashtra
415402,Sangli,Maharashtra
415403,Sangli,Maharashtra
415404,Sangli,Maharashtra
415405,Sangli,Maharashtra
415406,Sangli,Maharashtra
415407,Sangli,Maharashtra
415408,Sangli,Maharashtra
415409,Sangli,Maharashtra
415410,Sangli,Maharashtra
415411,Sangli,Maharashtra
415412,Sangli,Maharashtra
415413,Sangli,Maharashtra
415414,Sangli,Maharashtra
415415,Sangli,Maharashtra
415418,Sangli,Maharashtra
415501,Satara,Maharashtra
415502,Satara,Maharashtra
415503,Satara,Maharashtra
415504,Satara,Maharashtra
415505,Satara,Maharashtra
415506,Satara,Maharashtra
415507,Satara,Maharashtra
415508,Satara,Maharashtra
415509,Satara,Maharashtra
415510,Satara,Maharashtra
415511,Satara,Maharashtra
415512,Satara,Maharashtra
415513,Satara,Maharashtra
415514,Satara,Maharashtra
415515,Satara,Maharashtra
415516,Satara,Maharashtra
415517,Satara,Maharashtra
415518,Satara,Maharashtra
415519,Satara,Maharashtra
415520,Satara,Maharashtra
415521,Satara,Maharashtra
415522,Satara,Maharashtra
415523,Satara,Maharashtra
415524,Satara,Maharashtra
415525,Satara,Maharashtra
415526,Satara,Maharashtra
415527,Satara,Maharashtra
415528,Satara,Maharashtra
415530,Satara,Maharashtra
415536,Satara,Maharashtra
415537,Satara,Maharashtra
415538,Satara,Maharashtra
415539,Satara,Maharashtra
415540,Satara,Maharashtra
415601,Ratnagiri,Maharashtra
415602,Ratnagiri,Maharashtra
415603,Ratnagiri,Maharashtra
415604,Ratnagiri,Maharashtra
415605,Ratnagiri,Maharashtra
415606,Ratnagiri,Maharashtra
415607,Ratnagiri,Maharashtra
415608,Ratnagiri,Maharashtra
415609,Ratnagiri,Maharashtra
415610,Ratnagiri,Maharashtra
415611,Ratnagiri,Maharashtra
415612,Ratnagiri,Maharashtra
415613,Ratnagiri,Maharashtra
415614,Ratnagiri,Maharashtra
415615,Ratnagiri,Maharashtra
415616,Ratnagiri,Maharashtra
415617,Ratnagiri,Maharashtra
415619,Ratnagiri,Maharashtra
415620,Ratnagiri,Maharashtra
415621,Ratnagiri,Maharashtra
415626,Ratnagiri,Maharashtra
415628,Ratnagiri,Maharashtra
415629,Ratnagiri,Maharashtra
415634,Ratnagiri,Maharashtra
415637,Ratnagiri,Maharashtra
415639,Ratnagiri,Maharashtra
415640,Ratnagiri,Maharashtra
415641,Ratnagiri,Maharashtra
415643,Ratnagiri,Maharashtra
415701,Ratnagiri,Maharashtra
415702,Ratnagiri,Maharashtra
415703,Ratnagiri,Maharashtra
415705,Ratnagiri,Maharashtra
415706,Ratnagiri,Maharashtra
415708,Ratnagiri,Maharashtra
415709,Ratnagiri,Maharashtra
415710,Ratnagiri,Maharashtra
415711,Ratnagiri,Maharashtra
415712,Ratnagiri,Maharashtra
415713,Ratnagiri,Maharashtra
415714,Ratnagiri,Maharashtra
415715,Ratnagiri,Maharashtra
415716,Ratnagiri,Maharashtra
415717,Ratnagiri,Maharashtra
415718,Ratnagiri,Maharashtra
415719,Ratnagiri,Maharashtra
415720,Ratnagiri,Maharashtra
415722,Ratnagiri,Maharashtra
415724,Ratnagiri,Maharashtra
415726,Ratnagiri,Maharashtra
415727,Ratnagiri,Maharashtra
415728,Ratnagiri,Maharashtra
415729,Ratnagiri,Maharashtra
415730,Ratnagiri,Maharashtra
415801,Ratnagiri,Maharashtra
415802,Ratnagiri,Maharashtra
415803,Ratnagiri,Maharashtra
415804,Ratnagiri,Maharashtra
415805,Ratnagiri,Maharashtra
415806,Ratnagiri,Maharashtra
415807,Ratnagiri,Maharashtra
416001,Kolhapur,Maharashtra
416002,Kolhapur,Maharashtra
416003,Kolhapur,Maharashtra
416004,Kolhapur,Maharashtra
416005,Kolhapur,Maharashtra
416006,Kolhapur,Maharashtra
416007,Kolhapur,Maharashtra
416008,Kolhapur,Maharashtra
416010,Kolhapur,Maharashtra
416011,Kolhapur,Maharashtra
416012,Kolhapur,Maharashtra
416013,Kolhapur,Maharashtra
416101,Kolhapur,Maharashtra
416102,Kolhapur,Maharashtra
416103,Kolhapur,Maharashtra
416104,Kolhapur,Maharashtra
416105,Kolhapur,Maharashtra
416106,Kolhapur,Maharashtra
416107,Kolhapur,Maharashtra
416108,Kolhapur,Maharashtra
416109,Kolhapur,Maharashtra
416110,Kolhapur,Maharashtra
416111,Kolhapur,Maharashtra
416112,Kolhapur,Maharashtra
416113,Kolhapur,Maharashtra
416114,Kolhapur,Maharashtra
416115,Kolhapur,Maharashtra
416116,Kolhapur,Maharashtra
416118,Kolhapur,Maharashtra
416119,Kolhapur,Maharashtra
416120,Kolhapur,Maharashtra
416121,Kolhapur,Maharashtra
416122,Kolhapur,Maharashtra
416138,Kolhapur,Maharashtra
416143,Kolhapur,Maharashtra
416144,Kolhapur,Maharashtra
416146,Kolhapur,Maharashtra
416201,Kolhapur,Maharashtra
416202,Kolhapur,Maharashtra
416203,Kolhapur,Maharashtra
416204,Kolhapur,Maharashtra
416205,Kolhapur,Maharashtra
416206,Kolhapur,Maharashtra
416207,Kolhapur,Maharashtra
416208,Kolhapur,Maharashtra
416209,Kolhapur,Maharashtra
416210,Kolhapur,Maharashtra
416211,Kolhapur,Maharashtra
416212,Kolhapur,Maharashtra
416213,Kolhapur,Maharashtra
416214,Kolhapur,Maharashtra
416215,Kolhapur,Maharashtra
416216,Kolhapur,Maharashtra
416218,Kolhapur,Maharashtra
416219,Kolhapur,Maharashtra
416220,Kolhapur,Maharashtra
416221,Kolhapur,Maharashtra
416223,Kolhapur,Maharashtra
416229,Kolhapur,Maharashtra
416230,Kolhapur,Maharashtra
416231,Kolhapur,Maharashtra
416232,Kolhapur,Maharashtra
416234,Kolhapur,Maharashtra
416235,Kolhapur,Maharashtra
416236,Kolhapur,Maharashtra
416301,Sangli,Maharashtra
416302,Sangli,Maharashtra
416303,Sangli,Maharashtra
416304,Sangli,Maharashtra
416305,Sangli,Maharashtra
416306,Sangli,Maharashtra
416307,Sangli,Maharashtra
416308,Sangli,Maharashtra
416309,Sangli,Maharashtra
416310,Sangli,Maharashtra
416311,Sangli,Maharashtra
416312,Sangli,Maharashtra
416313,Sangli,Maharashtra
416314,Sangli,Maharashtra
416315,Sangli,Maharashtra
416316,Sangli,Maharashtra
416317,Sangli,Maharashtra
416401,Sangli,Maharashtra
416402,Sangli,Maharashtra
416403,Sangli,Maharashtra
416404,Sangli,Maharashtra
416405,Sangli,Maharashtra
416406,Sangli,Maharashtra
416407,Sangli,Maharashtra
416408,Sangli,Maharashtra
416409,Sangli,Maharashtra
416410,Sangli,Maharashtra
416411,Sangli,Maharashtra
416412,Sangli,Maharashtra
416413,Sangli,Maharashtra
416414,Sangli,Maharashtra
416415,Sangli,Maharashtra
416416,Sangli,Maharashtra
416417,Sangli,Maharashtra
416418,Sangli,Maharashtra
416419,Sangli,Maharashtra
416420,Sangli,Maharashtra
416429,Sangli,Maharashtra
416436,Sangli,Maharashtra
416437,Sangli,Maharashtra
416501,Kolhapur,Maharashtra
416502,Kolhapur,Maharashtra
416503,Kolhapur,Maharashtra
416504,Kolhapur,Maharashtra
416505,Kolhapur,Maharashtra
416506,Kolhapur,Maharashtra
416507,Kolhapur,Maharashtra
416508,Kolhapur,Maharashtra
416509,Kolhapur,Maharashtra
416510,Sindhudurg,Maharashtra
416511,Sindhudurg,Maharashtra
416512,Sindhudurg,Maharashtra
416513,Sindhudurg,Maharashtra
416514,Sindhudurg,Maharashtra
416515,Sindhudurg,Maharashtra
416516,Sindhudurg,Maharashtra
416517,Sindhudurg,Maharashtra
416518,Sindhudurg,Maharashtra
416519,Sindhudurg,Maharashtra
416520,Sindhudurg,Maharashtra
416521,Sindhudurg,Maharashtra
416522,Sindhudurg,Maharashtra
416523,Sindhudurg,Maharashtra
416524,Sindhudurg,Maharashtra
416525,Sindhudurg,Maharashtra
416526,Kolhapur,Maharashtra
416527,Kolhapur,Maharashtra
416528,Sindhudurg,Maharashtra
416529,Sindhudurg,Maharashtra
416531,Sindhudurg,Maharashtra
416534,Sindhudurg,Maharashtra
416549,Sindhudurg,Maharashtra
416550,Sindhudurg,Maharashtra
416551,Kolhapur,Maharashtra
416552,Kolhapur,Maharashtra
416601,Sindhudurg,Maharashtra
416602,Sindhudurg,Maharashtra
416603,Sindhudurg,Maharashtra
416604,Sindhudurg,Maharashtra
416605,Sindhudurg,Maharashtra
416606,Sindhudurg,Maharashtra
416608,Sindhudurg,Maharashtra
416609,Sindhudurg,Maharashtra
416610,Sindhudurg,Maharashtra
416611,Sindhudurg,Maharashtra
416612,Sindhudurg,Maharashtra
416613,Sindhudurg,Maharashtra
416614,Sindhudurg,Maharashtra
416615,Sindhudurg,Maharashtra
416616,Sindhudurg,Maharashtra
416620,Sindhudurg,Maharashtra
416623,Sindhudurg,Maharashtra
416626,Sindhudurg,Maharashtra
416628,Sindhudurg,Maharashtra
416630,Sindhudurg,Maharashtra
416632,Sindhudurg,Maharashtra
416701,Ratnagiri,Maharashtra
416702,Ratnagiri,Maharashtra
416703,Sindhudurg,Maharashtra
416704,Ratnagiri,Maharashtra
416705,Ratnagiri,Maharashtra
416707,Ratnagiri,Maharashtra
416709,Ratnagiri,Maharashtra
416712,Ratnagiri,Maharashtra
416713,Ratnagiri,Maharashtra
416801,Sindhudurg,Maharashtra
416803,Sindhudurg,Maharashtra
416804,Sindhudurg,Maharashtra
416805,Sindhudurg,Maharashtra
416806,Sindhudurg,Maharashtra
416807,Sindhudurg,Maharashtra
416810,Sindhudurg,Maharashtra
416811,Sindhudurg,Maharashtra
416812,Sindhudurg,Maharashtra
416813,Sindhudurg,Maharashtra
421002,Thane,Maharashtra
421004,Thane,Maharashtra
421005,Thane,Maharashtra
421101,Thane,Maharashtra
421102,Thane,Maharashtra
421103,Thane,Maharashtra
421201,Thane,Maharashtra
421202,Thane,Maharashtra
421203,Thane,Maharashtra
421204,Thane,Maharashtra
421301,Thane,Maharashtra
421302,Thane,Maharashtra
421303,Palghar,Maharashtra
421305,Thane,Maharashtra
421306,Thane,Maharashtra
421308,Thane,Maharashtra
421311,Thane,Maharashtra
421312,Palghar,Maharashtra
421401,Thane,Maharashtra
421402,Thane,Maharashtra
421403,Thane,Maharashtra
421501,Thane,Maharashtra
421502,Thane,Maharashtra
421503,Thane,Maharashtra
421505,Thane,Maharashtra
421506,Thane,Maharashtra
421601,Thane,Maharashtra
421602,Thane,Maharashtra
421603,Thane,Maharashtra
421605,Thane,Maharashtra
422001,Nashik,Maharashtra
422002,Nashik,Maharashtra
422003,Nashik,Maharashtra
422004,Nashik,Maharashtra
422005,Nashik,Maharashtra
422006,Nashik,Maharashtra
422007,Nashik,Maharashtra
422008,Nashik,Maharashtra
422009,Nashik,Maharashtra
422010,Nashik,Maharashtra
422011,Nashik,Maharashtra
422012,Nashik,Maharashtra
422013,Nashik,Maharashtra
422101,Nashik,Maharashtra
422102,Nashik,Maharashtra
422103,Nashik,Maharashtra
422104,Nashik,Maharashtra
422105,Nashik,Maharashtra
422112,Nashik,Maharashtra
422113,Nashik,Maharashtra
422201,Nashik,Maharashtra
422202,Nashik,Maharashtra
422203,Nashik,Maharashtra
422204,Nashik,Maharashtra
422205,Nashik,Maharashtra
422206,Nashik,Maharashtra
422207,Nashik,Maharashtra
422208,Nashik,Maharashtra
422209,Nashik,Maharashtra
422210,Nashik,Maharashtra
422211,Nashik,Maharashtra
422212,Nashik,Maharashtra
422213,Nashik,Maharashtra
422214,Nashik,Maharashtra
422215,Nashik,Maharashtra
422221,Nashik,Maharashtra
422222,Nashik,Maharashtra
422301,Nashik,Maharashtra
422302,Nashik,Maharashtra
422303,Nashik,Maharashtra
422304,Nashik,Maharashtra
422305,Nashik,Maharashtra
422306,Nashik,Maharashtra
422308,Nashik,Maharashtra
422401,Nashik,Maharashtra
422402,Nashik,Maharashtra
422403,Nashik,Maharashtra
422501,Nashik,Maharashtra
422502,Nashik,Maharashtra
422601,Ahmednagar,Maharashtra
422602,Ahmednagar,Maharashtra
422603,Ahmednagar,Maharashtra
422604,Ahmednagar,Maharashtra
422605,Ahmednagar,Maharashtra
422606,Nashik,Maharashtra
422608,Ahmednagar,Maharashtra
422610,Ahmednagar,Maharashtra
422611,Ahmednagar,Maharashtra
422620,Ahmednagar,Maharashtra
422622,Ahmednagar,Maharashtra
423101,Nashik,Maharashtra
423102,Nashik,Maharashtra
423104,Nashik,Maharashtra
423105,Nashik,Maharashtra
423106,Nashik,Maharashtra
423107,Ahmednagar,Maharashtra
423108,Nashik,Maharashtra
423109,Ahmednagar,Maharashtra
423110,Nashik,Maharashtra
423111,Nashik,Maharashtra
423117,Nashik,Maharashtra
423201,Nashik,Maharashtra
423202,Nashik,Maharashtra
423203,Nashik,Maharashtra
423204,Nashik,Maharashtra
423205,Nashik,Maharashtra
423206,Nashik,Maharashtra
423208,Nashik,Maharashtra
423212,Nashik,Maharashtra
423213,Nashik,Maharashtra
423301,Nashik,Maharashtra
423302,Nashik,Maharashtra
423303,Nashik,Maharashtra
423401,Nashik,Maharashtra
423402,Nashik,Maharashtra
423403,Nashik,Maharashtra
423501,Nashik,Maharashtra
423502,Nashik,Maharashtra
423601,Ahmednagar,Maharashtra
423602,Ahmednagar,Maharashtra
423603,Ahmednagar,Maharashtra
423604,Ahmednagar,Maharashtra
423605,Ahmednagar,Maharashtra
423607,Ahmednagar,Maharashtra
423701,Aurangabad,Maharashtra
423702,Aurangabad,Maharashtra
423703,Aurangabad,Maharashtra
424001,Dhule,Maharashtra
424002,Dhule,Maharashtra
424004,Dhule,Maharashtra
424005,Dhule,Maharashtra
424006,Dhule,Maharashtra
424101,Jalgaon,Maharashtra
424102,Jalgaon,Maharashtra
424103,Jalgaon,Maharashtra
424104,Jalgaon,Maharashtra
424105,Jalgaon,Maharashtra
424106,Jalgaon,Maharashtra
424107,Jalgaon,Maharashtra
424108,Jalgaon,Maharashtra
424109,Nashik,Maharashtra
424119,Jalgaon,Maharashtra
424201,Jalgaon,Maharashtra
424202,Jalgaon,Maharashtra
424203,Jalgaon,Maharashtra
424204,Jalgaon,Maharashtra
424205,Jalgaon,Maharashtra
424206,Jalgaon,Maharashtra
424207,Jalgaon,Maharashtra
424208,Jalgaon,Maharashtra
424301,Dhule,Maharashtra
424302,Dhule,Maharashtra
424303,Dhule,Maharashtra
424304,Dhule,Maharashtra
424305,Dhule,Maharashtra
424306,Dhule,Maharashtra
424307,Dhule,Maharashtra
424308,Dhule,Maharashtra
424309,Dhule,Maharashtra
424310,Dhule,Maharashtra
424311,Dhule,Maharashtra
424318,Dhule,Maharashtra
425001,Jalgaon,Maharashtra
425002,Jalgaon,Maharashtra
425003,Jalgaon,Maharashtra
425004,Jalgaon,Maharashtra
425101,Jalgaon,Maharashtra
425102,Jalgaon,Maharashtra
425103,Jalgaon,Maharashtra
425104,Jalgaon,Maharashtra
425105,Jalgaon,Maharashtra
425107,Jalgaon,Maharashtra
425108,Jalgaon,Maharashtra
425109,Jalgaon,Maharashtra
425110,Jalgaon,Maharashtra
425111,Jalgaon,Maharashtra
425112,Jalgaon,Maharashtra
425113,Jalgaon,Maharashtra
425114,Jalgaon,Maharashtra
425115,Jalgaon,Maharashtra
425116,Jalgaon,Maharashtra
425201,Jalgaon,Maharashtra
425203,Jalgaon,Maharashtra
425301,Jalgaon,Maharashtra
425302,Jalgaon,Maharashtra
425303,Jalgaon,Maharashtra
425304,Jalgaon,Maharashtra
425305,Jalgaon,Maharashtra
425306,Jalgaon,Maharashtra
425307,Jalgaon,Maharashtra
425308,Jalgaon,Maharashtra
425309,Jalgaon,Maharashtra
425310,Jalgaon,Maharashtra
425311,Jalgaon,Maharashtra
425314,Jalgaon,Maharashtra
425327,Jalgaon,Maharashtra
425401,Jalgaon,Maharashtra
425402,Jalgaon,Maharashtra
425403,Dhule,Maharashtra
425404,Dhule,Maharashtra
425405,Dhule,Maharashtra
425406,Dhule,Maharashtra
425407,Dhule,Maharashtra
425408,Dhule,Maharashtra
425408,Nandurbar,Maharashtra
425409,Nandurbar,Maharashtra
425410,Nandurbar,Maharashtra
425411,Nandurbar,Maharashtra
425412,Nandurbar,Maharashtra
425413,Nandurbar,Maharashtra
425414,Nandurbar,Maharashtra
425415,Nandurbar,Maharashtra
425416,Nandurbar,Maharashtra
425417,Nandurbar,Maharashtra
425418,Nandurbar,Maharashtra
425419,Nandurbar,Maharashtra
425420,Jalgaon,Maharashtra
425421,Dhule,Maharashtra
425422,Nandurbar,Maharashtra
425423,Nandurbar,Maharashtra
425424,Nandurbar,Maharashtra
425426,Nandurbar,Maharashtra
425427,Dhule,Maharashtra
425428,Dhule,Maharashtra
425432,Nandurbar,Maharashtra
425442,Nandurbar,Maharashtra
425444,Nandurbar,Maharashtra
425452,Nandurbar,Maharashtra
425501,Jalgaon,Maharashtra
425502,Jalgaon,Maharashtra
425503,Jalgaon,Maharashtra
425504,Jalgaon,Maharashtra
425505,Jalgaon,Maharashtra
425506,Jalgaon,Maharashtra
425507,Jalgaon,Maharashtra
425508,Jalgaon,Maharashtra
425524,Jalgaon,Maharashtra
431001,Aurangabad,Maharashtra
431002,Aurangabad,Maharashtra
431003,Aurangabad,Maharashtra
431004,Aurangabad,Maharashtra
431005,Aurangabad,Maharashtra
431006,Aurangabad,Maharashtra
431007,Aurangabad,Maharashtra
431008,Aurangabad,Maharashtra
431009,Aurangabad,Maharashtra
431010,Aurangabad,Maharashtra
431011,Aurangabad,Maharashtra
431101,Aurangabad,Maharashtra
431102,Aurangabad,Maharashtra
431103,Aurangabad,Maharashtra
431104,Aurangabad,Maharashtra
431105,Aurangabad,Maharashtra
431107,Aurangabad,Maharashtra
431109,Aurangabad,Maharashtra
431110,Aurangabad,Maharashtra
431111,Aurangabad,Maharashtra
431112,Aurangabad,Maharashtra
431112,Jalna,Maharashtra
431113,Aurangabad,Maharashtra
431114,Jalna,Maharashtra
431115,Aurangabad,Maharashtra
431116,Aurangabad,Maharashtra
431117,Aurangabad,Maharashtra
431118,Aurangabad,Maharashtra
431120,Aurangabad,Maharashtra
431121,Aurangabad,Maharashtra
431121,Jalna,Maharashtra
431122,Beed,Maharashtra
431123,Beed,Maharashtra
431124,Beed,Maharashtra
431125,Beed,Maharashtra
431126,Beed,Maharashtra
431127,Beed,Maharashtra
431128,Beed,Maharashtra
431129,Beed,Maharashtra
431130,Beed,Maharashtra
431131,Beed,Maharashtra
431132,Aurangabad,Maharashtra
431132,Jalna,Maharashtra
431133,Aurangabad,Maharashtra
431134,Aurangabad,Maharashtra
431134,Jalna,Maharashtra
431135,Aurangabad,Maharashtra
431135,Jalna,Maharashtra
431136,Aurangabad,Maharashtra
431137,Aurangabad,Maharashtra
431137,Jalna,Maharashtra
431142,Beed,Maharashtra
431143,Beed,Maharashtra
431144,Beed,Maharashtra
431147,Aurangabad,Maharashtra
431148,Aurangabad,Maharashtra
431150,Aurangabad,Maharashtra
431151,Aurangabad,Maharashtra
431152,Aurangabad,Maharashtra
431153,Beed,Maharashtra
431154,Aurangabad,Maharashtra
431154,Jalna,Maharashtra
431202,Jalna,Maharashtra
431203,Jalna,Maharashtra
431204,Jalna,Maharashtra
431205,Jalna,Maharashtra
431206,Jalna,Maharashtra
431207,Jalna,Maharashtra
431208,Jalna,Maharashtra
431209,Jalna,Maharashtra
431211,Jalna,Maharashtra
431212,Jalna,Maharashtra
431213,Jalna,Maharashtra
431214,Jalna,Maharashtra
431215,Aurangabad,Maharashtra
431215,Jalna,Maharashtra
431401,Parbhani,Maharashtra
431402,Parbhani,Maharashtra
431501,Jalna,Maharashtra
431502,Jalna,Maharashtra
431503,Jalna,Maharashtra
431503,Parbhani,Maharashtra
431504,Jalna,Maharashtra
431505,Parbhani,Maharashtra
431506,Parbhani,Maharashtra
431507,Jalna,Maharashtra
431508,Parbhani,Maharashtra
431509,Hingoli,Maharashtra
431509,Parbhani,Maharashtra
431510,Parbhani,Maharashtra
431511,Parbhani,Maharashtra
431512,Hingoli,Maharashtra
431513,Hingoli,Maharashtra
431514,Parbhani,Maharashtra
431515,Beed,Maharashtra
431516,Parbhani,Maharashtra
431517,Beed,Maharashtra
431518,Beed,Maharashtra
431519,Beed,Maharashtra
431520,Beed,Maharashtra
431521,Parbhani,Maharashtra
431522,Latur,Maharashtra
431523,Beed,Maharashtra
431530,Beed,Maharashtra
431536,Parbhani,Maharashtra
431537,Parbhani,Maharashtra
431540,Parbhani,Maharashtra
431541,Parbhani,Maharashtra
431542,Hingoli,Maharashtra
431543,Hingoli,Maharashtra
431543,Parbhani,Maharashtra
431601,Nanded,Maharashtra
431602,Nanded,Maharashtra
431603,Nanded,Maharashtra
431604,Nanded,Maharashtra
431605,Nanded,Maharashtra
431606,Nanded,Maharashtra
431701,Hingoli,Maharashtra
431702,Hingoli,Maharashtra
431703,Hingoli,Maharashtra
431704,Nanded,Maharashtra
431705,Hingoli,Maharashtra
431707,Nanded,Maharashtra
431708,Nanded,Maharashtra
431709,Nanded,Maharashtra
431710,Nanded,Maharashtra
431711,Nanded,Maharashtra
431712,Hingoli,Maharashtra
431712,Nanded,Maharashtra
431713,Nanded,Maharashtra
431714,Nanded,Maharashtra
431715,Nanded,Maharashtra
431716,Nanded,Maharashtra
431717,Nanded,Maharashtra
431718,Nanded,Maharashtra
431719,Nanded,Maharashtra
431720,Parbhani,Maharashtra
431721,Nanded,Maharashtra
431722,Nanded,Maharashtra
431723,Nanded,Maharashtra
431724,Nanded,Maharashtra
431731,Nanded,Maharashtra
431736,Nanded,Maharashtra
431741,Nanded,Maharashtra
431742,Nanded,Maharashtra
431743,Nanded,Maharashtra
431745,Nanded,Maharashtra
431746,Nanded,Maharashtra
431750,Nanded,Maharashtra
431801,Nanded,Maharashtra
431802,Nanded,Maharashtra
431803,Nanded,Maharashtra
431804,Nanded,Maharashtra
431805,Nanded,Maharashtra
431806,Nanded,Maharashtra
431807,Aurangabad,Maharashtra
431807,Nanded,Maharashtra
431808,Nanded,Maharashtra
431809,Nanded,Maharashtra
431810,Nanded,Maharashtra
431811,Nanded,Maharashtra
440001,Nagpur,Maharashtra
440002,Nagpur,Maharashtra
440003,Nagpur,Maharashtra
440005,Nagpur,Maharashtra
440006,Nagpur,Maharashtra
440007,Nagpur,Maharashtra
440008,Nagpur,Maharashtra
440010,Nagpur,Maharashtra
440012,Nagpur,Maharashtra
440013,Nagpur,Maharashtra
440014,Nagpur,Maharashtra
440015,Nagpur,Maharashtra
440016,Nagpur,Maharashtra
440017,Nagpur,Maharashtra
440018,Nagpur,Maharashtra
440019,Nagpur,Maharashtra
440020,Nagpur,Maharashtra
440021,Nagpur,Maharashtra
440022,Nagpur,Maharashtra
440023,Nagpur,Maharashtra
440024,Nagpur,Maharashtra
440025,Nagpur,Maharashtra
440026,Nagpur,Maharashtra
440027,Nagpur,Maharashtra
440029,Nagpur,Maharashtra
440030,Nagpur,Maharashtra
440032,Nagpur,Maharashtra
440033,Nagpur,Maharashtra
440034,Nagpur,Maharashtra
440035,Nagpur,Maharashtra
440036,Nagpur,Maharashtra
440037,Nagpur,Maharashtra
441001,Nagpur,Maharashtra
441101,Nagpur,Maharashtra
441102,Nagpur,Maharashtra
441103,Nagpur,Maharashtra
441104,Nagpur,Maharashtra
441105,Nagpur,Maharashtra
441106,Nagpur,Maharashtra
441107,Nagpur,Maharashtra
441108,Nagpur,Maharashtra
441109,Nagpur,Maharashtra
441110,Nagpur,Maharashtra
441111,Nagpur,Maharashtra
441112,Nagpur,Maharashtra
441113,Nagpur,Maharashtra
441122,Nagpur,Maharashtra
441123,Nagpur,Maharashtra
441201,Nagpur,Maharashtra
441202,Nagpur,Maharashtra
441203,Bhandara,Maharashtra
441203,Nagpur,Maharashtra
441204,Nagpur,Maharashtra
441205,Chandrapur,Maharashtra
441206,Chandrapur,Maharashtra
441207,Gadchiroli,Maharashtra
441208,Gadchiroli,Maharashtra
441209,Gadchiroli,Maharashtra
441210,Nagpur,Maharashtra
441212,Chandrapur,Maharashtra
441214,Nagpur,Maharashtra
441215,Chandrapur,Maharashtra
441217,Gadchiroli,Maharashtra
441221,Chandrapur,Maharashtra
441222,Chandrapur,Maharashtra
441223,Chandrapur,Maharashtra
441224,Chandrapur,Maharashtra
441225,Chandrapur,Maharashtra
441226,Chandrapur,Maharashtra
441301,Nagpur,Maharashtra
441302,Nagpur,Maharashtra
441303,Nagpur,Maharashtra
441304,Nagpur,Maharashtra
441305,Nagpur,Maharashtra
441306,Nagpur,Maharashtra
441401,Nagpur,Maharashtra
441404,Nagpur,Maharashtra
441501,Nagpur,Maharashtra
441502,Nagpur,Maharashtra
441601,Gondia,Maharashtra
441614,Gondia,Maharashtra
441701,Gondia,Maharashtra
441702,Gondia,Maharashtra
441801,Gondia,Maharashtra
441802,Bhandara,Maharashtra
441803,Bhandara,Maharashtra
441804,Bhandara,Maharashtra
441805,Bhandara,Maharashtra
441806,Gondia,Maharashtra
441807,Gondia,Maharashtra
441809,Bhandara,Maharashtra
441901,Gondia,Maharashtra
441902,Gondia,Maharashtra
441903,Bhandara,Maharashtra
441904,Bhandara,Maharashtra
441905,Bhandara,Maharashtra
441906,Bhandara,Maharashtra
441907,Bhandara,Maharashtra
441908,Bhandara,Maharashtra
441909,Bhandara,Maharashtra
441910,Bhandara,Maharashtra
441911,Gondia,Maharashtra
441912,Bhandara,Maharashtra
441913,Bhandara,Maharashtra
441914,Bhandara,Maharashtra
441915,Bhandara,Maharashtra
441916,Gondia,Maharashtra
441924,Bhandara,Maharashtra
442001,Wardha,Maharashtra
442003,Wardha,Maharashtra
442101,Wardha,Maharashtra
442102,Wardha,Maharashtra
442104,Wardha,Maharashtra
442105,Wardha,Maharashtra
442106,Wardha,Maharashtra
442107,Wardha,Maharashtra
442111,Wardha,Maharashtra
442201,Wardha,Maharashtra
442202,Wardha,Maharashtra
442203,Wardha,Maharashtra
442301,Wardha,Maharashtra
442302,Wardha,Maharashtra
442303,Wardha,Maharashtra
442304,Wardha,Maharashtra
442305,Wardha,Maharashtra
442306,Wardha,Maharashtra
442307,Wardha,Maharashtra
442401,Chandrapur,Maharashtra
442402,Chandrapur,Maharashtra
442403,Chandrapur,Maharashtra
442404,Chandrapur,Maharashtra
442406,Chandrapur,Maharashtra
442501,Chandrapur,Maharashtra
442502,Chandrapur,Maharashtra
442503,Chandrapur,Maharashtra
442504,Gadchiroli,Maharashtra
442505,Chandrapur,Maharashtra
442507,Chandrapur,Maharashtra
442603,Gadchiroli,Maharashtra
442604,Gadchiroli,Maharashtra
442605,Gadchiroli,Maharashtra
442606,Gadchiroli,Maharashtra
442701,Chandrapur,Maharashtra
442702,Chandrapur,Maharashtra
442703,Gadchiroli,Maharashtra
442704,Gadchiroli,Maharashtra
442705,Gadchiroli,Maharashtra
442707,Gadchiroli,Maharashtra
442709,Gadchiroli,Maharashtra
442710,Gadchiroli,Maharashtra
442901,Chandrapur,Maharashtra
442902,Chandrapur,Maharashtra
442903,Chandrapur,Maharashtra
442904,Chandrapur,Maharashtra
442905,Chandrapur,Maharashtra
442906,Chandrapur,Maharashtra
442907,Chandrapur,Maharashtra
442908,Chandrapur,Maharashtra
442914,Chandrapur,Maharashtra
442916,Chandrapur,Maharashtra
442917,Chandrapur,Maharashtra
442918,Gadchiroli,Maharashtra
442919,Gadchiroli,Maharashtra
442920,Chandrapur,Maharashtra
443001,Buldhana,Maharashtra
443002,Buldhana,Maharashtra
443101,Buldhana,Maharashtra
443102,Buldhana,Maharashtra
443103,Buldhana,Maharashtra
443104,Buldhana,Maharashtra
443106,Buldhana,Maharashtra
443112,Buldhana,Maharashtra
443201,Buldhana,Maharashtra
443202,Buldhana,Maharashtra
443203,Buldhana,Maharashtra
443204,Buldhana,Maharashtra
443206,Buldhana,Maharashtra
443301,Buldhana,Maharashtra
443302,Buldhana,Maharashtra
443303,Buldhana,Maharashtra
443304,Buldhana,Maharashtra
443308,Buldhana,Maharashtra
443401,Buldhana,Maharashtra
443402,Buldhana,Maharashtra
443403,Buldhana,Maharashtra
443404,Buldhana,Maharashtra
444001,Akola,Maharashtra
444002,Akola,Maharashtra
444003,Akola,Maharashtra
444004,Akola,Maharashtra
444005,Akola,Maharashtra
444006,Akola,Maharashtra
444007,Akola,Maharashtra
444101,Akola,Maharashtra
444102,Akola,Maharashtra
444103,Akola,Maharashtra
444104,Akola,Maharashtra
444105,Washim,Maharashtra
444106,Akola,Maharashtra
444107,Akola,Maharashtra
444108,Akola,Maharashtra
444109,Akola,Maharashtra
444110,Washim,Maharashtra
444111,Akola,Maharashtra
444117,Akola,Maharashtra
444126,Akola,Maharashtra
444201,Buldhana,Maharashtra
444202,Buldhana,Maharashtra
444203,Buldhana,Maharashtra
444204,Buldhana,Maharashtra
444301,Buldhana,Maharashtra
444302,Akola,Maharashtra
444303,Buldhana,Maharashtra
444304,Buldhana,Maharashtra
444306,Buldhana,Maharashtra
444311,Akola,Maharashtra
444312,Buldhana,Maharashtra
444401,Akola,Maharashtra
444402,Washim,Maharashtra
444403,Washim,Maharashtra
444404,Washim,Maharashtra
444405,Akola,Maharashtra
444407,Akola,Maharashtra
444409,Washim,Maharashtra
444501,Akola,Maharashtra
444502,Akola,Maharashtra
444503,Washim,Maharashtra
444504,Washim,Maharashtra
444505,Washim,Maharashtra
444506,Washim,Maharashtra
444507,Washim,Maharashtra
444510,Washim,Maharashtra
444511,Akola,Maharashtra
444601,Amravati,Maharashtra
444602,Amravati,Maharashtra
444603,Amravati,Maharashtra
444604,Amravati,Maharashtra
444605,Amravati,Maharashtra
444606,Amravati,Maharashtra
444607,Amravati,Maharashtra
444701,Amravati,Maharashtra
444702,Amravati,Maharashtra
444704,Amravati,Maharashtra
444705,Amravati,Maharashtra
444706,Amravati,Maharashtra
444707,Amravati,Maharashtra
444708,Amravati,Maharashtra
444709,Amravati,Maharashtra
444710,Amravati,Maharashtra
444711,Amravati,Maharashtra
444717,Amravati,Maharashtra
444719,Amravati,Maharashtra
444720,Amravati,Maharashtra
444723,Amravati,Maharashtra
444801,Amravati,Maharashtra
444802,Amravati,Maharashtra
444803,Amravati,Maharashtra
444804,Amravati,Maharashtra
444805,Amravati,Maharashtra
444806,Amravati,Maharashtra
444807,Amravati,Maharashtra
444808,Amravati,Maharashtra
444809,Amravati,Maharashtra
444810,Amravati,Maharashtra
444813,Amravati,Maharashtra
444901,Amravati,Maharashtra
444902,Amravati,Maharashtra
444903,Amravati,Maharashtra
444904,Amravati,Maharashtra
444905,Amravati,Maharashtra
444906,Amravati,Maharashtra
444907,Amravati,Maharashtra
444908,Amravati,Maharashtra
444915,Amravati,Maharashtra
445001,Yavatmal,Maharashtra
445002,Yavatmal,Maharashtra
445101,Yavatmal,Maharashtra
445102,Yavatmal,Maharashtra
445103,Yavatmal,Maharashtra
445105,Yavatmal,Maharashtra
445106,Yavatmal,Maharashtra
445109,Yavatmal,Maharashtra
445110,Yavatmal,Maharashtra
445201,Yavatmal,Maharashtra
445202,Yavatmal,Maharashtra
445203,Yavatmal,Maharashtra
445204,Yavatmal,Maharashtra
445205,Yavatmal,Maharashtra
445206,Yavatmal,Maharashtra
445207,Yavatmal,Maharashtra
445209,Yavatmal,Maharashtra
445210,Yavatmal,Maharashtra
445211,Yavatmal,Maharashtra
445215,Yavatmal,Maharashtra
445216,Yavatmal,Maharashtra
445230,Yavatmal,Maharashtra
445301,Yavatmal,Maharashtra
445302,Yavatmal,Maharashtra
445303,Yavatmal,Maharashtra
445304,Yavatmal,Maharashtra
445305,Yavatmal,Maharashtra
445306,Yavatmal,Maharashtra
445307,Yavatmal,Maharashtra
445308,Yavatmal,Maharashtra
445323,Yavatmal,Maharashtra
445324,Yavatmal,Maharashtra
445401,Yavatmal,Maharashtra
445402,Yavatmal,Maharashtra
450001,East Nimar,Madhya Pradesh
450051,East Nimar,Madhya Pradesh
450110,East Nimar,Madhya Pradesh
450112,East Nimar,Madhya Pradesh
450114,East Nimar,Madhya Pradesh
450116,East Nimar,Madhya Pradesh
450117,East Nimar,Madhya Pradesh
450119,East Nimar,Madhya Pradesh
450221,Burhanpur,Madhya Pradesh
450331,Burhanpur,Madhya Pradesh
450332,Burhanpur,Madhya Pradesh
450337,East Nimar,Madhya Pradesh
450445,Burhanpur,Madhya Pradesh
450551,East Nimar,Madhya Pradesh
450551,Khargone,Madhya Pradesh
450554,East Nimar,Madhya Pradesh
450661,East Nimar,Madhya Pradesh
450771,East Nimar,Madhya Pradesh
450881,East Nimar,Madhya Pradesh
450991,East Nimar,Madhya Pradesh
451001,Khargone,Madhya Pradesh
451111,Khargone,Madhya Pradesh
451113,Khargone,Madhya Pradesh
451114,Khargone,Madhya Pradesh
451115,Khargone,Madhya Pradesh
451220,Khargone,Madhya Pradesh
451221,Khargone,Madhya Pradesh
451224,Khargone,Madhya Pradesh
451225,Khargone,Madhya Pradesh
451228,Khargone,Madhya Pradesh
451331,Khargone,Madhya Pradesh
451332,Khargone,Madhya Pradesh
451335,Khargone,Madhya Pradesh
451440,Khargone,Madhya Pradesh
451441,Khargone,Madhya Pradesh
451442,Khargone,Madhya Pradesh
451447,Barwani,Madhya Pradesh
451449,Barwani,Madhya Pradesh
451449,Khargone,Madhya Pradesh
451551,Barwani,Madhya Pradesh
451556,Barwani,Madhya Pradesh
451660,Barwani,Madhya Pradesh
451660,Khargone,Madhya Pradesh
451666,Barwani,Madhya Pradesh
451770,Barwani,Madhya Pradesh
451881,Barwani,Madhya Pradesh
452001,Indore,Madhya Pradesh
452002,Indore,Madhya Pradesh
452003,Indore,Madhya Pradesh
452005,Indore,Madhya Pradesh
452006,Indore,Madhya Pradesh
452007,Indore,Madhya Pradesh
452009,Indore,Madhya Pradesh
452010,Indore,Madhya Pradesh
452011,Indore,Madhya Pradesh
452012,Indore,Madhya Pradesh
452013,Indore,Madhya Pradesh
452014,Indore,Madhya Pradesh
452015,Indore,Madhya Pradesh
452016,Indore,Madhya Pradesh
452018,Indore,Madhya Pradesh
452020,Indore,Madhya Pradesh
453001,Indore,Madhya Pradesh
453111,Indore,Madhya Pradesh
453112,Indore,Madhya Pradesh
453115,Indore,Madhya Pradesh
453220,Indore,Madhya Pradesh
453331,Indore,Madhya Pradesh
453441,Indore,Madhya Pradesh
453446,Indore,Madhya Pradesh
453551,Indore,Madhya Pradesh
453552,Indore,Madhya Pradesh
453555,Indore,Madhya Pradesh
453556,Indore,Madhya Pradesh
453661,Indore,Madhya Pradesh
453771,Indore,Madhya Pradesh
454001,Dhar,Madhya Pradesh
454010,Dhar,Madhya Pradesh
454111,Dhar,Madhya Pradesh
454116,Dhar,Madhya Pradesh
454221,Dhar,Madhya Pradesh
454331,Dhar,Madhya Pradesh
454335,Dhar,Madhya Pradesh
454441,Dhar,Madhya Pradesh
454446,Dhar,Madhya Pradesh
454449,Dhar,Madhya Pradesh
454552,Dhar,Madhya Pradesh
454660,Dhar,Madhya Pradesh
454665,Dhar,Madhya Pradesh
454773,Dhar,Madhya Pradesh
454774,Dhar,Madhya Pradesh
454775,Dhar,Madhya Pradesh
455001,Dewas,Madhya Pradesh
455111,Dewas,Madhya Pradesh
455115,Dewas,Madhya Pradesh
455116,Dewas,Madhya Pradesh
455118,Dewas,Madhya Pradesh
455221,Dewas,Madhya Pradesh
455223,Dewas,Madhya Pradesh
455227,Dewas,Madhya Pradesh
455332,Dewas,Madhya Pradesh
455336,Dewas,Madhya Pradesh
455339,Dewas,Madhya Pradesh
455440,Dewas,Madhya Pradesh
455459,Dewas,Madhya Pradesh
456001,Ujjain,Madhya Pradesh
456003,Ujjain,Madhya Pradesh
456006,Ujjain,Madhya Pradesh
456010,Ujjain,Madhya Pradesh
456221,Ujjain,Madhya Pradesh
456222,Ujjain,Madhya Pradesh
456224,Ujjain,Madhya Pradesh
456313,Ujjain,Madhya Pradesh
456331,Ujjain,Madhya Pradesh
456335,Ujjain,Madhya Pradesh
456337,Ujjain,Madhya Pradesh
456440,Ujjain,Madhya Pradesh
456441,Ujjain,Madhya Pradesh
456443,Ujjain,Madhya Pradesh
456550,Ujjain,Madhya Pradesh
456661,Ujjain,Madhya Pradesh
456664,Ujjain,Madhya Pradesh
456665,Ujjain,Madhya Pradesh
456668,Ujjain,Madhya Pradesh
456770,Ujjain,Madhya Pradesh
456771,Ujjain,Madhya Pradesh
456776,Ujjain,Madhya Pradesh
457001,Ratlam,Madhya Pradesh
457114,Ratlam,Madhya Pradesh
457118,Ratlam,Madhya Pradesh
457119,Ratlam,Madhya Pradesh
457222,Ratlam,Madhya Pradesh
457226,Ratlam,Madhya Pradesh
457331,Ratlam,Madhya Pradesh
457333,Ratlam,Madhya Pradesh
457336,Ratlam,Madhya Pradesh
457339,Ratlam,Madhya Pradesh
457340,Ratlam,Madhya Pradesh
457441,Ratlam,Madhya Pradesh
457550,Ratlam,Madhya Pradesh
457555,Ratlam,Madhya Pradesh
457661,Jhabua,Madhya Pradesh
457770,Jhabua,Madhya Pradesh
457772,Jhabua,Madhya Pradesh
457773,Jhabua,Madhya Pradesh
457775,Jhabua,Madhya Pradesh
457777,Jhabua,Madhya Pradesh
457779,Jhabua,Madhya Pradesh
457882,Alirajpur,Madhya Pradesh
457885,Alirajpur,Madhya Pradesh
457887,Alirajpur,Madhya Pradesh
457888,Alirajpur,Madhya Pradesh
457990,Alirajpur,Madhya Pradesh
457993,Alirajpur,Madhya Pradesh
457993,Jhabua,Madhya Pradesh
458001,Mandsaur,Madhya Pradesh
458002,Mandsaur,Madhya Pradesh
458110,Neemuch,Madhya Pradesh
458113,Neemuch,Madhya Pradesh
458116,Neemuch,Madhya Pradesh
458118,Neemuch,Madhya Pradesh
458220,Neemuch,Madhya Pradesh
458226,Neemuch,Madhya Pradesh
458228,Neemuch,Madhya Pradesh
458330,Neemuch,Madhya Pradesh
458336,Neemuch,Madhya Pradesh
458339,Mandsaur,Madhya Pradesh
458339,Neemuch,Madhya Pradesh
458389,Mandsaur,Madhya Pradesh
458441,Neemuch,Madhya Pradesh
458468,Neemuch,Madhya Pradesh
458470,Neemuch,Madhya Pradesh
458553,Mandsaur,Madhya Pradesh
458553,Neemuch,Madhya Pradesh
458556,Mandsaur,Madhya Pradesh
458558,Mandsaur,Madhya Pradesh
458664,Mandsaur,Madhya Pradesh
458667,Mandsaur,Madhya Pradesh
458669,Mandsaur,Madhya Pradesh
458771,Mandsaur,Madhya Pradesh
458775,Mandsaur,Madhya Pradesh
458778,Mandsaur,Madhya Pradesh
458880,Mandsaur,Madhya Pradesh
458883,Mandsaur,Madhya Pradesh
458888,Mandsaur,Madhya Pradesh
458895,Mandsaur,Madhya Pradesh
458990,Mandsaur,Madhya Pradesh
460001,Betul,Madhya Pradesh
460004,Betul,Madhya Pradesh
460110,Betul,Madhya Pradesh
460220,Betul,Madhya Pradesh
460225,Betul,Madhya Pradesh
460330,Betul,Madhya Pradesh
460440,Betul,Madhya Pradesh
460443,Betul,Madhya Pradesh
460447,Betul,Madhya Pradesh
460449,Betul,Madhya Pradesh
460551,Betul,Madhya Pradesh
460553,Betul,Madhya Pradesh
460554,Betul,Madhya Pradesh
460557,Betul,Madhya Pradesh
460661,Betul,Madhya Pradesh
460663,Betul,Madhya Pradesh
460663,Chhindwara,Madhya Pradesh
460665,Betul,Madhya Pradesh
460666,Betul,Madhya Pradesh
460668,Betul,Madhya Pradesh
461001,Hoshangabad,Madhya Pradesh
461001,Narsinghpur,Madhya Pradesh
461005,Hoshangabad,Madhya Pradesh
461110,Hoshangabad,Madhya Pradesh
461111,Hoshangabad,Madhya Pradesh
461114,Hoshangabad,Madhya Pradesh
461115,Hoshangabad,Madhya Pradesh
461116,Hoshangabad,Madhya Pradesh
461122,Hoshangabad,Madhya Pradesh
461221,Hoshangabad,Madhya Pradesh
461223,Hoshangabad,Madhya Pradesh
461228,Harda,Madhya Pradesh
461228,Hoshangabad,Madhya Pradesh
461331,Harda,Madhya Pradesh
461335,Harda,Madhya Pradesh
461441,Harda,Madhya Pradesh
461445,Sehore,Madhya Pradesh
461446,Hoshangabad,Madhya Pradesh
461551,Hoshangabad,Madhya Pradesh
461661,Hoshangabad,Madhya Pradesh
461668,Hoshangabad,Madhya Pradesh
461771,Hoshangabad,Madhya Pradesh
461775,Hoshangabad,Madhya Pradesh
461881,Hoshangabad,Madhya Pradesh
461990,Hoshangabad,Madhya Pradesh
462001,Bhopal,Madhya Pradesh
462002,Bhopal,Madhya Pradesh
462003,Bhopal,Madhya Pradesh
462004,Bhopal,Madhya Pradesh
462008,Bhopal,Madhya Pradesh
462010,Bhopal,Madhya Pradesh
462011,Bhopal,Madhya Pradesh
462016,Bhopal,Madhya Pradesh
462020,Bhopal,Madhya Pradesh
462022,Bhopal,Madhya Pradesh
462023,Bhopal,Madhya Pradesh
462024,Bhopal,Madhya Pradesh
462026,Bhopal,Madhya Pradesh
462027,Bhopal,Madhya Pradesh
462028,Bhopal,Madhya Pradesh
462030,Bhopal,Madhya Pradesh
462031,Bhopal,Madhya Pradesh
462033,Bhopal,Madhya Pradesh
462036,Bhopal,Madhya Pradesh
462037,Bhopal,Madhya Pradesh
462038,Bhopal,Madhya Pradesh
462039,Bhopal,Madhya Pradesh
462040,Bhopal,Madhya Pradesh
462041,Bhopal,Madhya Pradesh
462042,Bhopal,Madhya Pradesh
462043,Bhopal,Madhya Pradesh
462044,Bhopal,Madhya Pradesh
462045,Bhopal,Madhya Pradesh
462046,Raisen,Madhya Pradesh
462047,Bhopal,Madhya Pradesh
462066,Bhopal,Madhya Pradesh
462100,Bhopal,Madhya Pradesh
462101,Bhopal,Madhya Pradesh
462120,Bhopal,Madhya Pradesh
463106,Bhopal,Madhya Pradesh
463111,Bhopal,Madhya Pradesh
464001,Vidisha,Madhya Pradesh
464111,Vidisha,Madhya Pradesh
464113,Vidisha,Madhya Pradesh
464114,Vidisha,Madhya Pradesh
464220,Vidisha,Madhya Pradesh
464221,Vidisha,Madhya Pradesh
464224,Vidisha,Madhya Pradesh
464226,Vidisha,Madhya Pradesh
464228,Vidisha,Madhya Pradesh
464240,Sagar,Madhya Pradesh
464240,Vidisha,Madhya Pradesh
464258,Vidisha,Madhya Pradesh
464331,Vidisha,Madhya Pradesh
464334,Vidisha,Madhya Pradesh
464337,Vidisha,Madhya Pradesh
464551,Raisen,Madhya Pradesh
464570,Raisen,Madhya Pradesh
464573,Raisen,Madhya Pradesh
464651,Raisen,Madhya Pradesh
464661,Raisen,Madhya Pradesh
464665,Raisen,Madhya Pradesh
464668,Raisen,Madhya Pradesh
464671,Raisen,Madhya Pradesh
464672,Raisen,Madhya Pradesh
464770,Raisen,Madhya Pradesh
464774,Raisen,Madhya Pradesh
464881,Raisen,Madhya Pradesh
464884,Raisen,Madhya Pradesh
464886,Raisen,Madhya Pradesh
464986,Raisen,Madhya Pradesh
464990,Raisen,Madhya Pradesh
464993,Raisen,Madhya Pradesh
465001,Shajapur,Madhya Pradesh
465106,Shajapur,Madhya Pradesh
465110,Shajapur,Madhya Pradesh
465113,Shajapur,Madhya Pradesh
465116,Shajapur,Madhya Pradesh
465118,Shajapur,Madhya Pradesh
465220,Shajapur,Madhya Pradesh
465223,Shajapur,Madhya Pradesh
465226,Shajapur,Madhya Pradesh
465227,Shajapur,Madhya Pradesh
465230,Agar Malwa,Madhya Pradesh
465313,Ujjain,Madhya Pradesh
465333,Shajapur,Madhya Pradesh
465335,Shajapur,Madhya Pradesh
465337,Shajapur,Madhya Pradesh
465339,Shajapur,Madhya Pradesh
465441,Agar Malwa,Madhya Pradesh
465445,Agar Malwa,Madhya Pradesh
465447,Agar Malwa,Madhya Pradesh
465449,Agar Malwa,Madhya Pradesh
465550,Agar Malwa,Madhya Pradesh
465661,Rajgarh,Madhya Pradesh
465667,Rajgarh,Madhya Pradesh
465669,Rajgarh,Madhya Pradesh
465674,Rajgarh,Madhya Pradesh
465677,Rajgarh,Madhya Pradesh
465679,Rajgarh,Madhya Pradesh
465680,Rajgarh,Madhya Pradesh
465683,Rajgarh,Madhya Pradesh
465685,Rajgarh,Madhya Pradesh
465687,Rajgarh,Madhya Pradesh
465689,Rajgarh,Madhya Pradesh
465691,Rajgarh,Madhya Pradesh
465693,Rajgarh,Madhya Pradesh
465697,Rajgarh,Madhya Pradesh
466001,Sehore,Madhya Pradesh
466111,Sehore,Madhya Pradesh
466113,Sehore,Madhya Pradesh
466114,Sehore,Madhya Pradesh
466115,Sehore,Madhya Pradesh
466116,Sehore,Madhya Pradesh
466118,Sehore,Madhya Pradesh
466120,Sehore,Madhya Pradesh
466125,Sehore,Madhya Pradesh
466221,Sehore,Madhya Pradesh
466331,Sehore,Madhya Pradesh
466445,Sehore,Madhya Pradesh
466446,Sehore,Madhya Pradesh
466448,Sehore,Madhya Pradesh
466554,Sehore,Madhya Pradesh
466651,Sehore,Madhya Pradesh
466661,Sehore,Madhya Pradesh
466665,Sehore,Madhya Pradesh
470001,Sagar,Madhya Pradesh
470002,Sagar,Madhya Pradesh
470003,Sagar,Madhya Pradesh
470004,Sagar,Madhya Pradesh
470021,Sagar,Madhya Pradesh
470051,Sagar,Madhya Pradesh
470113,Sagar,Madhya Pradesh
470115,Sagar,Madhya Pradesh
470117,Sagar,Madhya Pradesh
470118,Sagar,Madhya Pradesh
470119,Sagar,Madhya Pradesh
470120,Sagar,Madhya Pradesh
470124,Sagar,Madhya Pradesh
470125,Sagar,Madhya Pradesh
470221,Sagar,Madhya Pradesh
470223,Sagar,Madhya Pradesh
470226,Sagar,Madhya Pradesh
470227,Sagar,Madhya Pradesh
470228,Sagar,Madhya Pradesh
470229,Sagar,Madhya Pradesh
470232,Sagar,Madhya Pradesh
470235,Sagar,Madhya Pradesh
470335,Sagar,Madhya Pradesh
470337,Sagar,Madhya Pradesh
470339,Sagar,Madhya Pradesh
470340,Sagar,Madhya Pradesh
470441,Sagar,Madhya Pradesh
470442,Sagar,Madhya Pradesh
470661,Damoh,Madhya Pradesh
470663,Damoh,Madhya Pradesh
470664,Damoh,Madhya Pradesh
470666,Damoh,Madhya Pradesh
470669,Sagar,Madhya Pradesh
470672,Damoh,Madhya Pradesh
470673,Damoh,Madhya Pradesh
470675,Damoh,Madhya Pradesh
470771,Damoh,Madhya Pradesh
470772,Damoh,Madhya Pradesh
470775,Damoh,Madhya Pradesh
470776,Damoh,Madhya Pradesh
470880,Damoh,Madhya Pradesh
470881,Damoh,Madhya Pradesh
471001,Chhatarpur,Madhya Pradesh
471101,Chhatarpur,Madhya Pradesh
471105,Chhatarpur,Madhya Pradesh
471111,Chhatarpur,Madhya Pradesh
471201,Chhatarpur,Madhya Pradesh
471301,Chhatarpur,Madhya Pradesh
471311,Chhatarpur,Madhya Pradesh
471313,Chhatarpur,Madhya Pradesh
471315,Chhatarpur,Madhya Pradesh
471318,Chhatarpur,Madhya Pradesh
471405,Chhatarpur,Madhya Pradesh
471408,Chhatarpur,Madhya Pradesh
471411,Chhatarpur,Madhya Pradesh
471501,Chhatarpur,Madhya Pradesh
471510,Chhatarpur,Madhya Pradesh
471515,Chhatarpur,Madhya Pradesh
471516,Chhatarpur,Madhya Pradesh
471525,Chhatarpur,Madhya Pradesh
471606,Chhatarpur,Madhya Pradesh
471625,Chhatarpur,Madhya Pradesh
472001,Tikamgarh,Madhya Pradesh
472005,Tikamgarh,Madhya Pradesh
472010,Niwari,Madhya Pradesh
472010,Tikamgarh,Madhya Pradesh
472101,Tikamgarh,Madhya Pradesh
472111,Tikamgarh,Madhya Pradesh
472115,Tikamgarh,Madhya Pradesh
472118,Tikamgarh,Madhya Pradesh
472221,Tikamgarh,Madhya Pradesh
472246,Niwari,Madhya Pradesh
472331,Tikamgarh,Madhya Pradesh
472336,Niwari,Madhya Pradesh
472337,Niwari,Madhya Pradesh
472339,Tikamgarh,Madhya Pradesh
472442,Niwari,Madhya Pradesh
472445,Niwari,Madhya Pradesh
472447,Niwari,Madhya Pradesh
472447,Tikamgarh,Madhya Pradesh
473001,Guna,Madhya Pradesh
473101,Ashoknagar,Madhya Pradesh
473101,Guna,Madhya Pradesh
473105,Guna,Madhya Pradesh
473110,Guna,Madhya Pradesh
473111,Guna,Madhya Pradesh
473112,Guna,Madhya Pradesh
473113,Guna,Madhya Pradesh
473115,Guna,Madhya Pradesh
473118,Guna,Madhya Pradesh
473222,Guna,Madhya Pradesh
473226,Guna,Madhya Pradesh
473249,Guna,Madhya Pradesh
473287,Guna,Madhya Pradesh
473330,Ashoknagar,Madhya Pradesh
473331,Ashoknagar,Madhya Pradesh
473332,Ashoknagar,Madhya Pradesh
473335,Ashoknagar,Madhya Pradesh
473440,Ashoknagar,Madhya Pradesh
473443,Ashoknagar,Madhya Pradesh
473444,Ashoknagar,Madhya Pradesh
473445,Ashoknagar,Madhya Pradesh
473446,Ashoknagar,Madhya Pradesh
473447,Ashoknagar,Madhya Pradesh
473551,Shivpuri,Madhya Pradesh
473585,Shivpuri,Madhya Pradesh
473638,Shivpuri,Madhya Pradesh
473660,Shivpuri,Madhya Pradesh
473662,Shivpuri,Madhya Pradesh
473665,Shivpuri,Madhya Pradesh
473670,Shivpuri,Madhya Pradesh
473770,Shivpuri,Madhya Pradesh
473773,Shivpuri,Madhya Pradesh
473774,Shivpuri,Madhya Pradesh
473775,Shivpuri,Madhya Pradesh
473781,Shivpuri,Madhya Pradesh
473793,Shivpuri,Madhya Pradesh
473865,Shivpuri,Madhya Pradesh
473880,Shivpuri,Madhya Pradesh
473885,Ashoknagar,Madhya Pradesh
473885,Shivpuri,Madhya Pradesh
473990,Shivpuri,Madhya Pradesh
473995,Shivpuri,Madhya Pradesh
474001,Gwalior,Madhya Pradesh
474002,Gwalior,Madhya Pradesh
474003,Gwalior,Madhya Pradesh
474004,Gwalior,Madhya Pradesh
474005,Gwalior,Madhya Pradesh
474006,Gwalior,Madhya Pradesh
474007,Gwalior,Madhya Pradesh
474008,Gwalior,Madhya Pradesh
474009,Gwalior,Madhya Pradesh
474010,Gwalior,Madhya Pradesh
474011,Gwalior,Madhya Pradesh
474012,Gwalior,Madhya Pradesh
474015,Gwalior,Madhya Pradesh
474020,Gwalior,Madhya Pradesh
475001,Gwalior,Madhya Pradesh
475002,Gwalior,Madhya Pradesh
475005,Gwalior,Madhya Pradesh
475110,Gwalior,Madhya Pradesh
475115,Gwalior,Madhya Pradesh
475220,Gwalior,Madhya Pradesh
475330,Gwalior,Madhya Pradesh
475331,Gwalior,Madhya Pradesh
475335,Datia,Madhya Pradesh
475336,Datia,Madhya Pradesh
475661,Datia,Madhya Pradesh
475671,Datia,Madhya Pradesh
475673,Datia,Madhya Pradesh
475675,Datia,Madhya Pradesh
475682,Datia,Madhya Pradesh
475685,Datia,Madhya Pradesh
475686,Datia,Madhya Pradesh
476001,Morena,Madhya Pradesh
476111,Morena,Madhya Pradesh
476115,Morena,Madhya Pradesh
476134,Morena,Madhya Pradesh
476219,Morena,Madhya Pradesh
476221,Morena,Madhya Pradesh
476224,Morena,Madhya Pradesh
476228,Morena,Madhya Pradesh
476229,Morena,Madhya Pradesh
476332,Morena,Madhya Pradesh
476332,Sheopur,Madhya Pradesh
476335,Morena,Madhya Pradesh
476335,Sheopur,Madhya Pradesh
476337,Sheopur,Madhya Pradesh
476339,Sheopur,Madhya Pradesh
476355,Sheopur,Madhya Pradesh
476444,Morena,Madhya Pradesh
476554,Morena,Madhya Pradesh
477001,Bhind,Madhya Pradesh
477105,Bhind,Madhya Pradesh
477111,Bhind,Madhya Pradesh
477116,Bhind,Madhya Pradesh
477117,Bhind,Madhya Pradesh
477222,Bhind,Madhya Pradesh
477227,Bhind,Madhya Pradesh
477331,Bhind,Madhya Pradesh
477332,Bhind,Madhya Pradesh
477333,Bhind,Madhya Pradesh
477335,Bhind,Madhya Pradesh
477441,Bhind,Madhya Pradesh
477445,Bhind,Madhya Pradesh
477446,Bhind,Madhya Pradesh
477447,Bhind,Madhya Pradesh
477449,Bhind,Madhya Pradesh
477450,Bhind,Madhya Pradesh
477555,Bhind,Madhya Pradesh
477557,Bhind,Madhya Pradesh
477566,Bhind,Madhya Pradesh
477660,Bhind,Madhya Pradesh
480001,Chhindwara,Madhya Pradesh
480003,Chhindwara,Madhya Pradesh
480105,Chhindwara,Madhya Pradesh
480106,Chhindwara,Madhya Pradesh
480107,Chhindwara,Madhya Pradesh
480108,Chhindwara,Madhya Pradesh
480109,Chhindwara,Madhya Pradesh
480110,Chhindwara,Madhya Pradesh
480111,Chhindwara,Madhya Pradesh
480112,Chhindwara,Madhya Pradesh
480115,Chhindwara,Madhya Pradesh
480221,Chhindwara,Madhya Pradesh
480223,Chhindwara,Madhya Pradesh
480224,Chhindwara,Madhya Pradesh
480331,Chhindwara,Madhya Pradesh
480334,Chhindwara,Madhya Pradesh
480337,Chhindwara,Madhya Pradesh
480338,Chhindwara,Madhya Pradesh
480441,Chhindwara,Madhya Pradesh
480442,Chhindwara,Madhya Pradesh
480447,Chhindwara,Madhya Pradesh
480449,Chhindwara,Madhya Pradesh
480551,Chhindwara,Madhya Pradesh
480555,Chhindwara,Madhya Pradesh
480557,Chhindwara,Madhya Pradesh
480559,Chhindwara,Madhya Pradesh
480661,Seoni,Madhya Pradesh
480667,Seoni,Madhya Pradesh
480771,Seoni,Madhya Pradesh
480880,Seoni,Madhya Pradesh
480881,Seoni,Madhya Pradesh
480882,Seoni,Madhya Pradesh
480884,Seoni,Madhya Pradesh
480886,Seoni,Madhya Pradesh
480887,Seoni,Madhya Pradesh
480888,Seoni,Madhya Pradesh
480990,Seoni,Madhya Pradesh
480991,Seoni,Madhya Pradesh
480994,Seoni,Madhya Pradesh
480996,Seoni,Madhya Pradesh
480997,Seoni,Madhya Pradesh
480999,Seoni,Madhya Pradesh
481001,Balaghat,Madhya Pradesh
481051,Balaghat,Madhya Pradesh
481102,Balaghat,Madhya Pradesh
481105,Balaghat,Madhya Pradesh
481111,Balaghat,Madhya Pradesh
481115,Balaghat,Madhya Pradesh
481116,Balaghat,Madhya Pradesh
481117,Balaghat,Madhya Pradesh
481222,Balaghat,Madhya Pradesh
481224,Balaghat,Madhya Pradesh
481226,Balaghat,Madhya Pradesh
481331,Balaghat,Madhya Pradesh
481332,Balaghat,Madhya Pradesh
481335,Balaghat,Madhya Pradesh
481337,Balaghat,Madhya Pradesh
481441,Balaghat,Madhya Pradesh
481445,Balaghat,Madhya Pradesh
481449,Balaghat,Madhya Pradesh
481551,Balaghat,Madhya Pradesh
481556,Balaghat,Madhya Pradesh
481661,Mandla,Madhya Pradesh
481662,Mandla,Madhya Pradesh
481663,Mandla,Madhya Pradesh
481664,Mandla,Madhya Pradesh
481665,Mandla,Madhya Pradesh
481666,Mandla,Madhya Pradesh
481668,Mandla,Madhya Pradesh
481672,Mandla,Madhya Pradesh
481768,Mandla,Madhya Pradesh
481771,Mandla,Madhya Pradesh
481776,Mandla,Madhya Pradesh
481778,Dindori,Madhya Pradesh
481879,Dindori,Madhya Pradesh
481880,Dindori,Madhya Pradesh
481882,Dindori,Madhya Pradesh
481883,Dindori,Madhya Pradesh
481884,Dindori,Madhya Pradesh
481885,Dindori,Madhya Pradesh
481990,Dindori,Madhya Pradesh
481995,Mandla,Madhya Pradesh
481996,Mandla,Madhya Pradesh
481998,Mandla,Madhya Pradesh
482001,Jabalpur,Madhya Pradesh
482002,Jabalpur,Madhya Pradesh
482003,Jabalpur,Madhya Pradesh
482004,Jabalpur,Madhya Pradesh
482005,Jabalpur,Madhya Pradesh
482008,Jabalpur,Madhya Pradesh
482009,Jabalpur,Madhya Pradesh
482010,Jabalpur,Madhya Pradesh
482011,Jabalpur,Madhya Pradesh
482020,Jabalpur,Madhya Pradesh
482021,Jabalpur,Madhya Pradesh
482051,Jabalpur,Madhya Pradesh
482056,Jabalpur,Madhya Pradesh
483001,Jabalpur,Madhya Pradesh
483053,Jabalpur,Madhya Pradesh
483105,Jabalpur,Madhya Pradesh
483110,Jabalpur,Madhya Pradesh
483113,Jabalpur,Madhya Pradesh
483119,Jabalpur,Madhya Pradesh
483220,Jabalpur,Madhya Pradesh
483222,Jabalpur,Madhya Pradesh
483225,Jabalpur,Madhya Pradesh
483225,Katni,Madhya Pradesh
483330,Katni,Madhya Pradesh
483331,Katni,Madhya Pradesh
483332,Katni,Madhya Pradesh
483334,Jabalpur,Madhya Pradesh
483334,Katni,Madhya Pradesh
483336,Jabalpur,Madhya Pradesh
483440,Katni,Madhya Pradesh
483442,Katni,Madhya Pradesh
483501,Katni,Madhya Pradesh
483504,Katni,Madhya Pradesh
483770,Katni,Madhya Pradesh
483773,Katni,Madhya Pradesh
483775,Katni,Madhya Pradesh
483880,Katni,Madhya Pradesh
483990,Katni,Madhya Pradesh
484001,Anuppur,Madhya Pradesh
484001,Shahdol,Madhya Pradesh
484001,Umaria,Madhya Pradesh
484110,Shahdol,Madhya Pradesh
484113,Anuppur,Madhya Pradesh
484114,Shahdol,Madhya Pradesh
484116,Anuppur,Madhya Pradesh
484116,Shahdol,Madhya Pradesh
484117,Shahdol,Madhya Pradesh
484120,Anuppur,Madhya Pradesh
484220,Anuppur,Madhya Pradesh
484224,Anuppur,Madhya Pradesh
484224,Shahdol,Madhya Pradesh
484330,Anuppur,Madhya Pradesh
484334,Anuppur,Madhya Pradesh
484334,Shahdol,Madhya Pradesh
484336,Anuppur,Madhya Pradesh
484440,Anuppur,Madhya Pradesh
484444,Anuppur,Madhya Pradesh
484446,Anuppur,Madhya Pradesh
484447,Anuppur,Madhya Pradesh
484551,Shahdol,Madhya Pradesh
484551,Umaria,Madhya Pradesh
484555,Umaria,Madhya Pradesh
484660,Umaria,Madhya Pradesh
484661,Umaria,Madhya Pradesh
484664,Umaria,Madhya Pradesh
484665,Umaria,Madhya Pradesh
484669,Shahdol,Madhya Pradesh
484770,Shahdol,Madhya Pradesh
484771,Shahdol,Madhya Pradesh
484774,Shahdol,Madhya Pradesh
484776,Shahdol,Madhya Pradesh
484881,Anuppur,Madhya Pradesh
484881,Shahdol,Madhya Pradesh
484886,Anuppur,Madhya Pradesh
484887,Anuppur,Madhya Pradesh
485001,Satna,Madhya Pradesh
485005,Satna,Madhya Pradesh
485111,Satna,Madhya Pradesh
485112,Satna,Madhya Pradesh
485113,Satna,Madhya Pradesh
485114,Satna,Madhya Pradesh
485115,Satna,Madhya Pradesh
485221,Satna,Madhya Pradesh
485226,Satna,Madhya Pradesh
485227,Satna,Madhya Pradesh
485331,Satna,Madhya Pradesh
485334,Satna,Madhya Pradesh
485441,Satna,Madhya Pradesh
485446,Satna,Madhya Pradesh
485447,Satna,Madhya Pradesh
485551,Satna,Madhya Pradesh
485661,Satna,Madhya Pradesh
485666,Satna,Madhya Pradesh
485771,Satna,Madhya Pradesh
485772,Satna,Madhya Pradesh
485773,Satna,Madhya Pradesh
485774,Satna,Madhya Pradesh
485775,Satna,Madhya Pradesh
485778,Satna,Madhya Pradesh
485881,Satna,Madhya Pradesh
486001,Rewa,Madhya Pradesh
486002,Rewa,Madhya Pradesh
486003,Rewa,Madhya Pradesh
486005,Rewa,Madhya Pradesh
486006,Rewa,Madhya Pradesh
486111,Rewa,Madhya Pradesh
486114,Rewa,Madhya Pradesh
486115,Rewa,Madhya Pradesh
486117,Rewa,Madhya Pradesh
486123,Rewa,Madhya Pradesh
486220,Rewa,Madhya Pradesh
486223,Rewa,Madhya Pradesh
486226,Rewa,Madhya Pradesh
486331,Rewa,Madhya Pradesh
486333,Rewa,Madhya Pradesh
486335,Rewa,Madhya Pradesh
486338,Rewa,Madhya Pradesh
486340,Rewa,Madhya Pradesh
486341,Rewa,Madhya Pradesh
486440,Rewa,Madhya Pradesh
486441,Rewa,Madhya Pradesh
486445,Rewa,Madhya Pradesh
486446,Rewa,Madhya Pradesh
486447,Rewa,Madhya Pradesh
486448,Rewa,Madhya Pradesh
486450,Rewa,Madhya Pradesh
486550,Rewa,Madhya Pradesh
486553,Rewa,Madhya Pradesh
486556,Rewa,Madhya Pradesh
486661,Sidhi,Madhya Pradesh
486666,Sidhi,Madhya Pradesh
486669,Sidhi,Madhya Pradesh
486669,Singrauli,Madhya Pradesh
486670,Sidhi,Madhya Pradesh
486675,Sidhi,Madhya Pradesh
486771,Sidhi,Madhya Pradesh
486775,Sidhi,Madhya Pradesh
486776,Sidhi,Madhya Pradesh
486881,Singrauli,Madhya Pradesh
486882,Sidhi,Madhya Pradesh
486882,Singrauli,Madhya Pradesh
486883,Sidhi,Madhya Pradesh
486884,Singrauli,Madhya Pradesh
486885,Singrauli,Madhya Pradesh
486886,Singrauli,Madhya Pradesh
486887,Singrauli,Madhya Pradesh
486889,Singrauli,Madhya Pradesh
486890,Singrauli,Madhya Pradesh
486892,Singrauli,Madhya Pradesh
487001,Narsinghpur,Madhya Pradesh
487110,Narsinghpur,Madhya Pradesh
487114,Narsinghpur,Madhya Pradesh
487118,Narsinghpur,Madhya Pradesh
487221,Narsinghpur,Madhya Pradesh
487225,Narsinghpur,Madhya Pradesh
487330,Narsinghpur,Madhya Pradesh
487334,Narsinghpur,Madhya Pradesh
487337,Narsinghpur,Madhya Pradesh
487441,Narsinghpur,Madhya Pradesh
487551,Narsinghpur,Madhya Pradesh
487555,Narsinghpur,Madhya Pradesh
487661,Narsinghpur,Madhya Pradesh
487770,Narsinghpur,Madhya Pradesh
487881,Narsinghpur,Madhya Pradesh
488001,Panna,Madhya Pradesh
488050,Panna,Madhya Pradesh
488059,Panna,Madhya Pradesh
488220,Panna,Madhya Pradesh
488222,Panna,Madhya Pradesh
488333,Panna,Madhya Pradesh
488441,Panna,Madhya Pradesh
488442,Panna,Madhya Pradesh
488443,Panna,Madhya Pradesh
488446,Panna,Madhya Pradesh
488448,Panna,Madhya Pradesh
490001,Durg,Chhattisgarh
490006,Durg,Chhattisgarh
490009,Durg,Chhattisgarh
490011,Durg,Chhattisgarh
490020,Durg,Chhattisgarh
490021,Durg,Chhattisgarh
490022,Durg,Chhattisgarh
490023,Durg,Chhattisgarh
490024,Durg,Chhattisgarh
490025,Durg,Chhattisgarh
490026,Durg,Chhattisgarh
490036,Bemetara,Chhattisgarh
490036,Durg,Chhattisgarh
490042,Durg,Chhattisgarh
491001,Durg,Chhattisgarh
491002,Durg,Chhattisgarh
491107,Durg,Chhattisgarh
491111,Durg,Chhattisgarh
491221,Balod,Chhattisgarh
491221,Durg,Chhattisgarh
491222,Balod,Chhattisgarh
491222,Durg,Chhattisgarh
491223,Balod,Chhattisgarh
491223,Durg,Chhattisgarh
491225,Balod,Chhattisgarh
491225,Durg,Chhattisgarh
491226,Balod,Chhattisgarh
491227,Balod,Chhattisgarh
491228,Balod,Chhattisgarh
491229,Rajnandgaon,Chhattisgarh
491230,Balod,Chhattisgarh
491331,Bemetara,Chhattisgarh
491331,Durg,Chhattisgarh
491332,Bemetara,Chhattisgarh
491332,Durg,Chhattisgarh
491335,Bemetara,Chhattisgarh
491336,Kabirdham,Chhattisgarh
491337,Bemetara,Chhattisgarh
491338,Bemetara,Chhattisgarh
491340,Bemetara,Chhattisgarh
491441,Rajnandgaon,Chhattisgarh
491443,Rajnandgaon,Chhattisgarh
491444,Rajnandgaon,Chhattisgarh
491445,Rajnandgaon,Chhattisgarh
491557,Rajnandgaon,Chhattisgarh
491558,Rajnandgaon,Chhattisgarh
491559,Kabirdham,Chhattisgarh
491661,Rajnandgaon,Chhattisgarh
491665,Balod,Chhattisgarh
491665,Rajnandgaon,Chhattisgarh
491666,Rajnandgaon,Chhattisgarh
491668,Rajnandgaon,Chhattisgarh
491771,Balod,Chhattisgarh
491881,Rajnandgaon,Chhattisgarh
491885,Rajnandgaon,Chhattisgarh
491888,Durg,Chhattisgarh
491993,Bemetara,Chhattisgarh
491995,Kabirdham,Chhattisgarh
491996,Kabirdham,Chhattisgarh
492001,Raipur,Chhattisgarh
492002,Raipur,Chhattisgarh
492003,Raipur,Chhattisgarh
492004,Raipur,Chhattisgarh
492005,Raipur,Chhattisgarh
492008,Raipur,Chhattisgarh
492009,Raipur,Chhattisgarh
492010,Raipur,Chhattisgarh
492012,Raipur,Chhattisgarh
492013,Raipur,Chhattisgarh
492014,Raipur,Chhattisgarh
492015,Raipur,Chhattisgarh
492016,Raipur,Chhattisgarh
492017,Raipur,Chhattisgarh
492018,Raipur,Chhattisgarh
492099,Raipur,Chhattisgarh
492101,Raipur,Chhattisgarh
492109,Gariyaband,Chhattisgarh
492112,Baloda Bazar,Chhattisgarh
493101,Baloda Bazar,Chhattisgarh
493111,Raipur,Chhattisgarh
493113,Baloda Bazar,Chhattisgarh
493114,Raipur,Chhattisgarh
493116,Raipur,Chhattisgarh
493118,Baloda Bazar,Chhattisgarh
493195,Baloda Bazar,Chhattisgarh
493195,Raipur,Chhattisgarh
493196,Baloda Bazar,Chhattisgarh
493221,Raipur,Chhattisgarh
493222,Baloda Bazar,Chhattisgarh
493225,Baloda Bazar,Chhattisgarh
493225,Raipur,Chhattisgarh
493228,Baloda Bazar,Chhattisgarh
493229,Baloda Bazar,Chhattisgarh
493331,Baloda Bazar,Chhattisgarh
493332,Baloda Bazar,Chhattisgarh
493335,Baloda Bazar,Chhattisgarh
493338,Baloda Bazar,Chhattisgarh
493344,Baloda Bazar,Chhattisgarh
493441,Raipur,Chhattisgarh
493445,Mahasamund,Chhattisgarh
493448,Mahasamund,Chhattisgarh
493449,Mahasamund,Chhattisgarh
493526,Baloda Bazar,Chhattisgarh
493551,Mahasamund,Chhattisgarh
493554,Mahasamund,Chhattisgarh
493555,Mahasamund,Chhattisgarh
493558,Mahasamund,Chhattisgarh
493559,Baloda Bazar,Chhattisgarh
493661,Dhamtari,Chhattisgarh
493661,Raipur,Chhattisgarh
493662,Dhamtari,Chhattisgarh
493663,Dhamtari,Chhattisgarh
493770,Dhamtari,Chhattisgarh
493773,Dhamtari,Chhattisgarh
493776,Dhamtari,Chhattisgarh
493778,Dhamtari,Chhattisgarh
493881,Raipur,Chhattisgarh
493885,Dhamtari,Chhattisgarh
493885,Gariyaband,Chhattisgarh
493885,Raipur,Chhattisgarh
493887,Gariyaband,Chhattisgarh
493888,Gariyaband,Chhattisgarh
493889,Gariyaband,Chhattisgarh
493890,Gariyaband,Chhattisgarh
493891,Gariyaband,Chhattisgarh
493992,Gariyaband,Chhattisgarh
493996,Gariyaband,Chhattisgarh
494001,Raipur,Chhattisgarh
494010,Raipur,Chhattisgarh
494111,Raipur,Chhattisgarh
494114,Raipur,Chhattisgarh
494115,Raipur,Chhattisgarh
494122,Sukma,Chhattisgarh
494220,Kondagaon,Chhattisgarh
494221,Raipur,Chhattisgarh
494222,Raipur,Chhattisgarh
494223,Raipur,Chhattisgarh
494224,Kondagaon,Chhattisgarh
494226,Kondagaon,Chhattisgarh
494228,Kondagaon,Chhattisgarh
494228,Narayanpur,Chhattisgarh
494229,Kondagaon,Chhattisgarh
494230,Kondagaon,Chhattisgarh
494237,Kondagaon,Chhattisgarh
494331,Raipur,Chhattisgarh
494332,Raipur,Chhattisgarh
494333,Raipur,Chhattisgarh
494334,Raipur,Chhattisgarh
494335,Raipur,Chhattisgarh
494336,Raipur,Chhattisgarh
494337,Raipur,Chhattisgarh
494347,Raipur,Chhattisgarh
494441,Dantewada,Chhattisgarh
494442,Bastar,Chhattisgarh
494444,Raipur,Chhattisgarh
494446,Raipur,Chhattisgarh
494447,Raipur,Chhattisgarh
494448,Raipur,Chhattisgarh
494449,Dantewada,Chhattisgarh
494450,Bijapur,Chhattisgarh
494552,Dantewada,Chhattisgarh
494553,Dantewada,Chhattisgarh
494556,Dantewada,Chhattisgarh
494635,Kanker,Chhattisgarh
494661,Narayanpur,Chhattisgarh
494662,Narayanpur,Chhattisgarh
494665,Kanker,Chhattisgarh
494669,Kanker,Chhattisgarh
494670,Raipur,Chhattisgarh
494771,Kanker,Chhattisgarh
494776,Kanker,Chhattisgarh
494777,Kanker,Chhattisgarh
495001,Bilaspur,Chhattisgarh
495003,Bilaspur,Chhattisgarh
495004,Bilaspur,Chhattisgarh
495006,Bilaspur,Chhattisgarh
495009,Bilaspur,Chhattisgarh
495112,Bilaspur,Chhattisgarh
495113,Bilaspur,Chhattisgarh
495113,Mungeli,Chhattisgarh
495115,Bilaspur,Chhattisgarh
495115,Mungeli,Chhattisgarh
495116,Bilaspur,Chhattisgarh
495117,Gaurella Pendra Marwahi,Chhattisgarh
495118,Gaurella Pendra Marwahi,Chhattisgarh
495119,Gaurella Pendra Marwahi,Chhattisgarh
495119,Korba,Chhattisgarh
495220,Bilaspur,Chhattisgarh
495222,Bilaspur,Chhattisgarh
495224,Bilaspur,Chhattisgarh
495224,Mungeli,Chhattisgarh
495330,Bilaspur,Chhattisgarh
495330,Mungeli,Chhattisgarh
495334,Mungeli,Chhattisgarh
495335,Mungeli,Chhattisgarh
495442,Bilaspur,Chhattisgarh
495442,Korba,Chhattisgarh
495444,Korba,Chhattisgarh
495445,Korba,Chhattisgarh
495446,Bilaspur,Chhattisgarh
495446,Janjgir-champa,Chhattisgarh
495446,Korba,Chhattisgarh
495447,Korba,Chhattisgarh
495448,Korba,Chhattisgarh
495449,Bilaspur,Chhattisgarh
495449,Korba,Chhattisgarh
495450,Korba,Chhattisgarh
495452,Korba,Chhattisgarh
495454,Korba,Chhattisgarh
495455,Korba,Chhattisgarh
495550,Bilaspur,Chhattisgarh
495551,Bilaspur,Chhattisgarh
495552,Janjgir-champa,Chhattisgarh
495553,Janjgir-champa,Chhattisgarh
495554,Janjgir-champa,Chhattisgarh
495555,Bilaspur,Chhattisgarh
495556,Janjgir-champa,Chhattisgarh
495557,Janjgir-champa,Chhattisgarh
495559,Bilaspur,Chhattisgarh
495559,Janjgir-champa,Chhattisgarh
495660,Janjgir-champa,Chhattisgarh
495661,Janjgir-champa,Chhattisgarh
495663,Janjgir-champa,Chhattisgarh
495668,Janjgir-champa,Chhattisgarh
495669,Janjgir-champa,Chhattisgarh
495671,Janjgir-champa,Chhattisgarh
495671,Korba,Chhattisgarh
495674,Korba,Chhattisgarh
495677,Korba,Chhattisgarh
495682,Korba,Chhattisgarh
495683,Korba,Chhattisgarh
495684,Korba,Chhattisgarh
495686,Janjgir-champa,Chhattisgarh
495687,Janjgir-champa,Chhattisgarh
495688,Janjgir-champa,Chhattisgarh
495689,Janjgir-champa,Chhattisgarh
495690,Janjgir-champa,Chhattisgarh
495691,Janjgir-champa,Chhattisgarh
495692,Janjgir-champa,Chhattisgarh
495695,Janjgir-champa,Chhattisgarh
496001,Raigarh,Chhattisgarh
496005,Raigarh,Chhattisgarh
496100,Raigarh,Chhattisgarh
496107,Raigarh,Chhattisgarh
496108,Raigarh,Chhattisgarh
496109,Raigarh,Chhattisgarh
496111,Raigarh,Chhattisgarh
496113,Jashpur,Chhattisgarh
496113,Raigarh,Chhattisgarh
496115,Jashpur,Chhattisgarh
496115,Raigarh,Chhattisgarh
496116,Raigarh,Chhattisgarh
496118,Jashpur,Chhattisgarh
496118,Raigarh,Chhattisgarh
496220,Jashpur,Chhattisgarh
496220,Raigarh,Chhattisgarh
496223,Jashpur,Chhattisgarh
496223,Surguja,Chhattisgarh
496224,Jashpur,Chhattisgarh
496225,Jashpur,Chhattisgarh
496227,Jashpur,Chhattisgarh
496242,Jashpur,Chhattisgarh
496245,Jashpur,Chhattisgarh
496330,Jashpur,Chhattisgarh
496331,Jashpur,Chhattisgarh
496334,Jashpur,Chhattisgarh
496336,Jashpur,Chhattisgarh
496338,Jashpur,Chhattisgarh
496440,Raigarh,Chhattisgarh
496445,Raigarh,Chhattisgarh
496450,Raigarh,Chhattisgarh
496551,Raigarh,Chhattisgarh
496554,Raigarh,Chhattisgarh
496661,Raigarh,Chhattisgarh
496665,Raigarh,Chhattisgarh
497001,Balrampur,Chhattisgarh
497001,Surajpur,Chhattisgarh
497001,Surguja,Chhattisgarh
497101,Surguja,Chhattisgarh
497111,Surguja,Chhattisgarh
497114,Surguja,Chhattisgarh
497116,Surguja,Chhattisgarh
497117,Surajpur,Chhattisgarh
497117,Surguja,Chhattisgarh
497118,Balrampur,Chhattisgarh
497119,Balrampur,Chhattisgarh
497220,Balrampur,Chhattisgarh
497223,Balrampur,Chhattisgarh
497223,Surajpur,Chhattisgarh
497224,Balrampur,Chhattisgarh
497225,Balrampur,Chhattisgarh
497225,Surajpur,Chhattisgarh
497226,Surajpur,Chhattisgarh
497229,Surajpur,Chhattisgarh
497231,Surajpur,Chhattisgarh
497235,Surajpur,Chhattisgarh
497331,Korea,Chhattisgarh
497333,Surajpur,Chhattisgarh
497335,Korea,Chhattisgarh
497339,Korea,Chhattisgarh
497442,Korea,Chhattisgarh
497446,Korea,Chhattisgarh
497447,Korea,Chhattisgarh
497448,Korea,Chhattisgarh
497449,Korea,Chhattisgarh
497450,Korea,Chhattisgarh
497451,Korea,Chhattisgarh
497553,Korea,Chhattisgarh
497555,Korea,Chhattisgarh
497557,Korea,Chhattisgarh
497559,Korea,Chhattisgarh
497773,Korea,Chhattisgarh
497778,Korea,Chhattisgarh
500001,Hyderabad,Telangana
500002,Hyderabad,Telangana
500003,Hyderabad,Telangana
500004,Hyderabad,Telangana
500005,Hyderabad,Telangana
500005,Ranga Reddy,Telangana
500006,Hyderabad,Telangana
500007,Hyderabad,Telangana
500008,Hyderabad,Telangana
500009,Hyderabad,Telangana
500010,Hyderabad,Telangana
500010,Medchal Malkajgiri,Telangana
500011,Hyderabad,Telangana
500012,Hyderabad,Telangana
500013,Medchal Malkajgiri,Telangana
500014,Hyderabad,Telangana
500015,Hyderabad,Telangana
500016,Hyderabad,Telangana
500016,Medchal Malkajgiri,Telangana
500017,Hyderabad,Telangana
500018,Medchal Malkajgiri,Telangana
500019,Ranga Reddy,Telangana
500020,Hyderabad,Telangana
500022,Hyderabad,Telangana
500023,Hyderabad,Telangana
500024,Hyderabad,Telangana
500026,Hyderabad,Telangana
500027,Hyderabad,Telangana
500028,Hyderabad,Telangana
500029,Hyderabad,Telangana
500030,Ranga Reddy,Telangana
500031,Hyderabad,Telangana
500032,Hyderabad,Telangana
500032,Ranga Reddy,Telangana
500033,Hyderabad,Telangana
500034,Hyderabad,Telangana
500035,Ranga Reddy,Telangana
500036,Hyderabad,Telangana
500037,Medchal Malkajgiri,Telangana
500038,Hyderabad,Telangana
500039,Medchal Malkajgiri,Telangana
500040,Hyderabad,Telangana
500041,Hyderabad,Telangana
500042,Medchal Malkajgiri,Telangana
500043,Medchal Malkajgiri,Telangana
500044,Hyderabad,Telangana
500045,Hyderabad,Telangana
500046,Ranga Reddy,Telangana
500047,Hyderabad,Telangana
500047,Medchal Malkajgiri,Telangana
500048,Ranga Reddy,Telangana
500049,Medchal Malkajgiri,Telangana
500050,Ranga Reddy,Telangana
500051,Medchal Malkajgiri,Telangana
500052,Ranga Reddy,Telangana
500053,Hyderabad,Telangana
500054,Medchal Malkajgiri,Telangana
500055,Medchal Malkajgiri,Telangana
500056,Hyderabad,Telangana
500057,Hyderabad,Telangana
500058,Hyderabad,Telangana
500059,Hyderabad,Telangana
500060,Ranga Reddy,Telangana
500061,Hyderabad,Telangana
500062,Medchal Malkajgiri,Telangana
500064,Hyderabad,Telangana
500065,Hyderabad,Telangana
500066,Hyderabad,Telangana
500067,Medchal Malkajgiri,Telangana
500068,Medchal Malkajgiri,Telangana
500069,Ranga Reddy,Telangana
500070,Ranga Reddy,Telangana
500072,Medchal Malkajgiri,Telangana
500073,Hyderabad,Telangana
500074,Ranga Reddy,Telangana
500075,Ranga Reddy,Telangana
500076,Medchal Malkajgiri,Telangana
500077,Ranga Reddy,Telangana
500078,Medchal Malkajgiri,Telangana
500079,Ranga Reddy,Telangana
500080,Hyderabad,Telangana
500081,Hyderabad,Telangana
500082,Hyderabad,Telangana
500083,Medchal Malkajgiri,Telangana
500084,Hyderabad,Telangana
500085,Medchal Malkajgiri,Telangana
500086,Ranga Reddy,Telangana
500087,Medchal Malkajgiri,Telangana
500088,Medchal Malkajgiri,Telangana
500089,Ranga Reddy,Telangana
500090,Medchal Malkajgiri,Telangana
500091,Ranga Reddy,Telangana
500092,Medchal Malkajgiri,Telangana
500094,Hyderabad,Telangana
500096,Hyderabad,Telangana
500097,Ranga Reddy,Telangana
500098,Medchal Malkajgiri,Telangana
500100,Medchal Malkajgiri,Telangana
500101,Medchal Malkajgiri,Telangana
500102,Ranga Reddy,Telangana
500103,Medchal Malkajgiri,Telangana
500104,Ranga Reddy,Telangana
500106,Hyderabad,Telangana
500108,Ranga Reddy,Telangana
500109,Hyderabad,Telangana
500110,Hyderabad,Telangana
500111,Ranga Reddy,Telangana
500112,Hyderabad,Telangana
500112,Ranga Reddy,Telangana
500113,Ranga Reddy,Telangana
500114,Medchal Malkajgiri,Telangana
500117,Hyderabad,Telangana
500118,Hyderabad,Telangana
501101,Vikarabad,Telangana
501102,Vikarabad,Telangana
501106,Vikarabad,Telangana
501111,Vikarabad,Telangana
501121,Vikarabad,Telangana
501141,Vikarabad,Telangana
501142,Vikarabad,Telangana
501143,Vikarabad,Telangana
501144,Vikarabad,Telangana
501158,Vikarabad,Telangana
501202,Vikarabad,Telangana
501203,Ranga Reddy,Telangana
501203,Vikarabad,Telangana
501218,Ranga Reddy,Telangana
501301,Medchal Malkajgiri,Telangana
501302,Medchal Malkajgiri,Telangana
501303,Medchal Malkajgiri,Telangana
501359,Ranga Reddy,Telangana
501401,Medchal Malkajgiri,Telangana
501501,Ranga Reddy,Telangana
501501,Vikarabad,Telangana
501502,Vikarabad,Telangana
501503,Ranga Reddy,Telangana
501504,Ranga Reddy,Telangana
501505,Ranga Reddy,Telangana
501506,Ranga Reddy,Telangana
501508,Ranga Reddy,Telangana
501509,Ranga Reddy,Telangana
501510,Ranga Reddy,Telangana
501512,Ranga Reddy,Telangana
501513,Medchal Malkajgiri,Telangana
501513,Ranga Reddy,Telangana
502001,Sangareddy,Telangana
502032,Sangareddy,Telangana
502033,Sangareddy,Telangana
502034,Sangareddy,Telangana
502101,Medak,Telangana
502102,Medak,Telangana
502102,Siddipet,Telangana
502103,Siddipet,Telangana
502106,Siddipet,Telangana
502107,Siddipet,Telangana
502108,Siddipet,Telangana
502109,Medak,Telangana
502110,Medak,Telangana
502113,Medak,Telangana
502114,Siddipet,Telangana
502115,Medak,Telangana
502117,Medak,Telangana
502125,Medak,Telangana
502130,Medak,Telangana
502205,Sangareddy,Telangana
502210,Sangareddy,Telangana
502220,Sangareddy,Telangana
502221,Sangareddy,Telangana
502228,Sangareddy,Telangana
502246,Sangareddy,Telangana
502247,Medak,Telangana
502247,Siddipet,Telangana
502248,Medak,Telangana
502249,Sangareddy,Telangana
502251,Sangareddy,Telangana
502255,Medak,Telangana
502256,Sangareddy,Telangana
502257,Sangareddy,Telangana
502267,Siddipet,Telangana
502269,Medak,Telangana
502269,Sangareddy,Telangana
502270,Medak,Telangana
502270,Sangareddy,Telangana
502271,Medak,Telangana
502273,Sangareddy,Telangana
502276,Siddipet,Telangana
502277,Siddipet,Telangana
502278,Siddipet,Telangana
502279,Siddipet,Telangana
502280,Siddipet,Telangana
502281,Siddipet,Telangana
502284,Sangareddy,Telangana
502285,Sangareddy,Telangana
502286,Sangareddy,Telangana
502287,Sangareddy,Telangana
502290,Medak,Telangana
502290,Sangareddy,Telangana
502291,Sangareddy,Telangana
502293,Sangareddy,Telangana
502294,Sangareddy,Telangana
502295,Sangareddy,Telangana
502296,Sangareddy,Telangana
502300,Sangareddy,Telangana
502301,Siddipet,Telangana
502302,Medak,Telangana
502303,Medak,Telangana
502305,Sangareddy,Telangana
502306,Sangareddy,Telangana
502307,Sangareddy,Telangana
502310,Siddipet,Telangana
502311,Siddipet,Telangana
502312,Siddipet,Telangana
502313,Medak,Telangana
502313,Sangareddy,Telangana
502314,Medak,Telangana
502314,Sangareddy,Telangana
502316,Medak,Telangana
502318,Sangareddy,Telangana
502319,Sangareddy,Telangana
502321,Sangareddy,Telangana
502324,Sangareddy,Telangana
502325,Sangareddy,Telangana
502329,Sangareddy,Telangana
502331,Medak,Telangana
502334,Medak,Telangana
502334,Siddipet,Telangana
502335,Medak,Telangana
502336,Medak,Telangana
502336,Siddipet,Telangana
502345,Sangareddy,Telangana
502345,Vikarabad,Telangana
502371,Sangareddy,Telangana
502372,Siddipet,Telangana
502375,Siddipet,Telangana
502381,Medak,Telangana
503001,Nizamabad,Telangana
503002,Nizamabad,Telangana
503003,Nizamabad,Telangana
503101,Kamareddy,Telangana
503102,Kamareddy,Telangana
503108,Kamareddy,Telangana
503110,Kamareddy,Telangana
503111,Kamareddy,Telangana
503112,Kamareddy,Telangana
503114,Kamareddy,Telangana
503120,Kamareddy,Telangana
503122,Kamareddy,Telangana
503123,Kamareddy,Telangana
503124,Kamareddy,Telangana
503125,Kamareddy,Telangana
503144,Kamareddy,Telangana
503145,Kamareddy,Telangana
503145,Vizianagaram,Andhra Pradesh
503164,Nizamabad,Telangana
503165,Nizamabad,Telangana
503174,Nizamabad,Telangana
503175,Nizamabad,Telangana
503180,Nizamabad,Telangana
503185,Nizamabad,Telangana
503186,Nizamabad,Telangana
503187,Kamareddy,Telangana
503188,Nizamabad,Telangana
503188,Vizianagaram,Andhra Pradesh
503201,Nizamabad,Telangana
503202,Nizamabad,Telangana
503206,Nizamabad,Telangana
503207,Nizamabad,Telangana
503212,Nizamabad,Telangana
503213,Nizamabad,Telangana
503217,Nizamabad,Telangana
503218,Nizamabad,Telangana
503219,Nirmal,Telangana
503219,Nizamabad,Telangana
503223,Nizamabad,Telangana
503224,Nizamabad,Telangana
503225,Nizamabad,Telangana
503225,Vizianagaram,Andhra Pradesh
503230,Nizamabad,Telangana
503230,Vizianagaram,Andhra Pradesh
503235,Nizamabad,Telangana
503235,Parvathipuram Manyam,Andhra Pradesh
503245,Nizamabad,Telangana
503246,Nizamabad,Telangana
503301,Kamareddy,Telangana
503302,Kamareddy,Telangana
503305,Kamareddy,Telangana
503306,Kamareddy,Telangana
503307,Nizamabad,Telangana
503308,Nizamabad,Telangana
503309,Kamareddy,Telangana
503310,Kamareddy,Telangana
503311,Nizamabad,Telangana
503321,Kamareddy,Telangana
503321,Vizianagaram,Andhra Pradesh
503322,Nizamabad,Telangana
504001,Adilabad,Telangana
504002,Adilabad,Telangana
504101,Nirmal,Telangana
504102,Nirmal,Telangana
504103,Nirmal,Telangana
504104,Nirmal,Telangana
504105,Nirmal,Telangana
504106,Nirmal,Telangana
504107,Nirmal,Telangana
504109,Nirmal,Telangana
504110,Nirmal,Telangana
504201,Mancherial,Telangana
504202,Nirmal,Telangana
504203,Nirmal,Telangana
504204,Mancherial,Telangana
504205,Mancherial,Telangana
504206,Mancherial,Telangana
504207,Mancherial,Telangana
504208,Mancherial,Telangana
504209,Mancherial,Telangana
504214,Bapatla,Andhra Pradesh
504214,Mancherial,Telangana
504215,Mancherial,Telangana
504215,Prakasam,Andhra Pradesh
504216,Mancherial,Telangana
504218,Mancherial,Telangana
504219,Mancherial,Telangana
504220,Mancherial,Telangana
504231,Mancherial,Telangana
504251,Mancherial,Telangana
504272,Mancherial,Telangana
504273,Kumuram Bheem Asifabad,Telangana
504273,Mancherial,Telangana
504292,Kumuram Bheem Asifabad,Telangana
504293,Kumuram Bheem Asifabad,Telangana
504294,Kumuram Bheem Asifabad,Telangana
504295,Kumuram Bheem Asifabad,Telangana
504296,Kumuram Bheem Asifabad,Telangana
504297,Kumuram Bheem Asifabad,Telangana
504299,Kumuram Bheem Asifabad,Telangana
504301,Mancherial,Telangana
504302,Mancherial,Telangana
504303,Mancherial,Telangana
504304,Adilabad,Telangana
504306,Nirmal,Telangana
504307,Adilabad,Telangana
504308,Adilabad,Telangana
504309,Adilabad,Telangana
504310,Nirmal,Telangana
504311,Adilabad,Telangana
504312,Adilabad,Telangana
504313,Kumuram Bheem Asifabad,Telangana
504323,Adilabad,Telangana
504346,Prakasam,Andhra Pradesh
505001,Karimnagar,Telangana
505002,Karimnagar,Telangana
505101,Hanumakonda,Telangana
505101,Karimnagar,Telangana
505102,Hanumakonda,Telangana
505122,Hanumakonda,Telangana
505122,Karimnagar,Telangana
505129,Karimnagar,Telangana
505152,Peddapalli,Telangana
505153,Peddapalli,Telangana
505162,Peddapalli,Telangana
505172,Peddapalli,Telangana
505174,Peddapalli,Telangana
505184,Peddapalli,Telangana
505185,Peddapalli,Telangana
505186,Karimnagar,Telangana
505187,Parvathipuram Manyam,Andhra Pradesh
505187,Peddapalli,Telangana
505188,Peddapalli,Telangana
505208,Peddapalli,Telangana
505209,Peddapalli,Telangana
505210,Peddapalli,Telangana
505211,Peddapalli,Telangana
505212,Peddapalli,Telangana
505214,Peddapalli,Telangana
505215,Peddapalli,Telangana
505301,Rajanna Sircilla,Telangana
505302,Rajanna Sircilla,Telangana
505303,Rajanna Sircilla,Telangana
505304,Rajanna Sircilla,Telangana
505305,Rajanna Sircilla,Telangana
505306,Jagitial,Telangana
505307,Rajanna Sircilla,Telangana
505325,Bapatla,Andhra Pradesh
505325,Jagitial,Telangana
505325,Nizamabad,Telangana
505326,Jagitial,Telangana
505327,Jagitial,Telangana
505330,Jagitial,Telangana
505331,Jagitial,Telangana
505401,Karimnagar,Telangana
505401,Rajanna Sircilla,Telangana
505402,Rajanna Sircilla,Telangana
505403,Rajanna Sircilla,Telangana
505404,Rajanna Sircilla,Telangana
505405,Rajanna Sircilla,Telangana
505415,Jagitial,Telangana
505415,Karimnagar,Telangana
505415,Peddapalli,Telangana
505416,Jagitial,Telangana
505425,Jagitial,Telangana
505445,Karimnagar,Telangana
505450,Jagitial,Telangana
505451,Karimnagar,Telangana
505452,Jagitial,Telangana
505453,Jagitial,Telangana
505454,Jagitial,Telangana
505455,Jagitial,Telangana
505460,Jagitial,Telangana
505462,Jagitial,Telangana
505466,Siddipet,Telangana
505467,Karimnagar,Telangana
505467,Siddipet,Telangana
505468,Karimnagar,Telangana
505469,Karimnagar,Telangana
505470,Karimnagar,Telangana
505471,Hanumakonda,Telangana
505472,Karimnagar,Telangana
505472,Siddipet,Telangana
505473,Siddipet,Telangana
505474,Karimnagar,Telangana
505475,Karimnagar,Telangana
505476,Hanumakonda,Telangana
505480,Hanumakonda,Telangana
505480,Karimnagar,Telangana
505481,Karimnagar,Telangana
505481,Siddipet,Telangana
505490,Karimnagar,Telangana
505497,Hanumakonda,Telangana
505498,Hanumakonda,Telangana
505498,Karimnagar,Telangana
505501,Jagitial,Telangana
505502,Karimnagar,Telangana
505503,Jayashankar Bhupalapally,Telangana
505504,Jayashankar Bhupalapally,Telangana
505505,Karimnagar,Telangana
505506,Peddapalli,Telangana
505514,Peddapalli,Telangana
505524,Karimnagar,Telangana
505524,Rajanna Sircilla,Telangana
505525,Parvathipuram Manyam,Andhra Pradesh
505525,Peddapalli,Telangana
505526,Jagitial,Telangana
505527,Karimnagar,Telangana
505528,Rajanna Sircilla,Telangana
505528,Siddipet,Telangana
505529,Jagitial,Telangana
505530,Karimnagar,Telangana
505530,Rajanna Sircilla,Telangana
505530,Siddipet,Telangana
505531,Jagitial,Telangana
505531,Karimnagar,Telangana
505532,Jagitial,Telangana
506001,Hanumakonda,Telangana
506002,Hanumakonda,Telangana
506003,Bapatla,Andhra Pradesh
506003,Hanumakonda,Telangana
506004,Hanumakonda,Telangana
506005,Hanumakonda,Telangana
506005,Warangal,Telangana
506006,Hanumakonda,Telangana
506007,Hanumakonda,Telangana
506008,Hanumakonda,Telangana
506009,Hanumakonda,Telangana
506011,Hanumakonda,Telangana
506013,Hanumakonda,Telangana
506015,Hanumakonda,Telangana
506101,Mahabubabad,Telangana
506102,Mahabubabad,Telangana
506103,Mahabubabad,Telangana
506104,Mahabubabad,Telangana
506105,Mahabubabad,Telangana
506112,Warangal,Telangana
506122,Warangal,Telangana
506132,Warangal,Telangana
506134,Mahabubabad,Telangana
506134,Warangal,Telangana
506135,Mahabubabad,Telangana
506142,Hanumakonda,Telangana
506143,Hanumakonda,Telangana
506143,Jangoan,Telangana
506144,Hanumakonda,Telangana
506144,Jangoan,Telangana
506145,Hanumakonda,Telangana
506145,Jangoan,Telangana
506146,Jangoan,Telangana
506151,Hanumakonda,Telangana
506163,Hanumakonda,Telangana
506163,Mahabubabad,Telangana
506164,Warangal,Telangana
506165,Mulugu,Telangana
506166,Hanumakonda,Telangana
506167,Jangoan,Telangana
506168,Jayashankar Bhupalapally,Telangana
506169,Jayashankar Bhupalapally,Telangana
506170,Jayashankar Bhupalapally,Telangana
506172,Mulugu,Telangana
506175,Jangoan,Telangana
506201,Jangoan,Telangana
506221,Jangoan,Telangana
506222,Jangoan,Telangana
506223,Jangoan,Telangana
506223,Siddipet,Telangana
506224,Jangoan,Telangana
506224,Siddipet,Telangana
506244,Jangoan,Telangana
506252,Jangoan,Telangana
506301,Jangoan,Telangana
506302,Jangoan,Telangana
506303,Jangoan,Telangana
506310,Hanumakonda,Telangana
506313,Hanumakonda,Telangana
506314,Warangal,Telangana
506315,Mahabubabad,Telangana
506316,Jangoan,Telangana
506317,Mahabubabad,Telangana
506318,Jangoan,Telangana
506318,Mahabubabad,Telangana
506319,Jayashankar Bhupalapally,Telangana
506324,Mahabubabad,Telangana
506325,Mahabubabad,Telangana
506325,Warangal,Telangana
506329,Warangal,Telangana
506330,Hanumakonda,Telangana
506331,Warangal,Telangana
506332,Mahabubabad,Telangana
506333,Warangal,Telangana
506342,Warangal,Telangana
506343,Mulugu,Telangana
506344,Mulugu,Telangana
506345,Jayashankar Bhupalapally,Telangana
506345,Mulugu,Telangana
506347,Mulugu,Telangana
506348,Jayashankar Bhupalapally,Telangana
506349,Mulugu,Telangana
506350,Warangal,Telangana
506352,Mulugu,Telangana
506355,Siddipet,Telangana
506356,Jayashankar Bhupalapally,Telangana
506365,Warangal,Telangana
506366,Jayashankar Bhupalapally,Telangana
506367,Jangoan,Telangana
506367,Siddipet,Telangana
506368,Mahabubabad,Telangana
506369,Warangal,Telangana
506370,Hanumakonda,Telangana
506371,Hanumakonda,Telangana
506381,Mahabubabad,Telangana
506391,Warangal,Telangana
507001,Khammam,Telangana
507002,Khammam,Telangana
507003,Khammam,Telangana
507101,Bhadradri Kothagudem,Telangana
507103,Bhadradri Kothagudem,Telangana
507111,Bhadradri Kothagudem,Telangana
507112,Bhadradri Kothagudem,Telangana
507114,Bhadradri Kothagudem,Telangana
507115,Bhadradri Kothagudem,Telangana
507116,Bhadradri Kothagudem,Telangana
507117,Bhadradri Kothagudem,Telangana
507118,Bhadradri Kothagudem,Telangana
507119,Bhadradri Kothagudem,Telangana
507120,Bhadradri Kothagudem,Telangana
507122,Khammam,Telangana
507123,Bhadradri Kothagudem,Telangana
507124,Bhadradri Kothagudem,Telangana
507125,Bhadradri Kothagudem,Telangana
507126,Bhadradri Kothagudem,Telangana
507127,Bhadradri Kothagudem,Telangana
507128,Bhadradri Kothagudem,Telangana
507133,Mulugu,Telangana
507136,Mulugu,Telangana
507137,Bhadradri Kothagudem,Telangana
507140,Bhadradri Kothagudem,Telangana
507154,Bhadradri Kothagudem,Telangana
507157,Khammam,Telangana
507158,Khammam,Telangana
507159,Khammam,Telangana
507160,Khammam,Telangana
507161,Khammam,Telangana
507163,Khammam,Telangana
507164,Khammam,Telangana
507165,Khammam,Telangana
507166,Bhadradri Kothagudem,Telangana
507167,Khammam,Telangana
507168,Khammam,Telangana
507169,Khammam,Telangana
507170,Khammam,Telangana
507171,Bhadradri Kothagudem,Telangana
507182,Khammam,Telangana
507183,Khammam,Telangana
507201,Khammam,Telangana
507202,Khammam,Telangana
507203,Khammam,Telangana
507204,Khammam,Telangana
507208,Khammam,Telangana
507209,Khammam,Telangana
507210,Mahabubabad,Telangana
507211,Mahabubabad,Telangana
507301,Bhadradri Kothagudem,Telangana
507302,Khammam,Telangana
507303,Khammam,Telangana
507304,Khammam,Telangana
507305,Khammam,Telangana
507306,Bhadradri Kothagudem,Telangana
507315,Bhadradri Kothagudem,Telangana
507315,Khammam,Telangana
507316,Bhadradri Kothagudem,Telangana
507316,Khammam,Telangana
507318,Khammam,Telangana
508001,Nalgonda,Telangana
508002,Nalgonda,Telangana
508004,Nalgonda,Telangana
508101,Yadadri Bhuvanagiri,Telangana
508105,Yadadri Bhuvanagiri,Telangana
508111,Yadadri Bhuvanagiri,Telangana
508112,Yadadri Bhuvanagiri,Telangana
508113,Yadadri Bhuvanagiri,Telangana
508114,Nalgonda,Telangana
508115,Yadadri Bhuvanagiri,Telangana
508116,Yadadri Bhuvanagiri,Telangana
508117,Yadadri Bhuvanagiri,Telangana
508126,Yadadri Bhuvanagiri,Telangana
508201,Suryapet,Telangana
508202,Nalgonda,Telangana
508204,Suryapet,Telangana
508205,Nalgonda,Telangana
508206,Suryapet,Telangana
508207,Nalgonda,Telangana
508208,Nalgonda,Telangana
508210,Nalgonda,Telangana
508211,Nalgonda,Telangana
508212,Suryapet,Telangana
508213,Suryapet,Telangana
508214,Suryapet,Telangana
508217,Nalgonda,Telangana
508218,Suryapet,Telangana
508221,Suryapet,Telangana
508223,Suryapet,Telangana
508223,Yadadri Bhuvanagiri,Telangana
508224,Suryapet,Telangana
508233,Suryapet,Telangana
508234,Suryapet,Telangana
508238,Suryapet,Telangana
508243,Nalgonda,Telangana
508244,Nalgonda,Telangana
508245,Nalgonda,Telangana
508245,Ranga Reddy,Telangana
508246,Suryapet,Telangana
508247,Nalgonda,Telangana
508248,Nalgonda,Telangana
508250,Nalgonda,Telangana
508252,Nalgonda,Telangana
508252,Yadadri Bhuvanagiri,Telangana
508253,Nalgonda,Telangana
508253,Yadadri Bhuvanagiri,Telangana
508254,Nalgonda,Telangana
508255,Nalgonda,Telangana
508256,Nalgonda,Telangana
508257,Nalgonda,Telangana
508258,Nalgonda,Telangana
508266,Nalgonda,Telangana
508277,Yadadri Bhuvanagiri,Telangana
508278,Nalgonda,Telangana
508279,Suryapet,Telangana
508280,Suryapet,Telangana
508284,Yadadri Bhuvanagiri,Telangana
508285,Yadadri Bhuvanagiri,Telangana
508286,Yadadri Bhuvanagiri,Telangana
508355,Nalgonda,Telangana
508355,Suryapet,Telangana
508373,Nalgonda,Telangana
508374,Nalgonda,Telangana
508376,Nalgonda,Telangana
508376,Suryapet,Telangana
508377,Nalgonda,Telangana
509001,Mahabubnagar,Telangana
509002,Mahabubnagar,Telangana
509102,Nagarkurnool,Telangana
509103,Wanaparthy,Telangana
509104,Wanaparthy,Telangana
509105,Nagarkurnool,Telangana
509105,Wanaparthy,Telangana
509106,Wanaparthy,Telangana
509110,Mahabubnagar,Telangana
509110,Wanaparthy,Telangana
509120,Wanaparthy,Telangana
509125,Jogulamba Gadwal,Telangana
509126,Jogulamba Gadwal,Telangana
509127,Jogulamba Gadwal,Telangana
509128,Jogulamba Gadwal,Telangana
509129,Jogulamba Gadwal,Telangana
509130,Mahabubnagar,Telangana
509130,Narayanpet,Telangana
509130,Wanaparthy,Telangana
509131,Mahabubnagar,Telangana
509131,Wanaparthy,Telangana
509132,Jogulamba Gadwal,Telangana
509132,Krishna,Andhra Pradesh
509133,Jogulamba Gadwal,Telangana
509135,Jogulamba Gadwal,Telangana
509152,Jogulamba Gadwal,Telangana
509153,Jogulamba Gadwal,Telangana
509201,Nagarkurnool,Telangana
509202,Mahabubnagar,Telangana
509202,Ranga Reddy,Telangana
509203,Nagarkurnool,Telangana
509204,Mahabubnagar,Telangana
509204,Narayanpet,Telangana
509205,Narayanpet,Telangana
509206,Nagarkurnool,Telangana
509206,Wanaparthy,Telangana
509207,Ranga Reddy,Telangana
509208,Narayanpet,Telangana
509209,Nagarkurnool,Telangana
509210,Narayanpet,Telangana
509215,Nagarkurnool,Telangana
509216,Ranga Reddy,Telangana
509217,Ranga Reddy,Telangana
509219,Mahabubnagar,Telangana
509228,Ranga Reddy,Telangana
509235,Nagarkurnool,Telangana
509235,Wanaparthy,Telangana
509301,Mahabubnagar,Telangana
509302,Mahabubnagar,Telangana
509302,Nagarkurnool,Telangana
509311,Narayanpet,Telangana
509320,Nagarkurnool,Telangana
509320,Ranga Reddy,Telangana
509320,Sangareddy,Telangana
509321,Ranga Reddy,Telangana
509324,Nagarkurnool,Telangana
509324,Vizianagaram,Andhra Pradesh
509325,Ranga Reddy,Telangana
509326,Nagarkurnool,Telangana
509327,Ranga Reddy,Telangana
509328,Ranga Reddy,Telangana
509334,Mahabubnagar,Telangana
509335,Mahabubnagar,Telangana
509335,Vikarabad,Telangana
509336,Narayanpet,Telangana
509336,Vikarabad,Telangana
509337,Mahabubnagar,Telangana
509338,Vikarabad,Telangana
509339,Mahabubnagar,Telangana
509339,Narayanpet,Telangana
509339,Vikarabad,Telangana
509340,Mahabubnagar,Telangana
509340,Vikarabad,Telangana
509349,Nagarkurnool,Telangana
509350,Narayanpet,Telangana
509350,Vikarabad,Telangana
509351,Narayanpet,Telangana
509352,Narayanpet,Telangana
509353,Narayanpet,Telangana
509357,Mahabubnagar,Telangana
509357,Nagarkurnool,Telangana
509357,Ranga Reddy,Telangana
509358,Ranga Reddy,Telangana
509360,Nagarkurnool,Telangana
509360,Ranga Reddy,Telangana
509371,Mahabubnagar,Telangana
509371,Narayanpet,Telangana
509375,Nagarkurnool,Telangana
509376,Nagarkurnool,Telangana
509380,Mahabubnagar,Telangana
509380,Wanaparthy,Telangana
509381,Mahabubnagar,Telangana
509381,Wanaparthy,Telangana
509382,Mahabubnagar,Telangana
509382,Wanaparthy,Telangana
509385,Nagarkurnool,Telangana
509401,Nagarkurnool,Telangana
509406,Mahabubnagar,Telangana
509406,Nagarkurnool,Telangana
509407,Narayanpet,Telangana
509408,Mahabubnagar,Telangana
509408,Ranga Reddy,Telangana
509409,Mahabubnagar,Telangana
509409,Narayanpet,Telangana
509410,Ranga Reddy,Telangana
509411,Narayanpet,Telangana
509412,Nagarkurnool,Telangana
515001,Anantapur,Andhra Pradesh
515002,Anantapur,Andhra Pradesh
515003,Anantapur,Andhra Pradesh
515004,Anantapur,Andhra Pradesh
515005,Anantapur,Andhra Pradesh
515006,Anantapur,Andhra Pradesh
515101,Sri Sathya Sai,Andhra Pradesh
515110,Anantapur,Andhra Pradesh
515110,Sri Sathya Sai,Andhra Pradesh
515122,Sri Sathya Sai,Andhra Pradesh
515123,Sri Sathya Sai,Andhra Pradesh
515124,Sri Sathya Sai,Andhra Pradesh
515133,Sri Sathya Sai,Andhra Pradesh
515134,Anantapur,Andhra Pradesh
515134,Sri Sathya Sai,Andhra Pradesh
515144,Sri Sathya Sai,Andhra Pradesh
515154,Sri Sathya Sai,Andhra Pradesh
515159,Sri Sathya Sai,Andhra Pradesh
515164,Sri Sathya Sai,Andhra Pradesh
515201,Anantapur,Andhra Pradesh
515201,Sri Sathya Sai,Andhra Pradesh
515202,Sri Sathya Sai,Andhra Pradesh
515211,Sri Sathya Sai,Andhra Pradesh
515212,Sri Sathya Sai,Andhra Pradesh
515231,Anantapur,Andhra Pradesh
515231,Sri Sathya Sai,Andhra Pradesh
515241,Sri Sathya Sai,Andhra Pradesh
515251,Sri Sathya Sai,Andhra Pradesh
515261,Sri Sathya Sai,Andhra Pradesh
515271,Sri Sathya Sai,Andhra Pradesh
515281,Sri Sathya Sai,Andhra Pradesh
515286,Sri Sathya Sai,Andhra Pradesh
515291,Sri Sathya Sai,Andhra Pradesh
515301,Sri Sathya Sai,Andhra Pradesh
515303,Anantapur,Andhra Pradesh
515305,Sri Sathya Sai,Andhra Pradesh
515311,Sri Sathya Sai,Andhra Pradesh
515321,Sri Sathya Sai,Andhra Pradesh
515331,Sri Sathya Sai,Andhra Pradesh
515341,Sri Sathya Sai,Andhra Pradesh
515401,Anantapur,Andhra Pradesh
515402,Anantapur,Andhra Pradesh
515405,Anantapur,Andhra Pradesh
515408,Anantapur,Andhra Pradesh
515411,Anantapur,Andhra Pradesh
515413,Anantapur,Andhra Pradesh
515414,Anantapur,Andhra Pradesh
515415,Anantapur,Andhra Pradesh
515425,Anantapur,Andhra Pradesh
515435,Anantapur,Andhra Pradesh
515445,Anantapur,Andhra Pradesh
515455,Anantapur,Andhra Pradesh
515465,Anantapur,Andhra Pradesh
515465,Y.s.r.,Andhra Pradesh
515501,Sri Sathya Sai,Andhra Pradesh
515511,Sri Sathya Sai,Andhra Pradesh
515521,Sri Sathya Sai,Andhra Pradesh
515531,Sri Sathya Sai,Andhra Pradesh
515541,Sri Sathya Sai,Andhra Pradesh
515551,Sri Sathya Sai,Andhra Pradesh
515556,Sri Sathya Sai,Andhra Pradesh
515561,Anantapur,Andhra Pradesh
515561,Sri Sathya Sai,Andhra Pradesh
515571,Sri Sathya Sai,Andhra Pradesh
515581,Sri Sathya Sai,Andhra Pradesh
515591,Anantapur,Andhra Pradesh
515591,Sri Sathya Sai,Andhra Pradesh
515601,Sri Sathya Sai,Andhra Pradesh
515611,Anantapur,Andhra Pradesh
515621,Sri Sathya Sai,Andhra Pradesh
515631,Sri Sathya Sai,Andhra Pradesh
515641,Sri Sathya Sai,Andhra Pradesh
515651,Sri Sathya Sai,Andhra Pradesh
515661,Sri Sathya Sai,Andhra Pradesh
515671,Anantapur,Andhra Pradesh
515671,Sri Sathya Sai,Andhra Pradesh
515672,Sri Sathya Sai,Andhra Pradesh
515701,Anantapur,Andhra Pradesh
515711,Anantapur,Andhra Pradesh
515721,Anantapur,Andhra Pradesh
515722,Anantapur,Andhra Pradesh
515731,Anantapur,Andhra Pradesh
515741,Anantapur,Andhra Pradesh
515751,Anantapur,Andhra Pradesh
515761,Anantapur,Andhra Pradesh
515763,Anantapur,Andhra Pradesh
515765,Anantapur,Andhra Pradesh
515766,Anantapur,Andhra Pradesh
515767,Anantapur,Andhra Pradesh
515774,Anantapur,Andhra Pradesh
515775,Anantapur,Andhra Pradesh
515787,Anantapur,Andhra Pradesh
515801,Anantapur,Andhra Pradesh
515803,Anantapur,Andhra Pradesh
515812,Anantapur,Andhra Pradesh
515822,Anantapur,Andhra Pradesh
515832,Anantapur,Andhra Pradesh
515842,Anantapur,Andhra Pradesh
515863,Anantapur,Andhra Pradesh
515865,Anantapur,Andhra Pradesh
515867,Anantapur,Andhra Pradesh
515870,Anantapur,Andhra Pradesh
515871,Anantapur,Andhra Pradesh
515872,Anantapur,Andhra Pradesh
516001,Y.s.r.,Andhra Pradesh
516002,Y.s.r.,Andhra Pradesh
516003,Y.s.r.,Andhra Pradesh
516004,Y.s.r.,Andhra Pradesh
516005,Y.s.r.,Andhra Pradesh
516101,Y.s.r.,Andhra Pradesh
516104,Y.s.r.,Andhra Pradesh
516105,Annamayya,Andhra Pradesh
516107,Y.s.r.,Andhra Pradesh
516108,Y.s.r.,Andhra Pradesh
516110,Y.s.r.,Andhra Pradesh
516115,Y.s.r.,Andhra Pradesh
516126,Y.s.r.,Andhra Pradesh
516127,Y.s.r.,Andhra Pradesh
516128,Y.s.r.,Andhra Pradesh
516129,Y.s.r.,Andhra Pradesh
516130,Y.s.r.,Andhra Pradesh
516150,Y.s.r.,Andhra Pradesh
516151,Y.s.r.,Andhra Pradesh
516152,Y.s.r.,Andhra Pradesh
516162,Y.s.r.,Andhra Pradesh
516163,Y.s.r.,Andhra Pradesh
516172,Y.s.r.,Andhra Pradesh
516173,Y.s.r.,Andhra Pradesh
516175,Y.s.r.,Andhra Pradesh
516193,Y.s.r.,Andhra Pradesh
516203,Y.s.r.,Andhra Pradesh
516213,Y.s.r.,Andhra Pradesh
516214,Y.s.r.,Andhra Pradesh
516215,Y.s.r.,Andhra Pradesh
516216,Y.s.r.,Andhra Pradesh
516217,Y.s.r.,Andhra Pradesh
516218,Y.s.r.,Andhra Pradesh
516227,Y.s.r.,Andhra Pradesh
516228,Y.s.r.,Andhra Pradesh
516233,Y.s.r.,Andhra Pradesh
516237,Y.s.r.,Andhra Pradesh
516247,Y.s.r.,Andhra Pradesh
516257,Y.s.r.,Andhra Pradesh
516259,Y.s.r.,Andhra Pradesh
516267,Y.s.r.,Andhra Pradesh
516268,Y.s.r.,Andhra Pradesh
516269,Y.s.r.,Andhra Pradesh
516270,Y.s.r.,Andhra Pradesh
516289,Y.s.r.,Andhra Pradesh
516293,Y.s.r.,Andhra Pradesh
516309,Y.s.r.,Andhra Pradesh
516310,Y.s.r.,Andhra Pradesh
516311,Y.s.r.,Andhra Pradesh
516312,Y.s.r.,Andhra Pradesh
516321,Y.s.r.,Andhra Pradesh
516329,Y.s.r.,Andhra Pradesh
516330,Y.s.r.,Andhra Pradesh
516339,Y.s.r.,Andhra Pradesh
516349,Y.s.r.,Andhra Pradesh
516350,Y.s.r.,Andhra Pradesh
516355,Y.s.r.,Andhra Pradesh
516356,Y.s.r.,Andhra Pradesh
516359,Y.s.r.,Andhra Pradesh
516360,Y.s.r.,Andhra Pradesh
516361,Y.s.r.,Andhra Pradesh
516362,Y.s.r.,Andhra Pradesh
516380,Y.s.r.,Andhra Pradesh
516390,Y.s.r.,Andhra Pradesh
516391,Y.s.r.,Andhra Pradesh
516396,Y.s.r.,Andhra Pradesh
516401,Y.s.r.,Andhra Pradesh
516411,Y.s.r.,Andhra Pradesh
516421,Y.s.r.,Andhra Pradesh
516431,Y.s.r.,Andhra Pradesh
516432,Y.s.r.,Andhra Pradesh
516433,Y.s.r.,Andhra Pradesh
516434,Y.s.r.,Andhra Pradesh
516439,Y.s.r.,Andhra Pradesh
516444,Y.s.r.,Andhra Pradesh
516454,Y.s.r.,Andhra Pradesh
516464,Anantapur,Andhra Pradesh
516464,Y.s.r.,Andhra Pradesh
516474,Y.s.r.,Andhra Pradesh
516484,Y.s.r.,Andhra Pradesh
516501,Y.s.r.,Andhra Pradesh
516502,Y.s.r.,Andhra Pradesh
516503,Y.s.r.,Andhra Pradesh
516504,Y.s.r.,Andhra Pradesh
516505,Y.s.r.,Andhra Pradesh
517001,Chittoor,Andhra Pradesh
517002,Chittoor,Andhra Pradesh
517004,Chittoor,Andhra Pradesh
517101,Chittoor,Andhra Pradesh
517101,Tirupati,Andhra Pradesh
517102,Tirupati,Andhra Pradesh
517112,Chittoor,Andhra Pradesh
517113,Chittoor,Andhra Pradesh
517123,Chittoor,Andhra Pradesh
517124,Chittoor,Andhra Pradesh
517125,Chittoor,Andhra Pradesh
517126,Chittoor,Andhra Pradesh
517127,Chittoor,Andhra Pradesh
517128,Chittoor,Andhra Pradesh
517129,Chittoor,Andhra Pradesh
517130,Chittoor,Andhra Pradesh
517131,Chittoor,Andhra Pradesh
517132,Chittoor,Andhra Pradesh
517152,Chittoor,Andhra Pradesh
517152,Tirupati,Andhra Pradesh
517167,Chittoor,Andhra Pradesh
517172,Chittoor,Andhra Pradesh
517192,Chittoor,Andhra Pradesh
517192,Tirupati,Andhra Pradesh
517193,Tirupati,Andhra Pradesh
517194,Tirupati,Andhra Pradesh
517213,Chittoor,Andhra Pradesh
517214,Annamayya,Andhra Pradesh
517214,Chittoor,Andhra Pradesh
517214,Tirupati,Andhra Pradesh
517234,Chittoor,Andhra Pradesh
517235,Annamayya,Andhra Pradesh
517236,Annamayya,Andhra Pradesh
517237,Chittoor,Andhra Pradesh
517247,Annamayya,Andhra Pradesh
517247,Chittoor,Andhra Pradesh
517257,Chittoor,Andhra Pradesh
517277,Annamayya,Andhra Pradesh
517280,Annamayya,Andhra Pradesh
517291,Annamayya,Andhra Pradesh
517297,Annamayya,Andhra Pradesh
517299,Annamayya,Andhra Pradesh
517305,Annamayya,Andhra Pradesh
517319,Annamayya,Andhra Pradesh
517325,Annamayya,Andhra Pradesh
517326,Annamayya,Andhra Pradesh
517326,Chittoor,Andhra Pradesh
517350,Annamayya,Andhra Pradesh
517351,Annamayya,Andhra Pradesh
517352,Annamayya,Andhra Pradesh
517370,Annamayya,Andhra Pradesh
517390,Annamayya,Andhra Pradesh
517391,Annamayya,Andhra Pradesh
517401,Chittoor,Andhra Pradesh
517403,Chittoor,Andhra Pradesh
517408,Chittoor,Andhra Pradesh
517414,Chittoor,Andhra Pradesh
517415,Chittoor,Andhra Pradesh
517416,Chittoor,Andhra Pradesh
517417,Annamayya,Andhra Pradesh
517418,Annamayya,Andhra Pradesh
517419,Chittoor,Andhra Pradesh
517421,Chittoor,Andhra Pradesh
517422,Chittoor,Andhra Pradesh
517423,Chittoor,Andhra Pradesh
517424,Chittoor,Andhra Pradesh
517425,Chittoor,Andhra Pradesh
517426,Chittoor,Andhra Pradesh
517429,Chittoor,Andhra Pradesh
517432,Chittoor,Andhra Pradesh
517501,Chittoor,Andhra Pradesh
517501,Tirupati,Andhra Pradesh
517502,Chittoor,Andhra Pradesh
517502,Tirupati,Andhra Pradesh
517503,Tirupati,Andhra Pradesh
517504,Tirupati,Andhra Pradesh
517505,Chittoor,Andhra Pradesh
517505,Tirupati,Andhra Pradesh
517506,Tirupati,Andhra Pradesh
517507,Chittoor,Andhra Pradesh
517507,Tirupati,Andhra Pradesh
517508,Tirupati,Andhra Pradesh
517509,Chittoor,Andhra Pradesh
517520,Chittoor,Andhra Pradesh
517520,Tirupati,Andhra Pradesh
517526,Tirupati,Andhra Pradesh
517536,Tirupati,Andhra Pradesh
517541,Chittoor,Andhra Pradesh
517551,Tirupati,Andhra Pradesh
517561,Tirupati,Andhra Pradesh
517569,Chittoor,Andhra Pradesh
517571,Tirupati,Andhra Pradesh
517581,Tirupati,Andhra Pradesh
517582,Chittoor,Andhra Pradesh
517583,Chittoor,Andhra Pradesh
517583,Tirupati,Andhra Pradesh
517584,Tirupati,Andhra Pradesh
517586,Chittoor,Andhra Pradesh
517587,Chittoor,Andhra Pradesh
517587,Tirupati,Andhra Pradesh
517588,Tirupati,Andhra Pradesh
517589,Tirupati,Andhra Pradesh
517590,Chittoor,Andhra Pradesh
517591,Chittoor,Andhra Pradesh
517592,Chittoor,Andhra Pradesh
517599,Chittoor,Andhra Pradesh
517619,Tirupati,Andhra Pradesh
517620,Tirupati,Andhra Pradesh
517640,Tirupati,Andhra Pradesh
517641,Tirupati,Andhra Pradesh
517642,Chittoor,Andhra Pradesh
517643,Tirupati,Andhra Pradesh
517644,Chittoor,Andhra Pradesh
517644,Tirupati,Andhra Pradesh
517645,Tirupati,Andhra Pradesh
517646,Tirupati,Andhra Pradesh
518001,Kurnool,Andhra Pradesh
518002,Kurnool,Andhra Pradesh
518003,Kurnool,Andhra Pradesh
518004,Kurnool,Andhra Pradesh
518005,Kurnool,Andhra Pradesh
518006,Kurnool,Andhra Pradesh
518007,Kurnool,Andhra Pradesh
518010,Kurnool,Andhra Pradesh
518010,Nandyal,Andhra Pradesh
518101,Nandyal,Andhra Pradesh
518102,Nandyal,Andhra Pradesh
518112,Nandyal,Andhra Pradesh
518122,Nandyal,Andhra Pradesh
518123,Nandyal,Andhra Pradesh
518124,Nandyal,Andhra Pradesh
518134,Nandyal,Andhra Pradesh
518135,Nandyal,Andhra Pradesh
518145,Nandyal,Andhra Pradesh
518155,Nandyal,Andhra Pradesh
518165,Nandyal,Andhra Pradesh
518166,Nandyal,Andhra Pradesh
518176,Nandyal,Andhra Pradesh
518186,Nandyal,Andhra Pradesh
518196,Nandyal,Andhra Pradesh
518206,Nandyal,Andhra Pradesh
518216,Kurnool,Andhra Pradesh
518217,Kurnool,Andhra Pradesh
518217,Nandyal,Andhra Pradesh
518218,Kurnool,Andhra Pradesh
518220,Nandyal,Andhra Pradesh
518221,Kurnool,Andhra Pradesh
518221,Nandyal,Andhra Pradesh
518222,Kurnool,Andhra Pradesh
518222,Nandyal,Andhra Pradesh
518225,Kurnool,Andhra Pradesh
518225,Nandyal,Andhra Pradesh
518301,Kurnool,Andhra Pradesh
518302,Kurnool,Andhra Pradesh
518308,Kurnool,Andhra Pradesh
518313,Kurnool,Andhra Pradesh
518323,Kurnool,Andhra Pradesh
518333,Kurnool,Andhra Pradesh
518343,Kurnool,Andhra Pradesh
518344,Kurnool,Andhra Pradesh
518345,Kurnool,Andhra Pradesh
518346,Kurnool,Andhra Pradesh
518347,Kurnool,Andhra Pradesh
518348,Kurnool,Andhra Pradesh
518349,Kurnool,Andhra Pradesh
518350,Kurnool,Andhra Pradesh
518360,Kurnool,Andhra Pradesh
518380,Kurnool,Andhra Pradesh
518385,Kurnool,Andhra Pradesh
518390,Kurnool,Andhra Pradesh
518395,Kurnool,Andhra Pradesh
518396,Kurnool,Andhra Pradesh
518401,Nandyal,Andhra Pradesh
518405,Nandyal,Andhra Pradesh
518411,Nandyal,Andhra Pradesh
518412,Nandyal,Andhra Pradesh
518422,Nandyal,Andhra Pradesh
518432,Kurnool,Andhra Pradesh
518432,Nandyal,Andhra Pradesh
518442,Nandyal,Andhra Pradesh
518452,Kurnool,Andhra Pradesh
518452,Nandyal,Andhra Pradesh
518462,Kurnool,Andhra Pradesh
518463,Kurnool,Andhra Pradesh
518464,Kurnool,Andhra Pradesh
518465,Kurnool,Andhra Pradesh
518466,Kurnool,Andhra Pradesh
518467,Kurnool,Andhra Pradesh
518468,Kurnool,Andhra Pradesh
518468,Nandyal,Andhra Pradesh
518501,Nandyal,Andhra Pradesh
518502,Nandyal,Andhra Pradesh
518508,Kurnool,Andhra Pradesh
518508,Nandyal,Andhra Pradesh
518510,Nandyal,Andhra Pradesh
518511,Nandyal,Andhra Pradesh
518512,Nandyal,Andhra Pradesh
518513,Nandyal,Andhra Pradesh
518523,Nandyal,Andhra Pradesh
518533,Nandyal,Andhra Pradesh
518543,Nandyal,Andhra Pradesh
518553,Nandyal,Andhra Pradesh
518563,Nandyal,Andhra Pradesh
518573,Nandyal,Andhra Pradesh
518583,Nandyal,Andhra Pradesh
518593,Nandyal,Andhra Pradesh
518594,Nandyal,Andhra Pradesh
518598,Nandyal,Andhra Pradesh
518599,Nandyal,Andhra Pradesh
518674,Nandyal,Andhra Pradesh
520001,NTR,Andhra Pradesh
520002,NTR,Andhra Pradesh
520003,NTR,Andhra Pradesh
520004,NTR,Andhra Pradesh
520007,Krishna,Andhra Pradesh
520007,NTR,Andhra Pradesh
520008,NTR,Andhra Pradesh
520010,NTR,Andhra Pradesh
520011,NTR,Andhra Pradesh
520012,NTR,Andhra Pradesh
520013,NTR,Andhra Pradesh
520015,NTR,Andhra Pradesh
521001,Krishna,Andhra Pradesh
521002,Krishna,Andhra Pradesh
521003,Krishna,Andhra Pradesh
521004,Krishna,Andhra Pradesh
521101,Krishna,Andhra Pradesh
521102,Krishna,Andhra Pradesh
521104,Krishna,Andhra Pradesh
521104,NTR,Andhra Pradesh
521105,Eluru,Andhra Pradesh
521105,Krishna,Andhra Pradesh
521106,Krishna,Andhra Pradesh
521107,Krishna,Andhra Pradesh
521108,NTR,Andhra Pradesh
521109,Eluru,Andhra Pradesh
521109,Krishna,Andhra Pradesh
521110,Krishna,Andhra Pradesh
521111,Eluru,Andhra Pradesh
521111,Krishna,Andhra Pradesh
521120,Krishna,Andhra Pradesh
521121,Krishna,Andhra Pradesh
521122,Krishna,Andhra Pradesh
521125,Krishna,Andhra Pradesh
521126,Krishna,Andhra Pradesh
521130,Krishna,Andhra Pradesh
521131,Krishna,Andhra Pradesh
521132,Krishna,Andhra Pradesh
521133,Krishna,Andhra Pradesh
521134,Krishna,Andhra Pradesh
521135,Krishna,Andhra Pradesh
521136,Krishna,Andhra Pradesh
521137,Krishna,Andhra Pradesh
521138,Krishna,Andhra Pradesh
521139,Krishna,Andhra Pradesh
521148,Krishna,Andhra Pradesh
521149,Krishna,Andhra Pradesh
521150,Krishna,Andhra Pradesh
521151,Krishna,Andhra Pradesh
521153,Krishna,Andhra Pradesh
521156,Krishna,Andhra Pradesh
521157,Krishna,Andhra Pradesh
521158,Krishna,Andhra Pradesh
521162,Krishna,Andhra Pradesh
521163,Krishna,Andhra Pradesh
521164,Krishna,Andhra Pradesh
521165,Krishna,Andhra Pradesh
521170,NTR,Andhra Pradesh
521175,NTR,Andhra Pradesh
521178,NTR,Andhra Pradesh
521180,NTR,Andhra Pradesh
521181,NTR,Andhra Pradesh
521182,NTR,Andhra Pradesh
521183,NTR,Andhra Pradesh
521184,NTR,Andhra Pradesh
521185,NTR,Andhra Pradesh
521190,NTR,Andhra Pradesh
521201,Eluru,Andhra Pradesh
521202,Eluru,Andhra Pradesh
521207,Eluru,Andhra Pradesh
521211,Eluru,Andhra Pradesh
521212,Eluru,Andhra Pradesh
521212,Krishna,Andhra Pradesh
521212,NTR,Andhra Pradesh
521213,Eluru,Andhra Pradesh
521213,NTR,Andhra Pradesh
521214,Eluru,Andhra Pradesh
521214,NTR,Andhra Pradesh
521215,NTR,Andhra Pradesh
521224,Krishna,Andhra Pradesh
521225,NTR,Andhra Pradesh
521226,NTR,Andhra Pradesh
521227,NTR,Andhra Pradesh
521228,NTR,Andhra Pradesh
521229,NTR,Andhra Pradesh
521230,NTR,Andhra Pradesh
521231,NTR,Andhra Pradesh
521235,Krishna,Andhra Pradesh
521241,Krishna,Andhra Pradesh
521245,Krishna,Andhra Pradesh
521246,Krishna,Andhra Pradesh
521247,Krishna,Andhra Pradesh
521250,Krishna,Andhra Pradesh
521256,Krishna,Andhra Pradesh
521260,Eluru,Andhra Pradesh
521260,Krishna,Andhra Pradesh
521261,Krishna,Andhra Pradesh
521263,Krishna,Andhra Pradesh
521286,Eluru,Andhra Pradesh
521286,Krishna,Andhra Pradesh
521301,Krishna,Andhra Pradesh
521311,Eluru,Andhra Pradesh
521312,Eluru,Andhra Pradesh
521320,Krishna,Andhra Pradesh
521321,Krishna,Andhra Pradesh
521322,Krishna,Andhra Pradesh
521323,Eluru,Andhra Pradesh
521323,Krishna,Andhra Pradesh
521324,Krishna,Andhra Pradesh
521325,Eluru,Andhra Pradesh
521325,Krishna,Andhra Pradesh
521326,Eluru,Andhra Pradesh
521326,Krishna,Andhra Pradesh
521327,Krishna,Andhra Pradesh
521328,Krishna,Andhra Pradesh
521329,Eluru,Andhra Pradesh
521329,Krishna,Andhra Pradesh
521330,Krishna,Andhra Pradesh
521331,Krishna,Andhra Pradesh
521332,Krishna,Andhra Pradesh
521333,Eluru,Andhra Pradesh
521340,Eluru,Andhra Pradesh
521343,Eluru,Andhra Pradesh
521344,Eluru,Andhra Pradesh
521345,Eluru,Andhra Pradesh
521356,Krishna,Andhra Pradesh
521366,Krishna,Andhra Pradesh
521369,Krishna,Andhra Pradesh
521390,Krishna,Andhra Pradesh
521401,NTR,Andhra Pradesh
521402,NTR,Andhra Pradesh
521403,NTR,Andhra Pradesh
521456,NTR,Andhra Pradesh
521457,NTR,Andhra Pradesh
522001,Guntur,Andhra Pradesh
522002,Guntur,Andhra Pradesh
522003,Guntur,Andhra Pradesh
522004,Guntur,Andhra Pradesh
522005,Guntur,Andhra Pradesh
522006,Guntur,Andhra Pradesh
522007,Guntur,Andhra Pradesh
522008,Guntur,Andhra Pradesh
522009,Guntur,Andhra Pradesh
522015,Guntur,Andhra Pradesh
522016,Guntur,Andhra Pradesh
522016,Palnadu,Andhra Pradesh
522017,Guntur,Andhra Pradesh
522018,Guntur,Andhra Pradesh
522019,Guntur,Andhra Pradesh
522020,Guntur,Andhra Pradesh
522020,Palnadu,Andhra Pradesh
522034,Guntur,Andhra Pradesh
522101,Bapatla,Andhra Pradesh
522102,Bapatla,Andhra Pradesh
522111,Bapatla,Andhra Pradesh
522112,Guntur,Andhra Pradesh
522113,Bapatla,Andhra Pradesh
522113,Guntur,Andhra Pradesh
522124,Guntur,Andhra Pradesh
522201,Guntur,Andhra Pradesh
522202,Guntur,Andhra Pradesh
522211,Bapatla,Andhra Pradesh
522211,Guntur,Andhra Pradesh
522212,Bapatla,Andhra Pradesh
522212,Guntur,Andhra Pradesh
522213,Guntur,Andhra Pradesh
522233,Palnadu,Andhra Pradesh
522234,Palnadu,Andhra Pradesh
522235,Guntur,Andhra Pradesh
522236,Guntur,Andhra Pradesh
522237,Guntur,Andhra Pradesh
522238,Guntur,Andhra Pradesh
522239,Guntur,Andhra Pradesh
522240,Guntur,Andhra Pradesh
522241,Guntur,Andhra Pradesh
522256,Bapatla,Andhra Pradesh
522257,Bapatla,Andhra Pradesh
522258,Bapatla,Andhra Pradesh
522259,Bapatla,Andhra Pradesh
522261,Bapatla,Andhra Pradesh
522262,Bapatla,Andhra Pradesh
522264,Bapatla,Andhra Pradesh
522265,Bapatla,Andhra Pradesh
522268,Bapatla,Andhra Pradesh
522301,Bapatla,Andhra Pradesh
522301,Guntur,Andhra Pradesh
522302,Guntur,Andhra Pradesh
522303,Guntur,Andhra Pradesh
522304,Guntur,Andhra Pradesh
522305,Guntur,Andhra Pradesh
522306,Guntur,Andhra Pradesh
522307,Guntur,Andhra Pradesh
522308,Guntur,Andhra Pradesh
522309,Bapatla,Andhra Pradesh
522310,Bapatla,Andhra Pradesh
522311,Bapatla,Andhra Pradesh
522312,Bapatla,Andhra Pradesh
522313,Bapatla,Andhra Pradesh
522314,Bapatla,Andhra Pradesh
522315,Bapatla,Andhra Pradesh
522315,Guntur,Andhra Pradesh
522316,Guntur,Andhra Pradesh
522317,Bapatla,Andhra Pradesh
522318,Bapatla,Andhra Pradesh
522318,Guntur,Andhra Pradesh
522324,Bapatla,Andhra Pradesh
522325,Bapatla,Andhra Pradesh
522329,Bapatla,Andhra Pradesh
522330,Guntur,Andhra Pradesh
522341,Bapatla,Andhra Pradesh
522341,Guntur,Andhra Pradesh
522401,Guntur,Andhra Pradesh
522402,Palnadu,Andhra Pradesh
522403,Palnadu,Andhra Pradesh
522408,Palnadu,Andhra Pradesh
522409,Palnadu,Andhra Pradesh
522410,Palnadu,Andhra Pradesh
522411,Palnadu,Andhra Pradesh
522412,Palnadu,Andhra Pradesh
522413,Palnadu,Andhra Pradesh
522414,Palnadu,Andhra Pradesh
522415,Palnadu,Andhra Pradesh
522421,Palnadu,Andhra Pradesh
522426,Palnadu,Andhra Pradesh
522435,Palnadu,Andhra Pradesh
522436,Guntur,Andhra Pradesh
522436,Palnadu,Andhra Pradesh
522437,Palnadu,Andhra Pradesh
522438,Guntur,Andhra Pradesh
522438,Palnadu,Andhra Pradesh
522439,Palnadu,Andhra Pradesh
522501,Guntur,Andhra Pradesh
522502,Guntur,Andhra Pradesh
522503,Guntur,Andhra Pradesh
522508,Guntur,Andhra Pradesh
522509,Guntur,Andhra Pradesh
522510,Guntur,Andhra Pradesh
522529,Guntur,Andhra Pradesh
522529,Palnadu,Andhra Pradesh
522549,Guntur,Andhra Pradesh
522549,Palnadu,Andhra Pradesh
522601,Palnadu,Andhra Pradesh
522603,Palnadu,Andhra Pradesh
522611,Palnadu,Andhra Pradesh
522612,Palnadu,Andhra Pradesh
522613,Palnadu,Andhra Pradesh
522614,Palnadu,Andhra Pradesh
522615,Palnadu,Andhra Pradesh
522616,Guntur,Andhra Pradesh
522616,Palnadu,Andhra Pradesh
522617,Palnadu,Andhra Pradesh
522619,Palnadu,Andhra Pradesh
522626,Palnadu,Andhra Pradesh
522646,Palnadu,Andhra Pradesh
522647,Palnadu,Andhra Pradesh
522649,Palnadu,Andhra Pradesh
522657,Palnadu,Andhra Pradesh
522658,Palnadu,Andhra Pradesh
522659,Palnadu,Andhra Pradesh
522660,Palnadu,Andhra Pradesh
522661,Palnadu,Andhra Pradesh
522663,Palnadu,Andhra Pradesh
523001,Prakasam,Andhra Pradesh
523002,Prakasam,Andhra Pradesh
523003,Prakasam,Andhra Pradesh
523101,Prakasam,Andhra Pradesh
523104,Prakasam,Andhra Pradesh
523105,Prakasam,Andhra Pradesh
523108,Prakasam,Andhra Pradesh
523109,Prakasam,Andhra Pradesh
523110,Prakasam,Andhra Pradesh
523111,Prakasam,Andhra Pradesh
523112,Prakasam,Andhra Pradesh
523113,Prakasam,Andhra Pradesh
523114,Prakasam,Andhra Pradesh
523115,Prakasam,Andhra Pradesh
523116,Prakasam,Andhra Pradesh
523117,Prakasam,Andhra Pradesh
523135,Bapatla,Andhra Pradesh
523155,Bapatla,Andhra Pradesh
523157,Bapatla,Andhra Pradesh
523165,Bapatla,Andhra Pradesh
523166,Bapatla,Andhra Pradesh
523167,Bapatla,Andhra Pradesh
523168,Bapatla,Andhra Pradesh
523169,Bapatla,Andhra Pradesh
523170,Bapatla,Andhra Pradesh
523171,Bapatla,Andhra Pradesh
523180,Prakasam,Andhra Pradesh
523181,Bapatla,Andhra Pradesh
523181,Prakasam,Andhra Pradesh
523182,Prakasam,Andhra Pradesh
523183,Bapatla,Andhra Pradesh
523183,Prakasam,Andhra Pradesh
523184,Bapatla,Andhra Pradesh
523185,Bapatla,Andhra Pradesh
523185,Prakasam,Andhra Pradesh
523186,Bapatla,Andhra Pradesh
523186,Prakasam,Andhra Pradesh
523187,Bapatla,Andhra Pradesh
523190,Bapatla,Andhra Pradesh
523201,Bapatla,Andhra Pradesh
523201,Prakasam,Andhra Pradesh
523211,Prakasam,Andhra Pradesh
523212,Bapatla,Andhra Pradesh
523212,Prakasam,Andhra Pradesh
523213,Bapatla,Andhra Pradesh
523214,Bapatla,Andhra Pradesh
523223,Prakasam,Andhra Pradesh
523224,Prakasam,Andhra Pradesh
523225,Prakasam,Andhra Pradesh
523226,Prakasam,Andhra Pradesh
523227,Prakasam,Andhra Pradesh
523228,Prakasam,Andhra Pradesh
523230,Prakasam,Andhra Pradesh
523240,Prakasam,Andhra Pradesh
523241,Prakasam,Andhra Pradesh
523245,Prakasam,Andhra Pradesh
523246,Prakasam,Andhra Pradesh
523247,Prakasam,Andhra Pradesh
523252,Prakasam,Andhra Pradesh
523253,Prakasam,Andhra Pradesh
523254,Prakasam,Andhra Pradesh
523260,Bapatla,Andhra Pradesh
523261,Bapatla,Andhra Pradesh
523262,Prakasam,Andhra Pradesh
523263,Bapatla,Andhra Pradesh
523263,Prakasam,Andhra Pradesh
523264,Bapatla,Andhra Pradesh
523264,Prakasam,Andhra Pradesh
523265,Prakasam,Andhra Pradesh
523270,Prakasam,Andhra Pradesh
523271,Prakasam,Andhra Pradesh
523272,Prakasam,Andhra Pradesh
523273,Prakasam,Andhra Pradesh
523274,Prakasam,Andhra Pradesh
523279,Prakasam,Andhra Pradesh
523280,Prakasam,Andhra Pradesh
523281,Prakasam,Andhra Pradesh
523286,Prakasam,Andhra Pradesh
523291,Prakasam,Andhra Pradesh
523292,Prakasam,Andhra Pradesh
523301,Bapatla,Andhra Pradesh
523302,Bapatla,Andhra Pradesh
523303,Bapatla,Andhra Pradesh
523304,Prakasam,Andhra Pradesh
523305,Prakasam,Andhra Pradesh
523315,Prakasam,Andhra Pradesh
523316,Prakasam,Andhra Pradesh
523320,Prakasam,Andhra Pradesh
523326,Prakasam,Andhra Pradesh
523327,Prakasam,Andhra Pradesh
523328,Prakasam,Andhra Pradesh
523329,Prakasam,Andhra Pradesh
523330,Prakasam,Andhra Pradesh
523331,Prakasam,Andhra Pradesh
523332,Prakasam,Andhra Pradesh
523333,Prakasam,Andhra Pradesh
523334,Prakasam,Andhra Pradesh
523335,Prakasam,Andhra Pradesh
523336,Prakasam,Andhra Pradesh
523346,Prakasam,Andhra Pradesh
523356,Prakasam,Andhra Pradesh
523357,Prakasam,Andhra Pradesh
523367,Prakasam,Andhra Pradesh
523368,Prakasam,Andhra Pradesh
523369,Prakasam,Andhra Pradesh
523370,Prakasam,Andhra Pradesh
523371,Prakasam,Andhra Pradesh
523372,Prakasam,Andhra Pradesh
523373,Prakasam,Andhra Pradesh
524001,Spsr Nellore,Andhra Pradesh
524002,Spsr Nellore,Andhra Pradesh
524003,Spsr Nellore,Andhra Pradesh
524004,Spsr Nellore,Andhra Pradesh
524005,Spsr Nellore,Andhra Pradesh
524101,Spsr Nellore,Andhra Pradesh
524101,Tirupati,Andhra Pradesh
524121,Spsr Nellore,Andhra Pradesh
524121,Tirupati,Andhra Pradesh
524123,Tirupati,Andhra Pradesh
524124,Tirupati,Andhra Pradesh
524126,Spsr Nellore,Andhra Pradesh
524127,Spsr Nellore,Andhra Pradesh
524127,Tirupati,Andhra Pradesh
524129,Tirupati,Andhra Pradesh
524131,Spsr Nellore,Andhra Pradesh
524132,Spsr Nellore,Andhra Pradesh
524132,Tirupati,Andhra Pradesh
524134,Tirupati,Andhra Pradesh
524137,Spsr Nellore,Andhra Pradesh
524142,Spsr Nellore,Andhra Pradesh
524152,Spsr Nellore,Andhra Pradesh
524201,Spsr Nellore,Andhra Pradesh
524203,Spsr Nellore,Andhra Pradesh
524221,Spsr Nellore,Andhra Pradesh
524222,Spsr Nellore,Andhra Pradesh
524223,Spsr Nellore,Andhra Pradesh
524224,Spsr Nellore,Andhra Pradesh
524225,Spsr Nellore,Andhra Pradesh
524226,Spsr Nellore,Andhra Pradesh
524227,Spsr Nellore,Andhra Pradesh
524228,Spsr Nellore,Andhra Pradesh
524230,Spsr Nellore,Andhra Pradesh
524234,Spsr Nellore,Andhra Pradesh
524236,Spsr Nellore,Andhra Pradesh
524239,Spsr Nellore,Andhra Pradesh
524240,Spsr Nellore,Andhra Pradesh
524300,Spsr Nellore,Andhra Pradesh
524302,Spsr Nellore,Andhra Pradesh
524303,Spsr Nellore,Andhra Pradesh
524304,Spsr Nellore,Andhra Pradesh
524305,Spsr Nellore,Andhra Pradesh
524306,Spsr Nellore,Andhra Pradesh
524307,Spsr Nellore,Andhra Pradesh
524308,Spsr Nellore,Andhra Pradesh
524309,Spsr Nellore,Andhra Pradesh
524310,Spsr Nellore,Andhra Pradesh
524311,Spsr Nellore,Andhra Pradesh
524312,Spsr Nellore,Andhra Pradesh
524313,Spsr Nellore,Andhra Pradesh
524314,Spsr Nellore,Andhra Pradesh
524315,Spsr Nellore,Andhra Pradesh
524316,Spsr Nellore,Andhra Pradesh
524317,Spsr Nellore,Andhra Pradesh
524318,Spsr Nellore,Andhra Pradesh
524319,Spsr Nellore,Andhra Pradesh
524320,Spsr Nellore,Andhra Pradesh
524321,Spsr Nellore,Andhra Pradesh
524322,Spsr Nellore,Andhra Pradesh
524323,Spsr Nellore,Andhra Pradesh
524324,Spsr Nellore,Andhra Pradesh
524341,Spsr Nellore,Andhra Pradesh
524342,Spsr Nellore,Andhra Pradesh
524343,Spsr Nellore,Andhra Pradesh
524344,Spsr Nellore,Andhra Pradesh
524345,Spsr Nellore,Andhra Pradesh
524346,Spsr Nellore,Andhra Pradesh
524347,Spsr Nellore,Andhra Pradesh
524366,Spsr Nellore,Andhra Pradesh
524401,Tirupati,Andhra Pradesh
524402,Spsr Nellore,Andhra Pradesh
524403,Tirupati,Andhra Pradesh
524404,Tirupati,Andhra Pradesh
524405,Spsr Nellore,Andhra Pradesh
524406,Tirupati,Andhra Pradesh
524407,Spsr Nellore,Andhra Pradesh
524408,Spsr Nellore,Andhra Pradesh
524409,Spsr Nellore,Andhra Pradesh
524409,Tirupati,Andhra Pradesh
524410,Tirupati,Andhra Pradesh
524411,Tirupati,Andhra Pradesh
524412,Tirupati,Andhra Pradesh
524413,Tirupati,Andhra Pradesh
524414,Spsr Nellore,Andhra Pradesh
524415,Tirupati,Andhra Pradesh
524421,Tirupati,Andhra Pradesh
530001,Visakhapatanam,Andhra Pradesh
530002,Visakhapatanam,Andhra Pradesh
530003,Visakhapatanam,Andhra Pradesh
530004,Visakhapatanam,Andhra Pradesh
530005,Visakhapatanam,Andhra Pradesh
530007,Visakhapatanam,Andhra Pradesh
530008,Visakhapatanam,Andhra Pradesh
530009,Visakhapatanam,Andhra Pradesh
530011,Visakhapatanam,Andhra Pradesh
530012,Visakhapatanam,Andhra Pradesh
530013,Visakhapatanam,Andhra Pradesh
530014,Visakhapatanam,Andhra Pradesh
530015,Visakhapatanam,Andhra Pradesh
530016,Visakhapatanam,Andhra Pradesh
530017,Visakhapatanam,Andhra Pradesh
530018,Visakhapatanam,Andhra Pradesh
530020,Visakhapatanam,Andhra Pradesh
530022,Visakhapatanam,Andhra Pradesh
530024,Visakhapatanam,Andhra Pradesh
530026,Visakhapatanam,Andhra Pradesh
530027,Visakhapatanam,Andhra Pradesh
530028,Visakhapatanam,Andhra Pradesh
530029,Visakhapatanam,Andhra Pradesh
530031,Visakhapatanam,Andhra Pradesh
530032,Visakhapatanam,Andhra Pradesh
530040,Visakhapatanam,Andhra Pradesh
530041,Visakhapatanam,Andhra Pradesh
530043,Visakhapatanam,Andhra Pradesh
530044,Visakhapatanam,Andhra Pradesh
530045,Visakhapatanam,Andhra Pradesh
530046,Visakhapatanam,Andhra Pradesh
530047,Visakhapatanam,Andhra Pradesh
530048,Visakhapatanam,Andhra Pradesh
530049,Anakapalli,Andhra Pradesh
530049,Visakhapatanam,Andhra Pradesh
530051,Visakhapatanam,Andhra Pradesh
530052,Visakhapatanam,Andhra Pradesh
530053,Visakhapatanam,Andhra Pradesh
530055,Visakhapatanam,Andhra Pradesh
530056,Visakhapatanam,Andhra Pradesh
530057,Visakhapatanam,Andhra Pradesh
530058,Visakhapatanam,Andhra Pradesh
530059,Visakhapatanam,Andhra Pradesh
531001,Anakapalli,Andhra Pradesh
531002,Visakhapatanam,Andhra Pradesh
531011,Anakapalli,Andhra Pradesh
531019,Anakapalli,Andhra Pradesh
531020,Visakhapatanam,Andhra Pradesh
531021,Anakapalli,Andhra Pradesh
531021,Visakhapatanam,Andhra Pradesh
531022,Anakapalli,Andhra Pradesh
531023,Anakapalli,Andhra Pradesh
531024,Alluri Sitharama Raju,Andhra Pradesh
531025,Anakapalli,Andhra Pradesh
531026,Anakapalli,Andhra Pradesh
531027,Alluri Sitharama Raju,Andhra Pradesh
531027,Anakapalli,Andhra Pradesh
531028,Anakapalli,Andhra Pradesh
531029,Alluri Sitharama Raju,Andhra Pradesh
531030,Alluri Sitharama Raju,Andhra Pradesh
531030,Anakapalli,Andhra Pradesh
531031,Visakhapatanam,Andhra Pradesh
531032,Anakapalli,Andhra Pradesh
531033,Anakapalli,Andhra Pradesh
531034,Anakapalli,Andhra Pradesh
531035,Visakhapatanam,Andhra Pradesh
531036,Anakapalli,Andhra Pradesh
531040,Visakhapatanam,Andhra Pradesh
531055,Anakapalli,Andhra Pradesh
531060,Anakapalli,Andhra Pradesh
531061,Anakapalli,Andhra Pradesh
531061,Visakhapatanam,Andhra Pradesh
531075,Anakapalli,Andhra Pradesh
531077,Alluri Sitharama Raju,Andhra Pradesh
531081,Visakhapatanam,Andhra Pradesh
531082,Visakhapatanam,Andhra Pradesh
531083,Anakapalli,Andhra Pradesh
531084,Visakhapatanam,Andhra Pradesh
531085,Visakhapatanam,Andhra Pradesh
531087,Visakhapatanam,Andhra Pradesh
531105,Alluri Sitharama Raju,Andhra Pradesh
531111,Alluri Sitharama Raju,Andhra Pradesh
531111,Visakhapatanam,Andhra Pradesh
531113,Anakapalli,Andhra Pradesh
531114,Anakapalli,Andhra Pradesh
531114,Visakhapatanam,Andhra Pradesh
531115,Visakhapatanam,Andhra Pradesh
531116,Anakapalli,Andhra Pradesh
531117,Visakhapatanam,Andhra Pradesh
531118,Visakhapatanam,Andhra Pradesh
531126,Anakapalli,Andhra Pradesh
531126,Visakhapatanam,Andhra Pradesh
531127,Visakhapatanam,Andhra Pradesh
531133,Alluri Sitharama Raju,Andhra Pradesh
531149,Medak,Telangana
531149,Visakhapatanam,Andhra Pradesh
531151,Visakhapatanam,Andhra Pradesh
531151,Vizianagaram,Andhra Pradesh
531162,Visakhapatanam,Andhra Pradesh
531162,Vizianagaram,Andhra Pradesh
531163,Visakhapatanam,Andhra Pradesh
531173,Visakhapatanam,Andhra Pradesh
531173,Vizianagaram,Andhra Pradesh
531219,Visakhapatanam,Andhra Pradesh
532001,Srikakulam,Andhra Pradesh
532005,Srikakulam,Andhra Pradesh
532122,Parvathipuram Manyam,Andhra Pradesh
532122,Srikakulam,Andhra Pradesh
532122,Vizianagaram,Andhra Pradesh
532123,Srikakulam,Andhra Pradesh
532127,Srikakulam,Andhra Pradesh
532127,Vizianagaram,Andhra Pradesh
532148,Srikakulam,Andhra Pradesh
532167,Srikakulam,Andhra Pradesh
532168,Srikakulam,Andhra Pradesh
532185,Srikakulam,Andhra Pradesh
532186,Srikakulam,Andhra Pradesh
532187,Srikakulam,Andhra Pradesh
532190,Srikakulam,Andhra Pradesh
532195,Srikakulam,Andhra Pradesh
532201,Srikakulam,Andhra Pradesh
532203,Srikakulam,Andhra Pradesh
532204,Srikakulam,Andhra Pradesh
532207,Srikakulam,Andhra Pradesh
532211,Srikakulam,Andhra Pradesh
532212,Srikakulam,Andhra Pradesh
532213,Srikakulam,Andhra Pradesh
532214,Srikakulam,Andhra Pradesh
532215,Srikakulam,Andhra Pradesh
532216,Srikakulam,Andhra Pradesh
532218,Srikakulam,Andhra Pradesh
532219,Srikakulam,Andhra Pradesh
532220,Srikakulam,Andhra Pradesh
532221,Srikakulam,Andhra Pradesh
532222,Srikakulam,Andhra Pradesh
532242,Srikakulam,Andhra Pradesh
532243,Srikakulam,Andhra Pradesh
532263,Srikakulam,Andhra Pradesh
532264,Srikakulam,Andhra Pradesh
532284,Srikakulam,Andhra Pradesh
532290,Srikakulam,Andhra Pradesh
532291,Srikakulam,Andhra Pradesh
532292,Srikakulam,Andhra Pradesh
532312,Srikakulam,Andhra Pradesh
532322,Srikakulam,Andhra Pradesh
532401,Srikakulam,Andhra Pradesh
532402,Srikakulam,Andhra Pradesh
532403,Srikakulam,Andhra Pradesh
532404,Srikakulam,Andhra Pradesh
532405,Srikakulam,Andhra Pradesh
532406,Srikakulam,Andhra Pradesh
532407,Srikakulam,Andhra Pradesh
532407,Vizianagaram,Andhra Pradesh
532408,Srikakulam,Andhra Pradesh
532409,Srikakulam,Andhra Pradesh
532410,Srikakulam,Andhra Pradesh
532421,Srikakulam,Andhra Pradesh
532425,Srikakulam,Andhra Pradesh
532426,Srikakulam,Andhra Pradesh
532427,Srikakulam,Andhra Pradesh
532428,Srikakulam,Andhra Pradesh
532429,Srikakulam,Andhra Pradesh
532430,Srikakulam,Andhra Pradesh
532432,Srikakulam,Andhra Pradesh
532440,Parvathipuram Manyam,Andhra Pradesh
532440,Srikakulam,Andhra Pradesh
532443,Parvathipuram Manyam,Andhra Pradesh
532445,Srikakulam,Andhra Pradesh
532455,Parvathipuram Manyam,Andhra Pradesh
532455,Srikakulam,Andhra Pradesh
532456,Parvathipuram Manyam,Andhra Pradesh
532456,Srikakulam,Andhra Pradesh
532457,Srikakulam,Andhra Pradesh
532458,Parvathipuram Manyam,Andhra Pradesh
532458,Srikakulam,Andhra Pradesh
532459,Srikakulam,Andhra Pradesh
532460,Parvathipuram Manyam,Andhra Pradesh
532460,Srikakulam,Andhra Pradesh
532461,Srikakulam,Andhra Pradesh
532462,Parvathipuram Manyam,Andhra Pradesh
532462,Srikakulam,Andhra Pradesh
532474,Srikakulam,Andhra Pradesh
532484,Srikakulam,Andhra Pradesh
533001,East Godavari,Andhra Pradesh
533001,Kakinada,Andhra Pradesh
533002,East Godavari,Andhra Pradesh
533002,Kakinada,Andhra Pradesh
533003,East Godavari,Andhra Pradesh
533003,Kakinada,Andhra Pradesh
533004,East Godavari,Andhra Pradesh
533004,Kakinada,Andhra Pradesh
533005,East Godavari,Andhra Pradesh
533005,Kakinada,Andhra Pradesh
533006,Kakinada,Andhra Pradesh
533007,East Godavari,Andhra Pradesh
533016,Kakinada,Andhra Pradesh
533101,East Godavari,Andhra Pradesh
533102,East Godavari,Andhra Pradesh
533103,East Godavari,Andhra Pradesh
533104,East Godavari,Andhra Pradesh
533105,East Godavari,Andhra Pradesh
533106,East Godavari,Andhra Pradesh
533107,East Godavari,Andhra Pradesh
533108,East Godavari,Andhra Pradesh
533124,East Godavari,Andhra Pradesh
533125,East Godavari,Andhra Pradesh
533126,East Godavari,Andhra Pradesh
533126,Konaseema,Andhra Pradesh
533201,Konaseema,Andhra Pradesh
533210,Konaseema,Andhra Pradesh
533211,Konaseema,Andhra Pradesh
533212,Konaseema,Andhra Pradesh
533213,Konaseema,Andhra Pradesh
533214,East Godavari,Andhra Pradesh
533214,Konaseema,Andhra Pradesh
533215,Konaseema,Andhra Pradesh
533216,Konaseema,Andhra Pradesh
533217,Konaseema,Andhra Pradesh
533218,East Godavari,Andhra Pradesh
533218,Konaseema,Andhra Pradesh
533219,Konaseema,Andhra Pradesh
533220,Konaseema,Andhra Pradesh
533221,Konaseema,Andhra Pradesh
533222,Konaseema,Andhra Pradesh
533223,Konaseema,Andhra Pradesh
533228,Konaseema,Andhra Pradesh
533229,East Godavari,Andhra Pradesh
533232,East Godavari,Andhra Pradesh
533232,Konaseema,Andhra Pradesh
533233,Konaseema,Andhra Pradesh
533234,East Godavari,Andhra Pradesh
533234,Konaseema,Andhra Pradesh
533235,Konaseema,Andhra Pradesh
533236,Konaseema,Andhra Pradesh
533237,Konaseema,Andhra Pradesh
533238,Konaseema,Andhra Pradesh
533239,Konaseema,Andhra Pradesh
533240,Konaseema,Andhra Pradesh
533241,Konaseema,Andhra Pradesh
533242,Konaseema,Andhra Pradesh
533244,East Godavari,Andhra Pradesh
533244,Konaseema,Andhra Pradesh
533247,Konaseema,Andhra Pradesh
533248,East Godavari,Andhra Pradesh
533248,Konaseema,Andhra Pradesh
533249,Konaseema,Andhra Pradesh
533250,Konaseema,Andhra Pradesh
533251,Konaseema,Andhra Pradesh
533252,Konaseema,Andhra Pradesh
533253,East Godavari,Andhra Pradesh
533254,Konaseema,Andhra Pradesh
533255,Konaseema,Andhra Pradesh
533256,East Godavari,Andhra Pradesh
533256,Konaseema,Andhra Pradesh
533260,Kakinada,Andhra Pradesh
533261,East Godavari,Andhra Pradesh
533261,Konaseema,Andhra Pradesh
533262,Kakinada,Andhra Pradesh
533262,Konaseema,Andhra Pradesh
533263,Kakinada,Andhra Pradesh
533263,Konaseema,Andhra Pradesh
533264,East Godavari,Andhra Pradesh
533274,Konaseema,Andhra Pradesh
533284,Alluri Sitharama Raju,Andhra Pradesh
533285,Alluri Sitharama Raju,Andhra Pradesh
533285,East Godavari,Andhra Pradesh
533286,Alluri Sitharama Raju,Andhra Pradesh
533286,East Godavari,Andhra Pradesh
533287,East Godavari,Andhra Pradesh
533288,Alluri Sitharama Raju,Andhra Pradesh
533288,East Godavari,Andhra Pradesh
533289,East Godavari,Andhra Pradesh
533290,East Godavari,Andhra Pradesh
533291,East Godavari,Andhra Pradesh
533292,East Godavari,Andhra Pradesh
533293,East Godavari,Andhra Pradesh
533294,East Godavari,Andhra Pradesh
533295,Alluri Sitharama Raju,Andhra Pradesh
533296,East Godavari,Andhra Pradesh
533297,East Godavari,Andhra Pradesh
533297,Kakinada,Andhra Pradesh
533305,Konaseema,Andhra Pradesh
533306,Konaseema,Andhra Pradesh
533307,Konaseema,Andhra Pradesh
533308,Konaseema,Andhra Pradesh
533309,Konaseema,Andhra Pradesh
533339,East Godavari,Andhra Pradesh
533340,Konaseema,Andhra Pradesh
533341,East Godavari,Andhra Pradesh
533341,Konaseema,Andhra Pradesh
533342,East Godavari,Andhra Pradesh
533343,East Godavari,Andhra Pradesh
533344,Kakinada,Andhra Pradesh
533345,East Godavari,Andhra Pradesh
533345,Konaseema,Andhra Pradesh
533346,East Godavari,Andhra Pradesh
533346,Konaseema,Andhra Pradesh
533347,Alluri Sitharama Raju,Andhra Pradesh
533347,East Godavari,Andhra Pradesh
533348,Alluri Sitharama Raju,Andhra Pradesh
533349,Alluri Sitharama Raju,Andhra Pradesh
533350,Alluri Sitharama Raju,Andhra Pradesh
533351,Alluri Sitharama Raju,Andhra Pradesh
533352,East Godavari,Andhra Pradesh
533353,East Godavari,Andhra Pradesh
533354,Alluri Sitharama Raju,Andhra Pradesh
533354,East Godavari,Andhra Pradesh
533355,East Godavari,Andhra Pradesh
533401,Anakapalli,Andhra Pradesh
533401,East Godavari,Andhra Pradesh
533401,Kakinada,Andhra Pradesh
533406,Kakinada,Andhra Pradesh
533407,Kakinada,Andhra Pradesh
533408,East Godavari,Andhra Pradesh
533408,Kakinada,Andhra Pradesh
533428,Alluri Sitharama Raju,Andhra Pradesh
533428,Kakinada,Andhra Pradesh
533429,Alluri Sitharama Raju,Andhra Pradesh
533429,Kakinada,Andhra Pradesh
533430,East Godavari,Andhra Pradesh
533430,Kakinada,Andhra Pradesh
533431,Kakinada,Andhra Pradesh
533432,Kakinada,Andhra Pradesh
533433,Kakinada,Andhra Pradesh
533434,Kakinada,Andhra Pradesh
533435,Kakinada,Andhra Pradesh
533436,Alluri Sitharama Raju,Andhra Pradesh
533437,East Godavari,Andhra Pradesh
533437,Kakinada,Andhra Pradesh
533440,East Godavari,Andhra Pradesh
533440,Kakinada,Andhra Pradesh
533444,Kakinada,Andhra Pradesh
533445,Kakinada,Andhra Pradesh
533446,Kakinada,Andhra Pradesh
533447,Kakinada,Andhra Pradesh
533448,Kakinada,Andhra Pradesh
533449,Kakinada,Andhra Pradesh
533450,East Godavari,Andhra Pradesh
533450,Kakinada,Andhra Pradesh
533451,East Godavari,Andhra Pradesh
533451,Kakinada,Andhra Pradesh
533460,Kakinada,Andhra Pradesh
533461,Kakinada,Andhra Pradesh
533462,Kakinada,Andhra Pradesh
533463,Kakinada,Andhra Pradesh
533464,East Godavari,Andhra Pradesh
533464,Kakinada,Andhra Pradesh
533464,Konaseema,Andhra Pradesh
533464,Yanam,Puducherry
533468,Kakinada,Andhra Pradesh
533483,Alluri Sitharama Raju,Andhra Pradesh
533577,Konaseema,Andhra Pradesh
534001,Eluru,Andhra Pradesh
534002,Eluru,Andhra Pradesh
534003,Eluru,Andhra Pradesh
534004,Eluru,Andhra Pradesh
534005,Eluru,Andhra Pradesh
534005,West Godavari,Andhra Pradesh
534006,Eluru,Andhra Pradesh
534007,Eluru,Andhra Pradesh
534008,Eluru,Andhra Pradesh
534101,West Godavari,Andhra Pradesh
534102,West Godavari,Andhra Pradesh
534111,West Godavari,Andhra Pradesh
534112,West Godavari,Andhra Pradesh
534122,West Godavari,Andhra Pradesh
534123,West Godavari,Andhra Pradesh
534124,West Godavari,Andhra Pradesh
534126,West Godavari,Andhra Pradesh
534134,Eluru,Andhra Pradesh
534134,West Godavari,Andhra Pradesh
534145,West Godavari,Andhra Pradesh
534146,West Godavari,Andhra Pradesh
534156,West Godavari,Andhra Pradesh
534165,West Godavari,Andhra Pradesh
534166,West Godavari,Andhra Pradesh
534176,West Godavari,Andhra Pradesh
534186,Eluru,Andhra Pradesh
534186,West Godavari,Andhra Pradesh
534195,Eluru,Andhra Pradesh
534196,West Godavari,Andhra Pradesh
534197,Eluru,Andhra Pradesh
534198,Eluru,Andhra Pradesh
534198,West Godavari,Andhra Pradesh
534199,West Godavari,Andhra Pradesh
534201,West Godavari,Andhra Pradesh
534202,West Godavari,Andhra Pradesh
534204,West Godavari,Andhra Pradesh
534206,West Godavari,Andhra Pradesh
534207,West Godavari,Andhra Pradesh
534208,West Godavari,Andhra Pradesh
534209,West Godavari,Andhra Pradesh
534210,West Godavari,Andhra Pradesh
534211,West Godavari,Andhra Pradesh
534215,West Godavari,Andhra Pradesh
534216,West Godavari,Andhra Pradesh
534217,West Godavari,Andhra Pradesh
534218,West Godavari,Andhra Pradesh
534222,West Godavari,Andhra Pradesh
534225,West Godavari,Andhra Pradesh
534227,West Godavari,Andhra Pradesh
534230,West Godavari,Andhra Pradesh
534235,West Godavari,Andhra Pradesh
534236,West Godavari,Andhra Pradesh
534237,West Godavari,Andhra Pradesh
534238,West Godavari,Andhra Pradesh
534239,West Godavari,Andhra Pradesh
534240,West Godavari,Andhra Pradesh
534243,West Godavari,Andhra Pradesh
534244,West Godavari,Andhra Pradesh
534245,West Godavari,Andhra Pradesh
534247,West Godavari,Andhra Pradesh
534250,West Godavari,Andhra Pradesh
534260,West Godavari,Andhra Pradesh
534265,West Godavari,Andhra Pradesh
534266,West Godavari,Andhra Pradesh
534267,West Godavari,Andhra Pradesh
534268,West Godavari,Andhra Pradesh
534269,West Godavari,Andhra Pradesh
534275,West Godavari,Andhra Pradesh
534280,West Godavari,Andhra Pradesh
534281,West Godavari,Andhra Pradesh
534301,West Godavari,Andhra Pradesh
534302,West Godavari,Andhra Pradesh
534305,West Godavari,Andhra Pradesh
534311,Eluru,Andhra Pradesh
534312,Eluru,Andhra Pradesh
534312,West Godavari,Andhra Pradesh
534313,West Godavari,Andhra Pradesh
534315,West Godavari,Andhra Pradesh
534316,West Godavari,Andhra Pradesh
534318,Eluru,Andhra Pradesh
534318,West Godavari,Andhra Pradesh
534320,West Godavari,Andhra Pradesh
534324,West Godavari,Andhra Pradesh
534326,West Godavari,Andhra Pradesh
534327,West Godavari,Andhra Pradesh
534328,West Godavari,Andhra Pradesh
534329,West Godavari,Andhra Pradesh
534330,West Godavari,Andhra Pradesh
534331,West Godavari,Andhra Pradesh
534338,West Godavari,Andhra Pradesh
534340,West Godavari,Andhra Pradesh
534341,Eluru,Andhra Pradesh
534341,West Godavari,Andhra Pradesh
534342,West Godavari,Andhra Pradesh
534350,West Godavari,Andhra Pradesh
534401,Eluru,Andhra Pradesh
534406,Eluru,Andhra Pradesh
534406,West Godavari,Andhra Pradesh
534411,West Godavari,Andhra Pradesh
534416,West Godavari,Andhra Pradesh
534425,Eluru,Andhra Pradesh
534426,Eluru,Andhra Pradesh
534427,Eluru,Andhra Pradesh
534432,Eluru,Andhra Pradesh
534435,Eluru,Andhra Pradesh
534437,Eluru,Andhra Pradesh
534442,Eluru,Andhra Pradesh
534444,Eluru,Andhra Pradesh
534447,Eluru,Andhra Pradesh
534448,Eluru,Andhra Pradesh
534449,Eluru,Andhra Pradesh
534450,Eluru,Andhra Pradesh
534451,Eluru,Andhra Pradesh
534452,Eluru,Andhra Pradesh
534455,Eluru,Andhra Pradesh
534456,Eluru,Andhra Pradesh
534460,Eluru,Andhra Pradesh
534461,Eluru,Andhra Pradesh
534462,Eluru,Andhra Pradesh
534467,Eluru,Andhra Pradesh
534475,Eluru,Andhra Pradesh
535001,Vizianagaram,Andhra Pradesh
535002,Vizianagaram,Andhra Pradesh
535003,Vizianagaram,Andhra Pradesh
535004,Vizianagaram,Andhra Pradesh
535005,Visakhapatanam,Andhra Pradesh
535005,Vizianagaram,Andhra Pradesh
535006,Vizianagaram,Andhra Pradesh
535101,Vizianagaram,Andhra Pradesh
535102,Vizianagaram,Andhra Pradesh
535124,Vizianagaram,Andhra Pradesh
535125,Srikakulam,Andhra Pradesh
535125,Vizianagaram,Andhra Pradesh
535126,Vizianagaram,Andhra Pradesh
535128,Srikakulam,Andhra Pradesh
535128,Vizianagaram,Andhra Pradesh
535145,Visakhapatanam,Andhra Pradesh
535145,Vizianagaram,Andhra Pradesh
535148,Vizianagaram,Andhra Pradesh
535160,Vizianagaram,Andhra Pradesh
535161,Vizianagaram,Andhra Pradesh
535183,Anakapalli,Andhra Pradesh
535183,Visakhapatanam,Andhra Pradesh
535183,Vizianagaram,Andhra Pradesh
535204,Vizianagaram,Andhra Pradesh
535213,Vizianagaram,Andhra Pradesh
535214,Vizianagaram,Andhra Pradesh
535215,Vizianagaram,Andhra Pradesh
535216,Vizianagaram,Andhra Pradesh
535217,Vizianagaram,Andhra Pradesh
535218,Vizianagaram,Andhra Pradesh
535220,Vizianagaram,Andhra Pradesh
535221,Vizianagaram,Andhra Pradesh
535240,Vizianagaram,Andhra Pradesh
535250,Visakhapatanam,Andhra Pradesh
535260,Vizianagaram,Andhra Pradesh
535270,Vizianagaram,Andhra Pradesh
535273,Alluri Sitharama Raju,Andhra Pradesh
535273,Parvathipuram Manyam,Andhra Pradesh
535273,Vizianagaram,Andhra Pradesh
535280,Vizianagaram,Andhra Pradesh
535281,Vizianagaram,Andhra Pradesh
535463,Parvathipuram Manyam,Andhra Pradesh
535501,Parvathipuram Manyam,Andhra Pradesh
535502,Parvathipuram Manyam,Andhra Pradesh
535502,Vizianagaram,Andhra Pradesh
535521,Parvathipuram Manyam,Andhra Pradesh
535521,Vizianagaram,Andhra Pradesh
535522,Parvathipuram Manyam,Andhra Pradesh
535523,Vizianagaram,Andhra Pradesh
535524,Parvathipuram Manyam,Andhra Pradesh
535525,Parvathipuram Manyam,Andhra Pradesh
535526,Parvathipuram Manyam,Andhra Pradesh
535527,Parvathipuram Manyam,Andhra Pradesh
535534,Parvathipuram Manyam,Andhra Pradesh
535546,Parvathipuram Manyam,Andhra Pradesh
535547,Parvathipuram Manyam,Andhra Pradesh
535547,Visakhapatanam,Andhra Pradesh
535557,Parvathipuram Manyam,Andhra Pradesh
535557,Srikakulam,Andhra Pradesh
535558,Vizianagaram,Andhra Pradesh
535559,Parvathipuram Manyam,Andhra Pradesh
535559,Vizianagaram,Andhra Pradesh
535568,Vizianagaram,Andhra Pradesh
535569,Vizianagaram,Andhra Pradesh
535573,Parvathipuram Manyam,Andhra Pradesh
535573,Vizianagaram,Andhra Pradesh
535578,Vizianagaram,Andhra Pradesh
535579,Vizianagaram,Andhra Pradesh
535580,Vizianagaram,Andhra Pradesh
535581,Vizianagaram,Andhra Pradesh
535582,Vizianagaram,Andhra Pradesh
535591,Parvathipuram Manyam,Andhra Pradesh
535591,Vizianagaram,Andhra Pradesh
535592,Parvathipuram Manyam,Andhra Pradesh
535593,Parvathipuram Manyam,Andhra Pradesh
535594,Parvathipuram Manyam,Andhra Pradesh
560001,Bengaluru Urban,Karnataka
560002,Bengaluru Urban,Karnataka
560003,Bengaluru Urban,Karnataka
560004,Bengaluru Urban,Karnataka
560005,Bengaluru Urban,Karnataka
560006,Bengaluru Urban,Karnataka
560007,Bengaluru Urban,Karnataka
560008,Bengaluru Urban,Karnataka
560009,Bengaluru Urban,Karnataka
560010,Bengaluru Urban,Karnataka
560011,Bengaluru Urban,Karnataka
560012,Bengaluru Urban,Karnataka
560013,Bengaluru Urban,Karnataka
560015,Bengaluru Urban,Karnataka
560016,Bengaluru Urban,Karnataka
560017,Bengaluru Urban,Karnataka
560018,Bengaluru Urban,Karnataka
560020,Bengaluru Urban,Karnataka
560021,Bengaluru Urban,Karnataka
560022,Bengaluru Urban,Karnataka
560023,Bengaluru Urban,Karnataka
560024,Bengaluru Urban,Karnataka
560025,Bengaluru Urban,Karnataka
560026,Bengaluru Urban,Karnataka
560027,Bengaluru Urban,Karnataka
560029,Bengaluru Urban,Karnataka
560030,Bengaluru Urban,Karnataka
560032,Bengaluru Urban,Karnataka
560033,Bengaluru Urban,Karnataka
560034,Bengaluru Urban,Karnataka
560035,Bengaluru Urban,Karnataka
560036,Bengaluru Urban,Karnataka
560037,Bengaluru Urban,Karnataka
560038,Bengaluru Urban,Karnataka
560040,Bengaluru Urban,Karnataka
560041,Bengaluru Urban,Karnataka
560042,Bengaluru Urban,Karnataka
560043,Bengaluru Urban,Karnataka
560045,Bengaluru Urban,Karnataka
560047,Bengaluru Urban,Karnataka
560048,Bengaluru Urban,Karnataka
560049,Bengaluru Rural,Karnataka
560049,Bengaluru Urban,Karnataka
560050,Bengaluru Urban,Karnataka
560051,Bengaluru Urban,Karnataka
560053,Bengaluru Urban,Karnataka
560054,Bengaluru Urban,Karnataka
560055,Bengaluru Urban,Karnataka
560056,Bengaluru Urban,Karnataka
560057,Bengaluru Urban,Karnataka
560058,Bengaluru Urban,Karnataka
560059,Bengaluru Urban,Karnataka
560060,Bengaluru Rural,Karnataka
560060,Bengaluru Urban,Karnataka
560061,Bengaluru Urban,Karnataka
560062,Bengaluru Urban,Karnataka
560063,Bengaluru Urban,Karnataka
560064,Bengaluru Urban,Karnataka
560065,Bengaluru Urban,Karnataka
560066,Bengaluru Urban,Karnataka
560067,Bengaluru Rural,Karnataka
560067,Bengaluru Urban,Karnataka
560068,Bengaluru Urban,Karnataka
560070,Bengaluru Urban,Karnataka
560071,Bengaluru Urban,Karnataka
560072,Bengaluru Urban,Karnataka
560073,Bengaluru Urban,Karnataka
560074,Bengaluru Urban,Karnataka
560075,Bengaluru Urban,Karnataka
560076,Bengaluru Urban,Karnataka
560077,Bengaluru Urban,Karnataka
560078,Bengaluru Urban,Karnataka
560079,Bengaluru Urban,Karnataka
560080,Bengaluru Urban,Karnataka
560081,Bengaluru Urban,Karnataka
560082,Bengaluru Urban,Karnataka
560083,Bengaluru Urban,Karnataka
560084,Bengaluru Urban,Karnataka
560085,Bengaluru Urban,Karnataka
560086,Bengaluru Urban,Karnataka
560087,Bengaluru Rural,Karnataka
560087,Bengaluru Urban,Karnataka
560088,Bengaluru Urban,Karnataka
560089,Bengaluru Urban,Karnataka
560090,Bengaluru Urban,Karnataka
560091,Bengaluru Urban,Karnataka
560092,Bengaluru Urban,Karnataka
560093,Bengaluru Urban,Karnataka
560094,Bengaluru Urban,Karnataka
560095,Bengaluru Urban,Karnataka
560096,Bengaluru Urban,Karnataka
560097,Bengaluru Urban,Karnataka
560098,Bengaluru Urban,Karnataka
560099,Bengaluru Urban,Karnataka
560100,Bengaluru Urban,Karnataka
560102,Bengaluru Urban,Karnataka
560103,Bengaluru Urban,Karnataka
560104,Bengaluru Urban,Karnataka
560105,Bengaluru Urban,Karnataka
560107,Bengaluru Urban,Karnataka
560108,Bengaluru Urban,Karnataka
560109,Bengaluru Urban,Karnataka
560110,Bengaluru Urban,Karnataka
560111,Bengaluru Urban,Karnataka
560112,Bengaluru Urban,Karnataka
560113,Bengaluru Urban,Karnataka
560114,Bengaluru Urban,Karnataka
560115,Bengaluru Urban,Karnataka
560116,Bengaluru Urban,Karnataka
560117,Bengaluru Rural,Karnataka
560119,Bengaluru Urban,Karnataka
560300,Bengaluru Urban,Karnataka
560500,Bengaluru Urban,Karnataka
561101,Ramanagara,Karnataka
561201,Ramanagara,Karnataka
561202,Tumakuru,Karnataka
561203,Bengaluru Rural,Karnataka
561204,Bengaluru Rural,Karnataka
561205,Bengaluru Rural,Karnataka
561206,Chikkaballapura,Karnataka
561207,Chikkaballapura,Karnataka
561208,Chikkaballapura,Karnataka
561209,Chikkaballapura,Karnataka
561210,Chikkaballapura,Karnataka
561211,Chikkaballapura,Karnataka
561212,Chikkaballapura,Karnataka
561213,Chikkaballapura,Karnataka
561228,Chikkaballapura,Karnataka
562101,Chikkaballapura,Karnataka
562102,Chikkaballapura,Karnataka
562103,Chikkaballapura,Karnataka
562104,Chikkaballapura,Karnataka
562105,Chikkaballapura,Karnataka
562106,Bengaluru Urban,Karnataka
562107,Bengaluru Urban,Karnataka
562108,Ramanagara,Karnataka
562109,Ramanagara,Karnataka
562110,Bengaluru Rural,Karnataka
562111,Bengaluru Rural,Karnataka
562112,Ramanagara,Karnataka
562114,Bengaluru Rural,Karnataka
562117,Ramanagara,Karnataka
562119,Ramanagara,Karnataka
562120,Bengaluru Urban,Karnataka
562120,Ramanagara,Karnataka
562121,Ramanagara,Karnataka
562122,Bengaluru Rural,Karnataka
562123,Bengaluru Rural,Karnataka
562125,Bengaluru Urban,Karnataka
562126,Ramanagara,Karnataka
562127,Ramanagara,Karnataka
562128,Ramanagara,Karnataka
562129,Bengaluru Rural,Karnataka
562130,Bengaluru Rural,Karnataka
562130,Bengaluru Urban,Karnataka
562131,Ramanagara,Karnataka
562132,Bengaluru Rural,Karnataka
562135,Bengaluru Rural,Karnataka
562138,Ramanagara,Karnataka
562149,Bengaluru Urban,Karnataka
562157,Bengaluru Urban,Karnataka
562159,Ramanagara,Karnataka
562160,Ramanagara,Karnataka
562161,Ramanagara,Karnataka
562162,Bengaluru Urban,Karnataka
562163,Bengaluru Rural,Karnataka
562163,Bengaluru Urban,Karnataka
562164,Bengaluru Rural,Karnataka
562165,Bengaluru Rural,Karnataka
562166,Ramanagara,Karnataka
563101,Kolar,Karnataka
563103,Kolar,Karnataka
563113,Kolar,Karnataka
563114,Kolar,Karnataka
563115,Kolar,Karnataka
563116,Kolar,Karnataka
563117,Kolar,Karnataka
563118,Kolar,Karnataka
563119,Kolar,Karnataka
563120,Kolar,Karnataka
563121,Kolar,Karnataka
563122,Kolar,Karnataka
563123,Chikkaballapura,Karnataka
563124,Chikkaballapura,Karnataka
563125,Chikkaballapura,Karnataka
563125,Kolar,Karnataka
563126,Kolar,Karnataka
563127,Kolar,Karnataka
563128,Chikkaballapura,Karnataka
563129,Kolar,Karnataka
563130,Kolar,Karnataka
563131,Kolar,Karnataka
563132,Kolar,Karnataka
563133,Kolar,Karnataka
563134,Kolar,Karnataka
563135,Kolar,Karnataka
563136,Kolar,Karnataka
563137,Kolar,Karnataka
563138,Kolar,Karnataka
563139,Kolar,Karnataka
563146,Chikkaballapura,Karnataka
563147,Kolar,Karnataka
563157,Kolar,Karnataka
563159,Chikkaballapura,Karnataka
563160,Kolar,Karnataka
563161,Kolar,Karnataka
563162,Kolar,Karnataka
563163,Kolar,Karnataka
570001,Mysuru,Karnataka
570002,Mysuru,Karnataka
570003,Mysuru,Karnataka
570004,Mysuru,Karnataka
570005,Mysuru,Karnataka
570006,Mysuru,Karnataka
570007,Mysuru,Karnataka
570008,Mysuru,Karnataka
570009,Mysuru,Karnataka
570010,Mysuru,Karnataka
570011,Mysuru,Karnataka
570012,Mysuru,Karnataka
570014,Mysuru,Karnataka
570015,Mysuru,Karnataka
570016,Mysuru,Karnataka
570017,Mysuru,Karnataka
570018,Mysuru,Karnataka
570019,Mysuru,Karnataka
570020,Mysuru,Karnataka
570022,Mysuru,Karnataka
570023,Mysuru,Karnataka
570025,Mysuru,Karnataka
570026,Mysuru,Karnataka
570027,Mysuru,Karnataka
570028,Mysuru,Karnataka
570029,Mysuru,Karnataka
570030,Mysuru,Karnataka
570031,Mysuru,Karnataka
570032,Mysuru,Karnataka
570033,Mysuru,Karnataka
570034,Mysuru,Karnataka
571101,Mysuru,Karnataka
571102,Mysuru,Karnataka
571103,Mysuru,Karnataka
571104,Mysuru,Karnataka
571105,Mysuru,Karnataka
571106,Mysuru,Karnataka
571107,Mysuru,Karnataka
571108,Mysuru,Karnataka
571109,Chamarajanagara,Karnataka
571110,Mysuru,Karnataka
571111,Chamarajanagara,Karnataka
571114,Mysuru,Karnataka
571115,Chamarajanagara,Karnataka
571116,Mysuru,Karnataka
571117,Chamarajanagara,Karnataka
571118,Mysuru,Karnataka
571119,Mysuru,Karnataka
571120,Mysuru,Karnataka
571121,Mysuru,Karnataka
571122,Mysuru,Karnataka
571123,Chamarajanagara,Karnataka
571124,Chamarajanagara,Karnataka
571124,Mysuru,Karnataka
571125,Mysuru,Karnataka
571126,Chamarajanagara,Karnataka
571127,Chamarajanagara,Karnataka
571128,Chamarajanagara,Karnataka
571129,Mysuru,Karnataka
571130,Mysuru,Karnataka
571134,Mysuru,Karnataka
571187,Mysuru,Karnataka
571189,Mysuru,Karnataka
571190,Mysuru,Karnataka
571201,Kodagu,Karnataka
571202,Kodagu,Karnataka
571211,Kodagu,Karnataka
571212,Kodagu,Karnataka
571213,Kodagu,Karnataka
571214,Kodagu,Karnataka
571215,Kodagu,Karnataka
571216,Kodagu,Karnataka
571217,Kodagu,Karnataka
571218,Kodagu,Karnataka
571219,Kodagu,Karnataka
571231,Kodagu,Karnataka
571232,Kodagu,Karnataka
571234,Kodagu,Karnataka
571235,Kodagu,Karnataka
571236,Kodagu,Karnataka
571237,Kodagu,Karnataka
571247,Kodagu,Karnataka
571248,Kodagu,Karnataka
571249,Kodagu,Karnataka
571250,Kodagu,Karnataka
571251,Kodagu,Karnataka
571252,Kodagu,Karnataka
571253,Kodagu,Karnataka
571254,Kodagu,Karnataka
571301,Mysuru,Karnataka
571302,Mysuru,Karnataka
571311,Mysuru,Karnataka
571312,Chamarajanagara,Karnataka
571312,Mysuru,Karnataka
571313,Chamarajanagara,Karnataka
571314,Mysuru,Karnataka
571315,Mysuru,Karnataka
571316,Chamarajanagara,Karnataka
571316,Mysuru,Karnataka
571320,Chamarajanagara,Karnataka
571342,Chamarajanagara,Karnataka
571401,Mandya,Karnataka
571402,Mandya,Karnataka
571403,Mandya,Karnataka
571404,Mandya,Karnataka
571405,Mandya,Karnataka
571415,Mandya,Karnataka
571416,Mandya,Karnataka
571417,Mandya,Karnataka
571418,Mandya,Karnataka
571419,Mandya,Karnataka
571421,Mandya,Karnataka
571422,Mandya,Karnataka
571423,Mandya,Karnataka
571424,Mandya,Karnataka
571425,Mandya,Karnataka
571426,Mandya,Karnataka
571427,Mandya,Karnataka
571428,Mandya,Karnataka
571429,Mandya,Karnataka
571430,Chamarajanagara,Karnataka
571430,Mandya,Karnataka
571431,Mandya,Karnataka
571432,Mandya,Karnataka
571433,Mandya,Karnataka
571434,Mandya,Karnataka
571435,Mandya,Karnataka
571436,Mandya,Karnataka
571438,Mandya,Karnataka
571439,Chamarajanagara,Karnataka
571440,Chamarajanagara,Karnataka
571441,Chamarajanagara,Karnataka
571442,Chamarajanagara,Karnataka
571442,Mysuru,Karnataka
571443,Chamarajanagara,Karnataka
571444,Chamarajanagara,Karnataka
571445,Mandya,Karnataka
571446,Mandya,Karnataka
571448,Mandya,Karnataka
571450,Mandya,Karnataka
571455,Mandya,Karnataka
571457,Chamarajanagara,Karnataka
571463,Mandya,Karnataka
571475,Mandya,Karnataka
571476,Mandya,Karnataka
571477,Mandya,Karnataka
571478,Mandya,Karnataka
571490,Chamarajanagara,Karnataka
571601,Mysuru,Karnataka
571602,Mysuru,Karnataka
571603,Mysuru,Karnataka
571604,Mysuru,Karnataka
571605,Mandya,Karnataka
571606,Mandya,Karnataka
571607,Mandya,Karnataka
571610,Mysuru,Karnataka
571617,Mysuru,Karnataka
571802,Mandya,Karnataka
571807,Mandya,Karnataka
571811,Mandya,Karnataka
571812,Mandya,Karnataka
572101,Tumakuru,Karnataka
572102,Tumakuru,Karnataka
572103,Tumakuru,Karnataka
572104,Tumakuru,Karnataka
572105,Tumakuru,Karnataka
572106,Tumakuru,Karnataka
572107,Tumakuru,Karnataka
572111,Tumakuru,Karnataka
572112,Tumakuru,Karnataka
572113,Tumakuru,Karnataka
572114,Tumakuru,Karnataka
572115,Tumakuru,Karnataka
572116,Tumakuru,Karnataka
572117,Tumakuru,Karnataka
572118,Tumakuru,Karnataka
572119,Tumakuru,Karnataka
572120,Tumakuru,Karnataka
572121,Tumakuru,Karnataka
572122,Tumakuru,Karnataka
572123,Tumakuru,Karnataka
572124,Tumakuru,Karnataka
572125,Tumakuru,Karnataka
572126,Tumakuru,Karnataka
572127,Tumakuru,Karnataka
572128,Tumakuru,Karnataka
572129,Tumakuru,Karnataka
572130,Tumakuru,Karnataka
572132,Tumakuru,Karnataka
572133,Tumakuru,Karnataka
572134,Tumakuru,Karnataka
572135,Tumakuru,Karnataka
572136,Tumakuru,Karnataka
572137,Tumakuru,Karnataka
572138,Tumakuru,Karnataka
572139,Tumakuru,Karnataka
572140,Tumakuru,Karnataka
572141,Tumakuru,Karnataka
572142,Tumakuru,Karnataka
572168,Tumakuru,Karnataka
572175,Tumakuru,Karnataka
572201,Tumakuru,Karnataka
572211,Tumakuru,Karnataka
572212,Tumakuru,Karnataka
572213,Tumakuru,Karnataka
572214,Tumakuru,Karnataka
572215,Tumakuru,Karnataka
572216,Tumakuru,Karnataka
572217,Tumakuru,Karnataka
572218,Tumakuru,Karnataka
572219,Tumakuru,Karnataka
572220,Tumakuru,Karnataka
572221,Tumakuru,Karnataka
572222,Tumakuru,Karnataka
572223,Tumakuru,Karnataka
572224,Tumakuru,Karnataka
572225,Tumakuru,Karnataka
572226,Tumakuru,Karnataka
572227,Tumakuru,Karnataka
572228,Tumakuru,Karnataka
573101,Hassan,Karnataka
573102,Hassan,Karnataka
573103,Hassan,Karnataka
573111,Hassan,Karnataka
573112,Hassan,Karnataka
573113,Hassan,Karnataka
573115,Hassan,Karnataka
573116,Hassan,Karnataka
573117,Hassan,Karnataka
573118,Hassan,Karnataka
573119,Hassan,Karnataka
573120,Hassan,Karnataka
573121,Hassan,Karnataka
573122,Hassan,Karnataka
573123,Hassan,Karnataka
573124,Hassan,Karnataka
573125,Hassan,Karnataka
573126,Hassan,Karnataka
573127,Hassan,Karnataka
573128,Hassan,Karnataka
573129,Hassan,Karnataka
573130,Hassan,Karnataka
573131,Hassan,Karnataka
573133,Hassan,Karnataka
573134,Hassan,Karnataka
573135,Hassan,Karnataka
573136,Hassan,Karnataka
573137,Hassan,Karnataka
573141,Hassan,Karnataka
573142,Hassan,Karnataka
573144,Hassan,Karnataka
573162,Hassan,Karnataka
573164,Hassan,Karnataka
573165,Hassan,Karnataka
573201,Hassan,Karnataka
573202,Hassan,Karnataka
573210,Hassan,Karnataka
573211,Hassan,Karnataka
573212,Hassan,Karnataka
573213,Hassan,Karnataka
573214,Hassan,Karnataka
573215,Hassan,Karnataka
573216,Hassan,Karnataka
573217,Hassan,Karnataka
573218,Hassan,Karnataka
573219,Hassan,Karnataka
573220,Hassan,Karnataka
573225,Hassan,Karnataka
573226,Hassan,Karnataka
574101,Udupi,Karnataka
574102,Udupi,Karnataka
574103,Udupi,Karnataka
574104,Udupi,Karnataka
574105,Udupi,Karnataka
574106,Udupi,Karnataka
574107,Dakshina Kannada,Karnataka
574107,Udupi,Karnataka
574108,Udupi,Karnataka
574109,Dakshina Kannada,Karnataka
574109,Udupi,Karnataka
574110,Udupi,Karnataka
574111,Udupi,Karnataka
574112,Udupi,Karnataka
574113,Udupi,Karnataka
574114,Udupi,Karnataka
574115,Udupi,Karnataka
574116,Udupi,Karnataka
574117,Udupi,Karnataka
574118,Udupi,Karnataka
574119,Udupi,Karnataka
574122,Udupi,Karnataka
574129,Udupi,Karnataka
574141,Dakshina Kannada,Karnataka
574142,Dakshina Kannada,Karnataka
574143,Dakshina Kannada,Karnataka
574144,Dakshina Kannada,Karnataka
574145,Dakshina Kannada,Karnataka
574146,Dakshina Kannada,Karnataka
574148,Dakshina Kannada,Karnataka
574150,Dakshina Kannada,Karnataka
574151,Dakshina Kannada,Karnataka
574153,Dakshina Kannada,Karnataka
574154,Dakshina Kannada,Karnataka
574162,Dakshina Kannada,Karnataka
574197,Dakshina Kannada,Karnataka
574198,Dakshina Kannada,Karnataka
574199,Dakshina Kannada,Karnataka
574201,Dakshina Kannada,Karnataka
574202,Dakshina Kannada,Karnataka
574203,Dakshina Kannada,Karnataka
574210,Dakshina Kannada,Karnataka
574211,Dakshina Kannada,Karnataka
574212,Dakshina Kannada,Karnataka
574213,Dakshina Kannada,Karnataka
574214,Dakshina Kannada,Karnataka
574216,Dakshina Kannada,Karnataka
574217,Dakshina Kannada,Karnataka
574218,Dakshina Kannada,Karnataka
574219,Dakshina Kannada,Karnataka
574220,Dakshina Kannada,Karnataka
574221,Dakshina Kannada,Karnataka
574222,Dakshina Kannada,Karnataka
574223,Dakshina Kannada,Karnataka
574224,Dakshina Kannada,Karnataka
574225,Dakshina Kannada,Karnataka
574226,Dakshina Kannada,Karnataka
574227,Dakshina Kannada,Karnataka
574228,Dakshina Kannada,Karnataka
574229,Dakshina Kannada,Karnataka
574230,Dakshina Kannada,Karnataka
574231,Dakshina Kannada,Karnataka
574232,Dakshina Kannada,Karnataka
574233,Dakshina Kannada,Karnataka
574234,Dakshina Kannada,Karnataka
574234,Kodagu,Karnataka
574235,Dakshina Kannada,Karnataka
574236,Dakshina Kannada,Karnataka
574237,Dakshina Kannada,Karnataka
574238,Dakshina Kannada,Karnataka
574239,Dakshina Kannada,Karnataka
574240,Dakshina Kannada,Karnataka
574241,Dakshina Kannada,Karnataka
574242,Dakshina Kannada,Karnataka
574243,Dakshina Kannada,Karnataka
574244,Udupi,Karnataka
574248,Dakshina Kannada,Karnataka
574253,Dakshina Kannada,Karnataka
574259,Dakshina Kannada,Karnataka
574260,Dakshina Kannada,Karnataka
574265,Dakshina Kannada,Karnataka
574267,Dakshina Kannada,Karnataka
574274,Dakshina Kannada,Karnataka
574279,Dakshina Kannada,Karnataka
574285,Dakshina Kannada,Karnataka
574313,Dakshina Kannada,Karnataka
574314,Dakshina Kannada,Karnataka
574314,Kodagu,Karnataka
574323,Dakshina Kannada,Karnataka
574324,Dakshina Kannada,Karnataka
574325,Dakshina Kannada,Karnataka
574326,Dakshina Kannada,Karnataka
574327,Dakshina Kannada,Karnataka
574328,Dakshina Kannada,Karnataka
574509,Dakshina Kannada,Karnataka
575001,Dakshina Kannada,Karnataka
575002,Dakshina Kannada,Karnataka
575003,Dakshina Kannada,Karnataka
575004,Dakshina Kannada,Karnataka
575005,Dakshina Kannada,Karnataka
575006,Dakshina Kannada,Karnataka
575007,Dakshina Kannada,Karnataka
575008,Dakshina Kannada,Karnataka
575009,Dakshina Kannada,Karnataka
575010,Dakshina Kannada,Karnataka
575011,Dakshina Kannada,Karnataka
575013,Dakshina Kannada,Karnataka
575014,Dakshina Kannada,Karnataka
575015,Dakshina Kannada,Karnataka
575016,Dakshina Kannada,Karnataka
575017,Dakshina Kannada,Karnataka
575018,Dakshina Kannada,Karnataka
575019,Dakshina Kannada,Karnataka
575020,Dakshina Kannada,Karnataka
575022,Dakshina Kannada,Karnataka
575023,Dakshina Kannada,Karnataka
575025,Dakshina Kannada,Karnataka
575028,Dakshina Kannada,Karnataka
575029,Dakshina Kannada,Karnataka
575030,Dakshina Kannada,Karnataka
576101,Udupi,Karnataka
576102,Udupi,Karnataka
576103,Udupi,Karnataka
576104,Udupi,Karnataka
576105,Udupi,Karnataka
576106,Udupi,Karnataka
576107,Udupi,Karnataka
576108,Udupi,Karnataka
576111,Udupi,Karnataka
576112,Udupi,Karnataka
576113,Udupi,Karnataka
576114,Udupi,Karnataka
576115,Udupi,Karnataka
576117,Udupi,Karnataka
576120,Udupi,Karnataka
576121,Udupi,Karnataka
576122,Udupi,Karnataka
576124,Udupi,Karnataka
576201,Udupi,Karnataka
576210,Udupi,Karnataka
576211,Udupi,Karnataka
576212,Udupi,Karnataka
576213,Udupi,Karnataka
576214,Udupi,Karnataka
576215,Udupi,Karnataka
576216,Udupi,Karnataka
576217,Udupi,Karnataka
576218,Udupi,Karnataka
576219,Udupi,Karnataka
576220,Udupi,Karnataka
576221,Udupi,Karnataka
576222,Udupi,Karnataka
576223,Udupi,Karnataka
576224,Udupi,Karnataka
576225,Udupi,Karnataka
576226,Udupi,Karnataka
576227,Udupi,Karnataka
576228,Udupi,Karnataka
576229,Udupi,Karnataka
576230,Udupi,Karnataka
576231,Udupi,Karnataka
576232,Udupi,Karnataka
576233,Udupi,Karnataka
576234,Udupi,Karnataka
576235,Udupi,Karnataka
576247,Udupi,Karnataka
576257,Udupi,Karnataka
576282,Udupi,Karnataka
576283,Udupi,Karnataka
577001,Davangere,Karnataka
577002,Davangere,Karnataka
577003,Davangere,Karnataka
577004,Davangere,Karnataka
577005,Davangere,Karnataka
577006,Davangere,Karnataka
577007,Davangere,Karnataka
577008,Davangere,Karnataka
577009,Davangere,Karnataka
577101,Chikkamagaluru,Karnataka
577102,Chikkamagaluru,Karnataka
577111,Chikkamagaluru,Karnataka
577112,Chikkamagaluru,Karnataka
577113,Chikkamagaluru,Karnataka
577114,Chikkamagaluru,Karnataka
577115,Shivamogga,Karnataka
577116,Chikkamagaluru,Karnataka
577117,Chikkamagaluru,Karnataka
577120,Chikkamagaluru,Karnataka
577121,Chikkamagaluru,Karnataka
577122,Chikkamagaluru,Karnataka
577123,Chikkamagaluru,Karnataka
577124,Chikkamagaluru,Karnataka
577125,Chikkamagaluru,Karnataka
577126,Chikkamagaluru,Karnataka
577127,Chikkamagaluru,Karnataka
577128,Chikkamagaluru,Karnataka
577129,Chikkamagaluru,Karnataka
577130,Chikkamagaluru,Karnataka
577131,Chikkamagaluru,Karnataka
577132,Chikkamagaluru,Karnataka
577133,Chikkamagaluru,Karnataka
577134,Chikkamagaluru,Karnataka
577135,Chikkamagaluru,Karnataka
577136,Chikkamagaluru,Karnataka
577137,Chikkamagaluru,Karnataka
577138,Chikkamagaluru,Karnataka
577139,Chikkamagaluru,Karnataka
577140,Chikkamagaluru,Karnataka
577144,Chikkamagaluru,Karnataka
577145,Chikkamagaluru,Karnataka
577146,Chikkamagaluru,Karnataka
577160,Chikkamagaluru,Karnataka
577168,Chikkamagaluru,Karnataka
577175,Chikkamagaluru,Karnataka
577179,Chikkamagaluru,Karnataka
577180,Chikkamagaluru,Karnataka
577181,Chikkamagaluru,Karnataka
577182,Chikkamagaluru,Karnataka
577201,Shivamogga,Karnataka
577202,Shivamogga,Karnataka
577203,Shivamogga,Karnataka
577204,Shivamogga,Karnataka
577205,Shivamogga,Karnataka
577211,Shivamogga,Karnataka
577213,Davangere,Karnataka
577214,Shivamogga,Karnataka
577215,Davangere,Karnataka
577216,Shivamogga,Karnataka
577217,Davangere,Karnataka
577218,Davangere,Karnataka
577219,Davangere,Karnataka
577220,Shivamogga,Karnataka
577221,Davangere,Karnataka
577222,Shivamogga,Karnataka
577223,Davangere,Karnataka
577224,Davangere,Karnataka
577225,Davangere,Karnataka
577225,Shivamogga,Karnataka
577226,Shivamogga,Karnataka
577227,Shivamogga,Karnataka
577228,Chikkamagaluru,Karnataka
577229,Shivamogga,Karnataka
577230,Davangere,Karnataka
577231,Davangere,Karnataka
577232,Shivamogga,Karnataka
577233,Shivamogga,Karnataka
577243,Shivamogga,Karnataka
577245,Shivamogga,Karnataka
577301,Shivamogga,Karnataka
577302,Shivamogga,Karnataka
577401,Shivamogga,Karnataka
577411,Shivamogga,Karnataka
577412,Shivamogga,Karnataka
577413,Shivamogga,Karnataka
577414,Shivamogga,Karnataka
577415,Shivamogga,Karnataka
577416,Shivamogga,Karnataka
577417,Shivamogga,Karnataka
577418,Shivamogga,Karnataka
577419,Shivamogga,Karnataka
577421,Shivamogga,Karnataka
577422,Shivamogga,Karnataka
577423,Shivamogga,Karnataka
577424,Shivamogga,Karnataka
577425,Shivamogga,Karnataka
577426,Shivamogga,Karnataka
577427,Shivamogga,Karnataka
577428,Shivamogga,Karnataka
577429,Shivamogga,Karnataka
577430,Shivamogga,Karnataka
577431,Shivamogga,Karnataka
577432,Shivamogga,Karnataka
577433,Shivamogga,Karnataka
577434,Shivamogga,Karnataka
577435,Shivamogga,Karnataka
577436,Shivamogga,Karnataka
577451,Shivamogga,Karnataka
577452,Shivamogga,Karnataka
577453,Shivamogga,Karnataka
577501,Chitradurga,Karnataka
577502,Chitradurga,Karnataka
577511,Chitradurga,Karnataka
577512,Davangere,Karnataka
577513,Davangere,Karnataka
577514,Davangere,Karnataka
577515,Chitradurga,Karnataka
577516,Davangere,Karnataka
577517,Chitradurga,Karnataka
577518,Chitradurga,Karnataka
577519,Chitradurga,Karnataka
577520,Chitradurga,Karnataka
577521,Chitradurga,Karnataka
577521,Davangere,Karnataka
577522,Chitradurga,Karnataka
577523,Chitradurga,Karnataka
577524,Chitradurga,Karnataka
577525,Davangere,Karnataka
577526,Chitradurga,Karnataka
577527,Chitradurga,Karnataka
577528,Davangere,Karnataka
577529,Chitradurga,Karnataka
577530,Davangere,Karnataka
577531,Chitradurga,Karnataka
577532,Chitradurga,Karnataka
577533,Chitradurga,Karnataka
577534,Davangere,Karnataka
577535,Chitradurga,Karnataka
577536,Chitradurga,Karnataka
577537,Chitradurga,Karnataka
577538,Chitradurga,Karnataka
577539,Chitradurga,Karnataka
577540,Chitradurga,Karnataka
577541,Chitradurga,Karnataka
577542,Chitradurga,Karnataka
577543,Chitradurga,Karnataka
577544,Davangere,Karnataka
577545,Chitradurga,Karnataka
577546,Chitradurga,Karnataka
577547,Chikkamagaluru,Karnataka
577548,Chikkamagaluru,Karnataka
577549,Chikkamagaluru,Karnataka
577550,Chikkamagaluru,Karnataka
577551,Davangere,Karnataka
577552,Davangere,Karnataka
577553,Davangere,Karnataka
577554,Chitradurga,Karnataka
577555,Chitradurga,Karnataka
577556,Davangere,Karnataka
577557,Chitradurga,Karnataka
577558,Chitradurga,Karnataka
577566,Davangere,Karnataka
577589,Davangere,Karnataka
577596,Chitradurga,Karnataka
577597,Chitradurga,Karnataka
577598,Chitradurga,Karnataka
577599,Chitradurga,Karnataka
577601,Davangere,Karnataka
580001,Dharwad,Karnataka
580002,Dharwad,Karnataka
580003,Dharwad,Karnataka
580004,Dharwad,Karnataka
580005,Dharwad,Karnataka
580006,Dharwad,Karnataka
580007,Dharwad,Karnataka
580008,Dharwad,Karnataka
580009,Dharwad,Karnataka
580011,Dharwad,Karnataka
580020,Dharwad,Karnataka
580021,Dharwad,Karnataka
580023,Dharwad,Karnataka
580024,Dharwad,Karnataka
580025,Dharwad,Karnataka
580026,Dharwad,Karnataka
580027,Dharwad,Karnataka
580028,Dharwad,Karnataka
580029,Dharwad,Karnataka
580030,Dharwad,Karnataka
580031,Dharwad,Karnataka
580032,Dharwad,Karnataka
580112,Dharwad,Karnataka
580114,Dharwad,Karnataka
580118,Dharwad,Karnataka
581101,Haveri,Karnataka
581102,Haveri,Karnataka
581103,Dharwad,Karnataka
581104,Haveri,Karnataka
581105,Dharwad,Karnataka
581106,Haveri,Karnataka
581107,Dharwad,Karnataka
581108,Haveri,Karnataka
581109,Haveri,Karnataka
581110,Haveri,Karnataka
581111,Haveri,Karnataka
581112,Haveri,Karnataka
581113,Dharwad,Karnataka
581115,Haveri,Karnataka
581116,Haveri,Karnataka
581117,Dharwad,Karnataka
581118,Haveri,Karnataka
581119,Haveri,Karnataka
581120,Haveri,Karnataka
581121,Uttara Kannada,Karnataka
581123,Haveri,Karnataka
581126,Haveri,Karnataka
581128,Haveri,Karnataka
581129,Uttara Kannada,Karnataka
581145,Haveri,Karnataka
581148,Haveri,Karnataka
581186,Uttara Kannada,Karnataka
581187,Uttara Kannada,Karnataka
581193,Haveri,Karnataka
581195,Dharwad,Karnataka
581196,Dharwad,Karnataka
581198,Haveri,Karnataka
581199,Haveri,Karnataka
581201,Dharwad,Karnataka
581202,Haveri,Karnataka
581203,Haveri,Karnataka
581204,Dharwad,Karnataka
581205,Haveri,Karnataka
581206,Dharwad,Karnataka
581207,Dharwad,Karnataka
581208,Haveri,Karnataka
581209,Dharwad,Karnataka
581210,Haveri,Karnataka
581211,Haveri,Karnataka
581212,Haveri,Karnataka
581213,Haveri,Karnataka
581237,Haveri,Karnataka
581301,Uttara Kannada,Karnataka
581302,Uttara Kannada,Karnataka
581303,Uttara Kannada,Karnataka
581304,Uttara Kannada,Karnataka
581306,Uttara Kannada,Karnataka
581307,Uttara Kannada,Karnataka
581308,Uttara Kannada,Karnataka
581314,Uttara Kannada,Karnataka
581315,Uttara Kannada,Karnataka
581316,Uttara Kannada,Karnataka
581317,Uttara Kannada,Karnataka
581318,Uttara Kannada,Karnataka
581319,Uttara Kannada,Karnataka
581320,Uttara Kannada,Karnataka
581321,Uttara Kannada,Karnataka
581322,Uttara Kannada,Karnataka
581323,Uttara Kannada,Karnataka
581324,Uttara Kannada,Karnataka
581325,Uttara Kannada,Karnataka
581326,Uttara Kannada,Karnataka
581327,Uttara Kannada,Karnataka
581328,Uttara Kannada,Karnataka
581329,Uttara Kannada,Karnataka
581330,Uttara Kannada,Karnataka
581331,Uttara Kannada,Karnataka
581332,Uttara Kannada,Karnataka
581333,Uttara Kannada,Karnataka
581334,Uttara Kannada,Karnataka
581335,Uttara Kannada,Karnataka
581336,Uttara Kannada,Karnataka
581337,Uttara Kannada,Karnataka
581338,Uttara Kannada,Karnataka
581339,Uttara Kannada,Karnataka
581340,Uttara Kannada,Karnataka
581341,Uttara Kannada,Karnataka
581342,Uttara Kannada,Karnataka
581343,Uttara Kannada,Karnataka
581344,Uttara Kannada,Karnataka
581345,Uttara Kannada,Karnataka
581346,Uttara Kannada,Karnataka
581347,Uttara Kannada,Karnataka
581348,Uttara Kannada,Karnataka
581349,Uttara Kannada,Karnataka
581350,Uttara Kannada,Karnataka
581351,Uttara Kannada,Karnataka
581352,Uttara Kannada,Karnataka
581353,Uttara Kannada,Karnataka
581354,Uttara Kannada,Karnataka
581355,Uttara Kannada,Karnataka
581356,Uttara Kannada,Karnataka
581357,Uttara Kannada,Karnataka
581358,Uttara Kannada,Karnataka
581359,Uttara Kannada,Karnataka
581360,Uttara Kannada,Karnataka
581361,Uttara Kannada,Karnataka
581362,Uttara Kannada,Karnataka
581363,Uttara Kannada,Karnataka
581365,Uttara Kannada,Karnataka
581384,Uttara Kannada,Karnataka
581396,Uttara Kannada,Karnataka
581400,Uttara Kannada,Karnataka
581401,Uttara Kannada,Karnataka
581402,Uttara Kannada,Karnataka
581403,Uttara Kannada,Karnataka
581411,Uttara Kannada,Karnataka
581412,Uttara Kannada,Karnataka
581421,Uttara Kannada,Karnataka
581423,Uttara Kannada,Karnataka
581440,Uttara Kannada,Karnataka
581450,Uttara Kannada,Karnataka
581453,Uttara Kannada,Karnataka
582101,Gadag,Karnataka
582102,Gadag,Karnataka
582103,Gadag,Karnataka
582111,Gadag,Karnataka
582112,Gadag,Karnataka
582113,Gadag,Karnataka
582114,Gadag,Karnataka
582115,Gadag,Karnataka
582116,Gadag,Karnataka
582117,Gadag,Karnataka
582118,Gadag,Karnataka
582119,Gadag,Karnataka
582120,Gadag,Karnataka
582201,Dharwad,Karnataka
582202,Gadag,Karnataka
582203,Gadag,Karnataka
582204,Gadag,Karnataka
582205,Gadag,Karnataka
582206,Gadag,Karnataka
582207,Gadag,Karnataka
582208,Dharwad,Karnataka
582209,Gadag,Karnataka
582210,Gadag,Karnataka
582211,Gadag,Karnataka
583101,Ballari,Karnataka
583102,Ballari,Karnataka
583103,Ballari,Karnataka
583104,Ballari,Karnataka
583105,Ballari,Karnataka
583111,Ballari,Karnataka
583112,Ballari,Karnataka
583113,Ballari,Karnataka
583114,Ballari,Karnataka
583115,Ballari,Karnataka
583116,Ballari,Karnataka
583117,Ballari,Karnataka
583118,Ballari,Karnataka
583119,Ballari,Karnataka
583120,Ballari,Karnataka
583121,Ballari,Karnataka
583122,Ballari,Karnataka
583123,Ballari,Karnataka
583124,Ballari,Karnataka
583125,Vijaynagar,Karnataka
583126,Vijaynagar,Karnataka
583127,Vijaynagar,Karnataka
583128,Ballari,Karnataka
583129,Ballari,Karnataka
583130,Vijaynagar,Karnataka
583131,Ballari,Karnataka
583131,Vijaynagar,Karnataka
583132,Ballari,Karnataka
583132,Vijaynagar,Karnataka
583134,Ballari,Karnataka
583134,Vijaynagar,Karnataka
583135,Vijaynagar,Karnataka
583136,Vijaynagar,Karnataka
583137,Vijaynagar,Karnataka
583152,Ballari,Karnataka
583153,Ballari,Karnataka
583154,Ballari,Karnataka
583155,Ballari,Karnataka
583201,Ballari,Karnataka
583201,Vijaynagar,Karnataka
583203,Vijaynagar,Karnataka
583211,Vijaynagar,Karnataka
583212,Ballari,Karnataka
583212,Vijaynagar,Karnataka
583213,Vijaynagar,Karnataka
583214,Vijaynagar,Karnataka
583215,Vijaynagar,Karnataka
583216,Vijaynagar,Karnataka
583217,Vijaynagar,Karnataka
583218,Vijaynagar,Karnataka
583219,Vijaynagar,Karnataka
583220,Vijaynagar,Karnataka
583221,Vijaynagar,Karnataka
583222,Vijaynagar,Karnataka
583223,Vijaynagar,Karnataka
583224,Vijaynagar,Karnataka
583225,Vijaynagar,Karnataka
583226,Koppal,Karnataka
583227,Koppal,Karnataka
583228,Koppal,Karnataka
583229,Koppal,Karnataka
583230,Koppal,Karnataka
583231,Koppal,Karnataka
583232,Koppal,Karnataka
583233,Koppal,Karnataka
583234,Koppal,Karnataka
583235,Koppal,Karnataka
583236,Koppal,Karnataka
583237,Koppal,Karnataka
583238,Koppal,Karnataka
583239,Vijaynagar,Karnataka
583268,Koppal,Karnataka
583275,Ballari,Karnataka
583276,Vijaynagar,Karnataka
583277,Koppal,Karnataka
583278,Koppal,Karnataka
583279,Koppal,Karnataka
583280,Koppal,Karnataka
583281,Koppal,Karnataka
583282,Koppal,Karnataka
583283,Koppal,Karnataka
583284,Koppal,Karnataka
583285,Koppal,Karnataka
583286,Koppal,Karnataka
583287,Koppal,Karnataka
583288,Koppal,Karnataka
584101,Raichur,Karnataka
584102,Raichur,Karnataka
584103,Raichur,Karnataka
584104,Raichur,Karnataka
584111,Raichur,Karnataka
584113,Raichur,Karnataka
584115,Raichur,Karnataka
584116,Raichur,Karnataka
584118,Raichur,Karnataka
584120,Raichur,Karnataka
584122,Raichur,Karnataka
584123,Raichur,Karnataka
584124,Raichur,Karnataka
584125,Raichur,Karnataka
584126,Raichur,Karnataka
584127,Raichur,Karnataka
584128,Raichur,Karnataka
584129,Raichur,Karnataka
584132,Raichur,Karnataka
584133,Raichur,Karnataka
584134,Raichur,Karnataka
584135,Raichur,Karnataka
584136,Raichur,Karnataka
584138,Raichur,Karnataka
584139,Raichur,Karnataka
584140,Raichur,Karnataka
584143,Raichur,Karnataka
584167,Raichur,Karnataka
584170,Raichur,Karnataka
584202,Raichur,Karnataka
584203,Raichur,Karnataka
585101,Kalaburagi,Karnataka
585102,Kalaburagi,Karnataka
585103,Kalaburagi,Karnataka
585104,Kalaburagi,Karnataka
585105,Kalaburagi,Karnataka
585106,Kalaburagi,Karnataka
585107,Kalaburagi,Karnataka
585201,Yadgir,Karnataka
585202,Yadgir,Karnataka
585210,Kalaburagi,Karnataka
585211,Kalaburagi,Karnataka
585212,Kalaburagi,Karnataka
585213,Kalaburagi,Karnataka
585214,Kalaburagi,Karnataka
585214,Yadgir,Karnataka
585215,Yadgir,Karnataka
585216,Yadgir,Karnataka
585217,Kalaburagi,Karnataka
585218,Kalaburagi,Karnataka
585219,Yadgir,Karnataka
585220,Yadgir,Karnataka
585221,Yadgir,Karnataka
585222,Kalaburagi,Karnataka
585223,Yadgir,Karnataka
585224,Yadgir,Karnataka
585225,Kalaburagi,Karnataka
585226,Bidar,Karnataka
585227,Bidar,Karnataka
585228,Kalaburagi,Karnataka
585229,Kalaburagi,Karnataka
585236,Kalaburagi,Karnataka
585237,Yadgir,Karnataka
585265,Kalaburagi,Karnataka
585287,Yadgir,Karnataka
585290,Yadgir,Karnataka
585291,Yadgir,Karnataka
585292,Kalaburagi,Karnataka
585301,Kalaburagi,Karnataka
585302,Kalaburagi,Karnataka
585303,Kalaburagi,Karnataka
585304,Yadgir,Karnataka
585305,Kalaburagi,Karnataka
585306,Kalaburagi,Karnataka
585307,Kalaburagi,Karnataka
585308,Kalaburagi,Karnataka
585309,Kalaburagi,Karnataka
585309,Yadgir,Karnataka
585310,Kalaburagi,Karnataka
585311,Kalaburagi,Karnataka
585312,Kalaburagi,Karnataka
585313,Kalaburagi,Karnataka
585314,Kalaburagi,Karnataka
585315,Yadgir,Karnataka
585316,Kalaburagi,Karnataka
585317,Kalaburagi,Karnataka
585318,Kalaburagi,Karnataka
585319,Yadgir,Karnataka
585320,Kalaburagi,Karnataka
585321,Yadgir,Karnataka
585322,Kalaburagi,Karnataka
585323,Yadgir,Karnataka
585324,Kalaburagi,Karnataka
585325,Kalaburagi,Karnataka
585326,Bidar,Karnataka
585327,Bidar,Karnataka
585328,Bidar,Karnataka
585329,Bidar,Karnataka
585330,Bidar,Karnataka
585331,Bidar,Karnataka
585353,Bidar,Karnataka
585355,Yadgir,Karnataka
585367,Kalaburagi,Karnataka
585401,Bidar,Karnataka
585402,Bidar,Karnataka
585403,Bidar,Karnataka
585404,Bidar,Karnataka
585411,Bidar,Karnataka
585412,Bidar,Karnataka
585413,Bidar,Karnataka
585414,Bidar,Karnataka
585416,Bidar,Karnataka
585417,Bidar,Karnataka
585418,Bidar,Karnataka
585419,Bidar,Karnataka
585421,Bidar,Karnataka
585436,Bidar,Karnataka
585437,Bidar,Karnataka
585443,Bidar,Karnataka
585444,Bidar,Karnataka
585445,Bidar,Karnataka
585446,Bidar,Karnataka
585447,Bidar,Karnataka
585448,Bidar,Karnataka
586101,Vijayapura,Karnataka
586103,Vijayapura,Karnataka
586104,Vijayapura,Karnataka
586108,Vijayapura,Karnataka
586109,Vijayapura,Karnataka
586111,Vijayapura,Karnataka
586112,Vijayapura,Karnataka
586113,Bagalkot,Karnataka
586113,Vijayapura,Karnataka
586114,Vijayapura,Karnataka
586115,Vijayapura,Karnataka
586116,Vijayapura,Karnataka
586117,Vijayapura,Karnataka
586118,Vijayapura,Karnataka
586119,Vijayapura,Karnataka
586120,Vijayapura,Karnataka
586121,Vijayapura,Karnataka
586122,Vijayapura,Karnataka
586123,Vijayapura,Karnataka
586124,Vijayapura,Karnataka
586125,Bagalkot,Karnataka
586125,Vijayapura,Karnataka
586127,Vijayapura,Karnataka
586128,Vijayapura,Karnataka
586129,Vijayapura,Karnataka
586130,Vijayapura,Karnataka
586162,Vijayapura,Karnataka
586170,Vijayapura,Karnataka
586201,Vijayapura,Karnataka
586202,Vijayapura,Karnataka
586203,Vijayapura,Karnataka
586204,Vijayapura,Karnataka
586205,Vijayapura,Karnataka
586206,Vijayapura,Karnataka
586207,Vijayapura,Karnataka
586208,Vijayapura,Karnataka
586209,Vijayapura,Karnataka
586210,Vijayapura,Karnataka
586211,Vijayapura,Karnataka
586212,Vijayapura,Karnataka
586213,Vijayapura,Karnataka
586214,Vijayapura,Karnataka
586215,Vijayapura,Karnataka
586216,Vijayapura,Karnataka
586217,Vijayapura,Karnataka
587101,Bagalkot,Karnataka
587102,Bagalkot,Karnataka
587103,Bagalkot,Karnataka
587104,Bagalkot,Karnataka
587111,Bagalkot,Karnataka
587112,Bagalkot,Karnataka
587113,Bagalkot,Karnataka
587114,Bagalkot,Karnataka
587115,Bagalkot,Karnataka
587116,Bagalkot,Karnataka
587117,Bagalkot,Karnataka
587118,Bagalkot,Karnataka
587119,Bagalkot,Karnataka
587120,Bagalkot,Karnataka
587121,Bagalkot,Karnataka
587122,Bagalkot,Karnataka
587124,Bagalkot,Karnataka
587125,Bagalkot,Karnataka
587154,Bagalkot,Karnataka
587155,Bagalkot,Karnataka
587156,Bagalkot,Karnataka
587157,Bagalkot,Karnataka
587201,Bagalkot,Karnataka
587202,Bagalkot,Karnataka
587203,Bagalkot,Karnataka
587204,Bagalkot,Karnataka
587205,Bagalkot,Karnataka
587206,Bagalkot,Karnataka
587207,Bagalkot,Karnataka
587301,Bagalkot,Karnataka
587311,Bagalkot,Karnataka
587312,Bagalkot,Karnataka
587313,Bagalkot,Karnataka
587314,Bagalkot,Karnataka
587315,Bagalkot,Karnataka
587316,Bagalkot,Karnataka
587330,Bagalkot,Karnataka
587331,Bagalkot,Karnataka
590001,Belagavi,Karnataka
590003,Belagavi,Karnataka
590005,Belagavi,Karnataka
590006,Belagavi,Karnataka
590008,Belagavi,Karnataka
590009,Belagavi,Karnataka
590010,Belagavi,Karnataka
590011,Belagavi,Karnataka
590014,Belagavi,Karnataka
590015,Belagavi,Karnataka
590016,Belagavi,Karnataka
590017,Belagavi,Karnataka
590018,Belagavi,Karnataka
590019,Belagavi,Karnataka
590020,Belagavi,Karnataka
591101,Belagavi,Karnataka
591102,Belagavi,Karnataka
591103,Belagavi,Karnataka
591104,Belagavi,Karnataka
591106,Belagavi,Karnataka
591107,Belagavi,Karnataka
591108,Belagavi,Karnataka
591109,Belagavi,Karnataka
591110,Belagavi,Karnataka
591111,Belagavi,Karnataka
591112,Belagavi,Karnataka
591113,Belagavi,Karnataka
591114,Belagavi,Karnataka
591115,Belagavi,Karnataka
591117,Belagavi,Karnataka
591118,Belagavi,Karnataka
591119,Belagavi,Karnataka
591120,Belagavi,Karnataka
591121,Belagavi,Karnataka
591122,Belagavi,Karnataka
591123,Belagavi,Karnataka
591124,Belagavi,Karnataka
591125,Belagavi,Karnataka
591126,Belagavi,Karnataka
591127,Belagavi,Karnataka
591128,Belagavi,Karnataka
591129,Belagavi,Karnataka
591130,Belagavi,Karnataka
591131,Belagavi,Karnataka
591136,Belagavi,Karnataka
591143,Belagavi,Karnataka
591147,Belagavi,Karnataka
591153,Belagavi,Karnataka
591156,Belagavi,Karnataka
591173,Belagavi,Karnataka
591201,Belagavi,Karnataka
591211,Belagavi,Karnataka
591212,Belagavi,Karnataka
591213,Belagavi,Karnataka
591214,Belagavi,Karnataka
591215,Belagavi,Karnataka
591216,Belagavi,Karnataka
591217,Belagavi,Karnataka
591218,Belagavi,Karnataka
591219,Belagavi,Karnataka
591220,Belagavi,Karnataka
591221,Belagavi,Karnataka
591222,Belagavi,Karnataka
591223,Belagavi,Karnataka
591224,Belagavi,Karnataka
591225,Belagavi,Karnataka
591226,Belagavi,Karnataka
591227,Belagavi,Karnataka
591228,Belagavi,Karnataka
591229,Belagavi,Karnataka
591230,Belagavi,Karnataka
591231,Belagavi,Karnataka
591232,Belagavi,Karnataka
591233,Belagavi,Karnataka
591234,Belagavi,Karnataka
591235,Belagavi,Karnataka
591236,Belagavi,Karnataka
591237,Belagavi,Karnataka
591238,Belagavi,Karnataka
591239,Belagavi,Karnataka
591240,Belagavi,Karnataka
591241,Belagavi,Karnataka
591242,Belagavi,Karnataka
591243,Belagavi,Karnataka
591244,Belagavi,Karnataka
591246,Belagavi,Karnataka
591247,Belagavi,Karnataka
591248,Belagavi,Karnataka
591254,Belagavi,Karnataka
591263,Belagavi,Karnataka
591265,Belagavi,Karnataka
591287,Belagavi,Karnataka
591301,Belagavi,Karnataka
591302,Belagavi,Karnataka
591303,Belagavi,Karnataka
591304,Belagavi,Karnataka
591305,Belagavi,Karnataka
591306,Belagavi,Karnataka
591307,Belagavi,Karnataka
591308,Belagavi,Karnataka
591309,Belagavi,Karnataka
591310,Belagavi,Karnataka
591311,Belagavi,Karnataka
591312,Belagavi,Karnataka
591313,Belagavi,Karnataka
591314,Belagavi,Karnataka
591315,Belagavi,Karnataka
591316,Belagavi,Karnataka
591317,Belagavi,Karnataka
591340,Belagavi,Karnataka
591344,Belagavi,Karnataka
591345,Belagavi,Karnataka
591346,Belagavi,Karnataka
600001,Chennai,Tamil Nadu
600002,Chennai,Tamil Nadu
600003,Chennai,Tamil Nadu
600004,Chennai,Tamil Nadu
600005,Chennai,Tamil Nadu
600006,Chennai,Tamil Nadu
600007,Chennai,Tamil Nadu
600008,Chennai,Tamil Nadu
600009,Chennai,Tamil Nadu
600010,Chennai,Tamil Nadu
600011,Chennai,Tamil Nadu
600012,Chennai,Tamil Nadu
600013,Chennai,Tamil Nadu
600014,Chennai,Tamil Nadu
600015,Chennai,Tamil Nadu
600016,Chennai,Tamil Nadu
600017,Chennai,Tamil Nadu
600018,Chennai,Tamil Nadu
600019,Chennai,Tamil Nadu
600019,Thiruvallur,Tamil Nadu
600020,Chennai,Tamil Nadu
600021,Chennai,Tamil Nadu
600022,Chennai,Tamil Nadu
600023,Chennai,Tamil Nadu
600024,Chennai,Tamil Nadu
600025,Chennai,Tamil Nadu
600026,Chennai,Tamil Nadu
600028,Chennai,Tamil Nadu
600030,Chennai,Tamil Nadu
600031,Chennai,Tamil Nadu
600032,Chennai,Tamil Nadu
600033,Chennai,Tamil Nadu
600034,Chennai,Tamil Nadu
600035,Chennai,Tamil Nadu
600036,Chennai,Tamil Nadu
600037,Chennai,Tamil Nadu
600037,Thiruvallur,Tamil Nadu
600038,Chennai,Tamil Nadu
600039,Chennai,Tamil Nadu
600040,Chennai,Tamil Nadu
600041,Chennai,Tamil Nadu
600042,Chennai,Tamil Nadu
600043,Chengalpattu,Tamil Nadu
600044,Chengalpattu,Tamil Nadu
600045,Chengalpattu,Tamil Nadu
600046,Chengalpattu,Tamil Nadu
600047,Chengalpattu,Tamil Nadu
600048,Chengalpattu,Tamil Nadu
600049,Chennai,Tamil Nadu
600049,Thiruvallur,Tamil Nadu
600050,Chennai,Tamil Nadu
600050,Thiruvallur,Tamil Nadu
600051,Chennai,Tamil Nadu
600052,Thiruvallur,Tamil Nadu
600053,Chennai,Tamil Nadu
600053,Thiruvallur,Tamil Nadu
600054,Thiruvallur,Tamil Nadu
600055,Thiruvallur,Tamil Nadu
600056,Thiruvallur,Tamil Nadu
600057,Chennai,Tamil Nadu
600057,Thiruvallur,Tamil Nadu
600058,Chennai,Tamil Nadu
600059,Chengalpattu,Tamil Nadu
600060,Chennai,Tamil Nadu
600060,Thiruvallur,Tamil Nadu
600061,Chennai,Tamil Nadu
600062,Thiruvallur,Tamil Nadu
600063,Chengalpattu,Tamil Nadu
600064,Chengalpattu,Tamil Nadu
600066,Chennai,Tamil Nadu
600067,Thiruvallur,Tamil Nadu
600068,Chennai,Tamil Nadu
600069,Kanchipuram,Tamil Nadu
600070,Chengalpattu,Tamil Nadu
600071,Thiruvallur,Tamil Nadu
600072,Thiruvallur,Tamil Nadu
600073,Chengalpattu,Tamil Nadu
600074,Chengalpattu,Tamil Nadu
600075,Chengalpattu,Tamil Nadu
600076,Chennai,Tamil Nadu
600077,Chennai,Tamil Nadu
600077,Thiruvallur,Tamil Nadu
600078,Chennai,Tamil Nadu
600081,Chennai,Tamil Nadu
600082,Chennai,Tamil Nadu
600083,Chennai,Tamil Nadu
600084,Chennai,Tamil Nadu
600085,Chennai,Tamil Nadu
600086,Chennai,Tamil Nadu
600087,Chennai,Tamil Nadu
600088,Chennai,Tamil Nadu
600089,Chennai,Tamil Nadu
600089,Kanchipuram,Tamil Nadu
600090,Chennai,Tamil Nadu
600091,Chennai,Tamil Nadu
600092,Chennai,Tamil Nadu
600093,Chennai,Tamil Nadu
600094,Chennai,Tamil Nadu
600095,Chennai,Tamil Nadu
600095,Thiruvallur,Tamil Nadu
600096,Chennai,Tamil Nadu
600097,Chennai,Tamil Nadu
600099,Chennai,Tamil Nadu
600100,Chengalpattu,Tamil Nadu
600101,Chennai,Tamil Nadu
600102,Chennai,Tamil Nadu
600103,Chennai,Tamil Nadu
600103,Thiruvallur,Tamil Nadu
600104,Chennai,Tamil Nadu
600106,Chennai,Tamil Nadu
600107,Chennai,Tamil Nadu
600110,Thiruvallur,Tamil Nadu
600113,Chennai,Tamil Nadu
600115,Chennai,Tamil Nadu
600116,Chennai,Tamil Nadu
600116,Thiruvallur,Tamil Nadu
600117,Chengalpattu,Tamil Nadu
600118,Chennai,Tamil Nadu
600119,Chennai,Tamil Nadu
600120,Thiruvallur,Tamil Nadu
600122,Kanchipuram,Tamil Nadu
600123,Thiruvallur,Tamil Nadu
600124,Thiruvallur,Tamil Nadu
600125,Chennai,Tamil Nadu
600126,Chengalpattu,Tamil Nadu
600127,Chengalpattu,Tamil Nadu
600128,Kanchipuram,Tamil Nadu
600129,Chengalpattu,Tamil Nadu
600130,Chengalpattu,Tamil Nadu
600131,Chengalpattu,Tamil Nadu
600132,Kanchipuram,Tamil Nadu
600133,Thiruvallur,Tamil Nadu
601101,Thiruvallur,Tamil Nadu
601102,Thiruvallur,Tamil Nadu
601103,Thiruvallur,Tamil Nadu
601201,Thiruvallur,Tamil Nadu
601202,Thiruvallur,Tamil Nadu
601203,Thiruvallur,Tamil Nadu
601204,Thiruvallur,Tamil Nadu
601205,Thiruvallur,Tamil Nadu
601206,Thiruvallur,Tamil Nadu
601301,Kanchipuram,Tamil Nadu
602001,Thiruvallur,Tamil Nadu
602002,Kanchipuram,Tamil Nadu
602002,Thiruvallur,Tamil Nadu
602003,Thiruvallur,Tamil Nadu
602021,Thiruvallur,Tamil Nadu
602023,Thiruvallur,Tamil Nadu
602024,Thiruvallur,Tamil Nadu
602025,Thiruvallur,Tamil Nadu
602026,Thiruvallur,Tamil Nadu
602105,Kanchipuram,Tamil Nadu
602105,Thiruvallur,Tamil Nadu
602106,Kanchipuram,Tamil Nadu
602108,Kanchipuram,Tamil Nadu
602108,Thiruvallur,Tamil Nadu
602117,Kanchipuram,Tamil Nadu
602118,Kanchipuram,Tamil Nadu
603001,Chengalpattu,Tamil Nadu
603002,Chengalpattu,Tamil Nadu
603003,Chengalpattu,Tamil Nadu
603004,Chengalpattu,Tamil Nadu
603101,Chengalpattu,Tamil Nadu
603102,Chengalpattu,Tamil Nadu
603103,Chengalpattu,Tamil Nadu
603104,Chengalpattu,Tamil Nadu
603105,Chengalpattu,Tamil Nadu
603106,Kanchipuram,Tamil Nadu
603107,Kanchipuram,Tamil Nadu
603108,Chengalpattu,Tamil Nadu
603109,Chengalpattu,Tamil Nadu
603110,Chengalpattu,Tamil Nadu
603111,Chengalpattu,Tamil Nadu
603112,Chengalpattu,Tamil Nadu
603127,Chengalpattu,Tamil Nadu
603201,Chengalpattu,Tamil Nadu
603202,Chengalpattu,Tamil Nadu
603202,Kanchipuram,Tamil Nadu
603203,Chengalpattu,Tamil Nadu
603203,Kanchipuram,Tamil Nadu
603204,Chengalpattu,Tamil Nadu
603204,Kanchipuram,Tamil Nadu
603209,Chengalpattu,Tamil Nadu
603210,Chengalpattu,Tamil Nadu
603211,Chengalpattu,Tamil Nadu
603301,Chengalpattu,Tamil Nadu
603302,Chengalpattu,Tamil Nadu
603303,Chengalpattu,Tamil Nadu
603304,Chengalpattu,Tamil Nadu
603305,Chengalpattu,Tamil Nadu
603306,Chengalpattu,Tamil Nadu
603307,Chengalpattu,Tamil Nadu
603308,Chengalpattu,Tamil Nadu
603309,Chengalpattu,Tamil Nadu
603310,Chengalpattu,Tamil Nadu
603311,Chengalpattu,Tamil Nadu
603312,Chengalpattu,Tamil Nadu
603313,Chengalpattu,Tamil Nadu
603314,Chengalpattu,Tamil Nadu
603314,Kanchipuram,Tamil Nadu
603319,Chengalpattu,Tamil Nadu
603401,Chengalpattu,Tamil Nadu
603402,Kanchipuram,Tamil Nadu
603403,Kanchipuram,Tamil Nadu
603405,Chengalpattu,Tamil Nadu
603406,Chengalpattu,Tamil Nadu
603406,Kanchipuram,Tamil Nadu
604001,Villupuram,Tamil Nadu
604101,Villupuram,Tamil Nadu
604102,Villupuram,Tamil Nadu
604151,Villupuram,Tamil Nadu
604152,Villupuram,Tamil Nadu
604153,Villupuram,Tamil Nadu
604154,Villupuram,Tamil Nadu
604201,Villupuram,Tamil Nadu
604202,Villupuram,Tamil Nadu
604203,Villupuram,Tamil Nadu
604204,Villupuram,Tamil Nadu
604205,Villupuram,Tamil Nadu
604206,Villupuram,Tamil Nadu
604207,Villupuram,Tamil Nadu
604208,Villupuram,Tamil Nadu
604210,Villupuram,Tamil Nadu
604301,Villupuram,Tamil Nadu
604302,Villupuram,Tamil Nadu
604303,Villupuram,Tamil Nadu
604304,Villupuram,Tamil Nadu
604305,Villupuram,Tamil Nadu
604306,Villupuram,Tamil Nadu
604307,Villupuram,Tamil Nadu
604401,Tiruvannamalai,Tamil Nadu
604402,Tiruvannamalai,Tamil Nadu
604403,Tiruvannamalai,Tamil Nadu
604404,Tiruvannamalai,Tamil Nadu
604405,Tiruvannamalai,Tamil Nadu
604406,Tiruvannamalai,Tamil Nadu
604407,Ranipet,Tamil Nadu
604407,Tiruvannamalai,Tamil Nadu
604408,Tiruvannamalai,Tamil Nadu
604409,Tiruvannamalai,Tamil Nadu
604410,Tiruvannamalai,Tamil Nadu
604411,Tiruvannamalai,Tamil Nadu
604501,Tiruvannamalai,Tamil Nadu
604502,Tiruvannamalai,Tamil Nadu
604503,Tiruvannamalai,Tamil Nadu
604504,Tiruvannamalai,Tamil Nadu
604505,Tiruvannamalai,Tamil Nadu
604601,Tiruvannamalai,Tamil Nadu
605001,Pondicherry,Puducherry
605002,Pondicherry,Puducherry
605003,Pondicherry,Puducherry
605004,Pondicherry,Puducherry
605005,Pondicherry,Puducherry
605006,Pondicherry,Puducherry
605007,Cuddalore,Tamil Nadu
605007,Pondicherry,Puducherry
605008,Pondicherry,Puducherry
605009,Pondicherry,Puducherry
605010,Pondicherry,Puducherry
605011,Pondicherry,Puducherry
605013,Pondicherry,Puducherry
605014,Pondicherry,Puducherry
605014,Villupuram,Tamil Nadu
605101,Villupuram,Tamil Nadu
605102,Pondicherry,Puducherry
605102,Villupuram,Tamil Nadu
605103,Villupuram,Tamil Nadu
605104,Villupuram,Tamil Nadu
605105,Pondicherry,Puducherry
605105,Villupuram,Tamil Nadu
605106,Cuddalore,Tamil Nadu
605106,Pondicherry,Puducherry
605106,Villupuram,Tamil Nadu
605107,Pondicherry,Puducherry
605107,Villupuram,Tamil Nadu
605108,Villupuram,Tamil Nadu
605109,Villupuram,Tamil Nadu
605110,Cuddalore,Tamil Nadu
605110,Pondicherry,Puducherry
605111,Pondicherry,Puducherry
605111,Villupuram,Tamil Nadu
605201,Villupuram,Tamil Nadu
605202,Villupuram,Tamil Nadu
605203,Villupuram,Tamil Nadu
605301,Villupuram,Tamil Nadu
605302,Villupuram,Tamil Nadu
605401,Villupuram,Tamil Nadu
605402,Villupuram,Tamil Nadu
605403,Villupuram,Tamil Nadu
605501,Pondicherry,Puducherry
605501,Villupuram,Tamil Nadu
605502,Pondicherry,Puducherry
605502,Villupuram,Tamil Nadu
605601,Villupuram,Tamil Nadu
605602,Villupuram,Tamil Nadu
605651,Villupuram,Tamil Nadu
605652,Villupuram,Tamil Nadu
605701,Villupuram,Tamil Nadu
605702,Kallakurichi,Tamil Nadu
605751,Kallakurichi,Tamil Nadu
605752,Villupuram,Tamil Nadu
605754,Kallakurichi,Tamil Nadu
605755,Villupuram,Tamil Nadu
605756,Kallakurichi,Tamil Nadu
605756,Villupuram,Tamil Nadu
605757,Kallakurichi,Tamil Nadu
605758,Villupuram,Tamil Nadu
605759,Kallakurichi,Tamil Nadu
605766,Kallakurichi,Tamil Nadu
605801,Kallakurichi,Tamil Nadu
605802,Kallakurichi,Tamil Nadu
605803,Villupuram,Tamil Nadu
606001,Cuddalore,Tamil Nadu
606003,Cuddalore,Tamil Nadu
606102,Kallakurichi,Tamil Nadu
606103,Cuddalore,Tamil Nadu
606104,Cuddalore,Tamil Nadu
606105,Cuddalore,Tamil Nadu
606106,Cuddalore,Tamil Nadu
606107,Kallakurichi,Tamil Nadu
606108,Cuddalore,Tamil Nadu
606109,Cuddalore,Tamil Nadu
606110,Cuddalore,Tamil Nadu
606111,Cuddalore,Tamil Nadu
606115,Cuddalore,Tamil Nadu
606115,Kallakurichi,Tamil Nadu
606201,Kallakurichi,Tamil Nadu
606202,Kallakurichi,Tamil Nadu
606203,Cuddalore,Tamil Nadu
606203,Kallakurichi,Tamil Nadu
606204,Kallakurichi,Tamil Nadu
606205,Kallakurichi,Tamil Nadu
606206,Kallakurichi,Tamil Nadu
606207,Kallakurichi,Tamil Nadu
606208,Kallakurichi,Tamil Nadu
606209,Kallakurichi,Tamil Nadu
606213,Kallakurichi,Tamil Nadu
606301,Cuddalore,Tamil Nadu
606301,Kallakurichi,Tamil Nadu
606302,Cuddalore,Tamil Nadu
606303,Cuddalore,Tamil Nadu
606304,Cuddalore,Tamil Nadu
606305,Kallakurichi,Tamil Nadu
606401,Kallakurichi,Tamil Nadu
606402,Kallakurichi,Tamil Nadu
606601,Tiruvannamalai,Tamil Nadu
606603,Tiruvannamalai,Tamil Nadu
606604,Tiruvannamalai,Tamil Nadu
606611,Tiruvannamalai,Tamil Nadu
606701,Tiruvannamalai,Tamil Nadu
606702,Tiruvannamalai,Tamil Nadu
606703,Tiruvannamalai,Tamil Nadu
606704,Tiruvannamalai,Tamil Nadu
606705,Tiruvannamalai,Tamil Nadu
606706,Tiruvannamalai,Tamil Nadu
606707,Tiruvannamalai,Tamil Nadu
606708,Tiruvannamalai,Tamil Nadu
606709,Tiruvannamalai,Tamil Nadu
606710,Tiruvannamalai,Tamil Nadu
606751,Tiruvannamalai,Tamil Nadu
606752,Tiruvannamalai,Tamil Nadu
606753,Tiruvannamalai,Tamil Nadu
606754,Tiruvannamalai,Tamil Nadu
606754,Villupuram,Tamil Nadu
606755,Tiruvannamalai,Tamil Nadu
606801,Tiruvannamalai,Tamil Nadu
606802,Tiruvannamalai,Tamil Nadu
606803,Tiruvannamalai,Tamil Nadu
606804,Tiruvannamalai,Tamil Nadu
606805,Tiruvannamalai,Tamil Nadu
606806,Tiruvannamalai,Tamil Nadu
606807,Tiruvannamalai,Tamil Nadu
606808,Tiruvannamalai,Tamil Nadu
606811,Tiruvannamalai,Tamil Nadu
606901,Tiruvannamalai,Tamil Nadu
606902,Tiruvannamalai,Tamil Nadu
606903,Tiruvannamalai,Tamil Nadu
606904,Tiruvannamalai,Tamil Nadu
606905,Tiruvannamalai,Tamil Nadu
606906,Tiruvannamalai,Tamil Nadu
606907,Tiruvannamalai,Tamil Nadu
606908,Tiruvannamalai,Tamil Nadu
607001,Cuddalore,Tamil Nadu
607002,Cuddalore,Tamil Nadu
607003,Cuddalore,Tamil Nadu
607004,Cuddalore,Tamil Nadu
607005,Cuddalore,Tamil Nadu
607006,Cuddalore,Tamil Nadu
607101,Cuddalore,Tamil Nadu
607101,Kallakurichi,Tamil Nadu
607101,Villupuram,Tamil Nadu
607102,Cuddalore,Tamil Nadu
607103,Cuddalore,Tamil Nadu
607104,Cuddalore,Tamil Nadu
607105,Cuddalore,Tamil Nadu
607106,Cuddalore,Tamil Nadu
607107,Kallakurichi,Tamil Nadu
607107,Villupuram,Tamil Nadu
607108,Cuddalore,Tamil Nadu
607109,Cuddalore,Tamil Nadu
607112,Cuddalore,Tamil Nadu
607201,Kallakurichi,Tamil Nadu
607202,Kallakurichi,Tamil Nadu
607203,Villupuram,Tamil Nadu
607204,Kallakurichi,Tamil Nadu
607205,Cuddalore,Tamil Nadu
607209,Kallakurichi,Tamil Nadu
607209,Villupuram,Tamil Nadu
607301,Cuddalore,Tamil Nadu
607302,Cuddalore,Tamil Nadu
607303,Cuddalore,Tamil Nadu
607308,Cuddalore,Tamil Nadu
607401,Cuddalore,Tamil Nadu
607402,Cuddalore,Tamil Nadu
607402,Pondicherry,Puducherry
607403,Cuddalore,Tamil Nadu
607403,Pondicherry,Puducherry
607801,Cuddalore,Tamil Nadu
607802,Cuddalore,Tamil Nadu
607803,Cuddalore,Tamil Nadu
607804,Cuddalore,Tamil Nadu
607805,Cuddalore,Tamil Nadu
607807,Cuddalore,Tamil Nadu
608001,Cuddalore,Tamil Nadu
608002,Cuddalore,Tamil Nadu
608002,Nagapattinam,Tamil Nadu
608102,Cuddalore,Tamil Nadu
608201,Cuddalore,Tamil Nadu
608301,Cuddalore,Tamil Nadu
608302,Cuddalore,Tamil Nadu
608303,Cuddalore,Tamil Nadu
608304,Cuddalore,Tamil Nadu
608305,Cuddalore,Tamil Nadu
608306,Cuddalore,Tamil Nadu
608401,Cuddalore,Tamil Nadu
608501,Cuddalore,Tamil Nadu
608502,Cuddalore,Tamil Nadu
608601,Cuddalore,Tamil Nadu
608602,Cuddalore,Tamil Nadu
608701,Cuddalore,Tamil Nadu
608702,Cuddalore,Tamil Nadu
608703,Ariyalur,Tamil Nadu
608703,Cuddalore,Tamil Nadu
608704,Cuddalore,Tamil Nadu
608801,Cuddalore,Tamil Nadu
608901,Ariyalur,Tamil Nadu
609001,Mayiladuthurai,Tamil Nadu
609003,Mayiladuthurai,Tamil Nadu
609101,Mayiladuthurai,Tamil Nadu
609102,Mayiladuthurai,Tamil Nadu
609103,Mayiladuthurai,Tamil Nadu
609104,Mayiladuthurai,Tamil Nadu
609105,Mayiladuthurai,Tamil Nadu
609106,Mayiladuthurai,Tamil Nadu
609107,Mayiladuthurai,Tamil Nadu
609108,Mayiladuthurai,Tamil Nadu
609109,Mayiladuthurai,Tamil Nadu
609110,Mayiladuthurai,Tamil Nadu
609111,Mayiladuthurai,Tamil Nadu
609112,Mayiladuthurai,Tamil Nadu
609113,Mayiladuthurai,Tamil Nadu
609114,Mayiladuthurai,Tamil Nadu
609115,Mayiladuthurai,Tamil Nadu
609116,Mayiladuthurai,Tamil Nadu
609117,Mayiladuthurai,Tamil Nadu
609118,Mayiladuthurai,Tamil Nadu
609201,Mayiladuthurai,Tamil Nadu
609202,Mayiladuthurai,Tamil Nadu
609203,Mayiladuthurai,Tamil Nadu
609204,Mayiladuthurai,Tamil Nadu
609204,Thanjavur,Tamil Nadu
609205,Mayiladuthurai,Tamil Nadu
609301,Mayiladuthurai,Tamil Nadu
609302,Mayiladuthurai,Tamil Nadu
609303,Mayiladuthurai,Tamil Nadu
609304,Mayiladuthurai,Tamil Nadu
609305,Mayiladuthurai,Tamil Nadu
609306,Mayiladuthurai,Tamil Nadu
609307,Mayiladuthurai,Tamil Nadu
609308,Mayiladuthurai,Tamil Nadu
609309,Mayiladuthurai,Tamil Nadu
609310,Mayiladuthurai,Tamil Nadu
609311,Mayiladuthurai,Tamil Nadu
609312,Mayiladuthurai,Tamil Nadu
609313,Mayiladuthurai,Tamil Nadu
609314,Mayiladuthurai,Tamil Nadu
609401,Mayiladuthurai,Tamil Nadu
609402,Mayiladuthurai,Tamil Nadu
609403,Thiruvarur,Tamil Nadu
609404,Mayiladuthurai,Tamil Nadu
609405,Thiruvarur,Tamil Nadu
609501,Thiruvarur,Tamil Nadu
609502,Thiruvarur,Tamil Nadu
609503,Nagapattinam,Tamil Nadu
609503,Thiruvarur,Tamil Nadu
609504,Nagapattinam,Tamil Nadu
609504,Thiruvarur,Tamil Nadu
609601,Karaikal,Puducherry
609602,Karaikal,Puducherry
609603,Karaikal,Puducherry
609603,Thiruvarur,Tamil Nadu
609604,Karaikal,Puducherry
609604,Nagapattinam,Tamil Nadu
609605,Karaikal,Puducherry
609606,Karaikal,Puducherry
609607,Karaikal,Puducherry
609608,Thiruvarur,Tamil Nadu
609609,Karaikal,Puducherry
609701,Nagapattinam,Tamil Nadu
609702,Nagapattinam,Tamil Nadu
609703,Nagapattinam,Tamil Nadu
609704,Nagapattinam,Tamil Nadu
609801,Mayiladuthurai,Tamil Nadu
609802,Thanjavur,Tamil Nadu
609803,Mayiladuthurai,Tamil Nadu
609804,Thanjavur,Tamil Nadu
609805,Mayiladuthurai,Tamil Nadu
609806,Mayiladuthurai,Tamil Nadu
609807,Thanjavur,Tamil Nadu
609808,Mayiladuthurai,Tamil Nadu
609810,Mayiladuthurai,Tamil Nadu
609811,Mayiladuthurai,Tamil Nadu
610001,Thiruvarur,Tamil Nadu
610003,Thiruvarur,Tamil Nadu
610004,Thiruvarur,Tamil Nadu
610005,Thiruvarur,Tamil Nadu
610101,Nagapattinam,Tamil Nadu
610101,Thiruvarur,Tamil Nadu
610102,Thiruvarur,Tamil Nadu
610103,Thiruvarur,Tamil Nadu
610104,Thiruvarur,Tamil Nadu
610105,Thiruvarur,Tamil Nadu
610106,Nagapattinam,Tamil Nadu
610106,Thiruvarur,Tamil Nadu
610107,Thiruvarur,Tamil Nadu
610109,Thiruvarur,Tamil Nadu
610201,Nagapattinam,Tamil Nadu
610201,Thiruvarur,Tamil Nadu
610202,Thiruvarur,Tamil Nadu
610203,Nagapattinam,Tamil Nadu
610203,Thiruvarur,Tamil Nadu
610204,Nagapattinam,Tamil Nadu
610205,Thiruvarur,Tamil Nadu
610206,Thiruvarur,Tamil Nadu
610207,Nagapattinam,Tamil Nadu
611001,Nagapattinam,Tamil Nadu
611002,Nagapattinam,Tamil Nadu
611003,Nagapattinam,Tamil Nadu
611101,Nagapattinam,Tamil Nadu
611101,Thiruvarur,Tamil Nadu
611102,Nagapattinam,Tamil Nadu
611103,Nagapattinam,Tamil Nadu
611104,Nagapattinam,Tamil Nadu
611105,Nagapattinam,Tamil Nadu
611106,Nagapattinam,Tamil Nadu
611108,Nagapattinam,Tamil Nadu
611109,Nagapattinam,Tamil Nadu
611110,Nagapattinam,Tamil Nadu
611111,Nagapattinam,Tamil Nadu
611112,Nagapattinam,Tamil Nadu
612001,Thanjavur,Tamil Nadu
612002,Thanjavur,Tamil Nadu
612101,Thanjavur,Tamil Nadu
612102,Thanjavur,Tamil Nadu
612103,Thanjavur,Tamil Nadu
612104,Thanjavur,Tamil Nadu
612105,Thanjavur,Tamil Nadu
612106,Thanjavur,Tamil Nadu
612201,Mayiladuthurai,Tamil Nadu
612201,Nagapattinam,Tamil Nadu
612201,Thanjavur,Tamil Nadu
612201,Thiruvarur,Tamil Nadu
612202,Thanjavur,Tamil Nadu
612203,Mayiladuthurai,Tamil Nadu
612203,Thanjavur,Tamil Nadu
612203,Thiruvarur,Tamil Nadu
612204,Thanjavur,Tamil Nadu
612301,Thanjavur,Tamil Nadu
612302,Thanjavur,Tamil Nadu
612303,Thanjavur,Tamil Nadu
612401,Thanjavur,Tamil Nadu
612402,Thanjavur,Tamil Nadu
612501,Thanjavur,Tamil Nadu
612502,Thanjavur,Tamil Nadu
612503,Thanjavur,Tamil Nadu
612504,Thanjavur,Tamil Nadu
612601,Thiruvarur,Tamil Nadu
612602,Thanjavur,Tamil Nadu
612603,Thiruvarur,Tamil Nadu
612604,Thiruvarur,Tamil Nadu
612605,Thanjavur,Tamil Nadu
612605,Thiruvarur,Tamil Nadu
612610,Thiruvarur,Tamil Nadu
612701,Thiruvarur,Tamil Nadu
612702,Thanjavur,Tamil Nadu
612703,Thanjavur,Tamil Nadu
612801,Thiruvarur,Tamil Nadu
612802,Thanjavur,Tamil Nadu
612802,Thiruvarur,Tamil Nadu
612803,Thiruvarur,Tamil Nadu
612804,Thanjavur,Tamil Nadu
612804,Thiruvarur,Tamil Nadu
612901,Ariyalur,Tamil Nadu
612902,Ariyalur,Tamil Nadu
612903,Ariyalur,Tamil Nadu
612904,Ariyalur,Tamil Nadu
612905,Ariyalur,Tamil Nadu
612906,Kozhikode,Kerala
613001,Thanjavur,Tamil Nadu
613002,Thanjavur,Tamil Nadu
613003,Thanjavur,Tamil Nadu
613004,Thanjavur,Tamil Nadu
613005,Thanjavur,Tamil Nadu
613006,Thanjavur,Tamil Nadu
613007,Thanjavur,Tamil Nadu
613008,Thanjavur,Tamil Nadu
613009,Thanjavur,Tamil Nadu
613010,Thanjavur,Tamil Nadu
613101,Thanjavur,Tamil Nadu
613102,Thanjavur,Tamil Nadu
613103,Thanjavur,Tamil Nadu
613104,Thanjavur,Tamil Nadu
613105,Thanjavur,Tamil Nadu
613201,Thanjavur,Tamil Nadu
613202,Thanjavur,Tamil Nadu
613203,Thanjavur,Tamil Nadu
613204,Thanjavur,Tamil Nadu
613205,Thanjavur,Tamil Nadu
613301,Pudukkottai,Tamil Nadu
613303,Thanjavur,Tamil Nadu
613401,Thanjavur,Tamil Nadu
613402,Thanjavur,Tamil Nadu
613403,Thanjavur,Tamil Nadu
613501,Thanjavur,Tamil Nadu
613502,Thanjavur,Tamil Nadu
613503,Thanjavur,Tamil Nadu
613504,Thanjavur,Tamil Nadu
613601,Thanjavur,Tamil Nadu
613602,Thanjavur,Tamil Nadu
613701,Thiruvarur,Tamil Nadu
613702,Thiruvarur,Tamil Nadu
613703,Thiruvarur,Tamil Nadu
613704,Thiruvarur,Tamil Nadu
613705,Thiruvarur,Tamil Nadu
614001,Thiruvarur,Tamil Nadu
614013,Thiruvarur,Tamil Nadu
614014,Thiruvarur,Tamil Nadu
614015,Thanjavur,Tamil Nadu
614015,Thiruvarur,Tamil Nadu
614016,Thiruvarur,Tamil Nadu
614017,Thanjavur,Tamil Nadu
614017,Thiruvarur,Tamil Nadu
614018,Thiruvarur,Tamil Nadu
614019,Thanjavur,Tamil Nadu
614019,Thiruvarur,Tamil Nadu
614020,Thiruvarur,Tamil Nadu
614101,Thiruvarur,Tamil Nadu
614102,Thiruvarur,Tamil Nadu
614103,Thiruvarur,Tamil Nadu
614201,Thanjavur,Tamil Nadu
614202,Thanjavur,Tamil Nadu
614203,Thanjavur,Tamil Nadu
614204,Thanjavur,Tamil Nadu
614205,Thanjavur,Tamil Nadu
614206,Thanjavur,Tamil Nadu
614207,Thanjavur,Tamil Nadu
614208,Thanjavur,Tamil Nadu
614208,Thiruvarur,Tamil Nadu
614210,Thanjavur,Tamil Nadu
614211,Thanjavur,Tamil Nadu
614301,Thanjavur,Tamil Nadu
614302,Thanjavur,Tamil Nadu
614302,Thiruvarur,Tamil Nadu
614303,Thanjavur,Tamil Nadu
614401,Thanjavur,Tamil Nadu
614402,Thanjavur,Tamil Nadu
614403,Thiruvarur,Tamil Nadu
614404,Thiruvarur,Tamil Nadu
614601,Thanjavur,Tamil Nadu
614602,Thanjavur,Tamil Nadu
614612,Thanjavur,Tamil Nadu
614613,Thanjavur,Tamil Nadu
614614,Thanjavur,Tamil Nadu
614615,Thanjavur,Tamil Nadu
614616,Pudukkottai,Tamil Nadu
614617,Pudukkottai,Tamil Nadu
614618,Pudukkottai,Tamil Nadu
614619,Pudukkottai,Tamil Nadu
614620,Pudukkottai,Tamil Nadu
614621,Pudukkottai,Tamil Nadu
614622,Pudukkottai,Tamil Nadu
614623,Thanjavur,Tamil Nadu
614624,Pudukkottai,Tamil Nadu
614625,Thanjavur,Tamil Nadu
614626,Thanjavur,Tamil Nadu
614628,Thanjavur,Tamil Nadu
614629,Pudukkottai,Tamil Nadu
614630,Pudukkottai,Tamil Nadu
614701,Thanjavur,Tamil Nadu
614702,Thiruvarur,Tamil Nadu
614703,Thiruvarur,Tamil Nadu
614704,Thanjavur,Tamil Nadu
614704,Thiruvarur,Tamil Nadu
614705,Thiruvarur,Tamil Nadu
614706,Thiruvarur,Tamil Nadu
614707,Nagapattinam,Tamil Nadu
614708,Thiruvarur,Tamil Nadu
614710,Thiruvarur,Tamil Nadu
614711,Nagapattinam,Tamil Nadu
614711,Thiruvarur,Tamil Nadu
614712,Nagapattinam,Tamil Nadu
614713,Thiruvarur,Tamil Nadu
614714,Nagapattinam,Tamil Nadu
614715,Thiruvarur,Tamil Nadu
614716,Nagapattinam,Tamil Nadu
614716,Thiruvarur,Tamil Nadu
614717,Thiruvarur,Tamil Nadu
614723,Thanjavur,Tamil Nadu
614738,Thiruvarur,Tamil Nadu
614801,Pudukkottai,Tamil Nadu
614802,Thanjavur,Tamil Nadu
614803,Thanjavur,Tamil Nadu
614804,Thanjavur,Tamil Nadu
614805,Pudukkottai,Tamil Nadu
614806,Nagapattinam,Tamil Nadu
614807,Nagapattinam,Tamil Nadu
614808,Nagapattinam,Tamil Nadu
614809,Nagapattinam,Tamil Nadu
614810,Nagapattinam,Tamil Nadu
614901,Thanjavur,Tamil Nadu
614902,Pudukkottai,Tamil Nadu
614902,Thanjavur,Tamil Nadu
614903,Thanjavur,Tamil Nadu
614903,Thiruvarur,Tamil Nadu
614904,Thanjavur,Tamil Nadu
614905,Thanjavur,Tamil Nadu
614906,Thanjavur,Tamil Nadu
620001,Tiruchirappalli,Tamil Nadu
620002,Tiruchirappalli,Tamil Nadu
620003,Tiruchirappalli,Tamil Nadu
620004,Tiruchirappalli,Tamil Nadu
620005,Tiruchirappalli,Tamil Nadu
620006,Tiruchirappalli,Tamil Nadu
620007,Tiruchirappalli,Tamil Nadu
620008,Tiruchirappalli,Tamil Nadu
620009,Tiruchirappalli,Tamil Nadu
620010,Tiruchirappalli,Tamil Nadu
620011,Tiruchirappalli,Tamil Nadu
620012,Tiruchirappalli,Tamil Nadu
620013,Tiruchirappalli,Tamil Nadu
620014,Tiruchirappalli,Tamil Nadu
620015,Tiruchirappalli,Tamil Nadu
620016,Tiruchirappalli,Tamil Nadu
620017,Tiruchirappalli,Tamil Nadu
620018,Tiruchirappalli,Tamil Nadu
620019,Tiruchirappalli,Tamil Nadu
620020,Tiruchirappalli,Tamil Nadu
620021,Tiruchirappalli,Tamil Nadu
620022,Tiruchirappalli,Tamil Nadu
620023,Tiruchirappalli,Tamil Nadu
620024,Tiruchirappalli,Tamil Nadu
620025,Tiruchirappalli,Tamil Nadu
620026,Tiruchirappalli,Tamil Nadu
620027,Tiruchirappalli,Tamil Nadu
620101,Tiruchirappalli,Tamil Nadu
620102,Tiruchirappalli,Tamil Nadu
621001,Tiruchirappalli,Tamil Nadu
621002,Tiruchirappalli,Tamil Nadu
621003,Tiruchirappalli,Tamil Nadu
621004,Tiruchirappalli,Tamil Nadu
621005,Tiruchirappalli,Tamil Nadu
621006,Tiruchirappalli,Tamil Nadu
621007,Tiruchirappalli,Tamil Nadu
621008,Tiruchirappalli,Tamil Nadu
621009,Tiruchirappalli,Tamil Nadu
621010,Tiruchirappalli,Tamil Nadu
621011,Salem,Tamil Nadu
621011,Tiruchirappalli,Tamil Nadu
621012,Tiruchirappalli,Tamil Nadu
621014,Tiruchirappalli,Tamil Nadu
621101,Perambalur,Tamil Nadu
621102,Perambalur,Tamil Nadu
621103,Perambalur,Tamil Nadu
621104,Perambalur,Tamil Nadu
621104,Tiruchirappalli,Tamil Nadu
621105,Tiruchirappalli,Tamil Nadu
621106,Perambalur,Tamil Nadu
621106,Tiruchirappalli,Tamil Nadu
621107,Perambalur,Tamil Nadu
621108,Perambalur,Tamil Nadu
621109,Perambalur,Tamil Nadu
621109,Tiruchirappalli,Tamil Nadu
621110,Perambalur,Tamil Nadu
621110,Salem,Tamil Nadu
621111,Tiruchirappalli,Tamil Nadu
621112,Tiruchirappalli,Tamil Nadu
621113,Perambalur,Tamil Nadu
621114,Perambalur,Tamil Nadu
621115,Perambalur,Tamil Nadu
621116,Perambalur,Tamil Nadu
621117,Perambalur,Tamil Nadu
621118,Perambalur,Tamil Nadu
621119,Perambalur,Tamil Nadu
621133,Perambalur,Tamil Nadu
621202,Tiruchirappalli,Tamil Nadu
621203,Tiruchirappalli,Tamil Nadu
621204,Tiruchirappalli,Tamil Nadu
621205,Tiruchirappalli,Tamil Nadu
621206,Tiruchirappalli,Tamil Nadu
621207,Tiruchirappalli,Tamil Nadu
621208,Tiruchirappalli,Tamil Nadu
621209,Tiruchirappalli,Tamil Nadu
621210,Tiruchirappalli,Tamil Nadu
621211,Tiruchirappalli,Tamil Nadu
621212,Perambalur,Tamil Nadu
621213,Tiruchirappalli,Tamil Nadu
621214,Tiruchirappalli,Tamil Nadu
621215,Namakkal,Tamil Nadu
621215,Tiruchirappalli,Tamil Nadu
621216,Tiruchirappalli,Tamil Nadu
621217,Tiruchirappalli,Tamil Nadu
621218,Tiruchirappalli,Tamil Nadu
621219,Perambalur,Tamil Nadu
621220,Perambalur,Tamil Nadu
621220,Tiruchirappalli,Tamil Nadu
621301,Karur,Tamil Nadu
621302,Tiruchirappalli,Tamil Nadu
621305,Pudukkottai,Tamil Nadu
621305,Tiruchirappalli,Tamil Nadu
621306,Tiruchirappalli,Tamil Nadu
621307,Tiruchirappalli,Tamil Nadu
621308,Pudukkottai,Tamil Nadu
621308,Sivaganga,Tamil Nadu
621308,Tiruchirappalli,Tamil Nadu
621310,Tiruchirappalli,Tamil Nadu
621311,Karur,Tamil Nadu
621311,Tiruchirappalli,Tamil Nadu
621312,Pudukkottai,Tamil Nadu
621312,Tiruchirappalli,Tamil Nadu
621313,Karur,Tamil Nadu
621314,Tiruchirappalli,Tamil Nadu
621315,Karur,Tamil Nadu
621315,Tiruchirappalli,Tamil Nadu
621316,Pudukkottai,Tamil Nadu
621601,Tiruchirappalli,Tamil Nadu
621651,Ariyalur,Tamil Nadu
621651,Tiruchirappalli,Tamil Nadu
621652,Tiruchirappalli,Tamil Nadu
621653,Ariyalur,Tamil Nadu
621653,Perambalur,Tamil Nadu
621653,Tiruchirappalli,Tamil Nadu
621701,Ariyalur,Tamil Nadu
621702,Tiruchirappalli,Tamil Nadu
621703,Tiruchirappalli,Tamil Nadu
621704,Ariyalur,Tamil Nadu
621705,Ariyalur,Tamil Nadu
621706,Tiruchirappalli,Tamil Nadu
621707,Ariyalur,Tamil Nadu
621708,Perambalur,Tamil Nadu
621709,Ariyalur,Tamil Nadu
621710,Ariyalur,Tamil Nadu
621711,Tiruchirappalli,Tamil Nadu
621712,Tiruchirappalli,Tamil Nadu
621713,Ariyalur,Tamil Nadu
621713,Perambalur,Tamil Nadu
621714,Ariyalur,Tamil Nadu
621715,Ariyalur,Tamil Nadu
621716,Ariyalur,Tamil Nadu
621716,Perambalur,Tamil Nadu
621717,Perambalur,Tamil Nadu
621718,Ariyalur,Tamil Nadu
621719,Ariyalur,Tamil Nadu
621722,Tiruchirappalli,Tamil Nadu
621729,Ariyalur,Tamil Nadu
621730,Ariyalur,Tamil Nadu
621731,Ariyalur,Tamil Nadu
621801,Ariyalur,Tamil Nadu
621802,Ariyalur,Tamil Nadu
621803,Ariyalur,Tamil Nadu
621804,Ariyalur,Tamil Nadu
621805,Ariyalur,Tamil Nadu
621806,Ariyalur,Tamil Nadu
621851,Ariyalur,Tamil Nadu
622001,Pudukkottai,Tamil Nadu
622002,Pudukkottai,Tamil Nadu
622003,Pudukkottai,Tamil Nadu
622004,Pudukkottai,Tamil Nadu
622005,Pudukkottai,Tamil Nadu
622101,Pudukkottai,Tamil Nadu
622102,Pudukkottai,Tamil Nadu
622102,Tiruchirappalli,Tamil Nadu
622103,Pudukkottai,Tamil Nadu
622104,Pudukkottai,Tamil Nadu
622201,Pudukkottai,Tamil Nadu
622202,Pudukkottai,Tamil Nadu
622203,Pudukkottai,Tamil Nadu
622204,Pudukkottai,Tamil Nadu
622209,Pudukkottai,Tamil Nadu
622301,Pudukkottai,Tamil Nadu
622302,Pudukkottai,Tamil Nadu
622303,Pudukkottai,Tamil Nadu
622304,Pudukkottai,Tamil Nadu
622401,Pudukkottai,Tamil Nadu
622402,Pudukkottai,Tamil Nadu
622403,Pudukkottai,Tamil Nadu
622403,Sivaganga,Tamil Nadu
622404,Pudukkottai,Tamil Nadu
622407,Pudukkottai,Tamil Nadu
622409,Pudukkottai,Tamil Nadu
622411,Pudukkottai,Tamil Nadu
622412,Pudukkottai,Tamil Nadu
622422,Pudukkottai,Tamil Nadu
622501,Pudukkottai,Tamil Nadu
622502,Pudukkottai,Tamil Nadu
622503,Pudukkottai,Tamil Nadu
622504,Pudukkottai,Tamil Nadu
622505,Pudukkottai,Tamil Nadu
622506,Pudukkottai,Tamil Nadu
622507,Pudukkottai,Tamil Nadu
622515,Pudukkottai,Tamil Nadu
623115,Ramanathapuram,Tamil Nadu
623120,Ramanathapuram,Tamil Nadu
623135,Ramanathapuram,Tamil Nadu
623308,Ramanathapuram,Tamil Nadu
623315,Ramanathapuram,Tamil Nadu
623401,Ramanathapuram,Tamil Nadu
623402,Ramanathapuram,Tamil Nadu
623403,Ramanathapuram,Tamil Nadu
623404,Ramanathapuram,Tamil Nadu
623406,Ramanathapuram,Tamil Nadu
623407,Ramanathapuram,Tamil Nadu
623409,Ramanathapuram,Tamil Nadu
623501,Ramanathapuram,Tamil Nadu
623502,Ramanathapuram,Tamil Nadu
623503,Ramanathapuram,Tamil Nadu
623504,Ramanathapuram,Tamil Nadu
623512,Ramanathapuram,Tamil Nadu
623513,Ramanathapuram,Tamil Nadu
623514,Ramanathapuram,Tamil Nadu
623515,Ramanathapuram,Tamil Nadu
623516,Ramanathapuram,Tamil Nadu
623517,Ramanathapuram,Tamil Nadu
623518,Ramanathapuram,Tamil Nadu
623519,Ramanathapuram,Tamil Nadu
623520,Ramanathapuram,Tamil Nadu
623521,Ramanathapuram,Tamil Nadu
623522,Ramanathapuram,Tamil Nadu
623523,Ramanathapuram,Tamil Nadu
623524,Ramanathapuram,Tamil Nadu
623525,Ramanathapuram,Tamil Nadu
623526,Ramanathapuram,Tamil Nadu
623527,Ramanathapuram,Tamil Nadu
623528,Ramanathapuram,Tamil Nadu
623529,Ramanathapuram,Tamil Nadu
623530,Ramanathapuram,Tamil Nadu
623531,Ramanathapuram,Tamil Nadu
623532,Ramanathapuram,Tamil Nadu
623533,Ramanathapuram,Tamil Nadu
623534,Ramanathapuram,Tamil Nadu
623536,Ramanathapuram,Tamil Nadu
623537,Ramanathapuram,Tamil Nadu
623538,Ramanathapuram,Tamil Nadu
623566,Ramanathapuram,Tamil Nadu
623601,Ramanathapuram,Tamil Nadu
623603,Ramanathapuram,Tamil Nadu
623604,Ramanathapuram,Tamil Nadu
623605,Ramanathapuram,Tamil Nadu
623608,Ramanathapuram,Tamil Nadu
623701,Ramanathapuram,Tamil Nadu
623703,Ramanathapuram,Tamil Nadu
623704,Ramanathapuram,Tamil Nadu
623705,Ramanathapuram,Tamil Nadu
623706,Ramanathapuram,Tamil Nadu
623707,Ramanathapuram,Tamil Nadu
623708,Ramanathapuram,Tamil Nadu
623711,Ramanathapuram,Tamil Nadu
623712,Ramanathapuram,Tamil Nadu
623806,Ramanathapuram,Tamil Nadu
624001,Dindigul,Tamil Nadu
624002,Dindigul,Tamil Nadu
624003,Dindigul,Tamil Nadu
624004,Dindigul,Tamil Nadu
624005,Dindigul,Tamil Nadu
624101,Dindigul,Tamil Nadu
624103,Dindigul,Tamil Nadu
624201,Dindigul,Tamil Nadu
624202,Dindigul,Tamil Nadu
624204,Dindigul,Tamil Nadu
624206,Dindigul,Tamil Nadu
624208,Dindigul,Tamil Nadu
624210,Dindigul,Tamil Nadu
624211,Dindigul,Tamil Nadu
624212,Dindigul,Tamil Nadu
624215,Dindigul,Tamil Nadu
624216,Dindigul,Tamil Nadu
624219,Dindigul,Tamil Nadu
624220,Dindigul,Tamil Nadu
624301,Dindigul,Tamil Nadu
624302,Dindigul,Tamil Nadu
624303,Dindigul,Tamil Nadu
624304,Dindigul,Tamil Nadu
624306,Dindigul,Tamil Nadu
624307,Dindigul,Tamil Nadu
624308,Dindigul,Tamil Nadu
624401,Dindigul,Tamil Nadu
624402,Dindigul,Tamil Nadu
624403,Dindigul,Tamil Nadu
624601,Dindigul,Tamil Nadu
624610,Dindigul,Tamil Nadu
624612,Dindigul,Tamil Nadu
624613,Dindigul,Tamil Nadu
624614,Dindigul,Tamil Nadu
624615,Dindigul,Tamil Nadu
624616,Dindigul,Tamil Nadu
624617,Dindigul,Tamil Nadu
624618,Dindigul,Tamil Nadu
624619,Dindigul,Tamil Nadu
624620,Dindigul,Tamil Nadu
624621,Dindigul,Tamil Nadu
624622,Dindigul,Tamil Nadu
624701,Dindigul,Tamil Nadu
624702,Dindigul,Tamil Nadu
624703,Dindigul,Tamil Nadu
624704,Dindigul,Tamil Nadu
624705,Dindigul,Tamil Nadu
624706,Dindigul,Tamil Nadu
624707,Dindigul,Tamil Nadu
624708,Dindigul,Tamil Nadu
624709,Dindigul,Tamil Nadu
624710,Dindigul,Tamil Nadu
624711,Dindigul,Tamil Nadu
624712,Dindigul,Tamil Nadu
624801,Dindigul,Tamil Nadu
624802,Dindigul,Tamil Nadu
625001,Madurai,Tamil Nadu
625002,Madurai,Tamil Nadu
625003,Madurai,Tamil Nadu
625004,Madurai,Tamil Nadu
625005,Madurai,Tamil Nadu
625006,Madurai,Tamil Nadu
625007,Madurai,Tamil Nadu
625008,Madurai,Tamil Nadu
625009,Madurai,Tamil Nadu
625011,Madurai,Tamil Nadu
625012,Madurai,Tamil Nadu
625014,Madurai,Tamil Nadu
625015,Madurai,Tamil Nadu
625016,Madurai,Tamil Nadu
625017,Madurai,Tamil Nadu
625018,Madurai,Tamil Nadu
625019,Madurai,Tamil Nadu
625020,Madurai,Tamil Nadu
625021,Madurai,Tamil Nadu
625022,Madurai,Tamil Nadu
625023,Madurai,Tamil Nadu
625101,Madurai,Tamil Nadu
625102,Madurai,Tamil Nadu
625102,Sivaganga,Tamil Nadu
625103,Madurai,Tamil Nadu
625104,Madurai,Tamil Nadu
625105,Madurai,Tamil Nadu
625106,Madurai,Tamil Nadu
625107,Madurai,Tamil Nadu
625108,Madurai,Tamil Nadu
625109,Madurai,Tamil Nadu
625110,Madurai,Tamil Nadu
625122,Madurai,Tamil Nadu
625201,Madurai,Tamil Nadu
625203,Theni,Tamil Nadu
625205,Madurai,Tamil Nadu
625207,Madurai,Tamil Nadu
625214,Madurai,Tamil Nadu
625218,Madurai,Tamil Nadu
625221,Madurai,Tamil Nadu
625234,Madurai,Tamil Nadu
625301,Madurai,Tamil Nadu
625402,Madurai,Tamil Nadu
625501,Madurai,Tamil Nadu
625503,Madurai,Tamil Nadu
625512,Theni,Tamil Nadu
625513,Theni,Tamil Nadu
625514,Madurai,Tamil Nadu
625515,Theni,Tamil Nadu
625516,Theni,Tamil Nadu
625517,Theni,Tamil Nadu
625518,Theni,Tamil Nadu
625520,Theni,Tamil Nadu
625521,Theni,Tamil Nadu
625522,Theni,Tamil Nadu
625523,Theni,Tamil Nadu
625524,Theni,Tamil Nadu
625525,Theni,Tamil Nadu
625526,Theni,Tamil Nadu
625527,Madurai,Tamil Nadu
625528,Theni,Tamil Nadu
625529,Madurai,Tamil Nadu
625530,Theni,Tamil Nadu
625531,Theni,Tamil Nadu
625532,Madurai,Tamil Nadu
625533,Theni,Tamil Nadu
625534,Theni,Tamil Nadu
625535,Madurai,Tamil Nadu
625536,Theni,Tamil Nadu
625537,Madurai,Tamil Nadu
625540,Theni,Tamil Nadu
625552,Theni,Tamil Nadu
625556,Theni,Tamil Nadu
625562,Theni,Tamil Nadu
625579,Theni,Tamil Nadu
625582,Theni,Tamil Nadu
625601,Theni,Tamil Nadu
625602,Theni,Tamil Nadu
625603,Theni,Tamil Nadu
625604,Theni,Tamil Nadu
625605,Theni,Tamil Nadu
625701,Madurai,Tamil Nadu
625702,Madurai,Tamil Nadu
625703,Madurai,Tamil Nadu
625704,Madurai,Tamil Nadu
625705,Madurai,Tamil Nadu
625706,Madurai,Tamil Nadu
625707,Madurai,Tamil Nadu
625708,Madurai,Tamil Nadu
626001,Virudhunagar,Tamil Nadu
626002,Virudhunagar,Tamil Nadu
626003,Virudhunagar,Tamil Nadu
626004,Virudhunagar,Tamil Nadu
626005,Virudhunagar,Tamil Nadu
626101,Virudhunagar,Tamil Nadu
626102,Virudhunagar,Tamil Nadu
626103,Virudhunagar,Tamil Nadu
626104,Virudhunagar,Tamil Nadu
626105,Virudhunagar,Tamil Nadu
626106,Virudhunagar,Tamil Nadu
626107,Virudhunagar,Tamil Nadu
626108,Virudhunagar,Tamil Nadu
626109,Virudhunagar,Tamil Nadu
626110,Virudhunagar,Tamil Nadu
626111,Virudhunagar,Tamil Nadu
626112,Virudhunagar,Tamil Nadu
626113,Virudhunagar,Tamil Nadu
626114,Virudhunagar,Tamil Nadu
626115,Virudhunagar,Tamil Nadu
626116,Virudhunagar,Tamil Nadu
626117,Virudhunagar,Tamil Nadu
626118,Virudhunagar,Tamil Nadu
626119,Virudhunagar,Tamil Nadu
626121,Virudhunagar,Tamil Nadu
626122,Virudhunagar,Tamil Nadu
626123,Virudhunagar,Tamil Nadu
626124,Virudhunagar,Tamil Nadu
626125,Virudhunagar,Tamil Nadu
626126,Virudhunagar,Tamil Nadu
626127,Virudhunagar,Tamil Nadu
626128,Virudhunagar,Tamil Nadu
626129,Virudhunagar,Tamil Nadu
626130,Virudhunagar,Tamil Nadu
626131,Virudhunagar,Tamil Nadu
626132,Virudhunagar,Tamil Nadu
626133,Virudhunagar,Tamil Nadu
626134,Virudhunagar,Tamil Nadu
626135,Virudhunagar,Tamil Nadu
626136,Virudhunagar,Tamil Nadu
626137,Virudhunagar,Tamil Nadu
626138,Virudhunagar,Tamil Nadu
626139,Virudhunagar,Tamil Nadu
626140,Tenkasi,Tamil Nadu
626140,Virudhunagar,Tamil Nadu
626141,Virudhunagar,Tamil Nadu
626142,Virudhunagar,Tamil Nadu
626149,Virudhunagar,Tamil Nadu
626161,Virudhunagar,Tamil Nadu
626188,Virudhunagar,Tamil Nadu
626189,Virudhunagar,Tamil Nadu
626201,Virudhunagar,Tamil Nadu
626202,Tuticorin,Tamil Nadu
626202,Virudhunagar,Tamil Nadu
626203,Virudhunagar,Tamil Nadu
626204,Virudhunagar,Tamil Nadu
626205,Tuticorin,Tamil Nadu
626205,Virudhunagar,Tamil Nadu
626607,Virudhunagar,Tamil Nadu
626612,Virudhunagar,Tamil Nadu
627001,Tirunelveli,Tamil Nadu
627002,Tirunelveli,Tamil Nadu
627003,Tirunelveli,Tamil Nadu
627004,Tirunelveli,Tamil Nadu
627005,Tirunelveli,Tamil Nadu
627006,Tirunelveli,Tamil Nadu
627007,Tirunelveli,Tamil Nadu
627008,Tirunelveli,Tamil Nadu
627009,Tirunelveli,Tamil Nadu
627010,Tirunelveli,Tamil Nadu
627011,Tirunelveli,Tamil Nadu
627012,Tirunelveli,Tamil Nadu
627101,Tirunelveli,Tamil Nadu
627102,Tirunelveli,Tamil Nadu
627103,Tirunelveli,Tamil Nadu
627104,Tirunelveli,Tamil Nadu
627105,Tirunelveli,Tamil Nadu
627106,Tirunelveli,Tamil Nadu
627107,Tirunelveli,Tamil Nadu
627108,Tirunelveli,Tamil Nadu
627109,Tirunelveli,Tamil Nadu
627110,Tirunelveli,Tamil Nadu
627111,Tirunelveli,Tamil Nadu
627112,Tirunelveli,Tamil Nadu
627113,Tirunelveli,Tamil Nadu
627114,Tirunelveli,Tamil Nadu
627115,Tirunelveli,Tamil Nadu
627116,Tirunelveli,Tamil Nadu
627117,Tirunelveli,Tamil Nadu
627118,Tirunelveli,Tamil Nadu
627119,Tirunelveli,Tamil Nadu
627120,Tirunelveli,Tamil Nadu
627127,Tirunelveli,Tamil Nadu
627133,Tirunelveli,Tamil Nadu
627151,Tirunelveli,Tamil Nadu
627152,Tirunelveli,Tamil Nadu
627201,Tirunelveli,Tamil Nadu
627202,Tenkasi,Tamil Nadu
627202,Tirunelveli,Tamil Nadu
627351,Tirunelveli,Tamil Nadu
627352,Tirunelveli,Tamil Nadu
627352,Tuticorin,Tamil Nadu
627353,Tirunelveli,Tamil Nadu
627354,Tirunelveli,Tamil Nadu
627355,Tirunelveli,Tamil Nadu
627356,Tirunelveli,Tamil Nadu
627357,Tirunelveli,Tamil Nadu
627358,Tirunelveli,Tamil Nadu
627359,Tirunelveli,Tamil Nadu
627401,Tirunelveli,Tamil Nadu
627412,Tenkasi,Tamil Nadu
627413,Tenkasi,Tamil Nadu
627413,Tirunelveli,Tamil Nadu
627414,Tirunelveli,Tamil Nadu
627415,Tenkasi,Tamil Nadu
627416,Tirunelveli,Tamil Nadu
627417,Tirunelveli,Tamil Nadu
627418,Tenkasi,Tamil Nadu
627418,Tirunelveli,Tamil Nadu
627420,Tirunelveli,Tamil Nadu
627421,Tirunelveli,Tamil Nadu
627422,Tirunelveli,Tamil Nadu
627423,Tenkasi,Tamil Nadu
627424,Tenkasi,Tamil Nadu
627425,Tirunelveli,Tamil Nadu
627426,Tirunelveli,Tamil Nadu
627427,Tirunelveli,Tamil Nadu
627428,Tirunelveli,Tamil Nadu
627451,Tirunelveli,Tamil Nadu
627452,Tirunelveli,Tamil Nadu
627453,Tirunelveli,Tamil Nadu
627501,Tirunelveli,Tamil Nadu
627502,Tirunelveli,Tamil Nadu
627601,Tirunelveli,Tamil Nadu
627602,Tenkasi,Tamil Nadu
627602,Tirunelveli,Tamil Nadu
627603,Tirunelveli,Tamil Nadu
627604,Tirunelveli,Tamil Nadu
627651,Tirunelveli,Tamil Nadu
627652,Tirunelveli,Tamil Nadu
627654,Tirunelveli,Tamil Nadu
627657,Tirunelveli,Tamil Nadu
627713,Tenkasi,Tamil Nadu
627713,Virudhunagar,Tamil Nadu
627719,Tenkasi,Tamil Nadu
627751,Tenkasi,Tamil Nadu
627753,Tenkasi,Tamil Nadu
627754,Tenkasi,Tamil Nadu
627755,Tenkasi,Tamil Nadu
627756,Tenkasi,Tamil Nadu
627757,Tenkasi,Tamil Nadu
627758,Tenkasi,Tamil Nadu
627759,Tenkasi,Tamil Nadu
627760,Tenkasi,Tamil Nadu
627761,Tenkasi,Tamil Nadu
627764,Tenkasi,Tamil Nadu
627802,Tenkasi,Tamil Nadu
627803,Tenkasi,Tamil Nadu
627804,Tenkasi,Tamil Nadu
627805,Tenkasi,Tamil Nadu
627806,Tenkasi,Tamil Nadu
627807,Tenkasi,Tamil Nadu
627808,Tenkasi,Tamil Nadu
627809,Tenkasi,Tamil Nadu
627811,Tenkasi,Tamil Nadu
627812,Tenkasi,Tamil Nadu
627813,Tenkasi,Tamil Nadu
627814,Tenkasi,Tamil Nadu
627818,Tenkasi,Tamil Nadu
627851,Tenkasi,Tamil Nadu
627851,Tirunelveli,Tamil Nadu
627852,Tenkasi,Tamil Nadu
627853,Tenkasi,Tamil Nadu
627854,Tenkasi,Tamil Nadu
627855,Tenkasi,Tamil Nadu
627856,Tenkasi,Tamil Nadu
627857,Tenkasi,Tamil Nadu
627858,Tenkasi,Tamil Nadu
627859,Tenkasi,Tamil Nadu
627860,Tenkasi,Tamil Nadu
627861,Tenkasi,Tamil Nadu
627862,Tenkasi,Tamil Nadu
627951,Tenkasi,Tamil Nadu
627951,Tirunelveli,Tamil Nadu
627953,Tenkasi,Tamil Nadu
627953,Tirunelveli,Tamil Nadu
628001,Tuticorin,Tamil Nadu
628002,Tuticorin,Tamil Nadu
628003,Tuticorin,Tamil Nadu
628004,Tuticorin,Tamil Nadu
628005,Tuticorin,Tamil Nadu
628006,Tuticorin,Tamil Nadu
628007,Tuticorin,Tamil Nadu
628008,Tuticorin,Tamil Nadu
628101,Tuticorin,Tamil Nadu
628102,Tuticorin,Tamil Nadu
628103,Tuticorin,Tamil Nadu
628104,Tuticorin,Tamil Nadu
628105,Tuticorin,Tamil Nadu
628151,Tuticorin,Tamil Nadu
628152,Tuticorin,Tamil Nadu
628155,Tuticorin,Tamil Nadu
628201,Tuticorin,Tamil Nadu
628202,Tuticorin,Tamil Nadu
628203,Tuticorin,Tamil Nadu
628204,Tuticorin,Tamil Nadu
628205,Tuticorin,Tamil Nadu
628206,Tuticorin,Tamil Nadu
628207,Tuticorin,Tamil Nadu
628208,Tuticorin,Tamil Nadu
628209,Tuticorin,Tamil Nadu
628210,Tuticorin,Tamil Nadu
628211,Tuticorin,Tamil Nadu
628212,Tuticorin,Tamil Nadu
628213,Tuticorin,Tamil Nadu
628215,Tuticorin,Tamil Nadu
628216,Tuticorin,Tamil Nadu
628217,Tuticorin,Tamil Nadu
628218,Tuticorin,Tamil Nadu
628219,Tuticorin,Tamil Nadu
628229,Tuticorin,Tamil Nadu
628251,Tuticorin,Tamil Nadu
628252,Tuticorin,Tamil Nadu
628301,Tuticorin,Tamil Nadu
628302,Tuticorin,Tamil Nadu
628303,Tuticorin,Tamil Nadu
628304,Tuticorin,Tamil Nadu
628401,Tuticorin,Tamil Nadu
628402,Tuticorin,Tamil Nadu
628501,Tuticorin,Tamil Nadu
628502,Tuticorin,Tamil Nadu
628503,Tuticorin,Tamil Nadu
628552,Tenkasi,Tamil Nadu
628552,Tirunelveli,Tamil Nadu
628552,Tuticorin,Tamil Nadu
628601,Tuticorin,Tamil Nadu
628612,Tuticorin,Tamil Nadu
628613,Tuticorin,Tamil Nadu
628614,Tuticorin,Tamil Nadu
628615,Tuticorin,Tamil Nadu
628616,Tuticorin,Tamil Nadu
628617,Tuticorin,Tamil Nadu
628618,Tuticorin,Tamil Nadu
628619,Tuticorin,Tamil Nadu
628620,Tuticorin,Tamil Nadu
628621,Tuticorin,Tamil Nadu
628622,Tuticorin,Tamil Nadu
628623,Tuticorin,Tamil Nadu
628653,Tuticorin,Tamil Nadu
628656,Tuticorin,Tamil Nadu
628701,Tuticorin,Tamil Nadu
628702,Tuticorin,Tamil Nadu
628703,Tuticorin,Tamil Nadu
628704,Tuticorin,Tamil Nadu
628712,Tuticorin,Tamil Nadu
628714,Tuticorin,Tamil Nadu
628716,Tuticorin,Tamil Nadu
628718,Tuticorin,Tamil Nadu
628720,Tuticorin,Tamil Nadu
628721,Tuticorin,Tamil Nadu
628722,Tuticorin,Tamil Nadu
628751,Tuticorin,Tamil Nadu
628752,Tuticorin,Tamil Nadu
628753,Tuticorin,Tamil Nadu
628801,Tuticorin,Tamil Nadu
628802,Tuticorin,Tamil Nadu
628809,Tuticorin,Tamil Nadu
628851,Tuticorin,Tamil Nadu
628901,Tuticorin,Tamil Nadu
628902,Tuticorin,Tamil Nadu
628903,Tuticorin,Tamil Nadu
628904,Tuticorin,Tamil Nadu
628905,Tuticorin,Tamil Nadu
628906,Tuticorin,Tamil Nadu
628907,Tuticorin,Tamil Nadu
628908,Tuticorin,Tamil Nadu
628952,Tuticorin,Tamil Nadu
629001,Kanniyakumari,Tamil Nadu
629002,Kanniyakumari,Tamil Nadu
629003,Kanniyakumari,Tamil Nadu
629004,Kanniyakumari,Tamil Nadu
629101,Kanniyakumari,Tamil Nadu
629102,Kanniyakumari,Tamil Nadu
629151,Kanniyakumari,Tamil Nadu
629152,Kanniyakumari,Tamil Nadu
629153,Kanniyakumari,Tamil Nadu
629154,Kanniyakumari,Tamil Nadu
629155,Kanniyakumari,Tamil Nadu
629156,Kanniyakumari,Tamil Nadu
629157,Kanniyakumari,Tamil Nadu
629158,Kanniyakumari,Tamil Nadu
629159,Kanniyakumari,Tamil Nadu
629160,Kanniyakumari,Tamil Nadu
629161,Kanniyakumari,Tamil Nadu
629162,Kanniyakumari,Tamil Nadu
629163,Kanniyakumari,Tamil Nadu
629164,Kanniyakumari,Tamil Nadu
629165,Kanniyakumari,Tamil Nadu
629166,Kanniyakumari,Tamil Nadu
629167,Kanniyakumari,Tamil Nadu
629168,Kanniyakumari,Tamil Nadu
629169,Kanniyakumari,Tamil Nadu
629170,Kanniyakumari,Tamil Nadu
629171,Kanniyakumari,Tamil Nadu
629172,Kanniyakumari,Tamil Nadu
629173,Kanniyakumari,Tamil Nadu
629174,Kanniyakumari,Tamil Nadu
629175,Kanniyakumari,Tamil Nadu
629176,Kanniyakumari,Tamil Nadu
629177,Kanniyakumari,Tamil Nadu
629178,Kanniyakumari,Tamil Nadu
629179,Kanniyakumari,Tamil Nadu
629180,Kanniyakumari,Tamil Nadu
629193,Kanniyakumari,Tamil Nadu
629201,Kanniyakumari,Tamil Nadu
629202,Kanniyakumari,Tamil Nadu
629203,Kanniyakumari,Tamil Nadu
629204,Kanniyakumari,Tamil Nadu
629251,Kanniyakumari,Tamil Nadu
629252,Kanniyakumari,Tamil Nadu
629301,Kanniyakumari,Tamil Nadu
629302,Kanniyakumari,Tamil Nadu
629401,Kanniyakumari,Tamil Nadu
629402,Kanniyakumari,Tamil Nadu
629403,Kanniyakumari,Tamil Nadu
629501,Kanniyakumari,Tamil Nadu
629502,Kanniyakumari,Tamil Nadu
629601,Kanniyakumari,Tamil Nadu
629602,Kanniyakumari,Tamil Nadu
629701,Kanniyakumari,Tamil Nadu
629702,Kanniyakumari,Tamil Nadu
629703,Kanniyakumari,Tamil Nadu
629704,Kanniyakumari,Tamil Nadu
629801,Kanniyakumari,Tamil Nadu
629802,Kanniyakumari,Tamil Nadu
629803,Kanniyakumari,Tamil Nadu
629804,Kanniyakumari,Tamil Nadu
629809,Kanniyakumari,Tamil Nadu
629810,Kanniyakumari,Tamil Nadu
629851,Kanniyakumari,Tamil Nadu
629852,Kanniyakumari,Tamil Nadu
629901,Kanniyakumari,Tamil Nadu
630001,Sivaganga,Tamil Nadu
630002,Sivaganga,Tamil Nadu
630003,Sivaganga,Tamil Nadu
630005,Sivaganga,Tamil Nadu
630101,Sivaganga,Tamil Nadu
630102,Sivaganga,Tamil Nadu
630103,Sivaganga,Tamil Nadu
630104,Sivaganga,Tamil Nadu
630105,Sivaganga,Tamil Nadu
630106,Sivaganga,Tamil Nadu
630107,Sivaganga,Tamil Nadu
630108,Sivaganga,Tamil Nadu
630201,Sivaganga,Tamil Nadu
630202,Sivaganga,Tamil Nadu
630203,Sivaganga,Tamil Nadu
630204,Sivaganga,Tamil Nadu
630205,Sivaganga,Tamil Nadu
630206,Sivaganga,Tamil Nadu
630207,Sivaganga,Tamil Nadu
630208,Sivaganga,Tamil Nadu
630210,Sivaganga,Tamil Nadu
630211,Sivaganga,Tamil Nadu
630212,Sivaganga,Tamil Nadu
630301,Sivaganga,Tamil Nadu
630302,Sivaganga,Tamil Nadu
630303,Sivaganga,Tamil Nadu
630305,Sivaganga,Tamil Nadu
630306,Sivaganga,Tamil Nadu
630307,Sivaganga,Tamil Nadu
630309,Sivaganga,Tamil Nadu
630311,Sivaganga,Tamil Nadu
630312,Sivaganga,Tamil Nadu
630313,Sivaganga,Tamil Nadu
630314,Sivaganga,Tamil Nadu
630321,Sivaganga,Tamil Nadu
630405,Sivaganga,Tamil Nadu
630408,Sivaganga,Tamil Nadu
630410,Sivaganga,Tamil Nadu
630411,Sivaganga,Tamil Nadu
630501,Sivaganga,Tamil Nadu
630502,Sivaganga,Tamil Nadu
630551,Sivaganga,Tamil Nadu
630552,Sivaganga,Tamil Nadu
630553,Sivaganga,Tamil Nadu
630554,Sivaganga,Tamil Nadu
630555,Sivaganga,Tamil Nadu
630556,Sivaganga,Tamil Nadu
630557,Sivaganga,Tamil Nadu
630558,Sivaganga,Tamil Nadu
630559,Sivaganga,Tamil Nadu
630561,Sivaganga,Tamil Nadu
630562,Sivaganga,Tamil Nadu
630566,Sivaganga,Tamil Nadu
630602,Sivaganga,Tamil Nadu
630606,Sivaganga,Tamil Nadu
630609,Sivaganga,Tamil Nadu
630610,Sivaganga,Tamil Nadu
630610,Virudhunagar,Tamil Nadu
630611,Sivaganga,Tamil Nadu
630611,Virudhunagar,Tamil Nadu
630612,Sivaganga,Tamil Nadu
630702,Sivaganga,Tamil Nadu
630709,Sivaganga,Tamil Nadu
630710,Sivaganga,Tamil Nadu
630713,Sivaganga,Tamil Nadu
631001,Ranipet,Tamil Nadu
631002,Ranipet,Tamil Nadu
631003,Ranipet,Tamil Nadu
631004,Ranipet,Tamil Nadu
631005,Ranipet,Tamil Nadu
631006,Ranipet,Tamil Nadu
631051,Ranipet,Tamil Nadu
631052,Ranipet,Tamil Nadu
631101,Ranipet,Tamil Nadu
631102,Ranipet,Tamil Nadu
631151,Ranipet,Tamil Nadu
631152,Ranipet,Tamil Nadu
631201,Thiruvallur,Tamil Nadu
631202,Thiruvallur,Tamil Nadu
631203,Thiruvallur,Tamil Nadu
631204,Thiruvallur,Tamil Nadu
631205,Thiruvallur,Tamil Nadu
631206,Thiruvallur,Tamil Nadu
631207,Thiruvallur,Tamil Nadu
631208,Thiruvallur,Tamil Nadu
631209,Thiruvallur,Tamil Nadu
631210,Thiruvallur,Tamil Nadu
631211,Thiruvallur,Tamil Nadu
631212,Thiruvallur,Tamil Nadu
631213,Thiruvallur,Tamil Nadu
631301,Thiruvallur,Tamil Nadu
631302,Thiruvallur,Tamil Nadu
631303,Thiruvallur,Tamil Nadu
631304,Thiruvallur,Tamil Nadu
631402,Thiruvallur,Tamil Nadu
631501,Kanchipuram,Tamil Nadu
631502,Kanchipuram,Tamil Nadu
631551,Kanchipuram,Tamil Nadu
631552,Kanchipuram,Tamil Nadu
631553,Kanchipuram,Tamil Nadu
631561,Kanchipuram,Tamil Nadu
631601,Kanchipuram,Tamil Nadu
631603,Kanchipuram,Tamil Nadu
631604,Kanchipuram,Tamil Nadu
631605,Kanchipuram,Tamil Nadu
631606,Kanchipuram,Tamil Nadu
631701,Tiruvannamalai,Tamil Nadu
631702,Tiruvannamalai,Tamil Nadu
632001,Vellore,Tamil Nadu
632002,Vellore,Tamil Nadu
632004,Vellore,Tamil Nadu
632006,Vellore,Tamil Nadu
632007,Vellore,Tamil Nadu
632008,Vellore,Tamil Nadu
632009,Vellore,Tamil Nadu
632010,Vellore,Tamil Nadu
632011,Vellore,Tamil Nadu
632012,Vellore,Tamil Nadu
632013,Vellore,Tamil Nadu
632014,Vellore,Tamil Nadu
632055,Vellore,Tamil Nadu
632057,Vellore,Tamil Nadu
632058,Vellore,Tamil Nadu
632059,Vellore,Tamil Nadu
632101,Vellore,Tamil Nadu
632102,Tiruvannamalai,Tamil Nadu
632102,Vellore,Tamil Nadu
632103,Tiruvannamalai,Tamil Nadu
632103,Vellore,Tamil Nadu
632104,Vellore,Tamil Nadu
632105,Vellore,Tamil Nadu
632106,Vellore,Tamil Nadu
632107,Vellore,Tamil Nadu
632113,Vellore,Tamil Nadu
632114,Vellore,Tamil Nadu
632115,Vellore,Tamil Nadu
632201,Vellore,Tamil Nadu
632202,Vellore,Tamil Nadu
632203,Vellore,Tamil Nadu
632204,Vellore,Tamil Nadu
632209,Vellore,Tamil Nadu
632301,Tiruvannamalai,Tamil Nadu
632311,Tiruvannamalai,Tamil Nadu
632312,Tiruvannamalai,Tamil Nadu
632312,Vellore,Tamil Nadu
632313,Tiruvannamalai,Tamil Nadu
632314,Tiruvannamalai,Tamil Nadu
632315,Tiruvannamalai,Tamil Nadu
632316,Tiruvannamalai,Tamil Nadu
632317,Tiruvannamalai,Tamil Nadu
632318,Ranipet,Tamil Nadu
632319,Vellore,Tamil Nadu
632326,Tiruvannamalai,Tamil Nadu
632401,Ranipet,Tamil Nadu
632403,Ranipet,Tamil Nadu
632404,Ranipet,Tamil Nadu
632405,Ranipet,Tamil Nadu
632406,Ranipet,Tamil Nadu
632501,Ranipet,Tamil Nadu
632502,Ranipet,Tamil Nadu
632503,Ranipet,Tamil Nadu
632504,Ranipet,Tamil Nadu
632505,Ranipet,Tamil Nadu
632506,Ranipet,Tamil Nadu
632506,Vellore,Tamil Nadu
632507,Ranipet,Tamil Nadu
632507,Tiruvannamalai,Tamil Nadu
632508,Ranipet,Tamil Nadu
632509,Ranipet,Tamil Nadu
632510,Ranipet,Tamil Nadu
632511,Ranipet,Tamil Nadu
632511,Tiruvannamalai,Tamil Nadu
632512,Ranipet,Tamil Nadu
632512,Tiruvannamalai,Tamil Nadu
632513,Ranipet,Tamil Nadu
632514,Ranipet,Tamil Nadu
632514,Vellore,Tamil Nadu
632515,Ranipet,Tamil Nadu
632515,Vellore,Tamil Nadu
632516,Ranipet,Tamil Nadu
632516,Vellore,Tamil Nadu
632517,Ranipet,Tamil Nadu
632518,Ranipet,Tamil Nadu
632518,Tiruvannamalai,Tamil Nadu
632519,Vellore,Tamil Nadu
632520,Ranipet,Tamil Nadu
632520,Vellore,Tamil Nadu
632521,Ranipet,Tamil Nadu
632531,Ranipet,Tamil Nadu
632601,Vellore,Tamil Nadu
632602,Vellore,Tamil Nadu
632603,Vellore,Tamil Nadu
632604,Vellore,Tamil Nadu
635001,Krishnagiri,Tamil Nadu
635002,Krishnagiri,Tamil Nadu
635101,Krishnagiri,Tamil Nadu
635102,Krishnagiri,Tamil Nadu
635103,Krishnagiri,Tamil Nadu
635104,Krishnagiri,Tamil Nadu
635105,Krishnagiri,Tamil Nadu
635106,Dharmapuri,Tamil Nadu
635106,Krishnagiri,Tamil Nadu
635107,Krishnagiri,Tamil Nadu
635108,Krishnagiri,Tamil Nadu
635109,Krishnagiri,Tamil Nadu
635110,Krishnagiri,Tamil Nadu
635111,Dharmapuri,Tamil Nadu
635112,Krishnagiri,Tamil Nadu
635113,Krishnagiri,Tamil Nadu
635114,Krishnagiri,Tamil Nadu
635115,Krishnagiri,Tamil Nadu
635116,Dharmapuri,Tamil Nadu
635116,Krishnagiri,Tamil Nadu
635117,Krishnagiri,Tamil Nadu
635118,Krishnagiri,Tamil Nadu
635119,Krishnagiri,Tamil Nadu
635120,Krishnagiri,Tamil Nadu
635121,Krishnagiri,Tamil Nadu
635122,Krishnagiri,Tamil Nadu
635123,Dharmapuri,Tamil Nadu
635123,Krishnagiri,Tamil Nadu
635124,Krishnagiri,Tamil Nadu
635126,Krishnagiri,Tamil Nadu
635130,Krishnagiri,Tamil Nadu
635201,Dharmapuri,Tamil Nadu
635201,Krishnagiri,Tamil Nadu
635202,Dharmapuri,Tamil Nadu
635203,Krishnagiri,Tamil Nadu
635204,Krishnagiri,Tamil Nadu
635205,Dharmapuri,Tamil Nadu
635206,Krishnagiri,Tamil Nadu
635207,Krishnagiri,Tamil Nadu
635301,Dharmapuri,Tamil Nadu
635302,Dharmapuri,Tamil Nadu
635303,Dharmapuri,Tamil Nadu
635304,Dharmapuri,Tamil Nadu
635304,Krishnagiri,Tamil Nadu
635305,Dharmapuri,Tamil Nadu
635306,Krishnagiri,Tamil Nadu
635307,Krishnagiri,Tamil Nadu
635601,Tirupathur,Tamil Nadu
635602,Tirupathur,Tamil Nadu
635651,Tirupathur,Tamil Nadu
635652,Tirupathur,Tamil Nadu
635653,Tirupathur,Tamil Nadu
635654,Tirupathur,Tamil Nadu
635655,Tirupathur,Tamil Nadu
635701,Tirupathur,Tamil Nadu
635702,Tirupathur,Tamil Nadu
635703,Tiruvannamalai,Tamil Nadu
635710,Tirupathur,Tamil Nadu
635751,Tirupathur,Tamil Nadu
635752,Tirupathur,Tamil Nadu
635754,Tirupathur,Tamil Nadu
635801,Tirupathur,Tamil Nadu
635802,Tirupathur,Tamil Nadu
635803,Vellore,Tamil Nadu
635804,Tirupathur,Tamil Nadu
635804,Vellore,Tamil Nadu
635805,Vellore,Tamil Nadu
635806,Vellore,Tamil Nadu
635807,Tirupathur,Tamil Nadu
635808,Tirupathur,Tamil Nadu
635808,Vellore,Tamil Nadu
635809,Vellore,Tamil Nadu
635810,Vellore,Tamil Nadu
635811,Tirupathur,Tamil Nadu
635812,Tirupathur,Tamil Nadu
635813,Vellore,Tamil Nadu
635814,Tirupathur,Tamil Nadu
635815,Tirupathur,Tamil Nadu
635851,Tirupathur,Tamil Nadu
635852,Tirupathur,Tamil Nadu
635853,Tirupathur,Tamil Nadu
635854,Tirupathur,Tamil Nadu
635901,Tirupathur,Tamil Nadu
636001,Salem,Tamil Nadu
636002,Salem,Tamil Nadu
636003,Salem,Tamil Nadu
636004,Salem,Tamil Nadu
636005,Salem,Tamil Nadu
636006,Salem,Tamil Nadu
636007,Salem,Tamil Nadu
636008,Salem,Tamil Nadu
636009,Salem,Tamil Nadu
636010,Salem,Tamil Nadu
636011,Salem,Tamil Nadu
636012,Salem,Tamil Nadu
636013,Salem,Tamil Nadu
636014,Salem,Tamil Nadu
636015,Salem,Tamil Nadu
636016,Salem,Tamil Nadu
636017,Salem,Tamil Nadu
636030,Salem,Tamil Nadu
636101,Salem,Tamil Nadu
636102,Salem,Tamil Nadu
636103,Salem,Tamil Nadu
636104,Salem,Tamil Nadu
636105,Salem,Tamil Nadu
636106,Salem,Tamil Nadu
636107,Salem,Tamil Nadu
636108,Salem,Tamil Nadu
636109,Salem,Tamil Nadu
636110,Salem,Tamil Nadu
636111,Salem,Tamil Nadu
636112,Salem,Tamil Nadu
636113,Namakkal,Tamil Nadu
636113,Salem,Tamil Nadu
636114,Dharmapuri,Tamil Nadu
636114,Salem,Tamil Nadu
636115,Salem,Tamil Nadu
636116,Salem,Tamil Nadu
636117,Salem,Tamil Nadu
636118,Namakkal,Tamil Nadu
636118,Salem,Tamil Nadu
636119,Salem,Tamil Nadu
636121,Salem,Tamil Nadu
636122,Salem,Tamil Nadu
636138,Salem,Tamil Nadu
636139,Salem,Tamil Nadu
636140,Salem,Tamil Nadu
636141,Salem,Tamil Nadu
636142,Namakkal,Tamil Nadu
636201,Salem,Tamil Nadu
636202,Namakkal,Tamil Nadu
636203,Namakkal,Tamil Nadu
636203,Salem,Tamil Nadu
636204,Salem,Tamil Nadu
636301,Namakkal,Tamil Nadu
636302,Salem,Tamil Nadu
636303,Salem,Tamil Nadu
636304,Salem,Tamil Nadu
636305,Salem,Tamil Nadu
636306,Salem,Tamil Nadu
636307,Salem,Tamil Nadu
636308,Salem,Tamil Nadu
636309,Salem,Tamil Nadu
636351,Salem,Tamil Nadu
636352,Dharmapuri,Tamil Nadu
636354,Salem,Tamil Nadu
636401,Salem,Tamil Nadu
636402,Salem,Tamil Nadu
636403,Salem,Tamil Nadu
636404,Salem,Tamil Nadu
636406,Salem,Tamil Nadu
636451,Salem,Tamil Nadu
636452,Salem,Tamil Nadu
636453,Salem,Tamil Nadu
636454,Salem,Tamil Nadu
636455,Salem,Tamil Nadu
636456,Salem,Tamil Nadu
636457,Salem,Tamil Nadu
636458,Salem,Tamil Nadu
636501,Salem,Tamil Nadu
636502,Salem,Tamil Nadu
636503,Salem,Tamil Nadu
636601,Salem,Tamil Nadu
636602,Salem,Tamil Nadu
636701,Dharmapuri,Tamil Nadu
636704,Dharmapuri,Tamil Nadu
636705,Dharmapuri,Tamil Nadu
636803,Dharmapuri,Tamil Nadu
636804,Dharmapuri,Tamil Nadu
636805,Dharmapuri,Tamil Nadu
636806,Dharmapuri,Tamil Nadu
636806,Krishnagiri,Tamil Nadu
636807,Dharmapuri,Tamil Nadu
636808,Dharmapuri,Tamil Nadu
636809,Dharmapuri,Tamil Nadu
636810,Dharmapuri,Tamil Nadu
636811,Dharmapuri,Tamil Nadu
636812,Krishnagiri,Tamil Nadu
636813,Dharmapuri,Tamil Nadu
636902,Dharmapuri,Tamil Nadu
636902,Krishnagiri,Tamil Nadu
636903,Dharmapuri,Tamil Nadu
636904,Dharmapuri,Tamil Nadu
636905,Dharmapuri,Tamil Nadu
636906,Dharmapuri,Tamil Nadu
636907,Dharmapuri,Tamil Nadu
637001,Namakkal,Tamil Nadu
637002,Namakkal,Tamil Nadu
637003,Namakkal,Tamil Nadu
637013,Namakkal,Tamil Nadu
637014,Namakkal,Tamil Nadu
637015,Namakkal,Tamil Nadu
637017,Namakkal,Tamil Nadu
637018,Namakkal,Tamil Nadu
637019,Namakkal,Tamil Nadu
637020,Namakkal,Tamil Nadu
637021,Namakkal,Tamil Nadu
637101,Salem,Tamil Nadu
637102,Salem,Tamil Nadu
637103,Salem,Tamil Nadu
637104,Salem,Tamil Nadu
637105,Salem,Tamil Nadu
637107,Salem,Tamil Nadu
637201,Namakkal,Tamil Nadu
637202,Namakkal,Tamil Nadu
637203,Namakkal,Tamil Nadu
637204,Namakkal,Tamil Nadu
637205,Namakkal,Tamil Nadu
637206,Namakkal,Tamil Nadu
637207,Namakkal,Tamil Nadu
637208,Namakkal,Tamil Nadu
637209,Namakkal,Tamil Nadu
637210,Namakkal,Tamil Nadu
637211,Namakkal,Tamil Nadu
637212,Namakkal,Tamil Nadu
637213,Namakkal,Tamil Nadu
637214,Namakkal,Tamil Nadu
637215,Namakkal,Tamil Nadu
637216,Namakkal,Tamil Nadu
637301,Salem,Tamil Nadu
637302,Namakkal,Tamil Nadu
637302,Salem,Tamil Nadu
637303,Namakkal,Tamil Nadu
637303,Salem,Tamil Nadu
637304,Namakkal,Tamil Nadu
637304,Salem,Tamil Nadu
637401,Namakkal,Tamil Nadu
637402,Namakkal,Tamil Nadu
637403,Namakkal,Tamil Nadu
637404,Namakkal,Tamil Nadu
637405,Namakkal,Tamil Nadu
637406,Namakkal,Tamil Nadu
637407,Namakkal,Tamil Nadu
637408,Namakkal,Tamil Nadu
637409,Namakkal,Tamil Nadu
637410,Namakkal,Tamil Nadu
637411,Namakkal,Tamil Nadu
637412,Namakkal,Tamil Nadu
637415,Namakkal,Tamil Nadu
637501,Namakkal,Tamil Nadu
637501,Salem,Tamil Nadu
637502,Salem,Tamil Nadu
637503,Namakkal,Tamil Nadu
637504,Salem,Tamil Nadu
637505,Namakkal,Tamil Nadu
638001,Erode,Tamil Nadu
638002,Erode,Tamil Nadu
638003,Erode,Tamil Nadu
638004,Erode,Tamil Nadu
638005,Erode,Tamil Nadu
638006,Namakkal,Tamil Nadu
638007,Namakkal,Tamil Nadu
638008,Namakkal,Tamil Nadu
638009,Erode,Tamil Nadu
638010,Namakkal,Tamil Nadu
638011,Erode,Tamil Nadu
638012,Erode,Tamil Nadu
638051,Erode,Tamil Nadu
638051,Tiruppur,Tamil Nadu
638052,Erode,Tamil Nadu
638053,Erode,Tamil Nadu
638054,Erode,Tamil Nadu
638055,Erode,Tamil Nadu
638056,Erode,Tamil Nadu
638056,Tiruppur,Tamil Nadu
638057,Erode,Tamil Nadu
638060,Erode,Tamil Nadu
638101,Erode,Tamil Nadu
638102,Erode,Tamil Nadu
638103,Tiruppur,Tamil Nadu
638104,Erode,Tamil Nadu
638105,Tiruppur,Tamil Nadu
638106,Tiruppur,Tamil Nadu
638107,Erode,Tamil Nadu
638108,Erode,Tamil Nadu
638108,Tiruppur,Tamil Nadu
638109,Erode,Tamil Nadu
638110,Erode,Tamil Nadu
638110,Tiruppur,Tamil Nadu
638111,Tiruppur,Tamil Nadu
638112,Erode,Tamil Nadu
638115,Erode,Tamil Nadu
638116,Erode,Tamil Nadu
638151,Erode,Tamil Nadu
638151,Karur,Tamil Nadu
638152,Erode,Tamil Nadu
638153,Erode,Tamil Nadu
638154,Erode,Tamil Nadu
638181,Namakkal,Tamil Nadu
638182,Namakkal,Tamil Nadu
638183,Namakkal,Tamil Nadu
638183,Salem,Tamil Nadu
638301,Erode,Tamil Nadu
638311,Erode,Tamil Nadu
638312,Erode,Tamil Nadu
638313,Erode,Tamil Nadu
638314,Erode,Tamil Nadu
638315,Erode,Tamil Nadu
638316,Erode,Tamil Nadu
638401,Erode,Tamil Nadu
638402,Erode,Tamil Nadu
638451,Erode,Tamil Nadu
638451,The Nilgiris,Tamil Nadu
638452,Erode,Tamil Nadu
638453,Erode,Tamil Nadu
638454,Erode,Tamil Nadu
638455,Erode,Tamil Nadu
638456,Erode,Tamil Nadu
638457,Erode,Tamil Nadu
638458,Erode,Tamil Nadu
638458,Tiruppur,Tamil Nadu
638459,Coimbatore,Tamil Nadu
638459,Erode,Tamil Nadu
638459,Tiruppur,Tamil Nadu
638460,Erode,Tamil Nadu
638460,Tiruppur,Tamil Nadu
638461,Erode,Tamil Nadu
638462,Erode,Tamil Nadu
638462,Tiruppur,Tamil Nadu
638476,Erode,Tamil Nadu
638501,Erode,Tamil Nadu
638502,Erode,Tamil Nadu
638503,Erode,Tamil Nadu
638504,Erode,Tamil Nadu
638505,Erode,Tamil Nadu
638506,Erode,Tamil Nadu
638656,Tiruppur,Tamil Nadu
638657,Tiruppur,Tamil Nadu
638660,Tiruppur,Tamil Nadu
638661,Tiruppur,Tamil Nadu
638672,Tiruppur,Tamil Nadu
638673,Tiruppur,Tamil Nadu
638701,Tiruppur,Tamil Nadu
638702,Tiruppur,Tamil Nadu
638703,Tiruppur,Tamil Nadu
638706,Tiruppur,Tamil Nadu
638751,Erode,Tamil Nadu
638751,Tiruppur,Tamil Nadu
638752,Tiruppur,Tamil Nadu
638812,Tiruppur,Tamil Nadu
639001,Karur,Tamil Nadu
639002,Karur,Tamil Nadu
639003,Karur,Tamil Nadu
639004,Karur,Tamil Nadu
639005,Karur,Tamil Nadu
639006,Karur,Tamil Nadu
639007,Karur,Tamil Nadu
639008,Karur,Tamil Nadu
639101,Tiruchirappalli,Tamil Nadu
639102,Karur,Tamil Nadu
639103,Karur,Tamil Nadu
639103,Tiruchirappalli,Tamil Nadu
639104,Karur,Tamil Nadu
639105,Karur,Tamil Nadu
639107,Karur,Tamil Nadu
639108,Karur,Tamil Nadu
639109,Karur,Tamil Nadu
639110,Karur,Tamil Nadu
639111,Karur,Tamil Nadu
639112,Tiruchirappalli,Tamil Nadu
639113,Karur,Tamil Nadu
639114,Karur,Tamil Nadu
639115,Tiruchirappalli,Tamil Nadu
639116,Karur,Tamil Nadu
639117,Karur,Tamil Nadu
639118,Karur,Tamil Nadu
639119,Karur,Tamil Nadu
639120,Karur,Tamil Nadu
639136,Karur,Tamil Nadu
639201,Karur,Tamil Nadu
639201,Tiruppur,Tamil Nadu
639202,Karur,Tamil Nadu
639202,Tiruppur,Tamil Nadu
639203,Dindigul,Tamil Nadu
639203,Karur,Tamil Nadu
639205,Karur,Tamil Nadu
639206,Karur,Tamil Nadu
639207,Karur,Tamil Nadu
641001,Coimbatore,Tamil Nadu
641002,Coimbatore,Tamil Nadu
641003,Coimbatore,Tamil Nadu
641004,Coimbatore,Tamil Nadu
641005,Coimbatore,Tamil Nadu
641006,Coimbatore,Tamil Nadu
641007,Coimbatore,Tamil Nadu
641008,Coimbatore,Tamil Nadu
641009,Coimbatore,Tamil Nadu
641010,Coimbatore,Tamil Nadu
641011,Coimbatore,Tamil Nadu
641012,Coimbatore,Tamil Nadu
641013,Coimbatore,Tamil Nadu
641014,Coimbatore,Tamil Nadu
641015,Coimbatore,Tamil Nadu
641016,Coimbatore,Tamil Nadu
641017,Coimbatore,Tamil Nadu
641018,Coimbatore,Tamil Nadu
641019,Coimbatore,Tamil Nadu
641020,Coimbatore,Tamil Nadu
641021,Coimbatore,Tamil Nadu
641022,Coimbatore,Tamil Nadu
641023,Coimbatore,Tamil Nadu
641024,Coimbatore,Tamil Nadu
641025,Coimbatore,Tamil Nadu
641026,Coimbatore,Tamil Nadu
641027,Coimbatore,Tamil Nadu
641028,Coimbatore,Tamil Nadu
641029,Coimbatore,Tamil Nadu
641030,Coimbatore,Tamil Nadu
641031,Coimbatore,Tamil Nadu
641032,Coimbatore,Tamil Nadu
641033,Coimbatore,Tamil Nadu
641034,Coimbatore,Tamil Nadu
641035,Coimbatore,Tamil Nadu
641036,Coimbatore,Tamil Nadu
641037,Coimbatore,Tamil Nadu
641038,Coimbatore,Tamil Nadu
641039,Coimbatore,Tamil Nadu
641040,Coimbatore,Tamil Nadu
641041,Coimbatore,Tamil Nadu
641042,Coimbatore,Tamil Nadu
641043,Coimbatore,Tamil Nadu
641044,Coimbatore,Tamil Nadu
641045,Coimbatore,Tamil Nadu
641046,Coimbatore,Tamil Nadu
641047,Coimbatore,Tamil Nadu
641048,Coimbatore,Tamil Nadu
641049,Coimbatore,Tamil Nadu
641050,Coimbatore,Tamil Nadu
641051,Coimbatore,Tamil Nadu
641062,Coimbatore,Tamil Nadu
641063,Coimbatore,Tamil Nadu
641101,Coimbatore,Tamil Nadu
641103,Coimbatore,Tamil Nadu
641104,Coimbatore,Tamil Nadu
641105,Coimbatore,Tamil Nadu
641107,Coimbatore,Tamil Nadu
641108,Coimbatore,Tamil Nadu
641109,Coimbatore,Tamil Nadu
641110,Coimbatore,Tamil Nadu
641111,Coimbatore,Tamil Nadu
641112,Coimbatore,Tamil Nadu
641113,Coimbatore,Tamil Nadu
641114,Coimbatore,Tamil Nadu
641201,Coimbatore,Tamil Nadu
641202,Coimbatore,Tamil Nadu
641301,Coimbatore,Tamil Nadu
641302,Coimbatore,Tamil Nadu
641302,Erode,Tamil Nadu
641305,Coimbatore,Tamil Nadu
641401,Coimbatore,Tamil Nadu
641401,Tiruppur,Tamil Nadu
641402,Coimbatore,Tamil Nadu
641407,Coimbatore,Tamil Nadu
641601,Tiruppur,Tamil Nadu
641602,Tiruppur,Tamil Nadu
641603,Tiruppur,Tamil Nadu
641604,Tiruppur,Tamil Nadu
641605,Tiruppur,Tamil Nadu
641606,Tiruppur,Tamil Nadu
641607,Tiruppur,Tamil Nadu
641652,Tiruppur,Tamil Nadu
641653,Coimbatore,Tamil Nadu
641654,Tiruppur,Tamil Nadu
641655,Tiruppur,Tamil Nadu
641658,Coimbatore,Tamil Nadu
641658,Tiruppur,Tamil Nadu
641659,Coimbatore,Tamil Nadu
641662,Tiruppur,Tamil Nadu
641663,Tiruppur,Tamil Nadu
641664,Tiruppur,Tamil Nadu
641665,Tiruppur,Tamil Nadu
641666,Tiruppur,Tamil Nadu
641667,Tiruppur,Tamil Nadu
641668,Coimbatore,Tamil Nadu
641669,Coimbatore,Tamil Nadu
641670,Tiruppur,Tamil Nadu
641671,Coimbatore,Tamil Nadu
641671,Tiruppur,Tamil Nadu
641687,Tiruppur,Tamil Nadu
641697,Coimbatore,Tamil Nadu
642001,Coimbatore,Tamil Nadu
642002,Coimbatore,Tamil Nadu
642003,Coimbatore,Tamil Nadu
642004,Coimbatore,Tamil Nadu
642005,Coimbatore,Tamil Nadu
642006,Coimbatore,Tamil Nadu
642007,Coimbatore,Tamil Nadu
642101,Coimbatore,Tamil Nadu
642102,Tiruppur,Tamil Nadu
642103,Coimbatore,Tamil Nadu
642104,Coimbatore,Tamil Nadu
642105,Coimbatore,Tamil Nadu
642106,Coimbatore,Tamil Nadu
642107,Coimbatore,Tamil Nadu
642108,Coimbatore,Tamil Nadu
642109,Coimbatore,Tamil Nadu
642110,Coimbatore,Tamil Nadu
642111,Tiruppur,Tamil Nadu
642112,Tiruppur,Tamil Nadu
642113,Dindigul,Tamil Nadu
642113,Tiruppur,Tamil Nadu
642114,Coimbatore,Tamil Nadu
642117,Coimbatore,Tamil Nadu
642120,Coimbatore,Tamil Nadu
642120,Tiruppur,Tamil Nadu
642122,Tiruppur,Tamil Nadu
642123,Coimbatore,Tamil Nadu
642125,Coimbatore,Tamil Nadu
642126,Tiruppur,Tamil Nadu
642127,Coimbatore,Tamil Nadu
642128,Tiruppur,Tamil Nadu
642129,Coimbatore,Tamil Nadu
642130,Coimbatore,Tamil Nadu
642132,Tiruppur,Tamil Nadu
642133,Coimbatore,Tamil Nadu
642134,Coimbatore,Tamil Nadu
642154,Tiruppur,Tamil Nadu
642201,Tiruppur,Tamil Nadu
642202,Coimbatore,Tamil Nadu
642202,Tiruppur,Tamil Nadu
642203,Tiruppur,Tamil Nadu
642204,Tiruppur,Tamil Nadu
642205,Coimbatore,Tamil Nadu
642205,Tiruppur,Tamil Nadu
642206,Tiruppur,Tamil Nadu
642207,Tiruppur,Tamil Nadu
643001,The Nilgiris,Tamil Nadu
643002,The Nilgiris,Tamil Nadu
643003,The Nilgiris,Tamil Nadu
643004,The Nilgiris,Tamil Nadu
643005,The Nilgiris,Tamil Nadu
643006,The Nilgiris,Tamil Nadu
643007,The Nilgiris,Tamil Nadu
643101,The Nilgiris,Tamil Nadu
643102,The Nilgiris,Tamil Nadu
643103,The Nilgiris,Tamil Nadu
643105,The Nilgiris,Tamil Nadu
643201,The Nilgiris,Tamil Nadu
643202,The Nilgiris,Tamil Nadu
643203,The Nilgiris,Tamil Nadu
643204,The Nilgiris,Tamil Nadu
643205,The Nilgiris,Tamil Nadu
643206,The Nilgiris,Tamil Nadu
643207,The Nilgiris,Tamil Nadu
643209,The Nilgiris,Tamil Nadu
643211,The Nilgiris,Tamil Nadu
643212,The Nilgiris,Tamil Nadu
643213,The Nilgiris,Tamil Nadu
643214,The Nilgiris,Tamil Nadu
643215,The Nilgiris,Tamil Nadu
643216,The Nilgiris,Tamil Nadu
643217,The Nilgiris,Tamil Nadu
643218,The Nilgiris,Tamil Nadu
643219,The Nilgiris,Tamil Nadu
643220,The Nilgiris,Tamil Nadu
643221,The Nilgiris,Tamil Nadu
643223,The Nilgiris,Tamil Nadu
643224,The Nilgiris,Tamil Nadu
643225,The Nilgiris,Tamil Nadu
643226,The Nilgiris,Tamil Nadu
643231,The Nilgiris,Tamil Nadu
643233,The Nilgiris,Tamil Nadu
643236,The Nilgiris,Tamil Nadu
643237,The Nilgiris,Tamil Nadu
643238,The Nilgiris,Tamil Nadu
643239,The Nilgiris,Tamil Nadu
643240,The Nilgiris,Tamil Nadu
643241,The Nilgiris,Tamil Nadu
643242,The Nilgiris,Tamil Nadu
643243,The Nilgiris,Tamil Nadu
643253,The Nilgiris,Tamil Nadu
643270,The Nilgiris,Tamil Nadu
670001,Kannur,Kerala
670002,Kannur,Kerala
670003,Kannur,Kerala
670004,Kannur,Kerala
670005,Kannur,Kerala
670006,Kannur,Kerala
670007,Kannur,Kerala
670008,Kannur,Kerala
670009,Kannur,Kerala
670010,Kannur,Kerala
670011,Kannur,Kerala
670012,Kannur,Kerala
670013,Kannur,Kerala
670014,Kannur,Kerala
670017,Kannur,Kerala
670018,Kannur,Kerala
670051,Kannur,Kerala
670101,Kannur,Kerala
670102,Kannur,Kerala
670103,Kannur,Kerala
670104,Kannur,Kerala
670105,Kannur,Kerala
670106,Kannur,Kerala
670107,Kannur,Kerala
670141,Kannur,Kerala
670142,Kannur,Kerala
670143,Kannur,Kerala
670301,Kannur,Kerala
670302,Kannur,Kerala
670303,Kannur,Kerala
670304,Kannur,Kerala
670305,Kannur,Kerala
670306,Kannur,Kerala
670307,Kannur,Kerala
670308,Kannur,Kerala
670309,Kannur,Kerala
670310,Kannur,Kerala
670325,Kannur,Kerala
670327,Kannur,Kerala
670331,Kannur,Kerala
670334,Kannur,Kerala
670353,Kannur,Kerala
670358,Kannur,Kerala
670501,Kannur,Kerala
670502,Kannur,Kerala
670503,Kannur,Kerala
670504,Kannur,Kerala
670511,Kannur,Kerala
670511,Kasaragod,Kerala
670521,Kannur,Kerala
670561,Kannur,Kerala
670562,Kannur,Kerala
670563,Kannur,Kerala
670567,Kannur,Kerala
670571,Kannur,Kerala
670581,Kannur,Kerala
670582,Kannur,Kerala
670591,Kannur,Kerala
670592,Kannur,Kerala
670593,Kannur,Kerala
670594,Kannur,Kerala
670595,Kannur,Kerala
670601,Kannur,Kerala
670602,Kannur,Kerala
670604,Kannur,Kerala
670611,Kannur,Kerala
670612,Kannur,Kerala
670612,Malappuram,Kerala
670613,Kannur,Kerala
670621,Kannur,Kerala
670622,Kannur,Kerala
670631,Kannur,Kerala
670632,Kannur,Kerala
670633,Kannur,Kerala
670641,Kannur,Kerala
670642,Kannur,Kerala
670643,Kannur,Kerala
670644,Wayanad,Kerala
670645,Wayanad,Kerala
670646,Wayanad,Kerala
670649,Kannur,Kerala
670650,Kannur,Kerala
670651,Kannur,Kerala
670661,Kannur,Kerala
670662,Kannur,Kerala
670663,Kannur,Kerala
670671,Kannur,Kerala
670672,Kannur,Kerala
670673,Kannur,Kerala
670674,Kannur,Kerala
670675,Kannur,Kerala
670676,Kannur,Kerala
670691,Kannur,Kerala
670692,Kannur,Kerala
670693,Kannur,Kerala
670694,Kannur,Kerala
670701,Kannur,Kerala
670702,Kannur,Kerala
670703,Kannur,Kerala
670704,Kannur,Kerala
670705,Kannur,Kerala
670706,Kannur,Kerala
670708,Kannur,Kerala
670721,Wayanad,Kerala
670731,Wayanad,Kerala
670741,Kannur,Kerala
671121,Kasaragod,Kerala
671122,Kasaragod,Kerala
671123,Kasaragod,Kerala
671124,Kasaragod,Kerala
671310,Kasaragod,Kerala
671311,Kasaragod,Kerala
671312,Kasaragod,Kerala
671313,Kasaragod,Kerala
671314,Kasaragod,Kerala
671315,Kasaragod,Kerala
671316,Kasaragod,Kerala
671317,Kasaragod,Kerala
671318,Kasaragod,Kerala
671319,Kasaragod,Kerala
671320,Kasaragod,Kerala
671321,Kasaragod,Kerala
671322,Kasaragod,Kerala
671323,Kasaragod,Kerala
671324,Kasaragod,Kerala
671325,Kasaragod,Kerala
671326,Kasaragod,Kerala
671348,Kasaragod,Kerala
671351,Kasaragod,Kerala
671531,Kasaragod,Kerala
671532,Kasaragod,Kerala
671533,Kasaragod,Kerala
671534,Kasaragod,Kerala
671541,Kasaragod,Kerala
671542,Kasaragod,Kerala
671543,Kasaragod,Kerala
671551,Kasaragod,Kerala
671552,Kasaragod,Kerala
673001,Kozhikode,Kerala
673002,Kozhikode,Kerala
673003,Kozhikode,Kerala
673004,Kozhikode,Kerala
673005,Kozhikode,Kerala
673006,Kozhikode,Kerala
673007,Kozhikode,Kerala
673008,Kozhikode,Kerala
673009,Kozhikode,Kerala
673010,Kozhikode,Kerala
673011,Kozhikode,Kerala
673012,Kozhikode,Kerala
673014,Kozhikode,Kerala
673015,Kozhikode,Kerala
673016,Kozhikode,Kerala
673017,Kozhikode,Kerala
673018,Kozhikode,Kerala
673019,Kozhikode,Kerala
673020,Kozhikode,Kerala
673021,Kozhikode,Kerala
673027,Kozhikode,Kerala
673028,Kozhikode,Kerala
673029,Kozhikode,Kerala
673032,Kozhikode,Kerala
673051,Kozhikode,Kerala
673101,Kozhikode,Kerala
673102,Kozhikode,Kerala
673103,Kozhikode,Kerala
673104,Kozhikode,Kerala
673105,Kozhikode,Kerala
673106,Kozhikode,Kerala
673121,Wayanad,Kerala
673122,Wayanad,Kerala
673123,Wayanad,Kerala
673124,Wayanad,Kerala
673301,Kozhikode,Kerala
673302,Kozhikode,Kerala
673303,Kozhikode,Kerala
673304,Kozhikode,Kerala
673305,Kozhikode,Kerala
673306,Kozhikode,Kerala
673307,Kozhikode,Kerala
673308,Kozhikode,Kerala
673309,Kozhikode,Kerala
673310,Mahe,Puducherry
673311,Kannur,Kerala
673312,Kannur,Kerala
673313,Kannur,Kerala
673314,Malappuram,Kerala
673315,Kozhikode,Kerala
673316,Kannur,Kerala
673317,Kozhikode,Kerala
673323,Kozhikode,Kerala
673328,Kozhikode,Kerala
673501,Kozhikode,Kerala
673502,Kozhikode,Kerala
673503,Kozhikode,Kerala
673504,Kozhikode,Kerala
673505,Kozhikode,Kerala
673506,Kozhikode,Kerala
673507,Kozhikode,Kerala
673508,Kozhikode,Kerala
673509,Kozhikode,Kerala
673513,Kozhikode,Kerala
673517,Kozhikode,Kerala
673521,Kozhikode,Kerala
673522,Kozhikode,Kerala
673523,Kozhikode,Kerala
673524,Kozhikode,Kerala
673525,Kozhikode,Kerala
673526,Kozhikode,Kerala
673527,Kozhikode,Kerala
673528,Kozhikode,Kerala
673529,Kozhikode,Kerala
673541,Kozhikode,Kerala
673542,Kozhikode,Kerala
673570,Kozhikode,Kerala
673571,Kozhikode,Kerala
673572,Kozhikode,Kerala
673572,Malappuram,Kerala
673573,Kozhikode,Kerala
673574,Kozhikode,Kerala
673575,Wayanad,Kerala
673576,Wayanad,Kerala
673577,Wayanad,Kerala
673579,Wayanad,Kerala
673580,Kozhikode,Kerala
673581,Wayanad,Kerala
673582,Kozhikode,Kerala
673585,Kozhikode,Kerala
673586,Kozhikode,Kerala
673591,Wayanad,Kerala
673592,Wayanad,Kerala
673593,Wayanad,Kerala
673595,Wayanad,Kerala
673596,Wayanad,Kerala
673601,Kozhikode,Kerala
673602,Kozhikode,Kerala
673603,Kozhikode,Kerala
673604,Kozhikode,Kerala
673611,Kozhikode,Kerala
673612,Kozhikode,Kerala
673613,Kozhikode,Kerala
673614,Kozhikode,Kerala
673616,Kozhikode,Kerala
673620,Kozhikode,Kerala
673631,Kozhikode,Kerala
673632,Kozhikode,Kerala
673632,Malappuram,Kerala
673633,Kozhikode,Kerala
673633,Malappuram,Kerala
673634,Malappuram,Kerala
673635,Malappuram,Kerala
673636,Malappuram,Kerala
673637,Malappuram,Kerala
673638,Malappuram,Kerala
673639,Malappuram,Kerala
673640,Malappuram,Kerala
673641,Malappuram,Kerala
673642,Malappuram,Kerala
673645,Malappuram,Kerala
673647,Malappuram,Kerala
673655,Kozhikode,Kerala
673661,Kozhikode,Kerala
676101,Malappuram,Kerala
676102,Malappuram,Kerala
676103,Malappuram,Kerala
676104,Malappuram,Kerala
676105,Malappuram,Kerala
676106,Malappuram,Kerala
676107,Malappuram,Kerala
676108,Malappuram,Kerala
676109,Malappuram,Kerala
676121,Malappuram,Kerala
676122,Malappuram,Kerala
676123,Malappuram,Kerala
676301,Malappuram,Kerala
676302,Malappuram,Kerala
676303,Malappuram,Kerala
676304,Malappuram,Kerala
676305,Malappuram,Kerala
676306,Malappuram,Kerala
676307,Malappuram,Kerala
676309,Malappuram,Kerala
676311,Malappuram,Kerala
676312,Malappuram,Kerala
676317,Malappuram,Kerala
676319,Malappuram,Kerala
676320,Malappuram,Kerala
676501,Malappuram,Kerala
676502,Malappuram,Kerala
676503,Malappuram,Kerala
676504,Malappuram,Kerala
676505,Malappuram,Kerala
676506,Malappuram,Kerala
676507,Malappuram,Kerala
676508,Malappuram,Kerala
676509,Malappuram,Kerala
676510,Malappuram,Kerala
676517,Malappuram,Kerala
676519,Malappuram,Kerala
676521,Malappuram,Kerala
676522,Malappuram,Kerala
676523,Malappuram,Kerala
676525,Malappuram,Kerala
676528,Malappuram,Kerala
676541,Malappuram,Kerala
676542,Malappuram,Kerala
676551,Malappuram,Kerala
676552,Malappuram,Kerala
676553,Malappuram,Kerala
676561,Malappuram,Kerala
676562,Malappuram,Kerala
678001,Palakkad,Kerala
678002,Palakkad,Kerala
678003,Palakkad,Kerala
678004,Palakkad,Kerala
678005,Palakkad,Kerala
678006,Palakkad,Kerala
678007,Palakkad,Kerala
678008,Palakkad,Kerala
678009,Palakkad,Kerala
678010,Palakkad,Kerala
678011,Palakkad,Kerala
678012,Palakkad,Kerala
678013,Palakkad,Kerala
678014,Palakkad,Kerala
678051,Palakkad,Kerala
678101,Palakkad,Kerala
678102,Palakkad,Kerala
678103,Palakkad,Kerala
678104,Palakkad,Kerala
678501,Palakkad,Kerala
678502,Palakkad,Kerala
678503,Palakkad,Kerala
678504,Palakkad,Kerala
678505,Palakkad,Kerala
678506,Palakkad,Kerala
678507,Palakkad,Kerala
678508,Palakkad,Kerala
678510,Palakkad,Kerala
678512,Palakkad,Kerala
678531,Palakkad,Kerala
678532,Palakkad,Kerala
678533,Palakkad,Kerala
678534,Palakkad,Kerala
678541,Palakkad,Kerala
678542,Palakkad,Kerala
678543,Palakkad,Kerala
678544,Palakkad,Kerala
678545,Palakkad,Kerala
678546,Palakkad,Kerala
678551,Palakkad,Kerala
678552,Palakkad,Kerala
678553,Palakkad,Kerala
678554,Palakkad,Kerala
678555,Palakkad,Kerala
678556,Palakkad,Kerala
678557,Palakkad,Kerala
678571,Palakkad,Kerala
678572,Palakkad,Kerala
678573,Palakkad,Kerala
678574,Palakkad,Kerala
678581,Palakkad,Kerala
678582,Palakkad,Kerala
678583,Palakkad,Kerala
678591,Palakkad,Kerala
678592,Palakkad,Kerala
678593,Palakkad,Kerala
678594,Palakkad,Kerala
678595,Palakkad,Kerala
678596,Palakkad,Kerala
678597,Palakkad,Kerala
678598,Palakkad,Kerala
678601,Palakkad,Kerala
678611,Palakkad,Kerala
678612,Palakkad,Kerala
678613,Palakkad,Kerala
678621,Palakkad,Kerala
678622,Palakkad,Kerala
678623,Palakkad,Kerala
678624,Palakkad,Kerala
678631,Palakkad,Kerala
678632,Palakkad,Kerala
678633,Palakkad,Kerala
678641,Palakkad,Kerala
678642,Palakkad,Kerala
678651,Palakkad,Kerala
678661,Palakkad,Kerala
678671,Palakkad,Kerala
678681,Palakkad,Kerala
678682,Palakkad,Kerala
678683,Palakkad,Kerala
678684,Palakkad,Kerala
678685,Palakkad,Kerala
678686,Palakkad,Kerala
678687,Palakkad,Kerala
678688,Palakkad,Kerala
678701,Palakkad,Kerala
678702,Palakkad,Kerala
678703,Palakkad,Kerala
678704,Palakkad,Kerala
678705,Palakkad,Kerala
678706,Palakkad,Kerala
678721,Palakkad,Kerala
678722,Palakkad,Kerala
678731,Palakkad,Kerala
678732,Palakkad,Kerala
678762,Palakkad,Kerala
679101,Palakkad,Kerala
679102,Palakkad,Kerala
679103,Palakkad,Kerala
679104,Palakkad,Kerala
679105,Thrissur,Kerala
679106,Thrissur,Kerala
679121,Palakkad,Kerala
679122,Palakkad,Kerala
679123,Palakkad,Kerala
679301,Palakkad,Kerala
679302,Palakkad,Kerala
679303,Palakkad,Kerala
679304,Palakkad,Kerala
679305,Palakkad,Kerala
679306,Palakkad,Kerala
679307,Palakkad,Kerala
679308,Palakkad,Kerala
679309,Palakkad,Kerala
679313,Palakkad,Kerala
679321,Malappuram,Kerala
679322,Malappuram,Kerala
679323,Malappuram,Kerala
679324,Malappuram,Kerala
679325,Malappuram,Kerala
679326,Malappuram,Kerala
679327,Malappuram,Kerala
679328,Malappuram,Kerala
679329,Malappuram,Kerala
679330,Malappuram,Kerala
679331,Malappuram,Kerala
679332,Malappuram,Kerala
679333,Malappuram,Kerala
679334,Malappuram,Kerala
679335,Palakkad,Kerala
679336,Palakkad,Kerala
679337,Palakkad,Kerala
679338,Malappuram,Kerala
679339,Malappuram,Kerala
679340,Malappuram,Kerala
679341,Malappuram,Kerala
679357,Malappuram,Kerala
679501,Palakkad,Kerala
679502,Palakkad,Kerala
679503,Palakkad,Kerala
679504,Palakkad,Kerala
679505,Palakkad,Kerala
679506,Palakkad,Kerala
679511,Palakkad,Kerala
679512,Palakkad,Kerala
679513,Palakkad,Kerala
679514,Palakkad,Kerala
679515,Palakkad,Kerala
679516,Palakkad,Kerala
679521,Palakkad,Kerala
679522,Palakkad,Kerala
679523,Palakkad,Kerala
679531,Thrissur,Kerala
679532,Thrissur,Kerala
679533,Palakkad,Kerala
679534,Palakkad,Kerala
679535,Palakkad,Kerala
679536,Palakkad,Kerala
679551,Palakkad,Kerala
679552,Palakkad,Kerala
679553,Palakkad,Kerala
679554,Palakkad,Kerala
679561,Thrissur,Kerala
679562,Thrissur,Kerala
679563,Thrissur,Kerala
679564,Thrissur,Kerala
679571,Malappuram,Kerala
679572,Malappuram,Kerala
679573,Malappuram,Kerala
679574,Malappuram,Kerala
679575,Malappuram,Kerala
679576,Malappuram,Kerala
679577,Malappuram,Kerala
679578,Malappuram,Kerala
679579,Malappuram,Kerala
679580,Malappuram,Kerala
679581,Malappuram,Kerala
679582,Malappuram,Kerala
679583,Malappuram,Kerala
679584,Malappuram,Kerala
679585,Malappuram,Kerala
679586,Malappuram,Kerala
679587,Malappuram,Kerala
679591,Malappuram,Kerala
680001,Thrissur,Kerala
680002,Thrissur,Kerala
680003,Thrissur,Kerala
680004,Thrissur,Kerala
680005,Thrissur,Kerala
680006,Thrissur,Kerala
680007,Thrissur,Kerala
680008,Thrissur,Kerala
680009,Thrissur,Kerala
680010,Thrissur,Kerala
680011,Thrissur,Kerala
680012,Thrissur,Kerala
680013,Thrissur,Kerala
680014,Thrissur,Kerala
680020,Thrissur,Kerala
680021,Thrissur,Kerala
680022,Thrissur,Kerala
680026,Thrissur,Kerala
680027,Thrissur,Kerala
680028,Thrissur,Kerala
680051,Thrissur,Kerala
680101,Thrissur,Kerala
680102,Thrissur,Kerala
680103,Thrissur,Kerala
680104,Thrissur,Kerala
680121,Thrissur,Kerala
680122,Thrissur,Kerala
680123,Thrissur,Kerala
680125,Thrissur,Kerala
680301,Thrissur,Kerala
680302,Thrissur,Kerala
680303,Thrissur,Kerala
680304,Thrissur,Kerala
680305,Thrissur,Kerala
680306,Thrissur,Kerala
680307,Thrissur,Kerala
680308,Thrissur,Kerala
680309,Thrissur,Kerala
680310,Thrissur,Kerala
680311,Thrissur,Kerala
680312,Thrissur,Kerala
680317,Thrissur,Kerala
680501,Thrissur,Kerala
680502,Thrissur,Kerala
680503,Thrissur,Kerala
680504,Thrissur,Kerala
680505,Thrissur,Kerala
680506,Thrissur,Kerala
680507,Thrissur,Kerala
680508,Thrissur,Kerala
680509,Thrissur,Kerala
680510,Thrissur,Kerala
680511,Thrissur,Kerala
680512,Thrissur,Kerala
680513,Thrissur,Kerala
680514,Thrissur,Kerala
680515,Thrissur,Kerala
680516,Thrissur,Kerala
680517,Thrissur,Kerala
680518,Thrissur,Kerala
680519,Thrissur,Kerala
680520,Thrissur,Kerala
680521,Thrissur,Kerala
680522,Thrissur,Kerala
680523,Thrissur,Kerala
680524,Thrissur,Kerala
680541,Thrissur,Kerala
680542,Thrissur,Kerala
680543,Thrissur,Kerala
680544,Thrissur,Kerala
680545,Thrissur,Kerala
680546,Thrissur,Kerala
680551,Thrissur,Kerala
680552,Thrissur,Kerala
680553,Thrissur,Kerala
680555,Thrissur,Kerala
680561,Thrissur,Kerala
680562,Thrissur,Kerala
680563,Thrissur,Kerala
680564,Thrissur,Kerala
680565,Thrissur,Kerala
680566,Thrissur,Kerala
680567,Thrissur,Kerala
680568,Thrissur,Kerala
680569,Thrissur,Kerala
680570,Thrissur,Kerala
680571,Thrissur,Kerala
680581,Thrissur,Kerala
680582,Thrissur,Kerala
680583,Thrissur,Kerala
680584,Thrissur,Kerala
680585,Thrissur,Kerala
680586,Thrissur,Kerala
680587,Thrissur,Kerala
680588,Thrissur,Kerala
680589,Thrissur,Kerala
680590,Thrissur,Kerala
680591,Thrissur,Kerala
680594,Thrissur,Kerala
680596,Thrissur,Kerala
680601,Thrissur,Kerala
680602,Thrissur,Kerala
680604,Thrissur,Kerala
680611,Thrissur,Kerala
680612,Thrissur,Kerala
680613,Thrissur,Kerala
680614,Thrissur,Kerala
680615,Thrissur,Kerala
680616,Thrissur,Kerala
680617,Thrissur,Kerala
680618,Thrissur,Kerala
680619,Thrissur,Kerala
680620,Thrissur,Kerala
680623,Thrissur,Kerala
680631,Thrissur,Kerala
680641,Thrissur,Kerala
680642,Thrissur,Kerala
680651,Thrissur,Kerala
680652,Thrissur,Kerala
680653,Thrissur,Kerala
680654,Thrissur,Kerala
680655,Thrissur,Kerala
680656,Thrissur,Kerala
680661,Thrissur,Kerala
680662,Thrissur,Kerala
680663,Thrissur,Kerala
680664,Thrissur,Kerala
680665,Thrissur,Kerala
680666,Thrissur,Kerala
680667,Ernakulam,Kerala
680667,Thrissur,Kerala
680668,Thrissur,Kerala
680669,Thrissur,Kerala
680670,Thrissur,Kerala
680671,Thrissur,Kerala
680681,Thrissur,Kerala
680682,Thrissur,Kerala
680683,Thrissur,Kerala
680684,Thrissur,Kerala
680685,Thrissur,Kerala
680686,Thrissur,Kerala
680687,Thrissur,Kerala
680688,Thrissur,Kerala
680689,Thrissur,Kerala
680691,Thrissur,Kerala
680697,Thrissur,Kerala
680699,Thrissur,Kerala
680701,Thrissur,Kerala
680702,Thrissur,Kerala
680703,Thrissur,Kerala
680711,Thrissur,Kerala
680712,Thrissur,Kerala
680721,Thrissur,Kerala
680722,Thrissur,Kerala
680724,Thrissur,Kerala
680731,Thrissur,Kerala
680732,Thrissur,Kerala
680733,Thrissur,Kerala
680734,Thrissur,Kerala
680741,Thrissur,Kerala
680751,Thrissur,Kerala
682001,Ernakulam,Kerala
682002,Ernakulam,Kerala
682003,Ernakulam,Kerala
682004,Ernakulam,Kerala
682005,Ernakulam,Kerala
682006,Ernakulam,Kerala
682007,Ernakulam,Kerala
682008,Ernakulam,Kerala
682009,Ernakulam,Kerala
682010,Ernakulam,Kerala
682011,Ernakulam,Kerala
682012,Ernakulam,Kerala
682013,Ernakulam,Kerala
682015,Ernakulam,Kerala
682016,Ernakulam,Kerala
682017,Ernakulam,Kerala
682018,Ernakulam,Kerala
682019,Ernakulam,Kerala
682020,Ernakulam,Kerala
682021,Ernakulam,Kerala
682022,Ernakulam,Kerala
682023,Ernakulam,Kerala
682024,Ernakulam,Kerala
682025,Ernakulam,Kerala
682026,Ernakulam,Kerala
682027,Ernakulam,Kerala
682028,Ernakulam,Kerala
682029,Ernakulam,Kerala
682030,Ernakulam,Kerala
682031,Ernakulam,Kerala
682032,Ernakulam,Kerala
682033,Ernakulam,Kerala
682034,Ernakulam,Kerala
682035,Ernakulam,Kerala
682036,Ernakulam,Kerala
682037,Ernakulam,Kerala
682038,Ernakulam,Kerala
682039,Ernakulam,Kerala
682040,Ernakulam,Kerala
682041,Ernakulam,Kerala
682042,Ernakulam,Kerala
682050,Ernakulam,Kerala
682051,Ernakulam,Kerala
682052,Ernakulam,Kerala
682301,Ernakulam,Kerala
682302,Ernakulam,Kerala
682303,Ernakulam,Kerala
682304,Ernakulam,Kerala
682305,Ernakulam,Kerala
682306,Ernakulam,Kerala
682307,Ernakulam,Kerala
682308,Ernakulam,Kerala
682309,Ernakulam,Kerala
682310,Ernakulam,Kerala
682311,Ernakulam,Kerala
682312,Ernakulam,Kerala
682313,Ernakulam,Kerala
682314,Ernakulam,Kerala
682315,Ernakulam,Kerala
682316,Ernakulam,Kerala
682317,Ernakulam,Kerala
682501,Ernakulam,Kerala
682502,Ernakulam,Kerala
682503,Ernakulam,Kerala
682504,Ernakulam,Kerala
682505,Ernakulam,Kerala
682506,Ernakulam,Kerala
682507,Ernakulam,Kerala
682508,Ernakulam,Kerala
682509,Ernakulam,Kerala
682511,Ernakulam,Kerala
682551,Lakshadweep District,Lakshadweep
682552,Lakshadweep District,Lakshadweep
682553,Lakshadweep District,Lakshadweep
682554,Lakshadweep District,Lakshadweep
682555,Lakshadweep District,Lakshadweep
682556,Lakshadweep District,Lakshadweep
682557,Lakshadweep District,Lakshadweep
682558,Lakshadweep District,Lakshadweep
682559,Lakshadweep District,Lakshadweep
683101,Ernakulam,Kerala
683102,Ernakulam,Kerala
683104,Ernakulam,Kerala
683105,Ernakulam,Kerala
683106,Ernakulam,Kerala
683108,Ernakulam,Kerala
683110,Ernakulam,Kerala
683111,Ernakulam,Kerala
683112,Ernakulam,Kerala
683501,Ernakulam,Kerala
683502,Ernakulam,Kerala
683503,Ernakulam,Kerala
683511,Ernakulam,Kerala
683512,Ernakulam,Kerala
683513,Ernakulam,Kerala
683514,Ernakulam,Kerala
683515,Ernakulam,Kerala
683516,Ernakulam,Kerala
683517,Ernakulam,Kerala
683518,Ernakulam,Kerala
683519,Ernakulam,Kerala
683520,Ernakulam,Kerala
683521,Ernakulam,Kerala
683522,Ernakulam,Kerala
683541,Ernakulam,Kerala
683542,Ernakulam,Kerala
683543,Ernakulam,Kerala
683544,Ernakulam,Kerala
683545,Ernakulam,Kerala
683546,Ernakulam,Kerala
683547,Ernakulam,Kerala
683548,Ernakulam,Kerala
683549,Ernakulam,Kerala
683550,Ernakulam,Kerala
683556,Ernakulam,Kerala
683561,Ernakulam,Kerala
683562,Ernakulam,Kerala
683563,Ernakulam,Kerala
683565,Ernakulam,Kerala
683571,Ernakulam,Kerala
683572,Ernakulam,Kerala
683573,Ernakulam,Kerala
683574,Ernakulam,Kerala
683575,Ernakulam,Kerala
683576,Ernakulam,Kerala
683577,Ernakulam,Kerala
683578,Ernakulam,Kerala
683579,Ernakulam,Kerala
683580,Ernakulam,Kerala
683581,Ernakulam,Kerala
683585,Ernakulam,Kerala
683587,Ernakulam,Kerala
683589,Ernakulam,Kerala
683594,Ernakulam,Kerala
685501,Idukki,Kerala
685503,Idukki,Kerala
685505,Idukki,Kerala
685507,Idukki,Kerala
685508,Idukki,Kerala
685509,Idukki,Kerala
685511,Idukki,Kerala
685512,Idukki,Kerala
685514,Idukki,Kerala
685515,Idukki,Kerala
685531,Idukki,Kerala
685532,Idukki,Kerala
685533,Idukki,Kerala
685533,Pathanamthitta,Kerala
685535,Idukki,Kerala
685551,Idukki,Kerala
685552,Idukki,Kerala
685553,Idukki,Kerala
685554,Idukki,Kerala
685561,Idukki,Kerala
685562,Idukki,Kerala
685563,Idukki,Kerala
685565,Idukki,Kerala
685566,Idukki,Kerala
685571,Idukki,Kerala
685581,Idukki,Kerala
685582,Idukki,Kerala
685583,Idukki,Kerala
685584,Idukki,Kerala
685585,Idukki,Kerala
685586,Idukki,Kerala
685587,Idukki,Kerala
685588,Idukki,Kerala
685589,Idukki,Kerala
685590,Idukki,Kerala
685591,Idukki,Kerala
685595,Idukki,Kerala
685601,Idukki,Kerala
685602,Idukki,Kerala
685603,Idukki,Kerala
685604,Idukki,Kerala
685605,Idukki,Kerala
685606,Idukki,Kerala
685607,Idukki,Kerala
685608,Idukki,Kerala
685609,Idukki,Kerala
685612,Idukki,Kerala
685613,Idukki,Kerala
685614,Idukki,Kerala
685615,Idukki,Kerala
685616,Idukki,Kerala
685618,Idukki,Kerala
685619,Idukki,Kerala
685620,Idukki,Kerala
686001,Kottayam,Kerala
686002,Kottayam,Kerala
686003,Kottayam,Kerala
686004,Kottayam,Kerala
686005,Kottayam,Kerala
686006,Kottayam,Kerala
686007,Kottayam,Kerala
686008,Kottayam,Kerala
686009,Kottayam,Kerala
686010,Kottayam,Kerala
686011,Kottayam,Kerala
686012,Kottayam,Kerala
686013,Kottayam,Kerala
686014,Kottayam,Kerala
686015,Kottayam,Kerala
686016,Kottayam,Kerala
686017,Kottayam,Kerala
686018,Kottayam,Kerala
686019,Kottayam,Kerala
686020,Kottayam,Kerala
686021,Kottayam,Kerala
686022,Kottayam,Kerala
686041,Kottayam,Kerala
686101,Kottayam,Kerala
686102,Alappuzha,Kerala
686102,Kottayam,Kerala
686103,Alappuzha,Kerala
686103,Kottayam,Kerala
686104,Kottayam,Kerala
686105,Kottayam,Kerala
686106,Kottayam,Kerala
686121,Kottayam,Kerala
686122,Kottayam,Kerala
686123,Kottayam,Kerala
686141,Kottayam,Kerala
686143,Kottayam,Kerala
686144,Kottayam,Kerala
686146,Kottayam,Kerala
686501,Kottayam,Kerala
686502,Kottayam,Kerala
686503,Kottayam,Kerala
686504,Kottayam,Kerala
686505,Kottayam,Kerala
686506,Kottayam,Kerala
686507,Kottayam,Kerala
686508,Kottayam,Kerala
686509,Kottayam,Kerala
686510,Kottayam,Kerala
686510,Pathanamthitta,Kerala
686511,Pathanamthitta,Kerala
686512,Kottayam,Kerala
686513,Idukki,Kerala
686513,Kottayam,Kerala
686514,Idukki,Kerala
686514,Kottayam,Kerala
686515,Kottayam,Kerala
686516,Kottayam,Kerala
686517,Kottayam,Kerala
686518,Kottayam,Kerala
686519,Kottayam,Kerala
686520,Kottayam,Kerala
686521,Kottayam,Kerala
686522,Kottayam,Kerala
686531,Kottayam,Kerala
686532,Kottayam,Kerala
686533,Kottayam,Kerala
686534,Alappuzha,Kerala
686535,Kottayam,Kerala
686536,Kottayam,Kerala
686537,Kottayam,Kerala
686538,Kottayam,Kerala
686539,Kottayam,Kerala
686540,Kottayam,Kerala
686541,Kottayam,Kerala
686542,Kottayam,Kerala
686543,Kottayam,Kerala
686544,Kottayam,Kerala
686545,Kottayam,Kerala
686546,Kottayam,Kerala
686547,Pathanamthitta,Kerala
686548,Kottayam,Kerala
686555,Kottayam,Kerala
686560,Kottayam,Kerala
686561,Kottayam,Kerala
686562,Kottayam,Kerala
686563,Kottayam,Kerala
686564,Kottayam,Kerala
686571,Kottayam,Kerala
686572,Kottayam,Kerala
686573,Kottayam,Kerala
686574,Kottayam,Kerala
686575,Kottayam,Kerala
686576,Kottayam,Kerala
686577,Kottayam,Kerala
686578,Kottayam,Kerala
686579,Kottayam,Kerala
686580,Kottayam,Kerala
686581,Kottayam,Kerala
686582,Kottayam,Kerala
686583,Kottayam,Kerala
686584,Kottayam,Kerala
686585,Kottayam,Kerala
686586,Kottayam,Kerala
686587,Kottayam,Kerala
686601,Kottayam,Kerala
686602,Kottayam,Kerala
686603,Kottayam,Kerala
686604,Kottayam,Kerala
686605,Kottayam,Kerala
686606,Kottayam,Kerala
686607,Kottayam,Kerala
686608,Kottayam,Kerala
686609,Kottayam,Kerala
686610,Kottayam,Kerala
686611,Kottayam,Kerala
686612,Kottayam,Kerala
686613,Kottayam,Kerala
686616,Kottayam,Kerala
686630,Kottayam,Kerala
686631,Kottayam,Kerala
686632,Kottayam,Kerala
686633,Kottayam,Kerala
686634,Kottayam,Kerala
686635,Kottayam,Kerala
686636,Kottayam,Kerala
686637,Kottayam,Kerala
686651,Kottayam,Kerala
686652,Kottayam,Kerala
686653,Kottayam,Kerala
686661,Ernakulam,Kerala
686662,Ernakulam,Kerala
686663,Ernakulam,Kerala
686664,Ernakulam,Kerala
686665,Ernakulam,Kerala
686666,Ernakulam,Kerala
686667,Ernakulam,Kerala
686668,Ernakulam,Kerala
686669,Ernakulam,Kerala
686670,Ernakulam,Kerala
686671,Ernakulam,Kerala
686672,Ernakulam,Kerala
686673,Ernakulam,Kerala
686681,Ernakulam,Kerala
686691,Ernakulam,Kerala
686692,Ernakulam,Kerala
686693,Ernakulam,Kerala
688001,Alappuzha,Kerala
688002,Alappuzha,Kerala
688003,Alappuzha,Kerala
688004,Alappuzha,Kerala
688005,Alappuzha,Kerala
688006,Alappuzha,Kerala
688007,Alappuzha,Kerala
688008,Alappuzha,Kerala
688009,Alappuzha,Kerala
688011,Alappuzha,Kerala
688013,Alappuzha,Kerala
688014,Alappuzha,Kerala
688501,Alappuzha,Kerala
688502,Alappuzha,Kerala
688503,Alappuzha,Kerala
688504,Alappuzha,Kerala
688505,Alappuzha,Kerala
688506,Alappuzha,Kerala
688521,Alappuzha,Kerala
688522,Alappuzha,Kerala
688523,Alappuzha,Kerala
688524,Alappuzha,Kerala
688525,Alappuzha,Kerala
688526,Alappuzha,Kerala
688527,Alappuzha,Kerala
688528,Alappuzha,Kerala
688529,Alappuzha,Kerala
688530,Alappuzha,Kerala
688531,Alappuzha,Kerala
688532,Alappuzha,Kerala
688533,Alappuzha,Kerala
688534,Alappuzha,Kerala
688535,Alappuzha,Kerala
688536,Alappuzha,Kerala
688537,Alappuzha,Kerala
688538,Alappuzha,Kerala
688539,Alappuzha,Kerala
688540,Alappuzha,Kerala
688541,Alappuzha,Kerala
688555,Alappuzha,Kerala
688561,Alappuzha,Kerala
688562,Alappuzha,Kerala
688563,Alappuzha,Kerala
688570,Alappuzha,Kerala
688582,Alappuzha,Kerala
689101,Pathanamthitta,Kerala
689102,Pathanamthitta,Kerala
689103,Pathanamthitta,Kerala
689104,Pathanamthitta,Kerala
689105,Pathanamthitta,Kerala
689106,Pathanamthitta,Kerala
689107,Pathanamthitta,Kerala
689108,Pathanamthitta,Kerala
689109,Alappuzha,Kerala
689110,Pathanamthitta,Kerala
689111,Pathanamthitta,Kerala
689112,Pathanamthitta,Kerala
689113,Pathanamthitta,Kerala
689115,Pathanamthitta,Kerala
689121,Alappuzha,Kerala
689122,Alappuzha,Kerala
689122,Pathanamthitta,Kerala
689123,Alappuzha,Kerala
689123,Pathanamthitta,Kerala
689124,Alappuzha,Kerala
689126,Alappuzha,Kerala
689501,Pathanamthitta,Kerala
689502,Pathanamthitta,Kerala
689503,Pathanamthitta,Kerala
689504,Alappuzha,Kerala
689505,Alappuzha,Kerala
689506,Alappuzha,Kerala
689507,Pathanamthitta,Kerala
689508,Alappuzha,Kerala
689509,Alappuzha,Kerala
689510,Alappuzha,Kerala
689511,Alappuzha,Kerala
689512,Alappuzha,Kerala
689513,Pathanamthitta,Kerala
689514,Pathanamthitta,Kerala
689515,Pathanamthitta,Kerala
689520,Alappuzha,Kerala
689521,Alappuzha,Kerala
689531,Pathanamthitta,Kerala
689532,Pathanamthitta,Kerala
689533,Pathanamthitta,Kerala
689541,Pathanamthitta,Kerala
689542,Pathanamthitta,Kerala
689543,Pathanamthitta,Kerala
689544,Pathanamthitta,Kerala
689545,Pathanamthitta,Kerala
689546,Pathanamthitta,Kerala
689547,Pathanamthitta,Kerala
689548,Pathanamthitta,Kerala
689549,Pathanamthitta,Kerala
689550,Pathanamthitta,Kerala
689551,Pathanamthitta,Kerala
689571,Alappuzha,Kerala
689572,Alappuzha,Kerala
689573,Alappuzha,Kerala
689574,Alappuzha,Kerala
689581,Pathanamthitta,Kerala
689582,Pathanamthitta,Kerala
689583,Pathanamthitta,Kerala
689584,Pathanamthitta,Kerala
689585,Pathanamthitta,Kerala
689586,Pathanamthitta,Kerala
689587,Pathanamthitta,Kerala
689588,Pathanamthitta,Kerala
689589,Pathanamthitta,Kerala
689590,Alappuzha,Kerala
689591,Pathanamthitta,Kerala
689592,Pathanamthitta,Kerala
689594,Pathanamthitta,Kerala
689595,Alappuzha,Kerala
689597,Pathanamthitta,Kerala
689602,Pathanamthitta,Kerala
689611,Pathanamthitta,Kerala
689612,Pathanamthitta,Kerala
689613,Pathanamthitta,Kerala
689614,Pathanamthitta,Kerala
689615,Pathanamthitta,Kerala
689621,Pathanamthitta,Kerala
689622,Alappuzha,Kerala
689623,Alappuzha,Kerala
689624,Alappuzha,Kerala
689625,Pathanamthitta,Kerala
689626,Pathanamthitta,Kerala
689627,Alappuzha,Kerala
689641,Pathanamthitta,Kerala
689642,Pathanamthitta,Kerala
689643,Pathanamthitta,Kerala
689644,Pathanamthitta,Kerala
689645,Pathanamthitta,Kerala
689646,Pathanamthitta,Kerala
689647,Pathanamthitta,Kerala
689648,Pathanamthitta,Kerala
689649,Pathanamthitta,Kerala
689650,Pathanamthitta,Kerala
689652,Pathanamthitta,Kerala
689653,Pathanamthitta,Kerala
689654,Pathanamthitta,Kerala
689656,Pathanamthitta,Kerala
689661,Pathanamthitta,Kerala
689662,Pathanamthitta,Kerala
689663,Pathanamthitta,Kerala
689664,Pathanamthitta,Kerala
689666,Pathanamthitta,Kerala
689667,Pathanamthitta,Kerala
689668,Pathanamthitta,Kerala
689671,Pathanamthitta,Kerala
689672,Pathanamthitta,Kerala
689673,Pathanamthitta,Kerala
689674,Pathanamthitta,Kerala
689675,Pathanamthitta,Kerala
689676,Pathanamthitta,Kerala
689677,Pathanamthitta,Kerala
689678,Pathanamthitta,Kerala
689691,Pathanamthitta,Kerala
689692,Pathanamthitta,Kerala
689693,Pathanamthitta,Kerala
689694,Kollam,Kerala
689694,Pathanamthitta,Kerala
689695,Kollam,Kerala
689696,Kollam,Kerala
689698,Pathanamthitta,Kerala
689699,Pathanamthitta,Kerala
689711,Pathanamthitta,Kerala
690101,Alappuzha,Kerala
690102,Alappuzha,Kerala
690103,Alappuzha,Kerala
690104,Alappuzha,Kerala
690105,Alappuzha,Kerala
690106,Alappuzha,Kerala
690107,Alappuzha,Kerala
690108,Alappuzha,Kerala
690110,Alappuzha,Kerala
690112,Alappuzha,Kerala
690501,Alappuzha,Kerala
690502,Alappuzha,Kerala
690503,Alappuzha,Kerala
690504,Alappuzha,Kerala
690504,Pathanamthitta,Kerala
690505,Alappuzha,Kerala
690506,Alappuzha,Kerala
690507,Alappuzha,Kerala
690508,Alappuzha,Kerala
690509,Alappuzha,Kerala
690510,Alappuzha,Kerala
690511,Alappuzha,Kerala
690512,Alappuzha,Kerala
690513,Alappuzha,Kerala
690514,Alappuzha,Kerala
690515,Alappuzha,Kerala
690516,Alappuzha,Kerala
690517,Alappuzha,Kerala
690518,Kollam,Kerala
690519,Kollam,Kerala
690520,Kollam,Kerala
690521,Kollam,Kerala
690522,Kollam,Kerala
690522,Pathanamthitta,Kerala
690523,Kollam,Kerala
690524,Kollam,Kerala
690525,Kollam,Kerala
690526,Kollam,Kerala
690527,Alappuzha,Kerala
690528,Kollam,Kerala
690529,Alappuzha,Kerala
690530,Alappuzha,Kerala
690531,Alappuzha,Kerala
690532,Alappuzha,Kerala
690533,Alappuzha,Kerala
690534,Alappuzha,Kerala
690535,Alappuzha,Kerala
690536,Kollam,Kerala
690537,Alappuzha,Kerala
690538,Kollam,Kerala
690539,Kollam,Kerala
690540,Kollam,Kerala
690542,Kollam,Kerala
690544,Kollam,Kerala
690546,Kollam,Kerala
690547,Alappuzha,Kerala
690547,Kollam,Kerala
690548,Alappuzha,Kerala
690558,Alappuzha,Kerala
690559,Alappuzha,Kerala
690561,Kollam,Kerala
690571,Alappuzha,Kerala
690572,Alappuzha,Kerala
690573,Kollam,Kerala
690574,Kollam,Kerala
691001,Kollam,Kerala
691002,Kollam,Kerala
691003,Kollam,Kerala
691004,Kollam,Kerala
691005,Kollam,Kerala
691006,Kollam,Kerala
691007,Kollam,Kerala
691008,Kollam,Kerala
691009,Kollam,Kerala
691010,Kollam,Kerala
691011,Kollam,Kerala
691012,Kollam,Kerala
691013,Kollam,Kerala
691014,Kollam,Kerala
691015,Kollam,Kerala
691016,Kollam,Kerala
691019,Kollam,Kerala
691020,Kollam,Kerala
691021,Kollam,Kerala
691301,Kollam,Kerala
691302,Kollam,Kerala
691303,Kollam,Kerala
691304,Kollam,Kerala
691305,Kollam,Kerala
691306,Kollam,Kerala
691307,Kollam,Kerala
691308,Kollam,Kerala
691309,Kollam,Kerala
691310,Kollam,Kerala
691311,Kollam,Kerala
691312,Kollam,Kerala
691319,Kollam,Kerala
691322,Kollam,Kerala
691331,Kollam,Kerala
691332,Kollam,Kerala
691333,Kollam,Kerala
691334,Kollam,Kerala
691500,Kollam,Kerala
691501,Kollam,Kerala
691502,Kollam,Kerala
691503,Kollam,Kerala
691504,Kollam,Kerala
691505,Kollam,Kerala
691506,Kollam,Kerala
691507,Kollam,Kerala
691508,Kollam,Kerala
691509,Kollam,Kerala
691510,Kollam,Kerala
691511,Kollam,Kerala
691512,Kollam,Kerala
691515,Kollam,Kerala
691516,Kollam,Kerala
691520,Kollam,Kerala
691521,Kollam,Kerala
691522,Kollam,Kerala
691523,Pathanamthitta,Kerala
691524,Pathanamthitta,Kerala
691525,Pathanamthitta,Kerala
691526,Pathanamthitta,Kerala
691527,Kollam,Kerala
691530,Pathanamthitta,Kerala
691531,Kollam,Kerala
691532,Kollam,Kerala
691533,Kollam,Kerala
691534,Kollam,Kerala
691535,Kollam,Kerala
691536,Kollam,Kerala
691537,Kollam,Kerala
691538,Kollam,Kerala
691540,Kollam,Kerala
691541,Kollam,Kerala
691543,Kollam,Kerala
691551,Pathanamthitta,Kerala
691552,Pathanamthitta,Kerala
691553,Kollam,Kerala
691553,Pathanamthitta,Kerala
691554,Pathanamthitta,Kerala
691555,Pathanamthitta,Kerala
691556,Kollam,Kerala
691556,Pathanamthitta,Kerala
691557,Kollam,Kerala
691559,Kollam,Kerala
691560,Kollam,Kerala
691566,Kollam,Kerala
691571,Kollam,Kerala
691572,Kollam,Kerala
691573,Kollam,Kerala
691574,Kollam,Kerala
691576,Kollam,Kerala
691577,Kollam,Kerala
691578,Kollam,Kerala
691579,Kollam,Kerala
691581,Kollam,Kerala
691582,Kollam,Kerala
691583,Kollam,Kerala
691584,Kollam,Kerala
691585,Kollam,Kerala
691589,Kollam,Kerala
691590,Kollam,Kerala
691601,Kollam,Kerala
691602,Kollam,Kerala
695001,Thiruvananthapuram,Kerala
695002,Thiruvananthapuram,Kerala
695003,Thiruvananthapuram,Kerala
695004,Thiruvananthapuram,Kerala
695005,Thiruvananthapuram,Kerala
695006,Thiruvananthapuram,Kerala
695007,Thiruvananthapuram,Kerala
695008,Thiruvananthapuram,Kerala
695009,Thiruvananthapuram,Kerala
695010,Thiruvananthapuram,Kerala
695011,Thiruvananthapuram,Kerala
695012,Thiruvananthapuram,Kerala
695013,Thiruvananthapuram,Kerala
695014,Thiruvananthapuram,Kerala
695015,Thiruvananthapuram,Kerala
695016,Thiruvananthapuram,Kerala
695017,Thiruvananthapuram,Kerala
695018,Thiruvananthapuram,Kerala
695019,Thiruvananthapuram,Kerala
695020,Thiruvananthapuram,Kerala
695021,Thiruvananthapuram,Kerala
695022,Thiruvananthapuram,Kerala
695023,Thiruvananthapuram,Kerala
695024,Thiruvananthapuram,Kerala
695025,Thiruvananthapuram,Kerala
695026,Thiruvananthapuram,Kerala
695027,Thiruvananthapuram,Kerala
695028,Thiruvananthapuram,Kerala
695029,Thiruvananthapuram,Kerala
695030,Thiruvananthapuram,Kerala
695032,Thiruvananthapuram,Kerala
695033,Thiruvananthapuram,Kerala
695034,Thiruvananthapuram,Kerala
695035,Thiruvananthapuram,Kerala
695036,Thiruvananthapuram,Kerala
695038,Thiruvananthapuram,Kerala
695040,Thiruvananthapuram,Kerala
695042,Thiruvananthapuram,Kerala
695043,Thiruvananthapuram,Kerala
695051,Thiruvananthapuram,Kerala
695099,Thiruvananthapuram,Kerala
695101,Thiruvananthapuram,Kerala
695102,Thiruvananthapuram,Kerala
695103,Thiruvananthapuram,Kerala
695104,Thiruvananthapuram,Kerala
695121,Thiruvananthapuram,Kerala
695122,Thiruvananthapuram,Kerala
695123,Thiruvananthapuram,Kerala
695124,Thiruvananthapuram,Kerala
695125,Thiruvananthapuram,Kerala
695126,Thiruvananthapuram,Kerala
695132,Thiruvananthapuram,Kerala
695133,Thiruvananthapuram,Kerala
695134,Thiruvananthapuram,Kerala
695141,Thiruvananthapuram,Kerala
695142,Thiruvananthapuram,Kerala
695143,Thiruvananthapuram,Kerala
695144,Thiruvananthapuram,Kerala
695145,Thiruvananthapuram,Kerala
695146,Thiruvananthapuram,Kerala
695301,Thiruvananthapuram,Kerala
695302,Thiruvananthapuram,Kerala
695303,Thiruvananthapuram,Kerala
695304,Thiruvananthapuram,Kerala
695305,Thiruvananthapuram,Kerala
695306,Thiruvananthapuram,Kerala
695307,Thiruvananthapuram,Kerala
695308,Thiruvananthapuram,Kerala
695309,Thiruvananthapuram,Kerala
695310,Thiruvananthapuram,Kerala
695311,Thiruvananthapuram,Kerala
695312,Thiruvananthapuram,Kerala
695313,Thiruvananthapuram,Kerala
695316,Thiruvananthapuram,Kerala
695317,Thiruvananthapuram,Kerala
695318,Thiruvananthapuram,Kerala
695501,Thiruvananthapuram,Kerala
695502,Thiruvananthapuram,Kerala
695503,Thiruvananthapuram,Kerala
695504,Thiruvananthapuram,Kerala
695505,Thiruvananthapuram,Kerala
695506,Thiruvananthapuram,Kerala
695507,Thiruvananthapuram,Kerala
695508,Thiruvananthapuram,Kerala
695512,Thiruvananthapuram,Kerala
695513,Thiruvananthapuram,Kerala
695521,Thiruvananthapuram,Kerala
695522,Thiruvananthapuram,Kerala
695523,Thiruvananthapuram,Kerala
695524,Thiruvananthapuram,Kerala
695525,Thiruvananthapuram,Kerala
695526,Thiruvananthapuram,Kerala
695527,Thiruvananthapuram,Kerala
695528,Thiruvananthapuram,Kerala
695541,Thiruvananthapuram,Kerala
695542,Thiruvananthapuram,Kerala
695543,Thiruvananthapuram,Kerala
695547,Thiruvananthapuram,Kerala
695551,Thiruvananthapuram,Kerala
695561,Thiruvananthapuram,Kerala
695562,Kollam,Kerala
695562,Thiruvananthapuram,Kerala
695563,Thiruvananthapuram,Kerala
695564,Thiruvananthapuram,Kerala
695568,Thiruvananthapuram,Kerala
695570,Thiruvananthapuram,Kerala
695571,Thiruvananthapuram,Kerala
695572,Thiruvananthapuram,Kerala
695573,Thiruvananthapuram,Kerala
695574,Thiruvananthapuram,Kerala
695575,Thiruvananthapuram,Kerala
695581,Thiruvananthapuram,Kerala
695582,Thiruvananthapuram,Kerala
695583,Thiruvananthapuram,Kerala
695584,Thiruvananthapuram,Kerala
695585,Thiruvananthapuram,Kerala
695586,Thiruvananthapuram,Kerala
695587,Thiruvananthapuram,Kerala
695588,Thiruvananthapuram,Kerala
695589,Thiruvananthapuram,Kerala
695601,Thiruvananthapuram,Kerala
695602,Thiruvananthapuram,Kerala
695603,Thiruvananthapuram,Kerala
695604,Thiruvananthapuram,Kerala
695605,Thiruvananthapuram,Kerala
695606,Thiruvananthapuram,Kerala
695607,Thiruvananthapuram,Kerala
695608,Thiruvananthapuram,Kerala
695609,Thiruvananthapuram,Kerala
695610,Thiruvananthapuram,Kerala
695611,Thiruvananthapuram,Kerala
695612,Thiruvananthapuram,Kerala
695614,Thiruvananthapuram,Kerala
695615,Thiruvananthapuram,Kerala
700001,Kolkata,West Bengal
700002,Kolkata,West Bengal
700003,Kolkata,West Bengal
700004,Kolkata,West Bengal
700005,Kolkata,West Bengal
700006,Kolkata,West Bengal
700007,Kolkata,West Bengal
700008,Kolkata,West Bengal
700009,Kolkata,West Bengal
700010,Kolkata,West Bengal
700011,Kolkata,West Bengal
700012,Kolkata,West Bengal
700013,Kolkata,West Bengal
700014,Kolkata,West Bengal
700015,Kolkata,West Bengal
700016,Kolkata,West Bengal
700017,Kolkata,West Bengal
700018,Kolkata,West Bengal
700019,Kolkata,West Bengal
700020,Kolkata,West Bengal
700021,Kolkata,West Bengal
700022,Kolkata,West Bengal
700023,Kolkata,West Bengal
700023,Murshidabad,West Bengal
700024,Kolkata,West Bengal
700025,Kolkata,West Bengal
700026,Kolkata,West Bengal
700027,Kolkata,West Bengal
700028,24 Paraganas North,West Bengal
700029,Kolkata,West Bengal
700030,24 Paraganas North,West Bengal
700030,Kolkata,West Bengal
700031,Kolkata,West Bengal
700032,Kolkata,West Bengal
700033,Kolkata,West Bengal
700034,Kolkata,West Bengal
700035,24 Paraganas North,West Bengal
700036,24 Paraganas North,West Bengal
700037,Kolkata,West Bengal
700038,Kolkata,West Bengal
700039,Kolkata,West Bengal
700040,Kolkata,West Bengal
700041,Kolkata,West Bengal
700042,Kolkata,West Bengal
700043,Kolkata,West Bengal
700044,Kolkata,West Bengal
700045,Kolkata,West Bengal
700046,Kolkata,West Bengal
700047,Kolkata,West Bengal
700048,24 Paraganas North,West Bengal
700049,24 Paraganas North,West Bengal
700050,Kolkata,West Bengal
700051,24 Paraganas North,West Bengal
700052,24 Paraganas North,West Bengal
700053,Kolkata,West Bengal
700054,Kolkata,West Bengal
700055,24 Paraganas North,West Bengal
700056,24 Paraganas North,West Bengal
700057,24 Paraganas North,West Bengal
700058,24 Paraganas North,West Bengal
700059,24 Paraganas North,West Bengal
700060,Kolkata,West Bengal
700061,Kolkata,West Bengal
700062,Kolkata,West Bengal
700063,Kolkata,West Bengal
700064,24 Paraganas North,West Bengal
700065,24 Paraganas North,West Bengal
700066,Kolkata,West Bengal
700067,Kolkata,West Bengal
700068,Kolkata,West Bengal
700069,Kolkata,West Bengal
700070,24 Paraganas South,West Bengal
700070,Kolkata,West Bengal
700071,Kolkata,West Bengal
700072,Kolkata,West Bengal
700073,Kolkata,West Bengal
700074,24 Paraganas North,West Bengal
700075,Kolkata,West Bengal
700076,24 Paraganas North,West Bengal
700077,24 Paraganas North,West Bengal
700078,Kolkata,West Bengal
700079,24 Paraganas North,West Bengal
700080,24 Paraganas North,West Bengal
700081,24 Paraganas North,West Bengal
700082,Kolkata,West Bengal
700083,24 Paraganas North,West Bengal
700084,24 Paraganas South,West Bengal
700085,Kolkata,West Bengal
700086,Kolkata,West Bengal
700087,Kolkata,West Bengal
700088,Kolkata,West Bengal
700089,24 Paraganas North,West Bengal
700090,24 Paraganas North,West Bengal
700091,24 Paraganas North,West Bengal
700092,Kolkata,West Bengal
700093,24 Paraganas South,West Bengal
700094,Kolkata,West Bengal
700095,Kolkata,West Bengal
700096,24 Paraganas South,West Bengal
700097,24 Paraganas North,West Bengal
700099,Kolkata,West Bengal
700100,Kolkata,West Bengal
700101,24 Paraganas North,West Bengal
700102,24 Paraganas North,West Bengal
700103,24 Paraganas South,West Bengal
700104,24 Paraganas South,West Bengal
700105,24 Paraganas North,West Bengal
700105,Kolkata,West Bengal
700106,24 Paraganas North,West Bengal
700107,Kolkata,West Bengal
700108,24 Paraganas North,West Bengal
700109,24 Paraganas North,West Bengal
700110,24 Paraganas North,West Bengal
700111,24 Paraganas North,West Bengal
700112,24 Paraganas North,West Bengal
700113,24 Paraganas North,West Bengal
700114,24 Paraganas North,West Bengal
700115,24 Paraganas North,West Bengal
700116,24 Paraganas North,West Bengal
700117,24 Paraganas North,West Bengal
700118,24 Paraganas North,West Bengal
700119,24 Paraganas North,West Bengal
700120,24 Paraganas North,West Bengal
700121,24 Paraganas North,West Bengal
700122,24 Paraganas North,West Bengal
700123,24 Paraganas North,West Bengal
700124,24 Paraganas North,West Bengal
700125,24 Paraganas North,West Bengal
700126,24 Paraganas North,West Bengal
700127,24 Paraganas North,West Bengal
700128,24 Paraganas North,West Bengal
700129,24 Paraganas North,West Bengal
700130,24 Paraganas North,West Bengal
700131,24 Paraganas North,West Bengal
700132,24 Paraganas North,West Bengal
700133,24 Paraganas North,West Bengal
700134,24 Paraganas North,West Bengal
700135,24 Paraganas North,West Bengal
700135,24 Paraganas South,West Bengal
700136,24 Paraganas North,West Bengal
700137,24 Paraganas South,West Bengal
700138,24 Paraganas South,West Bengal
700139,24 Paraganas South,West Bengal
700140,24 Paraganas South,West Bengal
700141,24 Paraganas South,West Bengal
700142,24 Paraganas South,West Bengal
700143,24 Paraganas South,West Bengal
700144,24 Paraganas South,West Bengal
700145,24 Paraganas South,West Bengal
700146,24 Paraganas South,West Bengal
700147,24 Paraganas South,West Bengal
700148,24 Paraganas South,West Bengal
700149,24 Paraganas South,West Bengal
700150,24 Paraganas South,West Bengal
700151,24 Paraganas South,West Bengal
700152,24 Paraganas South,West Bengal
700153,24 Paraganas South,West Bengal
700154,24 Paraganas South,West Bengal
700155,24 Paraganas North,West Bengal
700156,24 Paraganas North,West Bengal
700157,24 Paraganas North,West Bengal
700158,24 Paraganas North,West Bengal
700159,24 Paraganas North,West Bengal
700160,24 Paraganas North,West Bengal
700161,24 Paraganas North,West Bengal
700162,24 Paraganas North,West Bengal
700163,24 Paraganas North,West Bengal
711101,Howrah,West Bengal
711102,Howrah,West Bengal
711103,Howrah,West Bengal
711104,Howrah,West Bengal
711105,Howrah,West Bengal
711106,Howrah,West Bengal
711107,Howrah,West Bengal
711108,Howrah,West Bengal
711109,Howrah,West Bengal
711110,Howrah,West Bengal
711111,Howrah,West Bengal
711112,Howrah,West Bengal
711113,Howrah,West Bengal
711114,Howrah,West Bengal
711115,Howrah,West Bengal
711201,Howrah,West Bengal
711202,Howrah,West Bengal
711203,Howrah,West Bengal
711204,Howrah,West Bengal
711205,Howrah,West Bengal
711206,Howrah,West Bengal
711225,Howrah,West Bengal
711226,Howrah,West Bengal
711227,Howrah,West Bengal
711301,Howrah,West Bengal
711302,Howrah,West Bengal
711303,Howrah,West Bengal
711304,Howrah,West Bengal
711305,Howrah,West Bengal
711306,Howrah,West Bengal
711307,Howrah,West Bengal
711308,Howrah,West Bengal
711309,Howrah,West Bengal
711310,Howrah,West Bengal
711312,Howrah,West Bengal
711313,Howrah,West Bengal
711314,Howrah,West Bengal
711315,Howrah,West Bengal
711316,Howrah,West Bengal
711317,Howrah,West Bengal
711322,Howrah,West Bengal
711331,Howrah,West Bengal
711401,Howrah,West Bengal
711403,Howrah,West Bengal
711404,Howrah,West Bengal
711405,Howrah,West Bengal
711408,Howrah,West Bengal
711409,Howrah,West Bengal
711410,Howrah,West Bengal
711411,Howrah,West Bengal
711412,Howrah,West Bengal
711413,Howrah,West Bengal
711414,Howrah,West Bengal
712101,Hooghly,West Bengal
712102,Hooghly,West Bengal
712103,Hooghly,West Bengal
712104,Hooghly,West Bengal
712105,Hooghly,West Bengal
712121,Hooghly,West Bengal
712122,Hooghly,West Bengal
712122,Medinipur West,West Bengal
712123,Hooghly,West Bengal
712124,Hooghly,West Bengal
712125,Hooghly,West Bengal
712134,Hooghly,West Bengal
712134,Purba Bardhaman,West Bengal
712135,Hooghly,West Bengal
712136,Hooghly,West Bengal
712137,Hooghly,West Bengal
712138,Hooghly,West Bengal
712139,Hooghly,West Bengal
712146,Hooghly,West Bengal
712146,Purba Bardhaman,West Bengal
712147,Hooghly,West Bengal
712148,Hooghly,West Bengal
712149,Hooghly,West Bengal
712152,Hooghly,West Bengal
712201,Hooghly,West Bengal
712202,Hooghly,West Bengal
712203,Hooghly,West Bengal
712204,Hooghly,West Bengal
712221,Hooghly,West Bengal
712222,Hooghly,West Bengal
712223,Hooghly,West Bengal
712232,Hooghly,West Bengal
712233,Hooghly,West Bengal
712234,Hooghly,West Bengal
712235,Hooghly,West Bengal
712245,Hooghly,West Bengal
712246,Hooghly,West Bengal
712248,Hooghly,West Bengal
712249,Hooghly,West Bengal
712250,Hooghly,West Bengal
712258,Hooghly,West Bengal
712301,Hooghly,West Bengal
712302,Hooghly,West Bengal
712303,Hooghly,West Bengal
712304,Hooghly,West Bengal
712305,Hooghly,West Bengal
712306,Hooghly,West Bengal
712308,Hooghly,West Bengal
712308,Purba Bardhaman,West Bengal
712310,Hooghly,West Bengal
712311,Hooghly,West Bengal
712401,Hooghly,West Bengal
712401,Howrah,West Bengal
712402,Hooghly,West Bengal
712402,Purba Bardhaman,West Bengal
712403,Hooghly,West Bengal
712404,Hooghly,West Bengal
712405,Hooghly,West Bengal
712406,Hooghly,West Bengal
712407,Hooghly,West Bengal
712408,Hooghly,West Bengal
712408,Howrah,West Bengal
712409,Hooghly,West Bengal
712410,Hooghly,West Bengal
712410,Purba Bardhaman,West Bengal
712412,Hooghly,West Bengal
712413,Hooghly,West Bengal
712413,Purba Bardhaman,West Bengal
712414,Hooghly,West Bengal
712415,Hooghly,West Bengal
712416,Hooghly,West Bengal
712417,Hooghly,West Bengal
712501,Hooghly,West Bengal
712502,Hooghly,West Bengal
712503,Hooghly,West Bengal
712504,Hooghly,West Bengal
712512,Hooghly,West Bengal
712512,Purba Bardhaman,West Bengal
712513,Hooghly,West Bengal
712514,Hooghly,West Bengal
712515,Hooghly,West Bengal
712601,Hooghly,West Bengal
712602,Hooghly,West Bengal
712611,Hooghly,West Bengal
712612,Hooghly,West Bengal
712613,Hooghly,West Bengal
712614,Hooghly,West Bengal
712615,Hooghly,West Bengal
712616,Hooghly,West Bengal
712617,Hooghly,West Bengal
712701,Hooghly,West Bengal
712702,Hooghly,West Bengal
712706,Hooghly,West Bengal
713101,Purba Bardhaman,West Bengal
713102,Purba Bardhaman,West Bengal
713103,Purba Bardhaman,West Bengal
713104,Purba Bardhaman,West Bengal
713121,Purba Bardhaman,West Bengal
713122,Purba Bardhaman,West Bengal
713123,Murshidabad,West Bengal
713123,Purba Bardhaman,West Bengal
713124,Purba Bardhaman,West Bengal
713125,Purba Bardhaman,West Bengal
713126,Purba Bardhaman,West Bengal
713127,Purba Bardhaman,West Bengal
713128,Purba Bardhaman,West Bengal
713129,Birbhum,West Bengal
713129,Murshidabad,West Bengal
713129,Purba Bardhaman,West Bengal
713130,Purba Bardhaman,West Bengal
713131,Purba Bardhaman,West Bengal
713132,Purba Bardhaman,West Bengal
713140,Purba Bardhaman,West Bengal
713141,Purba Bardhaman,West Bengal
713142,Bankura,West Bengal
713142,Purba Bardhaman,West Bengal
713143,Birbhum,West Bengal
713143,Purba Bardhaman,West Bengal
713144,Purba Bardhaman,West Bengal
713145,Purba Bardhaman,West Bengal
713146,Purba Bardhaman,West Bengal
713147,Purba Bardhaman,West Bengal
713148,Paschim Bardhaman,West Bengal
713148,Purba Bardhaman,West Bengal
713149,Purba Bardhaman,West Bengal
713150,Purba Bardhaman,West Bengal
713151,Purba Bardhaman,West Bengal
713152,Purba Bardhaman,West Bengal
713153,Purba Bardhaman,West Bengal
713154,Purba Bardhaman,West Bengal
713166,Purba Bardhaman,West Bengal
713201,Paschim Bardhaman,West Bengal
713202,Paschim Bardhaman,West Bengal
713203,Paschim Bardhaman,West Bengal
713204,Paschim Bardhaman,West Bengal
713205,Paschim Bardhaman,West Bengal
713206,Paschim Bardhaman,West Bengal
713207,Paschim Bardhaman,West Bengal
713208,Paschim Bardhaman,West Bengal
713209,Paschim Bardhaman,West Bengal
713210,Paschim Bardhaman,West Bengal
713211,Paschim Bardhaman,West Bengal
713212,Paschim Bardhaman,West Bengal
713213,Paschim Bardhaman,West Bengal
713214,Paschim Bardhaman,West Bengal
713215,Paschim Bardhaman,West Bengal
713216,Paschim Bardhaman,West Bengal
713217,Paschim Bardhaman,West Bengal
713301,Paschim Bardhaman,West Bengal
713302,Paschim Bardhaman,West Bengal
713303,Paschim Bardhaman,West Bengal
713304,Paschim Bardhaman,West Bengal
713305,Paschim Bardhaman,West Bengal
713315,Paschim Bardhaman,West Bengal
713321,Paschim Bardhaman,West Bengal
713322,Paschim Bardhaman,West Bengal
713323,Paschim Bardhaman,West Bengal
713324,Paschim Bardhaman,West Bengal
713325,Paschim Bardhaman,West Bengal
713326,Paschim Bardhaman,West Bengal
713330,Paschim Bardhaman,West Bengal
713331,Paschim Bardhaman,West Bengal
713332,Paschim Bardhaman,West Bengal
713333,Paschim Bardhaman,West Bengal
713334,Paschim Bardhaman,West Bengal
713335,Paschim Bardhaman,West Bengal
713336,Paschim Bardhaman,West Bengal
713337,Paschim Bardhaman,West Bengal
713338,Paschim Bardhaman,West Bengal
713339,Paschim Bardhaman,West Bengal
713340,Paschim Bardhaman,West Bengal
713341,Paschim Bardhaman,West Bengal
713342,Paschim Bardhaman,West Bengal
713343,Paschim Bardhaman,West Bengal
713344,Paschim Bardhaman,West Bengal
713346,Paschim Bardhaman,West Bengal
713347,Paschim Bardhaman,West Bengal
713357,Paschim Bardhaman,West Bengal
713358,Paschim Bardhaman,West Bengal
713359,Paschim Bardhaman,West Bengal
713360,Paschim Bardhaman,West Bengal
713361,Paschim Bardhaman,West Bengal
713362,Paschim Bardhaman,West Bengal
713363,Paschim Bardhaman,West Bengal
713365,Paschim Bardhaman,West Bengal
713369,Paschim Bardhaman,West Bengal
713370,Paschim Bardhaman,West Bengal
713371,Paschim Bardhaman,West Bengal
713372,Paschim Bardhaman,West Bengal
713373,Paschim Bardhaman,West Bengal
713376,Paschim Bardhaman,West Bengal
713378,Paschim Bardhaman,West Bengal
713381,Paschim Bardhaman,West Bengal
713384,Paschim Bardhaman,West Bengal
713385,Paschim Bardhaman,West Bengal
713386,Paschim Bardhaman,West Bengal
713401,Purba Bardhaman,West Bengal
713403,Purba Bardhaman,West Bengal
713404,Purba Bardhaman,West Bengal
713405,Purba Bardhaman,West Bengal
713406,Purba Bardhaman,West Bengal
713407,Purba Bardhaman,West Bengal
713408,Purba Bardhaman,West Bengal
713409,Purba Bardhaman,West Bengal
713420,Purba Bardhaman,West Bengal
713421,Purba Bardhaman,West Bengal
713422,Purba Bardhaman,West Bengal
713423,Purba Bardhaman,West Bengal
713424,Purba Bardhaman,West Bengal
713426,Purba Bardhaman,West Bengal
713427,Hooghly,West Bengal
713427,Purba Bardhaman,West Bengal
713428,Purba Bardhaman,West Bengal
713502,Nadia,West Bengal
713502,Purba Bardhaman,West Bengal
713512,Purba Bardhaman,West Bengal
713513,Purba Bardhaman,West Bengal
713514,Purba Bardhaman,West Bengal
713515,Purba Bardhaman,West Bengal
713519,Nadia,West Bengal
713519,Purba Bardhaman,West Bengal
713520,Purba Bardhaman,West Bengal
721101,Medinipur West,West Bengal
721102,Medinipur West,West Bengal
721121,Jhargram,West Bengal
721121,Medinipur West,West Bengal
721122,Medinipur West,West Bengal
721124,Medinipur West,West Bengal
721125,Jhargram,West Bengal
721126,Medinipur West,West Bengal
721127,Medinipur West,West Bengal
721128,Jhargram,West Bengal
721128,Medinipur West,West Bengal
721129,Medinipur West,West Bengal
721130,Medinipur East,West Bengal
721130,Medinipur West,West Bengal
721131,Medinipur East,West Bengal
721131,Medinipur West,West Bengal
721132,Medinipur West,West Bengal
721133,Medinipur West,West Bengal
721134,Medinipur East,West Bengal
721135,Jhargram,West Bengal
721135,Medinipur West,West Bengal
721136,Medinipur West,West Bengal
721137,Medinipur East,West Bengal
721139,Medinipur East,West Bengal
721139,Medinipur West,West Bengal
721140,Medinipur West,West Bengal
721143,Jhargram,West Bengal
721144,Medinipur East,West Bengal
721144,Medinipur West,West Bengal
721145,Medinipur West,West Bengal
721146,Medinipur West,West Bengal
721147,Medinipur West,West Bengal
721148,Medinipur West,West Bengal
721149,Medinipur West,West Bengal
721150,Medinipur West,West Bengal
721151,Medinipur East,West Bengal
721152,Medinipur East,West Bengal
721152,Medinipur West,West Bengal
721153,Medinipur West,West Bengal
721154,Medinipur East,West Bengal
721154,Medinipur West,West Bengal
721155,Medinipur West,West Bengal
721156,Medinipur West,West Bengal
721157,Medinipur West,West Bengal
721158,Medinipur East,West Bengal
721159,Jhargram,West Bengal
721160,Medinipur West,West Bengal
721161,Medinipur West,West Bengal
721166,Medinipur West,West Bengal
721171,Medinipur East,West Bengal
721172,Medinipur East,West Bengal
721201,Medinipur West,West Bengal
721211,Medinipur West,West Bengal
721212,Hooghly,West Bengal
721212,Medinipur West,West Bengal
721222,Medinipur West,West Bengal
721232,Medinipur West,West Bengal
721242,Medinipur West,West Bengal
721253,Medinipur West,West Bengal
721260,Medinipur West,West Bengal
721301,Medinipur West,West Bengal
721302,Medinipur West,West Bengal
721303,Medinipur West,West Bengal
721304,Medinipur West,West Bengal
721305,Medinipur West,West Bengal
721306,Medinipur West,West Bengal
721401,Medinipur East,West Bengal
721402,Medinipur East,West Bengal
721403,Medinipur East,West Bengal
721404,Medinipur East,West Bengal
721405,Medinipur East,West Bengal
721406,Medinipur East,West Bengal
721420,Medinipur East,West Bengal
721420,Medinipur West,West Bengal
721422,Medinipur East,West Bengal
721423,Medinipur East,West Bengal
721424,Medinipur West,West Bengal
721425,Medinipur East,West Bengal
721426,Medinipur West,West Bengal
721427,Medinipur East,West Bengal
721428,Medinipur East,West Bengal
721429,Medinipur East,West Bengal
721430,Medinipur East,West Bengal
721431,Medinipur East,West Bengal
721432,Medinipur East,West Bengal
721433,Medinipur East,West Bengal
721434,Medinipur East,West Bengal
721435,Medinipur West,West Bengal
721436,Medinipur West,West Bengal
721437,Medinipur West,West Bengal
721438,Medinipur East,West Bengal
721439,Medinipur East,West Bengal
721440,Medinipur East,West Bengal
721441,Medinipur East,West Bengal
721442,Medinipur East,West Bengal
721443,Medinipur East,West Bengal
721443,Medinipur West,West Bengal
721444,Medinipur East,West Bengal
721445,Medinipur West,West Bengal
721446,Medinipur East,West Bengal
721447,Medinipur East,West Bengal
721448,Medinipur East,West Bengal
721449,Medinipur East,West Bengal
721450,Medinipur East,West Bengal
721451,Medinipur West,West Bengal
721452,Medinipur East,West Bengal
721453,Medinipur East,West Bengal
721454,Medinipur East,West Bengal
721455,Medinipur East,West Bengal
721456,Medinipur East,West Bengal
721457,Medinipur West,West Bengal
721458,Medinipur East,West Bengal
721463,Medinipur East,West Bengal
721467,Medinipur West,West Bengal
721501,Jhargram,West Bengal
721503,Jhargram,West Bengal
721504,Bankura,West Bengal
721504,Jhargram,West Bengal
721505,Jhargram,West Bengal
721506,Jhargram,West Bengal
721507,Jhargram,West Bengal
721513,Jhargram,West Bengal
721513,Medinipur West,West Bengal
721514,Jhargram,West Bengal
721515,Jhargram,West Bengal
721516,Jhargram,West Bengal
721516,Medinipur West,West Bengal
721517,Jhargram,West Bengal
721601,Medinipur East,West Bengal
721602,Medinipur East,West Bengal
721603,Medinipur East,West Bengal
721604,Medinipur East,West Bengal
721606,Medinipur East,West Bengal
721607,Medinipur East,West Bengal
721624,Medinipur East,West Bengal
721625,Medinipur East,West Bengal
721626,Medinipur East,West Bengal
721627,Medinipur East,West Bengal
721628,Medinipur East,West Bengal
721629,Medinipur East,West Bengal
721631,Medinipur East,West Bengal
721632,Medinipur East,West Bengal
721633,Medinipur East,West Bengal
721634,Medinipur East,West Bengal
721635,Medinipur East,West Bengal
721636,Medinipur East,West Bengal
721637,Medinipur East,West Bengal
721638,Medinipur East,West Bengal
721641,Medinipur East,West Bengal
721641,Medinipur West,West Bengal
721642,Medinipur East,West Bengal
721643,Medinipur East,West Bengal
721644,Medinipur East,West Bengal
721645,Medinipur East,West Bengal
721646,Medinipur East,West Bengal
721647,Medinipur East,West Bengal
721648,Medinipur East,West Bengal
721649,Medinipur East,West Bengal
721650,Medinipur East,West Bengal
721651,Medinipur East,West Bengal
721652,Medinipur East,West Bengal
721653,Medinipur East,West Bengal
721654,Medinipur East,West Bengal
721655,Medinipur East,West Bengal
721656,Medinipur East,West Bengal
721657,Medinipur East,West Bengal
721658,Medinipur East,West Bengal
721659,Medinipur East,West Bengal
722101,Bankura,West Bengal
722102,Bankura,West Bengal
722121,Bankura,West Bengal
722122,Bankura,West Bengal
722132,Bankura,West Bengal
722133,Bankura,West Bengal
722134,Bankura,West Bengal
722135,Bankura,West Bengal
722136,Bankura,West Bengal
722137,Bankura,West Bengal
722138,Bankura,West Bengal
722139,Bankura,West Bengal
722140,Bankura,West Bengal
722141,Bankura,West Bengal
722142,Bankura,West Bengal
722143,Bankura,West Bengal
722144,Bankura,West Bengal
722146,Bankura,West Bengal
722147,Bankura,West Bengal
722148,Bankura,West Bengal
722149,Bankura,West Bengal
722150,Bankura,West Bengal
722151,Bankura,West Bengal
722152,Bankura,West Bengal
722153,Bankura,West Bengal
722154,Bankura,West Bengal
722155,Bankura,West Bengal
722156,Bankura,West Bengal
722157,Bankura,West Bengal
722158,Bankura,West Bengal
722160,Bankura,West Bengal
722161,Bankura,West Bengal
722162,Bankura,West Bengal
722164,Bankura,West Bengal
722173,Bankura,West Bengal
722176,Bankura,West Bengal
722183,Bankura,West Bengal
722201,Bankura,West Bengal
722202,Bankura,West Bengal
722203,Bankura,West Bengal
722204,Bankura,West Bengal
722205,Bankura,West Bengal
722206,Bankura,West Bengal
722207,Bankura,West Bengal
722208,Bankura,West Bengal
723101,Purulia,West Bengal
723102,Purulia,West Bengal
723103,Purulia,West Bengal
723104,Purulia,West Bengal
723121,Purulia,West Bengal
723126,Purulia,West Bengal
723127,Purulia,West Bengal
723128,Purulia,West Bengal
723129,Purulia,West Bengal
723130,Purulia,West Bengal
723131,Purulia,West Bengal
723132,Purulia,West Bengal
723133,Purulia,West Bengal
723134,Purulia,West Bengal
723142,Purulia,West Bengal
723143,Purulia,West Bengal
723145,Purulia,West Bengal
723146,Purulia,West Bengal
723147,Purulia,West Bengal
723148,Purulia,West Bengal
723149,Purulia,West Bengal
723151,Purulia,West Bengal
723152,Purulia,West Bengal
723153,Purulia,West Bengal
723154,Purulia,West Bengal
723155,Purulia,West Bengal
723156,Purulia,West Bengal
723201,Purulia,West Bengal
723202,Purulia,West Bengal
723212,Purulia,West Bengal
723213,Purulia,West Bengal
723215,Purulia,West Bengal
731101,Birbhum,West Bengal
731102,Birbhum,West Bengal
731103,Birbhum,West Bengal
731104,Birbhum,West Bengal
731121,Birbhum,West Bengal
731123,Birbhum,West Bengal
731124,Birbhum,West Bengal
731125,Birbhum,West Bengal
731126,Birbhum,West Bengal
731127,Birbhum,West Bengal
731129,Birbhum,West Bengal
731130,Birbhum,West Bengal
731132,Birbhum,West Bengal
731133,Birbhum,West Bengal
731201,Birbhum,West Bengal
731202,Birbhum,West Bengal
731204,Birbhum,West Bengal
731214,Birbhum,West Bengal
731214,Purba Bardhaman,West Bengal
731215,Birbhum,West Bengal
731215,Purba Bardhaman,West Bengal
731216,Birbhum,West Bengal
731218,Birbhum,West Bengal
731219,Birbhum,West Bengal
731219,Murshidabad,West Bengal
731220,Birbhum,West Bengal
731221,Birbhum,West Bengal
731221,Murshidabad,West Bengal
731222,Birbhum,West Bengal
731222,Murshidabad,West Bengal
731223,Birbhum,West Bengal
731224,Birbhum,West Bengal
731233,Birbhum,West Bengal
731234,Birbhum,West Bengal
731235,Birbhum,West Bengal
731236,Birbhum,West Bengal
731237,Birbhum,West Bengal
731238,Birbhum,West Bengal
731240,Birbhum,West Bengal
731241,Birbhum,West Bengal
731241,Murshidabad,West Bengal
731242,Birbhum,West Bengal
731243,Birbhum,West Bengal
731244,Birbhum,West Bengal
731244,Murshidabad,West Bengal
731245,Birbhum,West Bengal
731301,Birbhum,West Bengal
731302,Birbhum,West Bengal
731303,Birbhum,West Bengal
731304,Birbhum,West Bengal
732101,Maldah,West Bengal
732102,Maldah,West Bengal
732103,Maldah,West Bengal
732121,Maldah,West Bengal
732122,Maldah,West Bengal
732123,Maldah,West Bengal
732124,Maldah,West Bengal
732125,Maldah,West Bengal
732126,Maldah,West Bengal
732127,Maldah,West Bengal
732128,Maldah,West Bengal
732138,Maldah,West Bengal
732139,Maldah,West Bengal
732140,Maldah,West Bengal
732141,Maldah,West Bengal
732142,Maldah,West Bengal
732144,Maldah,West Bengal
732201,Maldah,West Bengal
732202,Maldah,West Bengal
732203,Maldah,West Bengal
732204,Maldah,West Bengal
732205,Maldah,West Bengal
732206,Maldah,West Bengal
732207,Maldah,West Bengal
732208,Maldah,West Bengal
732209,Maldah,West Bengal
732210,Maldah,West Bengal
732215,Maldah,West Bengal
732216,Maldah,West Bengal
733101,Dinajpur Dakshin,West Bengal
733102,Dinajpur Dakshin,West Bengal
733103,Dinajpur Dakshin,West Bengal
733121,Dinajpur Dakshin,West Bengal
733123,Dinajpur Uttar,West Bengal
733124,Dinajpur Dakshin,West Bengal
733124,Maldah,West Bengal
733125,Dinajpur Dakshin,West Bengal
733125,Dinajpur Uttar,West Bengal
733126,Dinajpur Dakshin,West Bengal
733127,Dinajpur Dakshin,West Bengal
733128,Dinajpur Dakshin,West Bengal
733128,Dinajpur Uttar,West Bengal
733129,Dinajpur Uttar,West Bengal
733130,Dinajpur Uttar,West Bengal
733132,Dinajpur Dakshin,West Bengal
733132,Dinajpur Uttar,West Bengal
733133,Dinajpur Dakshin,West Bengal
733134,Dinajpur Uttar,West Bengal
733140,Dinajpur Dakshin,West Bengal
733141,Dinajpur Dakshin,West Bengal
733142,Dinajpur Dakshin,West Bengal
733142,Maldah,West Bengal
733143,Dinajpur Uttar,West Bengal
733145,Dinajpur Dakshin,West Bengal
733156,Dinajpur Uttar,West Bengal
733158,Dinajpur Dakshin,West Bengal
733158,Dinajpur Uttar,West Bengal
733201,Dinajpur Uttar,West Bengal
733202,Dinajpur Uttar,West Bengal
733207,Dinajpur Uttar,West Bengal
733208,Dinajpur Uttar,West Bengal
733209,Dinajpur Uttar,West Bengal
733210,Dinajpur Uttar,West Bengal
733215,Dinajpur Uttar,West Bengal
734001,Darjeeling,West Bengal
734001,Jalpaiguri,West Bengal
734002,Darjeeling,West Bengal
734003,Darjeeling,West Bengal
734004,Darjeeling,West Bengal
734004,Jalpaiguri,West Bengal
734005,Darjeeling,West Bengal
734006,Jalpaiguri,West Bengal
734007,Jalpaiguri,West Bengal
734008,Darjeeling,West Bengal
734008,Kalimpong,West Bengal
734009,Darjeeling,West Bengal
734010,Darjeeling,West Bengal
734011,Darjeeling,West Bengal
734012,Darjeeling,West Bengal
734013,Darjeeling,West Bengal
734014,Darjeeling,West Bengal
734015,Jalpaiguri,West Bengal
734101,Darjeeling,West Bengal
734102,Darjeeling,West Bengal
734103,Darjeeling,West Bengal
734104,Darjeeling,West Bengal
734105,Darjeeling,West Bengal
734201,Darjeeling,West Bengal
734203,Darjeeling,West Bengal
734204,Darjeeling,West Bengal
734209,Darjeeling,West Bengal
734213,Darjeeling,West Bengal
734214,Darjeeling,West Bengal
734215,Darjeeling,West Bengal
734216,Darjeeling,West Bengal
734217,Darjeeling,West Bengal
734218,Darjeeling,West Bengal
734220,Darjeeling,West Bengal
734221,Darjeeling,West Bengal
734222,Darjeeling,West Bengal
734223,Darjeeling,West Bengal
734224,Darjeeling,West Bengal
734226,Darjeeling,West Bengal
734301,Kalimpong,West Bengal
734311,Kalimpong,West Bengal
734312,Darjeeling,West Bengal
734312,Kalimpong,West Bengal
734313,Darjeeling,West Bengal
734314,Kalimpong,West Bengal
734315,Kalimpong,West Bengal
734316,Kalimpong,West Bengal
734421,Darjeeling,West Bengal
734423,Darjeeling,West Bengal
734424,Darjeeling,West Bengal
734425,Darjeeling,West Bengal
734426,Darjeeling,West Bengal
734427,Darjeeling,West Bengal
734429,Darjeeling,West Bengal
734434,Darjeeling,West Bengal
734501,Darjeeling,West Bengal
734501,Jalpaiguri,West Bengal
734503,Kalimpong,West Bengal
735101,Jalpaiguri,West Bengal
735102,Jalpaiguri,West Bengal
735121,Jalpaiguri,West Bengal
735122,Coochbehar,West Bengal
735122,Jalpaiguri,West Bengal
735132,Jalpaiguri,West Bengal
735133,Jalpaiguri,West Bengal
735134,Jalpaiguri,West Bengal
735135,Jalpaiguri,West Bengal
735202,Jalpaiguri,West Bengal
735203,Jalpaiguri,West Bengal
735204,Alipurduar,West Bengal
735205,Jalpaiguri,West Bengal
735206,Jalpaiguri,West Bengal
735206,Kalimpong,West Bengal
735207,Jalpaiguri,West Bengal
735208,Alipurduar,West Bengal
735209,Jalpaiguri,West Bengal
735210,Coochbehar,West Bengal
735210,Jalpaiguri,West Bengal
735211,Alipurduar,West Bengal
735211,Coochbehar,West Bengal
735212,Jalpaiguri,West Bengal
735213,Alipurduar,West Bengal
735214,Alipurduar,West Bengal
735215,Alipurduar,West Bengal
735216,Alipurduar,West Bengal
735216,Jalpaiguri,West Bengal
735217,Alipurduar,West Bengal
735218,Jalpaiguri,West Bengal
735219,Jalpaiguri,West Bengal
735220,Alipurduar,West Bengal
735221,Jalpaiguri,West Bengal
735222,Jalpaiguri,West Bengal
735223,Jalpaiguri,West Bengal
735223,Kalimpong,West Bengal
735224,Coochbehar,West Bengal
735224,Jalpaiguri,West Bengal
735225,Jalpaiguri,West Bengal
735226,Alipurduar,West Bengal
735227,Alipurduar,West Bengal
735228,Alipurduar,West Bengal
735228,Jalpaiguri,West Bengal
735229,Jalpaiguri,West Bengal
735230,Jalpaiguri,West Bengal
735231,Darjeeling,West Bengal
735231,Kalimpong,West Bengal
735232,Jalpaiguri,West Bengal
735233,Jalpaiguri,West Bengal
735234,Jalpaiguri,West Bengal
735301,Coochbehar,West Bengal
735302,Jalpaiguri,West Bengal
735303,Coochbehar,West Bengal
735304,Coochbehar,West Bengal
735305,Jalpaiguri,West Bengal
736101,Coochbehar,West Bengal
736121,Alipurduar,West Bengal
736121,Coochbehar,West Bengal
736122,Alipurduar,West Bengal
736123,Alipurduar,West Bengal
736131,Coochbehar,West Bengal
736133,Coochbehar,West Bengal
736134,Coochbehar,West Bengal
736135,Coochbehar,West Bengal
736145,Coochbehar,West Bengal
736146,Coochbehar,West Bengal
736156,Coochbehar,West Bengal
736157,Coochbehar,West Bengal
736158,Coochbehar,West Bengal
736159,Coochbehar,West Bengal
736160,Coochbehar,West Bengal
736165,Coochbehar,West Bengal
736167,Coochbehar,West Bengal
736168,Coochbehar,West Bengal
736169,Coochbehar,West Bengal
736170,Coochbehar,West Bengal
736171,Coochbehar,West Bengal
736172,Coochbehar,West Bengal
736176,Coochbehar,West Bengal
736179,Coochbehar,West Bengal
736182,Alipurduar,West Bengal
736201,Alipurduar,West Bengal
736202,Alipurduar,West Bengal
736203,Alipurduar,West Bengal
736204,Alipurduar,West Bengal
736205,Alipurduar,West Bengal
736206,Alipurduar,West Bengal
736207,Alipurduar,West Bengal
736207,Coochbehar,West Bengal
736208,Alipurduar,West Bengal
737101,East District,Sikkim
737102,East District,Sikkim
737103,East District,Sikkim
737103,North District,Sikkim
737106,Pakyong,Sikkim
737107,East District,Sikkim
737107,North District,Sikkim
737111,West District,Sikkim
737113,Soreng,Sikkim
737113,West District,Sikkim
737116,North District,Sikkim
737120,North District,Sikkim
737121,South District,Sikkim
737121,West District,Sikkim
737126,South District,Sikkim
737128,South District,Sikkim
737131,Pakyong,Sikkim
737132,Pakyong,Sikkim
737132,South District,Sikkim
737133,Pakyong,Sikkim
737134,East District,Sikkim
737134,South District,Sikkim
737135,East District,Sikkim
737136,East District,Sikkim
737139,South District,Sikkim
741101,Nadia,West Bengal
741102,Nadia,West Bengal
741103,Nadia,West Bengal
741121,Nadia,West Bengal
741122,Nadia,West Bengal
741123,Nadia,West Bengal
741124,Nadia,West Bengal
741125,Nadia,West Bengal
741126,Nadia,West Bengal
741127,Nadia,West Bengal
741137,Nadia,West Bengal
741138,Nadia,West Bengal
741139,Nadia,West Bengal
741140,Nadia,West Bengal
741150,Nadia,West Bengal
741151,Nadia,West Bengal
741152,Nadia,West Bengal
741153,Nadia,West Bengal
741154,Nadia,West Bengal
741155,Nadia,West Bengal
741156,Murshidabad,West Bengal
741156,Nadia,West Bengal
741157,Nadia,West Bengal
741158,Nadia,West Bengal
741159,Nadia,West Bengal
741160,Nadia,West Bengal
741161,Nadia,West Bengal
741162,Nadia,West Bengal
741163,Nadia,West Bengal
741164,Nadia,West Bengal
741165,Nadia,West Bengal
741166,Nadia,West Bengal
741167,Nadia,West Bengal
741181,Nadia,West Bengal
741201,Nadia,West Bengal
741202,Nadia,West Bengal
741221,Nadia,West Bengal
741222,Nadia,West Bengal
741223,Nadia,West Bengal
741232,Nadia,West Bengal
741234,Nadia,West Bengal
741235,Nadia,West Bengal
741238,Nadia,West Bengal
741245,Nadia,West Bengal
741246,Nadia,West Bengal
741247,Nadia,West Bengal
741248,Nadia,West Bengal
741249,Nadia,West Bengal
741250,Nadia,West Bengal
741251,Nadia,West Bengal
741252,Nadia,West Bengal
741253,Nadia,West Bengal
741254,Nadia,West Bengal
741255,Nadia,West Bengal
741256,Nadia,West Bengal
741257,Nadia,West Bengal
741301,Nadia,West Bengal
741302,Nadia,West Bengal
741313,Nadia,West Bengal
741315,Nadia,West Bengal
741316,Nadia,West Bengal
741316,Purba Bardhaman,West Bengal
741317,Nadia,West Bengal
741319,Purba Bardhaman,West Bengal
741401,Nadia,West Bengal
741402,Nadia,West Bengal
741404,Nadia,West Bengal
741501,Nadia,West Bengal
741502,Nadia,West Bengal
741503,Nadia,West Bengal
741504,Nadia,West Bengal
741505,Nadia,West Bengal
741506,Nadia,West Bengal
741507,Nadia,West Bengal
741508,Nadia,West Bengal
741509,Nadia,West Bengal
742101,Murshidabad,West Bengal
742102,Murshidabad,West Bengal
742103,Murshidabad,West Bengal
742104,Murshidabad,West Bengal
742113,Murshidabad,West Bengal
742121,Murshidabad,West Bengal
742121,Nadia,West Bengal
742122,Murshidabad,West Bengal
742123,Murshidabad,West Bengal
742132,Murshidabad,West Bengal
742133,Murshidabad,West Bengal
742134,Murshidabad,West Bengal
742135,Murshidabad,West Bengal
742136,Murshidabad,West Bengal
742137,Murshidabad,West Bengal
742138,Murshidabad,West Bengal
742140,Murshidabad,West Bengal
742147,Murshidabad,West Bengal
742148,Murshidabad,West Bengal
742149,Murshidabad,West Bengal
742151,Murshidabad,West Bengal
742159,Murshidabad,West Bengal
742160,Murshidabad,West Bengal
742161,Murshidabad,West Bengal
742163,Murshidabad,West Bengal
742164,Murshidabad,West Bengal
742165,Murshidabad,West Bengal
742166,Murshidabad,West Bengal
742168,Murshidabad,West Bengal
742174,Murshidabad,West Bengal
742175,Murshidabad,West Bengal
742184,Murshidabad,West Bengal
742187,Murshidabad,West Bengal
742189,Murshidabad,West Bengal
742201,Murshidabad,West Bengal
742202,Maldah,West Bengal
742202,Murshidabad,West Bengal
742212,Murshidabad,West Bengal
742213,Murshidabad,West Bengal
742223,Murshidabad,West Bengal
742224,Murshidabad,West Bengal
742225,Murshidabad,West Bengal
742226,Murshidabad,West Bengal
742227,Murshidabad,West Bengal
742235,Murshidabad,West Bengal
742236,Murshidabad,West Bengal
742237,Murshidabad,West Bengal
742238,Murshidabad,West Bengal
742301,Murshidabad,West Bengal
742302,Murshidabad,West Bengal
742303,Murshidabad,West Bengal
742304,Murshidabad,West Bengal
742305,Murshidabad,West Bengal
742306,Murshidabad,West Bengal
742308,Murshidabad,West Bengal
742401,Murshidabad,West Bengal
742402,Murshidabad,West Bengal
742404,Murshidabad,West Bengal
742405,Murshidabad,West Bengal
742406,Murshidabad,West Bengal
742407,Murshidabad,West Bengal
742408,Murshidabad,West Bengal
742409,Murshidabad,West Bengal
742410,Murshidabad,West Bengal
743122,24 Paraganas North,West Bengal
743123,24 Paraganas North,West Bengal
743124,24 Paraganas North,West Bengal
743125,24 Paraganas North,West Bengal
743126,24 Paraganas North,West Bengal
743127,24 Paraganas North,West Bengal
743128,24 Paraganas North,West Bengal
743129,24 Paraganas North,West Bengal
743130,24 Paraganas North,West Bengal
743133,24 Paraganas North,West Bengal
743134,24 Paraganas North,West Bengal
743135,24 Paraganas North,West Bengal
743136,24 Paraganas North,West Bengal
743144,24 Paraganas North,West Bengal
743145,24 Paraganas North,West Bengal
743165,24 Paraganas North,West Bengal
743166,24 Paraganas North,West Bengal
743193,24 Paraganas North,West Bengal
743194,24 Paraganas North,West Bengal
743221,24 Paraganas North,West Bengal
743222,24 Paraganas North,West Bengal
743223,24 Paraganas North,West Bengal
743232,24 Paraganas North,West Bengal
743233,24 Paraganas North,West Bengal
743234,24 Paraganas North,West Bengal
743235,24 Paraganas North,West Bengal
743245,24 Paraganas North,West Bengal
743247,24 Paraganas North,West Bengal
743248,24 Paraganas North,West Bengal
743249,24 Paraganas North,West Bengal
743251,24 Paraganas North,West Bengal
743252,24 Paraganas North,West Bengal
743262,24 Paraganas North,West Bengal
743263,24 Paraganas North,West Bengal
743268,24 Paraganas North,West Bengal
743270,24 Paraganas North,West Bengal
743271,24 Paraganas North,West Bengal
743272,24 Paraganas North,West Bengal
743273,24 Paraganas North,West Bengal
743286,24 Paraganas North,West Bengal
743287,24 Paraganas North,West Bengal
743289,24 Paraganas North,West Bengal
743290,24 Paraganas North,West Bengal
743291,24 Paraganas North,West Bengal
743292,24 Paraganas North,West Bengal
743293,24 Paraganas North,West Bengal
743294,24 Paraganas North,West Bengal
743297,24 Paraganas North,West Bengal
743312,24 Paraganas South,West Bengal
743318,24 Paraganas South,West Bengal
743329,24 Paraganas North,West Bengal
743329,24 Paraganas South,West Bengal
743330,24 Paraganas South,West Bengal
743331,24 Paraganas South,West Bengal
743332,24 Paraganas South,West Bengal
743336,24 Paraganas South,West Bengal
743337,24 Paraganas South,West Bengal
743338,24 Paraganas South,West Bengal
743345,24 Paraganas South,West Bengal
743347,24 Paraganas South,West Bengal
743348,24 Paraganas South,West Bengal
743349,24 Paraganas South,West Bengal
743351,24 Paraganas South,West Bengal
743354,24 Paraganas South,West Bengal
743355,24 Paraganas South,West Bengal
743356,24 Paraganas South,West Bengal
743357,24 Paraganas South,West Bengal
743363,24 Paraganas South,West Bengal
743368,24 Paraganas South,West Bengal
743370,24 Paraganas South,West Bengal
743371,24 Paraganas South,West Bengal
743372,24 Paraganas South,West Bengal
743373,24 Paraganas South,West Bengal
743374,24 Paraganas South,West Bengal
743375,24 Paraganas South,West Bengal
743376,24 Paraganas South,West Bengal
743377,24 Paraganas South,West Bengal
743378,24 Paraganas South,West Bengal
743383,24 Paraganas South,West Bengal
743387,24 Paraganas South,West Bengal
743395,24 Paraganas South,West Bengal
743399,24 Paraganas South,West Bengal
743401,24 Paraganas North,West Bengal
743405,24 Paraganas North,West Bengal
743411,24 Paraganas North,West Bengal
743412,24 Paraganas North,West Bengal
743422,24 Paraganas North,West Bengal
743423,24 Paraganas North,West Bengal
743424,24 Paraganas North,West Bengal
743425,24 Paraganas North,West Bengal
743425,24 Paraganas South,West Bengal
743426,24 Paraganas North,West Bengal
743427,24 Paraganas North,West Bengal
743428,24 Paraganas North,West Bengal
743429,24 Paraganas North,West Bengal
743435,24 Paraganas North,West Bengal
743437,24 Paraganas North,West Bengal
743438,24 Paraganas North,West Bengal
743439,24 Paraganas North,West Bengal
743442,24 Paraganas North,West Bengal
743445,24 Paraganas North,West Bengal
743446,24 Paraganas North,West Bengal
743456,24 Paraganas North,West Bengal
743502,24 Paraganas North,West Bengal
743502,24 Paraganas South,West Bengal
743503,24 Paraganas South,West Bengal
743504,24 Paraganas South,West Bengal
743513,24 Paraganas South,West Bengal
743609,24 Paraganas South,West Bengal
743610,24 Paraganas South,West Bengal
743611,24 Paraganas North,West Bengal
743611,24 Paraganas South,West Bengal
743613,24 Paraganas South,West Bengal
743701,24 Paraganas North,West Bengal
743702,24 Paraganas North,West Bengal
743704,24 Paraganas North,West Bengal
743710,24 Paraganas North,West Bengal
743711,24 Paraganas North,West Bengal
744101,South Andamans,Andaman & Nicobar Islands
744102,South Andamans,Andaman & Nicobar Islands
744103,South Andamans,Andaman & Nicobar Islands
744104,South Andamans,Andaman & Nicobar Islands
744105,South Andamans,Andaman & Nicobar Islands
744106,South Andamans,Andaman & Nicobar Islands
744107,South Andamans,Andaman & Nicobar Islands
744112,South Andamans,Andaman & Nicobar Islands
744201,North & Middle Andaman,Andaman & Nicobar Islands
744202,North & Middle Andaman,Andaman & Nicobar Islands
744203,North & Middle Andaman,Andaman & Nicobar Islands
744204,North & Middle Andaman,Andaman & Nicobar Islands
744205,North & Middle Andaman,Andaman & Nicobar Islands
744206,South Andamans,Andaman & Nicobar Islands
744207,South Andamans,Andaman & Nicobar Islands
744209,North & Middle Andaman,Andaman & Nicobar Islands
744210,North & Middle Andaman,Andaman & Nicobar Islands
744211,South Andamans,Andaman & Nicobar Islands
744301,Nicobars,Andaman & Nicobar Islands
744302,Nicobars,Andaman & Nicobar Islands
744303,Nicobars,Andaman & Nicobar Islands
744304,Nicobars,Andaman & Nicobar Islands
751001,Khordha,Odisha
751002,Khordha,Odisha
751003,Khordha,Odisha
751004,Khordha,Odisha
751005,Khordha,Odisha
751006,Khordha,Odisha
751007,Khordha,Odisha
751008,Khordha,Odisha
751009,Khordha,Odisha
751010,Khordha,Odisha
751011,Khordha,Odisha
751012,Khordha,Odisha
751013,Khordha,Odisha
751014,Khordha,Odisha
751015,Khordha,Odisha
751016,Khordha,Odisha
751017,Khordha,Odisha
751018,Khordha,Odisha
751019,Khordha,Odisha
751020,Khordha,Odisha
751021,Khordha,Odisha
751022,Khordha,Odisha
751023,Khordha,Odisha
751024,Khordha,Odisha
751025,Khordha,Odisha
751026,Khordha,Odisha
751028,Khordha,Odisha
751029,Khordha,Odisha
751030,Khordha,Odisha
751031,Khordha,Odisha
751032,Khordha,Odisha
751033,Khordha,Odisha
751034,Khordha,Odisha
751035,Khordha,Odisha
752001,Puri,Odisha
752002,Puri,Odisha
752003,Puri,Odisha
752004,Puri,Odisha
752010,Puri,Odisha
752011,Puri,Odisha
752012,Puri,Odisha
752013,Puri,Odisha
752014,Puri,Odisha
752015,Puri,Odisha
752016,Puri,Odisha
752017,Puri,Odisha
752018,Khordha,Odisha
752019,Khordha,Odisha
752019,Puri,Odisha
752020,Khordha,Odisha
752021,Khordha,Odisha
752022,Khordha,Odisha
752023,Khordha,Odisha
752024,Nayagarh,Odisha
752025,Nayagarh,Odisha
752026,Nayagarh,Odisha
752027,Khordha,Odisha
752030,Khordha,Odisha
752031,Khordha,Odisha
752032,Puri,Odisha
752034,Khordha,Odisha
752035,Khordha,Odisha
752037,Khordha,Odisha
752038,Khordha,Odisha
752045,Puri,Odisha
752046,Puri,Odisha
752050,Khordha,Odisha
752050,Puri,Odisha
752054,Khordha,Odisha
752055,Khordha,Odisha
752056,Khordha,Odisha
752057,Khordha,Odisha
752060,Khordha,Odisha
752061,Khordha,Odisha
752062,Khordha,Odisha
752063,Nayagarh,Odisha
752064,Khordha,Odisha
752065,Nayagarh,Odisha
752066,Khordha,Odisha
752068,Nayagarh,Odisha
752069,Nayagarh,Odisha
752070,Nayagarh,Odisha
752077,Nayagarh,Odisha
752078,Nayagarh,Odisha
752079,Nayagarh,Odisha
752080,Nayagarh,Odisha
752081,Nayagarh,Odisha
752082,Nayagarh,Odisha
752083,Nayagarh,Odisha
752084,Nayagarh,Odisha
752085,Nayagarh,Odisha
752089,Nayagarh,Odisha
752090,Nayagarh,Odisha
752091,Nayagarh,Odisha
752092,Nayagarh,Odisha
752093,Nayagarh,Odisha
752094,Nayagarh,Odisha
752100,Khordha,Odisha
752101,Khordha,Odisha
752102,Khordha,Odisha
752103,Khordha,Odisha
752104,Puri,Odisha
752105,Puri,Odisha
752106,Puri,Odisha
752107,Puri,Odisha
752108,Puri,Odisha
752109,Puri,Odisha
752110,Puri,Odisha
752111,Puri,Odisha
752113,Puri,Odisha
752114,Khordha,Odisha
752114,Puri,Odisha
752115,Khordha,Odisha
752116,Puri,Odisha
752118,Puri,Odisha
752119,Puri,Odisha
752120,Cuttack,Odisha
752120,Puri,Odisha
752121,Puri,Odisha
753001,Cuttack,Odisha
753002,Cuttack,Odisha
753003,Cuttack,Odisha
753004,Cuttack,Odisha
753006,Cuttack,Odisha
753007,Cuttack,Odisha
753008,Cuttack,Odisha
753009,Cuttack,Odisha
753010,Cuttack,Odisha
753011,Cuttack,Odisha
753012,Cuttack,Odisha
753013,Cuttack,Odisha
753014,Cuttack,Odisha
753015,Cuttack,Odisha
753016,Cuttack,Odisha
754001,Cuttack,Odisha
754002,Cuttack,Odisha
754003,Cuttack,Odisha
754004,Cuttack,Odisha
754004,Puri,Odisha
754005,Cuttack,Odisha
754006,Cuttack,Odisha
754007,Cuttack,Odisha
754008,Cuttack,Odisha
754009,Cuttack,Odisha
754010,Cuttack,Odisha
754011,Cuttack,Odisha
754012,Khordha,Odisha
754013,Cuttack,Odisha
754018,Cuttack,Odisha
754021,Cuttack,Odisha
754022,Cuttack,Odisha
754023,Jajapur,Odisha
754024,Jajapur,Odisha
754025,Cuttack,Odisha
754026,Cuttack,Odisha
754027,Cuttack,Odisha
754028,Cuttack,Odisha
754029,Cuttack,Odisha
754030,Cuttack,Odisha
754031,Cuttack,Odisha
754032,Cuttack,Odisha
754034,Cuttack,Odisha
754035,Cuttack,Odisha
754037,Cuttack,Odisha
754071,Cuttack,Odisha
754082,Jajapur,Odisha
754100,Cuttack,Odisha
754102,Jagatsinghapur,Odisha
754103,Jagatsinghapur,Odisha
754104,Jagatsinghapur,Odisha
754105,Cuttack,Odisha
754106,Jagatsinghapur,Odisha
754107,Jagatsinghapur,Odisha
754108,Jagatsinghapur,Odisha
754109,Jagatsinghapur,Odisha
754110,Jagatsinghapur,Odisha
754111,Jagatsinghapur,Odisha
754112,Cuttack,Odisha
754113,Jagatsinghapur,Odisha
754114,Jagatsinghapur,Odisha
754119,Jagatsinghapur,Odisha
754120,Jagatsinghapur,Odisha
754130,Cuttack,Odisha
754130,Jagatsinghapur,Odisha
754131,Cuttack,Odisha
754132,Jagatsinghapur,Odisha
754133,Jagatsinghapur,Odisha
754134,Cuttack,Odisha
754134,Jagatsinghapur,Odisha
754134,Kendrapara,Odisha
754135,Jagatsinghapur,Odisha
754135,Kendrapara,Odisha
754136,Jagatsinghapur,Odisha
754137,Jagatsinghapur,Odisha
754138,Jagatsinghapur,Odisha
754139,Jagatsinghapur,Odisha
754140,Jagatsinghapur,Odisha
754140,Kendrapara,Odisha
754141,Jagatsinghapur,Odisha
754141,Kendrapara,Odisha
754142,Jagatsinghapur,Odisha
754145,Jagatsinghapur,Odisha
754153,Kendrapara,Odisha
754160,Jagatsinghapur,Odisha
754162,Jagatsinghapur,Odisha
754162,Kendrapara,Odisha
754200,Cuttack,Odisha
754201,Cuttack,Odisha
754202,Cuttack,Odisha
754203,Cuttack,Odisha
754204,Cuttack,Odisha
754205,Cuttack,Odisha
754205,Jajapur,Odisha
754206,Cuttack,Odisha
754207,Cuttack,Odisha
754207,Kendrapara,Odisha
754208,Kendrapara,Odisha
754209,Cuttack,Odisha
754210,Kendrapara,Odisha
754211,Kendrapara,Odisha
754212,Kendrapara,Odisha
754213,Kendrapara,Odisha
754214,Jajapur,Odisha
754214,Kendrapara,Odisha
754215,Kendrapara,Odisha
754216,Kendrapara,Odisha
754217,Kendrapara,Odisha
754217,Sundargarh,Odisha
754218,Kendrapara,Odisha
754219,Kendrapara,Odisha
754220,Kendrapara,Odisha
754221,Cuttack,Odisha
754222,Kendrapara,Odisha
754223,Baleshwar,Odisha
754223,Kendrapara,Odisha
754224,Kendrapara,Odisha
754225,Kendrapara,Odisha
754227,Kendrapara,Odisha
754228,Kendrapara,Odisha
754231,Kendrapara,Odisha
754239,Kendrapara,Odisha
754240,Kendrapara,Odisha
754244,Kendrapara,Odisha
754245,Kendrapara,Odisha
754246,Kendrapara,Odisha
754248,Kendrapara,Odisha
754250,Kendrapara,Odisha
754253,Kendrapara,Odisha
754289,Kendrapara,Odisha
754290,Cuttack,Odisha
754292,Jajapur,Odisha
754292,Kendrapara,Odisha
754293,Cuttack,Odisha
754294,Jagatsinghapur,Odisha
754295,Cuttack,Odisha
754296,Jajapur,Odisha
754297,Cuttack,Odisha
754298,Cuttack,Odisha
754299,Cuttack,Odisha
755001,Jajapur,Odisha
755003,Jajapur,Odisha
755004,Jajapur,Odisha
755004,Kendrapara,Odisha
755005,Jajapur,Odisha
755006,Jajapur,Odisha
755007,Bhadrak,Odisha
755007,Jajapur,Odisha
755008,Jajapur,Odisha
755009,Jajapur,Odisha
755010,Jajapur,Odisha
755011,Jajapur,Odisha
755012,Jajapur,Odisha
755013,Jajapur,Odisha
755014,Jajapur,Odisha
755015,Jajapur,Odisha
755016,Jajapur,Odisha
755016,Kendrapara,Odisha
755017,Jajapur,Odisha
755018,Jajapur,Odisha
755019,Jajapur,Odisha
755020,Jajapur,Odisha
755022,Jajapur,Odisha
755023,Jajapur,Odisha
755024,Jajapur,Odisha
755025,Jajapur,Odisha
755026,Jajapur,Odisha
755027,Jajapur,Odisha
755028,Jajapur,Odisha
755036,Bhadrak,Odisha
755036,Jajapur,Odisha
755043,Jajapur,Odisha
755044,Jajapur,Odisha
755049,Jajapur,Odisha
755050,Jajapur,Odisha
755051,Jajapur,Odisha
755061,Kendrapara,Odisha
755062,Jajapur,Odisha
755063,Jajapur,Odisha
756001,Baleshwar,Odisha
756002,Baleshwar,Odisha
756003,Baleshwar,Odisha
756019,Baleshwar,Odisha
756020,Baleshwar,Odisha
756021,Baleshwar,Odisha
756022,Baleshwar,Odisha
756023,Baleshwar,Odisha
756024,Baleshwar,Odisha
756025,Baleshwar,Odisha
756026,Baleshwar,Odisha
756027,Baleshwar,Odisha
756028,Baleshwar,Odisha
756028,Mayurbhanj,Odisha
756029,Baleshwar,Odisha
756030,Baleshwar,Odisha
756030,Mayurbhanj,Odisha
756032,Baleshwar,Odisha
756033,Baleshwar,Odisha
756034,Baleshwar,Odisha
756035,Baleshwar,Odisha
756036,Baleshwar,Odisha
756037,Baleshwar,Odisha
756038,Baleshwar,Odisha
756039,Baleshwar,Odisha
756040,Baleshwar,Odisha
756041,Baleshwar,Odisha
756042,Baleshwar,Odisha
756043,Baleshwar,Odisha
756044,Baleshwar,Odisha
756045,Baleshwar,Odisha
756046,Baleshwar,Odisha
756046,Bhadrak,Odisha
756047,Baleshwar,Odisha
756048,Baleshwar,Odisha
756048,Mulugu,Telangana
756049,Baleshwar,Odisha
756050,Baleshwar,Odisha
756051,Baleshwar,Odisha
756055,Baleshwar,Odisha
756056,Baleshwar,Odisha
756058,Baleshwar,Odisha
756059,Baleshwar,Odisha
756060,Baleshwar,Odisha
756079,Baleshwar,Odisha
756080,Baleshwar,Odisha
756081,Baleshwar,Odisha
756083,Baleshwar,Odisha
756084,Baleshwar,Odisha
756085,Baleshwar,Odisha
756086,Baleshwar,Odisha
756087,Baleshwar,Odisha
756088,Baleshwar,Odisha
756089,Baleshwar,Odisha
756100,Bhadrak,Odisha
756101,Bhadrak,Odisha
756111,Baleshwar,Odisha
756111,Bhadrak,Odisha
756112,Bhadrak,Odisha
756113,Bhadrak,Odisha
756114,Bhadrak,Odisha
756115,Baleshwar,Odisha
756115,Bhadrak,Odisha
756116,Bhadrak,Odisha
756117,Bhadrak,Odisha
756118,Bhadrak,Odisha
756119,Bhadrak,Odisha
756120,Bhadrak,Odisha
756121,Bhadrak,Odisha
756121,Kendujhar,Odisha
756122,Bhadrak,Odisha
756123,Bhadrak,Odisha
756124,Bhadrak,Odisha
756125,Bhadrak,Odisha
756126,Baleshwar,Odisha
756127,Bhadrak,Odisha
756128,Bhadrak,Odisha
756129,Bhadrak,Odisha
756130,Bhadrak,Odisha
756131,Bhadrak,Odisha
756132,Bhadrak,Odisha
756133,Bhadrak,Odisha
756134,Baleshwar,Odisha
756135,Bhadrak,Odisha
756137,Bhadrak,Odisha
756138,Bhadrak,Odisha
756139,Bhadrak,Odisha
756144,Bhadrak,Odisha
756162,Bhadrak,Odisha
756163,Bhadrak,Odisha
756164,Bhadrak,Odisha
756165,Bhadrak,Odisha
756166,Baleshwar,Odisha
756167,Bhadrak,Odisha
756168,Baleshwar,Odisha
756168,Bhadrak,Odisha
756171,Bhadrak,Odisha
756181,Bhadrak,Odisha
756182,Baleshwar,Odisha
757001,Mayurbhanj,Odisha
757002,Mayurbhanj,Odisha
757003,Mayurbhanj,Odisha
757014,Mayurbhanj,Odisha
757016,Mayurbhanj,Odisha
757017,Mayurbhanj,Odisha
757018,Mayurbhanj,Odisha
757019,Mayurbhanj,Odisha
757020,Mayurbhanj,Odisha
757021,Mayurbhanj,Odisha
757022,Mayurbhanj,Odisha
757023,Mayurbhanj,Odisha
757024,Mayurbhanj,Odisha
757025,Mayurbhanj,Odisha
757026,Mayurbhanj,Odisha
757027,Mayurbhanj,Odisha
757028,Mayurbhanj,Odisha
757029,Mayurbhanj,Odisha
757030,Mayurbhanj,Odisha
757031,Mayurbhanj,Odisha
757032,Mayurbhanj,Odisha
757033,Mayurbhanj,Odisha
757034,Mayurbhanj,Odisha
757035,Mayurbhanj,Odisha
757036,Mayurbhanj,Odisha
757037,Mayurbhanj,Odisha
757038,Mayurbhanj,Odisha
757039,Mayurbhanj,Odisha
757040,Mayurbhanj,Odisha
757041,Mayurbhanj,Odisha
757042,Mayurbhanj,Odisha
757043,Mayurbhanj,Odisha
757045,Mayurbhanj,Odisha
757046,Mayurbhanj,Odisha
757047,Mayurbhanj,Odisha
757048,Mayurbhanj,Odisha
757049,Mayurbhanj,Odisha
757050,Mayurbhanj,Odisha
757051,Mayurbhanj,Odisha
757052,Mayurbhanj,Odisha
757053,Mayurbhanj,Odisha
757054,Mayurbhanj,Odisha
757055,Mayurbhanj,Odisha
757056,Mayurbhanj,Odisha
757073,Mayurbhanj,Odisha
757074,Mayurbhanj,Odisha
757075,Mayurbhanj,Odisha
757077,Mayurbhanj,Odisha
757079,Mayurbhanj,Odisha
757081,Mayurbhanj,Odisha
757082,Baleshwar,Odisha
757082,Mayurbhanj,Odisha
757083,Mayurbhanj,Odisha
757084,Mayurbhanj,Odisha
757085,Mayurbhanj,Odisha
757086,Mayurbhanj,Odisha
757087,Mayurbhanj,Odisha
757091,Mayurbhanj,Odisha
757092,Mayurbhanj,Odisha
757093,Mayurbhanj,Odisha
757100,Mayurbhanj,Odisha
757101,Mayurbhanj,Odisha
757102,Mayurbhanj,Odisha
757103,Mayurbhanj,Odisha
757104,Mayurbhanj,Odisha
757105,Mayurbhanj,Odisha
757106,Mayurbhanj,Odisha
757107,Mayurbhanj,Odisha
758001,Kendujhar,Odisha
758002,Kendujhar,Odisha
758013,Kendujhar,Odisha
758014,Kendujhar,Odisha
758015,Kendujhar,Odisha
758016,Kendujhar,Odisha
758017,Kendujhar,Odisha
758018,Kendujhar,Odisha
758019,Kendujhar,Odisha
758020,Kendujhar,Odisha
758021,Kendujhar,Odisha
758022,Kendujhar,Odisha
758023,Kendujhar,Odisha
758025,Jajapur,Odisha
758025,Kendujhar,Odisha
758026,Kendujhar,Odisha
758027,Kendujhar,Odisha
758028,Kendujhar,Odisha
758029,Kendujhar,Odisha
758030,Kendujhar,Odisha
758031,Kendujhar,Odisha
758032,Kendujhar,Odisha
758034,Kendujhar,Odisha
758035,Kendujhar,Odisha
758036,Kendujhar,Odisha
758037,Kendujhar,Odisha
758038,Kendujhar,Odisha
758040,Kendujhar,Odisha
758041,Kendujhar,Odisha
758043,Kendujhar,Odisha
758044,Kendujhar,Odisha
758045,Kendujhar,Odisha
758046,Kendujhar,Odisha
758047,Kendujhar,Odisha
758076,Kendujhar,Odisha
758078,Kendujhar,Odisha
758079,Kendujhar,Odisha
758080,Kendujhar,Odisha
758081,Kendujhar,Odisha
758082,Kendujhar,Odisha
758083,Kendujhar,Odisha
758084,Kendujhar,Odisha
758085,Kendujhar,Odisha
758086,Kendujhar,Odisha
758087,Kendujhar,Odisha
759001,Dhenkanal,Odisha
759013,Dhenkanal,Odisha
759014,Dhenkanal,Odisha
759015,Dhenkanal,Odisha
759016,Dhenkanal,Odisha
759017,Dhenkanal,Odisha
759018,Dhenkanal,Odisha
759019,Dhenkanal,Odisha
759020,Dhenkanal,Odisha
759021,Dhenkanal,Odisha
759022,Anugul,Odisha
759022,Dhenkanal,Odisha
759023,Dhenkanal,Odisha
759024,Dhenkanal,Odisha
759025,Dhenkanal,Odisha
759026,Dhenkanal,Odisha
759027,Dhenkanal,Odisha
759028,Dhenkanal,Odisha
759029,Dhenkanal,Odisha
759037,Anugul,Odisha
759039,Dhenkanal,Odisha
759040,Anugul,Odisha
759100,Anugul,Odisha
759101,Anugul,Odisha
759102,Anugul,Odisha
759103,Anugul,Odisha
759105,Anugul,Odisha
759106,Anugul,Odisha
759107,Anugul,Odisha
759111,Anugul,Odisha
759116,Anugul,Odisha
759117,Anugul,Odisha
759118,Anugul,Odisha
759119,Anugul,Odisha
759120,Dhenkanal,Odisha
759121,Dhenkanal,Odisha
759122,Anugul,Odisha
759122,Dhenkanal,Odisha
759123,Anugul,Odisha
759124,Anugul,Odisha
759125,Anugul,Odisha
759126,Anugul,Odisha
759127,Anugul,Odisha
759128,Anugul,Odisha
759128,Dhenkanal,Odisha
759129,Anugul,Odisha
759130,Anugul,Odisha
759132,Anugul,Odisha
759141,Anugul,Odisha
759143,Anugul,Odisha
759145,Anugul,Odisha
759146,Dhenkanal,Odisha
759147,Anugul,Odisha
759148,Anugul,Odisha
759149,Anugul,Odisha
759150,Dhenkanal,Odisha
759151,Anugul,Odisha
759151,Dhenkanal,Odisha
760001,Ganjam,Odisha
760002,Ganjam,Odisha
760003,Ganjam,Odisha
760004,Ganjam,Odisha
760005,Ganjam,Odisha
760006,Ganjam,Odisha
760007,Ganjam,Odisha
760008,Ganjam,Odisha
760009,Ganjam,Odisha
760010,Ganjam,Odisha
760011,Ganjam,Odisha
761001,Ganjam,Odisha
761002,Ganjam,Odisha
761003,Ganjam,Odisha
761004,Ganjam,Odisha
761005,Ganjam,Odisha
761006,Ganjam,Odisha
761007,Ganjam,Odisha
761008,Ganjam,Odisha
761009,Ganjam,Odisha
761010,Ganjam,Odisha
761011,Ganjam,Odisha
761012,Ganjam,Odisha
761013,Ganjam,Odisha
761014,Ganjam,Odisha
761015,Gajapati,Odisha
761016,Gajapati,Odisha
761017,Gajapati,Odisha
761018,Ganjam,Odisha
761019,Ganjam,Odisha
761020,Ganjam,Odisha
761025,Ganjam,Odisha
761026,Ganjam,Odisha
761027,Ganjam,Odisha
761028,Ganjam,Odisha
761029,Ganjam,Odisha
761030,Ganjam,Odisha
761031,Ganjam,Odisha
761032,Ganjam,Odisha
761035,Ganjam,Odisha
761037,Ganjam,Odisha
761041,Ganjam,Odisha
761042,Ganjam,Odisha
761043,Ganjam,Odisha
761045,Ganjam,Odisha
761052,Ganjam,Odisha
761054,Ganjam,Odisha
761055,Ganjam,Odisha
761100,Ganjam,Odisha
761101,Ganjam,Odisha
761102,Ganjam,Odisha
761103,Ganjam,Odisha
761104,Ganjam,Odisha
761105,Ganjam,Odisha
761106,Ganjam,Odisha
761107,Ganjam,Odisha
761108,Ganjam,Odisha
761108,Kandhamal,Odisha
761109,Ganjam,Odisha
761110,Ganjam,Odisha
761111,Ganjam,Odisha
761114,Ganjam,Odisha
761115,Ganjam,Odisha
761116,Ganjam,Odisha
761117,Ganjam,Odisha
761118,Ganjam,Odisha
761119,Ganjam,Odisha
761120,Ganjam,Odisha
761121,Ganjam,Odisha
761122,Ganjam,Odisha
761123,Ganjam,Odisha
761124,Ganjam,Odisha
761125,Ganjam,Odisha
761125,Kandhamal,Odisha
761126,Ganjam,Odisha
761131,Ganjam,Odisha
761132,Ganjam,Odisha
761133,Ganjam,Odisha
761140,Ganjam,Odisha
761141,Ganjam,Odisha
761143,Ganjam,Odisha
761144,Ganjam,Odisha
761146,Ganjam,Odisha
761151,Ganjam,Odisha
761151,Kandhamal,Odisha
761200,Gajapati,Odisha
761201,Gajapati,Odisha
761206,Gajapati,Odisha
761207,Gajapati,Odisha
761208,Gajapati,Odisha
761209,Ganjam,Odisha
761210,Gajapati,Odisha
761211,Gajapati,Odisha
761212,Gajapati,Odisha
761213,Gajapati,Odisha
761214,Gajapati,Odisha
761215,Gajapati,Odisha
761217,Gajapati,Odisha
762001,Kandhamal,Odisha
762002,Kandhamal,Odisha
762010,Kandhamal,Odisha
762011,Kandhamal,Odisha
762012,Boudh,Odisha
762012,Kandhamal,Odisha
762013,Boudh,Odisha
762014,Boudh,Odisha
762015,Boudh,Odisha
762016,Boudh,Odisha
762017,Boudh,Odisha
762018,Boudh,Odisha
762019,Kandhamal,Odisha
762020,Boudh,Odisha
762021,Kandhamal,Odisha
762022,Kandhamal,Odisha
762023,Boudh,Odisha
762024,Boudh,Odisha
762026,Boudh,Odisha
762027,Kandhamal,Odisha
762028,Kandhamal,Odisha
762029,Kandhamal,Odisha
762030,Boudh,Odisha
762100,Kandhamal,Odisha
762101,Kandhamal,Odisha
762102,Kandhamal,Odisha
762103,Kandhamal,Odisha
762104,Kandhamal,Odisha
762105,Kandhamal,Odisha
762106,Kandhamal,Odisha
762107,Kandhamal,Odisha
762109,Kandhamal,Odisha
762110,Kandhamal,Odisha
762112,Kandhamal,Odisha
763001,Koraput,Odisha
763002,Koraput,Odisha
763003,Koraput,Odisha
763004,Koraput,Odisha
763008,Koraput,Odisha
764001,Koraput,Odisha
764002,Koraput,Odisha
764002,Nabarangpur,Odisha
764003,Koraput,Odisha
764004,Koraput,Odisha
764005,Koraput,Odisha
764006,Koraput,Odisha
764011,Koraput,Odisha
764014,Koraput,Odisha
764020,Koraput,Odisha
764021,Koraput,Odisha
764027,Koraput,Odisha
764028,Koraput,Odisha
764036,Koraput,Odisha
764037,Koraput,Odisha
764038,Koraput,Odisha
764039,Koraput,Odisha
764040,Koraput,Odisha
764041,Koraput,Odisha
764042,Koraput,Odisha
764043,Koraput,Odisha
764044,Malkangiri,Odisha
764045,Malkangiri,Odisha
764046,Malkangiri,Odisha
764047,Malkangiri,Odisha
764048,Malkangiri,Odisha
764049,Nabarangpur,Odisha
764051,Malkangiri,Odisha
764052,Malkangiri,Odisha
764055,Koraput,Odisha
764056,Koraput,Odisha
764057,Koraput,Odisha
764058,Koraput,Odisha
764059,Nabarangpur,Odisha
764061,Nabarangpur,Odisha
764062,Rayagada,Odisha
764063,Nabarangpur,Odisha
764070,Nabarangpur,Odisha
764071,Nabarangpur,Odisha
764072,Nabarangpur,Odisha
764073,Nabarangpur,Odisha
764074,Nabarangpur,Odisha
764075,Nabarangpur,Odisha
764076,Nabarangpur,Odisha
764077,Nabarangpur,Odisha
764078,Nabarangpur,Odisha
764081,Koraput,Odisha
764085,Nabarangpur,Odisha
764086,Malkangiri,Odisha
764087,Malkangiri,Odisha
764088,Nabarangpur,Odisha
765001,Rayagada,Odisha
765002,Rayagada,Odisha
765010,Rayagada,Odisha
765011,Rayagada,Odisha
765013,Koraput,Odisha
765015,Rayagada,Odisha
765016,Rayagada,Odisha
765017,Rayagada,Odisha
765018,Rayagada,Odisha
765019,Rayagada,Odisha
765020,Rayagada,Odisha
765021,Rayagada,Odisha
765022,Rayagada,Odisha
765023,Rayagada,Odisha
765024,Rayagada,Odisha
765025,Rayagada,Odisha
765026,Rayagada,Odisha
765029,Rayagada,Odisha
765033,Rayagada,Odisha
765034,Rayagada,Odisha
766001,Kalahandi,Odisha
766002,Kalahandi,Odisha
766003,Kalahandi,Odisha
766011,Kalahandi,Odisha
766012,Kalahandi,Odisha
766013,Kalahandi,Odisha
766014,Kalahandi,Odisha
766015,Kalahandi,Odisha
766016,Kalahandi,Odisha
766017,Kalahandi,Odisha
766018,Kalahandi,Odisha
766019,Kalahandi,Odisha
766020,Kalahandi,Odisha
766023,Kalahandi,Odisha
766026,Kalahandi,Odisha
766027,Kalahandi,Odisha
766028,Kalahandi,Odisha
766029,Kalahandi,Odisha
766031,Kalahandi,Odisha
766032,Kalahandi,Odisha
766036,Kalahandi,Odisha
766037,Kalahandi,Odisha
766100,Kalahandi,Odisha
766101,Kalahandi,Odisha
766102,Kalahandi,Odisha
766103,Kalahandi,Odisha
766104,Nuapada,Odisha
766105,Nuapada,Odisha
766106,Nuapada,Odisha
766107,Nuapada,Odisha
766108,Nuapada,Odisha
766110,Kalahandi,Odisha
766111,Nuapada,Odisha
766118,Nuapada,Odisha
767001,Balangir,Odisha
767002,Balangir,Odisha
767016,Balangir,Odisha
767016,Sonepur,Odisha
767017,Sonepur,Odisha
767018,Sonepur,Odisha
767019,Sonepur,Odisha
767020,Balangir,Odisha
767020,Sonepur,Odisha
767021,Balangir,Odisha
767022,Balangir,Odisha
767023,Sonepur,Odisha
767024,Balangir,Odisha
767025,Balangir,Odisha
767026,Balangir,Odisha
767027,Balangir,Odisha
767028,Balangir,Odisha
767029,Balangir,Odisha
767030,Balangir,Odisha
767032,Balangir,Odisha
767033,Balangir,Odisha
767035,Balangir,Odisha
767037,Balangir,Odisha
767038,Balangir,Odisha
767039,Balangir,Odisha
767040,Balangir,Odisha
767040,Puri,Odisha
767041,Balangir,Odisha
767042,Balangir,Odisha
767045,Sonepur,Odisha
767046,Balangir,Odisha
767048,Balangir,Odisha
767060,Balangir,Odisha
767061,Balangir,Odisha
767062,Sonepur,Odisha
767065,Balangir,Odisha
767066,Balangir,Odisha
767067,Balangir,Odisha
767068,Sonepur,Odisha
767070,Balangir,Odisha
767071,Balangir,Odisha
768001,Sambalpur,Odisha
768002,Sambalpur,Odisha
768003,Sambalpur,Odisha
768004,Sambalpur,Odisha
768005,Sambalpur,Odisha
768006,Sambalpur,Odisha
768007,Sambalpur,Odisha
768016,Sambalpur,Odisha
768017,Sambalpur,Odisha
768018,Sambalpur,Odisha
768019,Sambalpur,Odisha
768020,Sambalpur,Odisha
768024,Sambalpur,Odisha
768025,Sambalpur,Odisha
768027,Bargarh,Odisha
768028,Bargarh,Odisha
768029,Bargarh,Odisha
768030,Bargarh,Odisha
768031,Bargarh,Odisha
768032,Bargarh,Odisha
768033,Bargarh,Odisha
768034,Bargarh,Odisha
768035,Bargarh,Odisha
768036,Bargarh,Odisha
768037,Bargarh,Odisha
768038,Bargarh,Odisha
768039,Bargarh,Odisha
768040,Bargarh,Odisha
768042,Bargarh,Odisha
768045,Bargarh,Odisha
768048,Bargarh,Odisha
768049,Bargarh,Odisha
768050,Bargarh,Odisha
768052,Bargarh,Odisha
768053,Bargarh,Odisha
768102,Bargarh,Odisha
768103,Bargarh,Odisha
768104,Bargarh,Odisha
768105,Sambalpur,Odisha
768106,Sambalpur,Odisha
768107,Deogarh,Odisha
768107,Sambalpur,Odisha
768108,Deogarh,Odisha
768109,Deogarh,Odisha
768109,Sambalpur,Odisha
768110,Deogarh,Odisha
768111,Bargarh,Odisha
768112,Sambalpur,Odisha
768113,Sambalpur,Odisha
768115,Bargarh,Odisha
768118,Sambalpur,Odisha
768119,Deogarh,Odisha
768121,Deogarh,Odisha
768200,Sambalpur,Odisha
768201,Jharsuguda,Odisha
768202,Jharsuguda,Odisha
768203,Jharsuguda,Odisha
768204,Jharsuguda,Odisha
768210,Sambalpur,Odisha
768211,Jharsuguda,Odisha
768212,Sambalpur,Odisha
768213,Jharsuguda,Odisha
768214,Jharsuguda,Odisha
768214,Sambalpur,Odisha
768215,Jharsuguda,Odisha
768216,Jharsuguda,Odisha
768217,Jharsuguda,Odisha
768218,Jharsuguda,Odisha
768219,Jharsuguda,Odisha
768220,Jharsuguda,Odisha
768221,Jharsuguda,Odisha
768221,Sambalpur,Odisha
768222,Sambalpur,Odisha
768224,Sambalpur,Odisha
768225,Jharsuguda,Odisha
768226,Jharsuguda,Odisha
768227,Jharsuguda,Odisha
768227,Sambalpur,Odisha
768228,Sambalpur,Odisha
768228,Sundargarh,Odisha
768233,Jharsuguda,Odisha
768234,Jharsuguda,Odisha
769001,Sundargarh,Odisha
769002,Sundargarh,Odisha
769003,Sundargarh,Odisha
769004,Sundargarh,Odisha
769005,Sundargarh,Odisha
769006,Sundargarh,Odisha
769007,Sundargarh,Odisha
769008,Sundargarh,Odisha
769009,Sundargarh,Odisha
769010,Sundargarh,Odisha
769011,Sundargarh,Odisha
769012,Sundargarh,Odisha
769013,Sundargarh,Odisha
769014,Sundargarh,Odisha
769015,Sundargarh,Odisha
769016,Sundargarh,Odisha
769017,Sundargarh,Odisha
769042,Sundargarh,Odisha
769043,Sundargarh,Odisha
770001,Sundargarh,Odisha
770002,Sundargarh,Odisha
770011,Sundargarh,Odisha
770012,Sundargarh,Odisha
770013,Sundargarh,Odisha
770014,Sundargarh,Odisha
770015,Sundargarh,Odisha
770016,Sundargarh,Odisha
770017,Sundargarh,Odisha
770018,Sundargarh,Odisha
770019,Sundargarh,Odisha
770020,Sundargarh,Odisha
770021,Sundargarh,Odisha
770022,Sundargarh,Odisha
770023,Sundargarh,Odisha
770024,Sundargarh,Odisha
770025,Sundargarh,Odisha
770031,Sundargarh,Odisha
770032,Sundargarh,Odisha
770033,Sundargarh,Odisha
770034,Sundargarh,Odisha
770035,Sundargarh,Odisha
770036,Sundargarh,Odisha
770037,Sundargarh,Odisha
770038,Sundargarh,Odisha
770039,Sundargarh,Odisha
770040,Sundargarh,Odisha
770041,Sundargarh,Odisha
770042,Sundargarh,Odisha
770043,Sundargarh,Odisha
770044,Sundargarh,Odisha
770046,Sundargarh,Odisha
770048,Sundargarh,Odisha
770051,Sundargarh,Odisha
770052,Sundargarh,Odisha
770070,Sundargarh,Odisha
770072,Sundargarh,Odisha
770073,Sundargarh,Odisha
770074,Sundargarh,Odisha
770075,Sundargarh,Odisha
770076,Sundargarh,Odisha
781001,Kamrup Metro,Assam
781002,Kamrup Metro,Assam
781003,Kamrup Metro,Assam
781004,Kamrup Metro,Assam
781005,Kamrup Metro,Assam
781006,Kamrup Metro,Assam
781007,Kamrup Metro,Assam
781008,Kamrup Metro,Assam
781009,Kamrup Metro,Assam
781010,Kamrup Metro,Assam
781011,Kamrup Metro,Assam
781012,Kamrup Metro,Assam
781013,Kamrup Metro,Assam
781014,Kamrup Metro,Assam
781015,Kamrup Metro,Assam
781016,Kamrup Metro,Assam
781017,Kamrup Metro,Assam
781018,Kamrup Metro,Assam
781019,Kamrup Metro,Assam
781020,Kamrup Metro,Assam
781021,Kamrup Metro,Assam
781022,Kamrup Metro,Assam
781023,Kamrup Metro,Assam
781024,Kamrup Metro,Assam
781025,Kamrup Metro,Assam
781026,Kamrup Metro,Assam
781027,Kamrup Metro,Assam
781028,Kamrup Metro,Assam
781029,Kamrup Metro,Assam
781029,Ri Bhoi,Meghalaya
781030,Kamrup,Assam
781031,Kamrup,Assam
781032,Kamrup Metro,Assam
781033,Kamrup Metro,Assam
781034,Kamrup Metro,Assam
781035,Kamrup Metro,Assam
781036,Kamrup Metro,Assam
781037,Kamrup Metro,Assam
781038,Kamrup Metro,Assam
781039,Kamrup,Assam
781040,Kamrup Metro,Assam
781101,Kamrup,Assam
781102,Kamrup,Assam
781103,Kamrup,Assam
781104,Kamrup,Assam
781120,Kamrup,Assam
781121,Kamrup,Assam
781122,Kamrup,Assam
781123,Kamrup,Assam
781124,Kamrup,Assam
781125,Kamrup,Assam
781126,Nalbari,Assam
781127,Kamrup,Assam
781128,Kamrup,Assam
781128,Kamrup Metro,Assam
781129,Kamrup,Assam
781131,Kamrup,Assam
781131,Ri Bhoi,Meghalaya
781132,Kamrup,Assam
781133,Kamrup,Assam
781134,Kamrup,Assam
781135,Kamrup,Assam
781136,Kamrup,Assam
781137,Kamrup,Assam
781138,Nalbari,Assam
781141,Kamrup,Assam
781150,Kamrup Metro,Assam
781171,Kamrup Metro,Assam
781301,Barpeta,Assam
781302,Barpeta,Assam
781303,Nalbari,Assam
781304,Nalbari,Assam
781305,Barpeta,Assam
781306,Nalbari,Assam
781307,Barpeta,Assam
781308,Barpeta,Assam
781309,Barpeta,Assam
781310,Nalbari,Assam
781311,Barpeta,Assam
781312,Nalbari,Assam
781313,Bajali,Assam
781313,Barpeta,Assam
781314,Barpeta,Assam
781315,Barpeta,Assam
781316,Barpeta,Assam
781317,Barpeta,Assam
781318,Barpeta,Assam
781319,Barpeta,Assam
781320,Baksa,Assam
781320,Barpeta,Assam
781321,Barpeta,Assam
781325,Bajali,Assam
781325,Barpeta,Assam
781326,Bajali,Assam
781327,Baksa,Assam
781328,Bajali,Assam
781329,Barpeta,Assam
781330,Baksa,Assam
781333,Baksa,Assam
781334,Nalbari,Assam
781335,Nalbari,Assam
781337,Nalbari,Assam
781338,Nalbari,Assam
781339,Nalbari,Assam
781340,Nalbari,Assam
781341,Nalbari,Assam
781343,Baksa,Assam
781344,Baksa,Assam
781346,Baksa,Assam
781347,Nalbari,Assam
781348,Nalbari,Assam
781349,Nalbari,Assam
781350,Nalbari,Assam
781351,Nalbari,Assam
781352,Barpeta,Assam
781353,Nalbari,Assam
781354,Kamrup,Assam
781355,Baksa,Assam
781355,Nalbari,Assam
781360,Baksa,Assam
781364,Baksa,Assam
781365,Baksa,Assam
781365,Kamrup,Assam
781366,Baksa,Assam
781367,Baksa,Assam
781368,Baksa,Assam
781369,Nalbari,Assam
781370,Nalbari,Assam
781371,Bajali,Assam
781371,Nalbari,Assam
781372,Baksa,Assam
781373,Baksa,Assam
781374,Nalbari,Assam
781375,Bajali,Assam
781376,Baksa,Assam
781376,Kamrup,Assam
781377,Baksa,Assam
781378,Nalbari,Assam
781380,Kamrup,Assam
781381,Kamrup,Assam
781382,Kamrup,Assam
782001,Nagaon,Assam
782002,Nagaon,Assam
782003,Nagaon,Assam
782101,Nagaon,Assam
782102,Nagaon,Assam
782103,Marigaon,Assam
782103,Nagaon,Assam
782104,Marigaon,Assam
782105,Marigaon,Assam
782106,Marigaon,Assam
782106,Nagaon,Assam
782120,Nagaon,Assam
782121,Marigaon,Assam
782122,Nagaon,Assam
782123,Nagaon,Assam
782124,Nagaon,Assam
782125,Nagaon,Assam
782126,Marigaon,Assam
782126,Nagaon,Assam
782127,Marigaon,Assam
782128,Nagaon,Assam
782135,Nagaon,Assam
782136,Karbi Anglong,Assam
782136,Nagaon,Assam
782137,Nagaon,Assam
782138,Nagaon,Assam
782139,Nagaon,Assam
782140,Nagaon,Assam
782141,Nagaon,Assam
782142,Nagaon,Assam
782143,Nagaon,Assam
782144,Nagaon,Assam
782401,Kamrup Metro,Assam
782402,Kamrup Metro,Assam
782403,Kamrup Metro,Assam
782410,Marigaon,Assam
782410,Ri Bhoi,Meghalaya
782411,Kamrup Metro,Assam
782411,Marigaon,Assam
782412,Marigaon,Assam
782413,Marigaon,Assam
782413,West Karbi Anglong,Assam
782425,Karbi Anglong,Assam
782425,Nagaon,Assam
782426,Nagaon,Assam
782427,Nagaon,Assam
782428,Hojai,Assam
782429,Hojai,Assam
782435,Hojai,Assam
782435,West Karbi Anglong,Assam
782436,Karbi Anglong,Assam
782439,Hojai,Assam
782440,Hojai,Assam
782441,Karbi Anglong,Assam
782442,Hojai,Assam
782445,Hojai,Assam
782446,Hojai,Assam
782447,Hojai,Assam
782447,Karbi Anglong,Assam
782448,Cachar,Assam
782448,West Karbi Anglong,Assam
782450,Nagaon,Assam
782450,West Karbi Anglong,Assam
782460,Karbi Anglong,Assam
782461,Karbi Anglong,Assam
782462,Karbi Anglong,Assam
782470,Karbi Anglong,Assam
782480,Karbi Anglong,Assam
782481,Hojai,Assam
782481,Karbi Anglong,Assam
782482,Karbi Anglong,Assam
782485,West Karbi Anglong,Assam
782486,West Karbi Anglong,Assam
782490,Karbi Anglong,Assam
783101,Barpeta,Assam
783101,Goalpara,Assam
783120,Goalpara,Assam
783122,Goalpara,Assam
783123,Dhubri,Assam
783123,Goalpara,Assam
783124,Goalpara,Assam
783125,Goalpara,Assam
783126,Goalpara,Assam
783127,South Salmara Mancachar,Assam
783128,South Salmara Mancachar,Assam
783129,Goalpara,Assam
783130,Goalpara,Assam
783131,South Salmara Mancachar,Assam
783132,Dhubri,Assam
783132,Goalpara,Assam
783133,Goalpara,Assam
783134,Goalpara,Assam
783135,South Salmara Mancachar,Assam
783136,South Salmara Mancachar,Assam
783301,Dhubri,Assam
783323,Dhubri,Assam
783323,South Salmara Mancachar,Assam
783324,Dhubri,Assam
783325,Dhubri,Assam
783330,Dhubri,Assam
783331,Dhubri,Assam
783331,Kokrajhar,Assam
783332,Dhubri,Assam
783332,Kokrajhar,Assam
783333,Dhubri,Assam
783333,Kokrajhar,Assam
783334,Dhubri,Assam
783335,Dhubri,Assam
783336,Kokrajhar,Assam
783337,Dhubri,Assam
783339,Dhubri,Assam
783345,Kokrajhar,Assam
783346,Kokrajhar,Assam
783347,Kokrajhar,Assam
783348,Dhubri,Assam
783349,Dhubri,Assam
783349,Kokrajhar,Assam
783350,Kokrajhar,Assam
783354,Kokrajhar,Assam
783360,Kokrajhar,Assam
783361,Kokrajhar,Assam
783369,Kokrajhar,Assam
783370,Kokrajhar,Assam
783371,Bongaigaon,Assam
783371,Dhubri,Assam
783372,Chirang,Assam
783373,Chirang,Assam
783373,Kokrajhar,Assam
783375,Chirang,Assam
783376,Kokrajhar,Assam
783380,Bongaigaon,Assam
783381,Bongaigaon,Assam
783382,Bongaigaon,Assam
783383,Bongaigaon,Assam
783384,Bongaigaon,Assam
783385,Chirang,Assam
783386,Chirang,Assam
783388,Bongaigaon,Assam
783389,Bongaigaon,Assam
783390,Chirang,Assam
783391,Bongaigaon,Assam
783391,Chirang,Assam
783392,Bongaigaon,Assam
783393,Chirang,Assam
783394,Chirang,Assam
784001,Sonitpur,Assam
784010,Sonitpur,Assam
784025,Sonitpur,Assam
784026,Sonitpur,Assam
784027,Sonitpur,Assam
784028,Sonitpur,Assam
784101,Sonitpur,Assam
784102,Sonitpur,Assam
784103,Sonitpur,Assam
784104,Sonitpur,Assam
784105,Sonitpur,Assam
784110,Sonitpur,Assam
784111,Sonitpur,Assam
784112,Sonitpur,Assam
784113,Udalguri,Assam
784114,Darrang,Assam
784114,Udalguri,Assam
784115,Darrang,Assam
784116,Darrang,Assam
784117,Sonitpur,Assam
784125,Darrang,Assam
784144,Darrang,Assam
784145,Darrang,Assam
784146,Darrang,Assam
784147,Darrang,Assam
784148,Darrang,Assam
784149,Sonitpur,Assam
784150,Sonitpur,Assam
784153,Sonitpur,Assam
784154,Sonitpur,Assam
784160,Lakhimpur,Assam
784161,Lakhimpur,Assam
784163,Lakhimpur,Assam
784164,Lakhimpur,Assam
784165,Lakhimpur,Assam
784166,Biswanath,Assam
784167,Biswanath,Assam
784168,Biswanath,Assam
784169,Biswanath,Assam
784170,Biswanath,Assam
784171,Biswanath,Assam
784172,Biswanath,Assam
784173,Biswanath,Assam
784174,Biswanath,Assam
784175,Biswanath,Assam
784176,Biswanath,Assam
784177,Biswanath,Assam
784178,Biswanath,Assam
784179,Biswanath,Assam
784180,Sonitpur,Assam
784182,Sonitpur,Assam
784184,Biswanath,Assam
784189,Biswanath,Assam
784190,Darrang,Assam
784190,Udalguri,Assam
784501,Sonitpur,Assam
784502,Sonitpur,Assam
784504,Sonitpur,Assam
784505,Sonitpur,Assam
784506,Sonitpur,Assam
784507,Sonitpur,Assam
784507,Udalguri,Assam
784508,Udalguri,Assam
784509,Udalguri,Assam
784510,Udalguri,Assam
784513,Udalguri,Assam
784514,Darrang,Assam
784514,Udalguri,Assam
784521,Udalguri,Assam
784522,Udalguri,Assam
784523,Udalguri,Assam
784524,Udalguri,Assam
784525,Darrang,Assam
784525,Udalguri,Assam
784526,Udalguri,Assam
784527,Udalguri,Assam
784528,Udalguri,Assam
784529,Darrang,Assam
785001,Jorhat,Assam
785004,Jorhat,Assam
785006,Jorhat,Assam
785007,Jorhat,Assam
785008,Jorhat,Assam
785009,Jorhat,Assam
785010,Jorhat,Assam
785013,Jorhat,Assam
785014,Jorhat,Assam
785015,Jorhat,Assam
785101,Jorhat,Assam
785102,Majuli,Assam
785104,Majuli,Assam
785105,Majuli,Assam
785106,Majuli,Assam
785107,Jorhat,Assam
785108,Jorhat,Assam
785110,Majuli,Assam
785111,Jorhat,Assam
785112,Jorhat,Assam
785601,Golaghat,Assam
785602,Golaghat,Assam
785603,Golaghat,Assam
785609,Golaghat,Assam
785610,Golaghat,Assam
785611,Golaghat,Assam
785612,Golaghat,Assam
785613,Golaghat,Assam
785614,Golaghat,Assam
785614,Majuli,Assam
785615,Golaghat,Assam
785616,Jorhat,Assam
785618,Golaghat,Assam
785619,Golaghat,Assam
785621,Golaghat,Assam
785622,Golaghat,Assam
785625,Golaghat,Assam
785626,Golaghat,Assam
785630,Jorhat,Assam
785631,Jorhat,Assam
785632,Jorhat,Assam
785633,Jorhat,Assam
785634,Jorhat,Assam
785635,Jorhat,Assam
785636,Jorhat,Assam
785640,Charaideo,Assam
785640,Sivasagar,Assam
785661,Sivasagar,Assam
785662,Sivasagar,Assam
785663,Sivasagar,Assam
785664,Sivasagar,Assam
785665,Sivasagar,Assam
785666,Sivasagar,Assam
785667,Sivasagar,Assam
785669,Charaideo,Assam
785669,Sivasagar,Assam
785670,Charaideo,Assam
785671,Sivasagar,Assam
785672,Sivasagar,Assam
785673,Charaideo,Assam
785674,Sivasagar,Assam
785675,Dibrugarh,Assam
785676,Dibrugarh,Assam
785680,Jorhat,Assam
785680,Sivasagar,Assam
785681,Sivasagar,Assam
785682,Jorhat,Assam
785682,Sivasagar,Assam
785683,Jorhat,Assam
785683,Sivasagar,Assam
785684,Sivasagar,Assam
785685,Sivasagar,Assam
785686,Charaideo,Assam
785686,Sivasagar,Assam
785687,Sivasagar,Assam
785688,Charaideo,Assam
785689,Charaideo,Assam
785690,Charaideo,Assam
785691,Charaideo,Assam
785692,Charaideo,Assam
785693,Charaideo,Assam
785696,Sivasagar,Assam
785697,Sivasagar,Assam
785698,Charaideo,Assam
785699,Golaghat,Assam
785700,Jorhat,Assam
785701,Sivasagar,Assam
785702,Golaghat,Assam
785703,Golaghat,Assam
785703,Jorhat,Assam
785704,Jorhat,Assam
785705,Golaghat,Assam
786001,Dibrugarh,Assam
786002,Dibrugarh,Assam
786003,Dibrugarh,Assam
786004,Dibrugarh,Assam
786006,Dibrugarh,Assam
786007,Dibrugarh,Assam
786008,Dibrugarh,Assam
786010,Dibrugarh,Assam
786012,Dibrugarh,Assam
786101,Dibrugarh,Assam
786102,Dibrugarh,Assam
786103,Dibrugarh,Assam
786125,Tinsukia,Assam
786126,Tinsukia,Assam
786145,Tinsukia,Assam
786146,Tinsukia,Assam
786147,Tinsukia,Assam
786148,Tinsukia,Assam
786150,Tinsukia,Assam
786151,Tinsukia,Assam
786152,Tinsukia,Assam
786153,Tinsukia,Assam
786154,Tinsukia,Assam
786155,Tinsukia,Assam
786156,Tinsukia,Assam
786157,Tinsukia,Assam
786158,Tinsukia,Assam
786159,Tinsukia,Assam
786160,Tinsukia,Assam
786170,Tinsukia,Assam
786171,Tinsukia,Assam
786173,Tinsukia,Assam
786174,Tinsukia,Assam
786179,Tinsukia,Assam
786181,Tinsukia,Assam
786182,Tinsukia,Assam
786183,Dibrugarh,Assam
786183,Tinsukia,Assam
786184,Dibrugarh,Assam
786187,Tinsukia,Assam
786188,Tinsukia,Assam
786189,Dibrugarh,Assam
786189,Tinsukia,Assam
786190,Tinsukia,Assam
786191,Dibrugarh,Assam
786192,Tinsukia,Assam
786601,Tinsukia,Assam
786602,Dibrugarh,Assam
786610,Dibrugarh,Assam
786611,Dibrugarh,Assam
786612,Dibrugarh,Assam
786613,Dibrugarh,Assam
786614,Dibrugarh,Assam
786621,Dibrugarh,Assam
786622,Dibrugarh,Assam
786623,Dibrugarh,Assam
786692,Dibrugarh,Assam
787001,Lakhimpur,Assam
787023,Lakhimpur,Assam
787026,Dhemaji,Assam
787031,Lakhimpur,Assam
787032,Lakhimpur,Assam
787033,Lakhimpur,Assam
787034,Dhemaji,Assam
787035,Dhemaji,Assam
787051,Lakhimpur,Assam
787052,Lakhimpur,Assam
787052,Majuli,Assam
787053,Dhemaji,Assam
787053,Lakhimpur,Assam
787054,Lakhimpur,Assam
787055,Lakhimpur,Assam
787056,Lakhimpur,Assam
787057,Dhemaji,Assam
787058,Dhemaji,Assam
787058,Lakhimpur,Assam
787059,Dhemaji,Assam
787060,Dhemaji,Assam
787061,Dhemaji,Assam
787110,Dhemaji,Assam
788001,Cachar,Assam
788002,Cachar,Assam
788003,Cachar,Assam
788004,Cachar,Assam
788005,Cachar,Assam
788006,Cachar,Assam
788007,Cachar,Assam
788009,Cachar,Assam
788010,Cachar,Assam
788011,Cachar,Assam
788013,Cachar,Assam
788014,Cachar,Assam
788015,Cachar,Assam
788025,Cachar,Assam
788026,Cachar,Assam
788030,Cachar,Assam
788031,Cachar,Assam
788098,Cachar,Assam
788099,Cachar,Assam
788101,Cachar,Assam
788102,Cachar,Assam
788103,Cachar,Assam
788104,Cachar,Assam
788106,Cachar,Assam
788107,Cachar,Assam
788107,Dima Hasao,Assam
788108,Cachar,Assam
788108,Dima Hasao,Assam
788109,Cachar,Assam
788110,Cachar,Assam
788111,Cachar,Assam
788112,Cachar,Assam
788113,Cachar,Assam
788114,Cachar,Assam
788115,Cachar,Assam
788116,Cachar,Assam
788117,Cachar,Assam
788118,Cachar,Assam
788119,Cachar,Assam
788120,Cachar,Assam
788121,Cachar,Assam
788123,Cachar,Assam
788126,Cachar,Assam
788127,Cachar,Assam
788150,Cachar,Assam
788150,Hailakandi,Assam
788151,Hailakandi,Assam
788152,Hailakandi,Assam
788152,Karimganj,Assam
788155,Hailakandi,Assam
788156,Karimganj,Assam
788160,Hailakandi,Assam
788161,Hailakandi,Assam
788162,Hailakandi,Assam
788163,Hailakandi,Assam
788164,Hailakandi,Assam
788165,Hailakandi,Assam
788166,Karimganj,Assam
788168,Hailakandi,Assam
788701,Karimganj,Assam
788709,Karimganj,Assam
788710,Karimganj,Assam
788711,Karimganj,Assam
788712,Karimganj,Assam
788713,Karimganj,Assam
788719,Karimganj,Assam
788720,Karimganj,Assam
788722,Karimganj,Assam
788723,Karimganj,Assam
788724,Karimganj,Assam
788725,Karimganj,Assam
788726,Karimganj,Assam
788727,Karimganj,Assam
788728,Karimganj,Assam
788733,Karimganj,Assam
788734,Karimganj,Assam
788735,Karimganj,Assam
788736,Karimganj,Assam
788737,Karimganj,Assam
788738,Hailakandi,Assam
788738,Karimganj,Assam
788781,Karimganj,Assam
788801,Cachar,Assam
788801,Hailakandi,Assam
788802,Cachar,Assam
788802,Hailakandi,Assam
788803,Karimganj,Assam
788804,Cachar,Assam
788805,Cachar,Assam
788806,Karimganj,Assam
788815,Cachar,Assam
788816,Cachar,Assam
788817,Cachar,Assam
788818,Dima Hasao,Assam
788819,Dima Hasao,Assam
788820,Dima Hasao,Assam
788830,Dima Hasao,Assam
788831,Dima Hasao,Assam
788832,Dima Hasao,Assam
788931,Dima Hasao,Assam
790001,West Kameng,Arunachal Pradesh
790002,West Kameng,Arunachal Pradesh
790003,West Kameng,Arunachal Pradesh
790101,West Kameng,Arunachal Pradesh
790102,East Kameng,Arunachal Pradesh
790102,Pakke Kessang,Arunachal Pradesh
790102,West Kameng,Arunachal Pradesh
790103,Pakke Kessang,Arunachal Pradesh
790104,Tawang,Arunachal Pradesh
790105,Tawang,Arunachal Pradesh
790106,Tawang,Arunachal Pradesh
790114,West Kameng,Arunachal Pradesh
790116,West Kameng,Arunachal Pradesh
791001,Lower Siang,Arunachal Pradesh
791001,Shi Yomi,Arunachal Pradesh
791001,Siang,Arunachal Pradesh
791001,West Siang,Arunachal Pradesh
791002,Upper Siang,Arunachal Pradesh
791003,Shi Yomi,Arunachal Pradesh
791004,East Siang,Arunachal Pradesh
791004,Papum Pare,Arunachal Pradesh
791101,Leparada,Arunachal Pradesh
791101,West Siang,Arunachal Pradesh
791102,East Siang,Arunachal Pradesh
791102,Lower Siang,Arunachal Pradesh
791102,Siang,Arunachal Pradesh
791102,Upper Siang,Arunachal Pradesh
791103,East Siang,Arunachal Pradesh
791103,Upper Siang,Arunachal Pradesh
791104,East Siang,Arunachal Pradesh
791104,Lower Dibang Valley,Arunachal Pradesh
791105,Upper Siang,Arunachal Pradesh
791109,Papum Pare,Arunachal Pradesh
791110,Papum Pare,Arunachal Pradesh
791111,Papum Pare,Arunachal Pradesh
791112,Papum Pare,Arunachal Pradesh
791113,Papum Pare,Arunachal Pradesh
791114,Papum Pare,Arunachal Pradesh
791118,Kra Daadi,Arunachal Pradesh
791118,Kurung Kumey,Arunachal Pradesh
791119,Lower Subansiri,Arunachal Pradesh
791119,Papum Pare,Arunachal Pradesh
791120,Kamle,Arunachal Pradesh
791120,Lower Subansiri,Arunachal Pradesh
791121,Papum Pare,Arunachal Pradesh
791122,Upper Subansiri,Arunachal Pradesh
791123,Papum Pare,Arunachal Pradesh
791125,Lower Siang,Arunachal Pradesh
791701,Aizawl,Mizoram
792001,Lohit,Arunachal Pradesh
792055,Changlang,Arunachal Pradesh
792056,Changlang,Arunachal Pradesh
792101,Dibang Valley,Arunachal Pradesh
792102,Lohit,Arunachal Pradesh
792102,Namsai,Arunachal Pradesh
792103,Namsai,Arunachal Pradesh
792104,Anjaw,Arunachal Pradesh
792105,Namsai,Arunachal Pradesh
792110,Dibang Valley,Arunachal Pradesh
792110,Lower Dibang Valley,Arunachal Pradesh
792111,Lohit,Arunachal Pradesh
792120,Changlang,Arunachal Pradesh
792121,Changlang,Arunachal Pradesh
792122,Changlang,Arunachal Pradesh
792123,Changlang,Arunachal Pradesh
792124,Papum Pare,Arunachal Pradesh
792129,Tirap,Arunachal Pradesh
792130,Longding,Arunachal Pradesh
792130,Tirap,Arunachal Pradesh
792131,Longding,Arunachal Pradesh
793001,East Khasi Hills,Meghalaya
793002,East Khasi Hills,Meghalaya
793003,East Khasi Hills,Meghalaya
793004,East Khasi Hills,Meghalaya
793005,East Khasi Hills,Meghalaya
793006,East Khasi Hills,Meghalaya
793007,East Khasi Hills,Meghalaya
793008,East Khasi Hills,Meghalaya
793009,East Khasi Hills,Meghalaya
793010,East Khasi Hills,Meghalaya
793011,East Khasi Hills,Meghalaya
793012,East Khasi Hills,Meghalaya
793014,East Khasi Hills,Meghalaya
793015,East Khasi Hills,Meghalaya
793016,East Khasi Hills,Meghalaya
793017,East Khasi Hills,Meghalaya
793018,East Khasi Hills,Meghalaya
793019,East Khasi Hills,Meghalaya
793021,East Khasi Hills,Meghalaya
793022,East Khasi Hills,Meghalaya
793101,Ri Bhoi,Meghalaya
793102,Ri Bhoi,Meghalaya
793103,Ri Bhoi,Meghalaya
793104,Ri Bhoi,Meghalaya
793105,Ri Bhoi,Meghalaya
793106,East Khasi Hills,Meghalaya
793106,South West Khasi Hills,Meghalaya
793106,West Khasi Hills,Meghalaya
793107,East Khasi Hills,Meghalaya
793108,East Khasi Hills,Meghalaya
793109,West Jaintia Hills,Meghalaya
793110,East Khasi Hills,Meghalaya
793111,East Khasi Hills,Meghalaya
793112,East Khasi Hills,Meghalaya
793113,East Khasi Hills,Meghalaya
793114,East Khasi Hills,Meghalaya
793114,South West Khasi Hills,Meghalaya
793115,East Khasi Hills,Meghalaya
793116,Ri Bhoi,Meghalaya
793119,South West Khasi Hills,Meghalaya
793119,West Jaintia Hills,Meghalaya
793119,West Khasi Hills,Meghalaya
793120,East Khasi Hills,Meghalaya
793120,West Khasi Hills,Meghalaya
793121,East Khasi Hills,Meghalaya
793122,Ri Bhoi,Meghalaya
793123,Ri Bhoi,Meghalaya
793126,West Khasi Hills,Meghalaya
793150,West Jaintia Hills,Meghalaya
793151,West Jaintia Hills,Meghalaya
793160,East Jaintia Hills,Meghalaya
793161,West Jaintia Hills,Meghalaya
793200,East Jaintia Hills,Meghalaya
793210,East Jaintia Hills,Meghalaya
794001,West Garo Hills,Meghalaya
794002,West Garo Hills,Meghalaya
794003,West Garo Hills,Meghalaya
794004,West Garo Hills,Meghalaya
794005,East Garo Hills,Meghalaya
794005,West Garo Hills,Meghalaya
794101,West Garo Hills,Meghalaya
794102,East Garo Hills,Meghalaya
794102,South Garo Hills,Meghalaya
794103,West Garo Hills,Meghalaya
794104,West Garo Hills,Meghalaya
794105,West Garo Hills,Meghalaya
794106,South West Garo Hills,Meghalaya
794107,East Garo Hills,Meghalaya
794107,South Garo Hills,Meghalaya
794108,North Garo Hills,Meghalaya
794109,East Garo Hills,Meghalaya
794109,West Garo Hills,Meghalaya
794110,East Garo Hills,Meghalaya
794111,East Garo Hills,Meghalaya
794112,West Garo Hills,Meghalaya
794113,East Garo Hills,Meghalaya
794113,West Garo Hills,Meghalaya
794114,South Garo Hills,Meghalaya
794115,East Garo Hills,Meghalaya
794115,South West Garo Hills,Meghalaya
795001,Imphal West,Manipur
795002,Imphal East,Manipur
795002,Imphal West,Manipur
795002,Kangpokpi,Manipur
795003,Imphal East,Manipur
795003,Imphal West,Manipur
795004,Imphal West,Manipur
795005,Imphal East,Manipur
795006,Churachandpur,Manipur
795006,Pherzawl,Manipur
795007,Senapati,Manipur
795008,Imphal East,Manipur
795008,Imphal West,Manipur
795009,Imphal West,Manipur
795010,Imphal East,Manipur
795010,Kamjong,Manipur
795010,Kangpokpi,Manipur
795011,Bishnupur,Manipur
795011,Churachandpur,Manipur
795015,Senapati,Manipur
795101,Chandel,Manipur
795101,Kakching,Manipur
795102,Chandel,Manipur
795103,Chandel,Manipur
795103,Kakching,Manipur
795103,Thoubal,Manipur
795104,Senapati,Manipur
795105,Senapati,Manipur
795106,Kangpokpi,Manipur
795106,Senapati,Manipur
795107,Kangpokpi,Manipur
795112,Kangpokpi,Manipur
795113,Imphal West,Manipur
795113,Kangpokpi,Manipur
795114,Imphal East,Manipur
795114,Kangpokpi,Manipur
795115,Jiribam,Manipur
795116,Jiribam,Manipur
795116,Pherzawl,Manipur
795117,Churachandpur,Manipur
795118,Kangpokpi,Manipur
795121,Imphal West,Manipur
795122,Kangpokpi,Manipur
795124,Bishnupur,Manipur
795124,Churachandpur,Manipur
795125,Tamenglong,Manipur
795126,Kangpokpi,Manipur
795127,Chandel,Manipur
795128,Churachandpur,Manipur
795128,Jiribam,Manipur
795129,Kangpokpi,Manipur
795130,Imphal East,Manipur
795130,Imphal West,Manipur
795130,Thoubal,Manipur
795131,Chandel,Manipur
795131,Tengnoupal,Manipur
795132,Kakching,Manipur
795133,Bishnupur,Manipur
795133,Churachandpur,Manipur
795134,Bishnupur,Manipur
795134,Imphal West,Manipur
795134,Kangpokpi,Manipur
795135,Chandel,Manipur
795135,Kakching,Manipur
795135,Tengnoupal,Manipur
795136,Imphal West,Manipur
795136,Kangpokpi,Manipur
795138,Thoubal,Manipur
795139,Churachandpur,Manipur
795140,Imphal West,Manipur
795141,Tamenglong,Manipur
795142,Pherzawl,Manipur
795142,Ukhrul,Manipur
795143,Pherzawl,Manipur
795144,Senapati,Manipur
795144,Ukhrul,Manipur
795145,Imphal East,Manipur
795145,Kamjong,Manipur
795145,Kangpokpi,Manipur
795145,Ukhrul,Manipur
795146,Imphal West,Manipur
795146,Kangpokpi,Manipur
795146,Noney,Manipur
795146,Tamenglong,Manipur
795147,Noney,Manipur
795148,Thoubal,Manipur
795149,Kangpokpi,Manipur
795150,Senapati,Manipur
795159,Noney,Manipur
796001,Aizawl,Mizoram
796004,Aizawl,Mizoram
796005,Aizawl,Mizoram
796006,Aizawl,Mizoram
796007,Aizawl,Mizoram
796008,Aizawl,Mizoram
796009,Aizawl,Mizoram
796012,Aizawl,Mizoram
796014,Aizawl,Mizoram
796015,Aizawl,Mizoram
796015,Kolasib,Mizoram
796017,Aizawl,Mizoram
796017,Saitual,Mizoram
796070,Kolasib,Mizoram
796081,Kolasib,Mizoram
796081,Mamit,Mizoram
796091,Kolasib,Mizoram
796101,Kolasib,Mizoram
796111,Aizawl,Mizoram
796161,Aizawl,Mizoram
796161,Serchhip,Mizoram
796181,Serchhip,Mizoram
796184,Serchhip,Mizoram
796186,Lunglei,Mizoram
796186,Serchhip,Mizoram
796190,Aizawl,Mizoram
796246,Aizawl,Mizoram
796261,Saitual,Mizoram
796261,Serchhip,Mizoram
796290,Saitual,Mizoram
796291,Aizawl,Mizoram
796291,Champhai,Mizoram
796291,Saitual,Mizoram
796310,Khawzawl,Mizoram
796310,Serchhip,Mizoram
796320,Champhai,Mizoram
796321,Champhai,Mizoram
796370,Khawzawl,Mizoram
796370,Serchhip,Mizoram
796410,Aizawl,Mizoram
796410,Kolasib,Mizoram
796410,Mamit,Mizoram
796421,Aizawl,Mizoram
796421,Mamit,Mizoram
796431,Mamit,Mizoram
796441,Aizawl,Mizoram
796470,Aizawl,Mizoram
796501,Mamit,Mizoram
796571,Hnahthial,Mizoram
796691,Lunglei,Mizoram
796701,Aizawl,Mizoram
796701,Lunglei,Mizoram
796710,Lunglei,Mizoram
796751,Lunglei,Mizoram
796770,Aizawl,Mizoram
796891,Lawngtlai,Mizoram
796901,Lawngtlai,Mizoram
796901,Saiha,Mizoram
797001,Kohima,Nagaland
797002,Kohima,Nagaland
797002,Peren,Nagaland
797003,Kohima,Nagaland
797004,Kohima,Nagaland
797006,Kohima,Nagaland
797099,Wokha,Nagaland
797101,Peren,Nagaland
797103,Dimapur,Nagaland
797103,Peren,Nagaland
797104,Phek,Nagaland
797104,Zunheboto,Nagaland
797105,Kohima,Nagaland
797105,Zunheboto,Nagaland
797106,Dimapur,Nagaland
797106,Peren,Nagaland
797107,Phek,Nagaland
797108,Phek,Nagaland
797109,Kohima,Nagaland
797109,Zunheboto,Nagaland
797110,Peren,Nagaland
797111,Wokha,Nagaland
797112,Dimapur,Nagaland
797112,Peren,Nagaland
797112,Wokha,Nagaland
797113,Dimapur,Nagaland
797114,Phek,Nagaland
797115,Dimapur,Nagaland
797116,Dimapur,Nagaland
797117,Dimapur,Nagaland
797118,Dimapur,Nagaland
797120,Kohima,Nagaland
797121,Kohima,Nagaland
798601,Mokokchung,Nagaland
798601,Tuensang,Nagaland
798601,Zunheboto,Nagaland
798602,Mon,Nagaland
798603,Mon,Nagaland
798604,Mokokchung,Nagaland
798607,Mokokchung,Nagaland
798607,Wokha,Nagaland
798611,Kiphire,Nagaland
798612,Noklak,Nagaland
798612,Tuensang,Nagaland
798613,Mokokchung,Nagaland
798614,Mokokchung,Nagaland
798615,Mokokchung,Nagaland
798616,Tuensang,Nagaland
798617,Kohima,Nagaland
798618,Mokokchung,Nagaland
798620,Zunheboto,Nagaland
798621,Mon,Nagaland
798622,Mon,Nagaland
798623,Mokokchung,Nagaland
798625,Longleng,Nagaland
798626,Kohima,Nagaland
798627,Zunheboto,Nagaland
798628,Kohima,Nagaland
798628,Tuensang,Nagaland
799001,Nirmal,Telangana
799002,West Tripura,Tripura
799003,West Tripura,Tripura
799004,West Tripura,Tripura
799005,West Tripura,Tripura
799006,West Tripura,Tripura
799007,West Tripura,Tripura
799008,West Tripura,Tripura
799009,West Tripura,Tripura
799010,West Tripura,Tripura
799011,Sepahijala,Tripura
799012,West Tripura,Tripura
799013,Gomati,Tripura
799014,West Tripura,Tripura
799015,West Tripura,Tripura
799022,West Tripura,Tripura
799035,West Tripura,Tripura
799045,West Tripura,Tripura
799046,West Tripura,Tripura
799101,Gomati,Tripura
799102,Sepahijala,Tripura
799103,Sepahijala,Tripura
799104,Dhalai,Tripura
799104,Gomati,Tripura
799105,Gomati,Tripura
799105,Sepahijala,Tripura
799113,Gomati,Tripura
799114,Gomati,Tripura
799115,Sepahijala,Tripura
799120,Gomati,Tripura
799125,Gomati,Tripura
799125,South Tripura,Tripura
799130,Sepahijala,Tripura
799130,West Tripura,Tripura
799131,Sepahijala,Tripura
799132,Sepahijala,Tripura
799141,South Tripura,Tripura
799142,South Tripura,Tripura
799143,South Tripura,Tripura
799144,South Tripura,Tripura
799145,South Tripura,Tripura
799150,South Tripura,Tripura
799153,South Tripura,Tripura
799155,South Tripura,Tripura
799156,South Tripura,Tripura
799157,South Tripura,Tripura
799201,Khowai,Tripura
799202,Khowai,Tripura
799203,Khowai,Tripura
799204,Dhalai,Tripura
799205,Khowai,Tripura
799207,Khowai,Tripura
799210,West Tripura,Tripura
799211,West Tripura,Tripura
799212,West Tripura,Tripura
799250,North Tripura,Tripura
799251,North Tripura,Tripura
799253,North Tripura,Tripura
799254,North Tripura,Tripura
799256,North Tripura,Tripura
799260,North Tripura,Tripura
799261,North Tripura,Tripura
799262,North Tripura,Tripura
799263,Unakoti,Tripura
799264,Unakoti,Tripura
799266,Dhalai,Tripura
799269,North Tripura,Tripura
799270,North Tripura,Tripura
799271,North Tripura,Tripura
799273,Dhalai,Tripura
799275,Dhalai,Tripura
799277,Unakoti,Tripura
799278,Dhalai,Tripura
799279,Unakoti,Tripura
799280,Unakoti,Tripura
799281,Unakoti,Tripura
799282,Unakoti,Tripura
799284,Dhalai,Tripura
799285,Dhalai,Tripura
799286,Dhalai,Tripura
799287,Dhalai,Tripura
799288,Unakoti,Tripura
799289,Dhalai,Tripura
799290,Unakoti,Tripura
800001,Patna,Bihar
800002,Patna,Bihar
800003,Patna,Bihar
800004,Patna,Bihar
800005,Patna,Bihar
800006,Patna,Bihar
800007,Patna,Bihar
800008,Patna,Bihar
800009,Patna,Bihar
800010,Patna,Bihar
800011,Patna,Bihar
800012,Patna,Bihar
800013,Patna,Bihar
800014,Patna,Bihar
800015,Patna,Bihar
800016,Patna,Bihar
800017,Patna,Bihar
800019,Patna,Bihar
800020,Patna,Bihar
800021,Patna,Bihar
800022,Patna,Bihar
800023,Patna,Bihar
800024,Patna,Bihar
800025,Patna,Bihar
800026,Patna,Bihar
800027,Patna,Bihar
800028,Patna,Bihar
800030,Patna,Bihar
800031,Patna,Bihar
800032,Patna,Bihar
800034,Patna,Bihar
800035,Patna,Bihar
801102,Patna,Bihar
801103,Patna,Bihar
801104,Patna,Bihar
801105,Patna,Bihar
801106,Patna,Bihar
801107,Patna,Bihar
801108,Patna,Bihar
801109,Patna,Bihar
801110,Patna,Bihar
801111,Patna,Bihar
801112,Patna,Bihar
801113,Patna,Bihar
801301,Nalanda,Bihar
801302,Nawada,Bihar
801302,Patna,Bihar
801303,Nalanda,Bihar
801304,Patna,Bihar
801305,Patna,Bihar
801306,Nalanda,Bihar
801307,Nalanda,Bihar
801308,Nalanda,Bihar
801503,Patna,Bihar
801505,Patna,Bihar
801506,Patna,Bihar
801507,Patna,Bihar
802101,Buxar,Bihar
802102,Buxar,Bihar
802103,Buxar,Bihar
802111,Buxar,Bihar
802112,Bhojpur,Bihar
802112,Buxar,Bihar
802113,Buxar,Bihar
802114,Buxar,Bihar
802115,Buxar,Bihar
802116,Buxar,Bihar
802117,Buxar,Bihar
802118,Buxar,Bihar
802119,Buxar,Bihar
802120,Buxar,Bihar
802122,Buxar,Bihar
802123,Buxar,Bihar
802125,Buxar,Bihar
802126,Buxar,Bihar
802127,Buxar,Bihar
802128,Buxar,Bihar
802129,Buxar,Bihar
802130,Buxar,Bihar
802131,Ballia,Uttar Pradesh
802131,Buxar,Bihar
802132,Kaimur (bhabua),Bihar
802133,Buxar,Bihar
802134,Buxar,Bihar
802135,Buxar,Bihar
802136,Buxar,Bihar
802152,Bhojpur,Bihar
802154,Bhojpur,Bihar
802155,Bhojpur,Bihar
802156,Bhojpur,Bihar
802157,Bhojpur,Bihar
802158,Bhojpur,Bihar
802159,Bhojpur,Bihar
802160,Bhojpur,Bihar
802160,Patna,Bihar
802161,Bhojpur,Bihar
802162,Bhojpur,Bihar
802163,Bhojpur,Bihar
802164,Bhojpur,Bihar
802165,Bhojpur,Bihar
802166,Bhojpur,Bihar
802183,Bhojpur,Bihar
802201,Bhojpur,Bihar
802202,Bhojpur,Bihar
802203,Bhojpur,Bihar
802204,Bhojpur,Bihar
802204,Rohtas,Bihar
802205,Bhojpur,Bihar
802205,Rohtas,Bihar
802206,Bhojpur,Bihar
802207,Bhojpur,Bihar
802208,Bhojpur,Bihar
802209,Bhojpur,Bihar
802210,Bhojpur,Bihar
802211,Rohtas,Bihar
802212,Rohtas,Bihar
802213,Rohtas,Bihar
802214,Rohtas,Bihar
802215,Rohtas,Bihar
802216,Rohtas,Bihar
802217,Rohtas,Bihar
802218,Rohtas,Bihar
802219,Rohtas,Bihar
802220,Rohtas,Bihar
802221,Rohtas,Bihar
802222,Bhojpur,Bihar
802223,Bhojpur,Bihar
802224,Bhojpur,Bihar
802226,Rohtas,Bihar
802301,Bhojpur,Bihar
802302,Bhojpur,Bihar
802311,Bhojpur,Bihar
802312,Bhojpur,Bihar
802313,Bhojpur,Bihar
802314,Bhojpur,Bihar
802316,Bhojpur,Bihar
802351,Bhojpur,Bihar
802352,Bhojpur,Bihar
803101,Nalanda,Bihar
803107,Nalanda,Bihar
803108,Nalanda,Bihar
803109,Nalanda,Bihar
803110,Patna,Bihar
803111,Nalanda,Bihar
803113,Nalanda,Bihar
803114,Nalanda,Bihar
803115,Nalanda,Bihar
803116,Nalanda,Bihar
803117,Nalanda,Bihar
803118,Nalanda,Bihar
803119,Nalanda,Bihar
803120,Nalanda,Bihar
803121,Nalanda,Bihar
803201,Patna,Bihar
803202,Nalanda,Bihar
803202,Patna,Bihar
803203,Patna,Bihar
803211,Patna,Bihar
803212,Patna,Bihar
803213,Nalanda,Bihar
803213,Patna,Bihar
803214,Patna,Bihar
803215,Patna,Bihar
803216,Nalanda,Bihar
803221,Patna,Bihar
803301,Patna,Bihar
803302,Patna,Bihar
803303,Patna,Bihar
803306,Patna,Bihar
803307,Patna,Bihar
804401,Arwal,Bihar
804402,Arwal,Bihar
804403,Arwal,Bihar
804403,Gaya,Bihar
804403,Jehanabad,Bihar
804404,Gaya,Bihar
804405,Jehanabad,Bihar
804406,Jehanabad,Bihar
804407,Gaya,Bihar
804407,Jehanabad,Bihar
804408,Jehanabad,Bihar
804409,Aurangabad,Bihar
804417,Jehanabad,Bihar
804418,Jehanabad,Bihar
804419,Arwal,Bihar
804420,Arwal,Bihar
804420,Jehanabad,Bihar
804421,Arwal,Bihar
804422,Arwal,Bihar
804422,Jehanabad,Bihar
804423,Arwal,Bihar
804424,Arwal,Bihar
804424,Jehanabad,Bihar
804425,Jehanabad,Bihar
804426,Arwal,Bihar
804427,Arwal,Bihar
804427,Jehanabad,Bihar
804428,Arwal,Bihar
804429,Arwal,Bihar
804429,Jehanabad,Bihar
804432,Jehanabad,Bihar
804435,Gaya,Bihar
804451,Jehanabad,Bihar
804451,Nalanda,Bihar
804451,Patna,Bihar
804452,Jehanabad,Bihar
804452,Patna,Bihar
804453,Patna,Bihar
805101,Nawada,Bihar
805102,Nawada,Bihar
805103,Nawada,Bihar
805104,Nawada,Bihar
805105,Nalanda,Bihar
805106,Nawada,Bihar
805107,Nawada,Bihar
805108,Nawada,Bihar
805109,Nawada,Bihar
805110,Nawada,Bihar
805111,Nawada,Bihar
805112,Nawada,Bihar
805113,Nawada,Bihar
805114,Nawada,Bihar
805121,Nawada,Bihar
805122,Nawada,Bihar
805123,Nawada,Bihar
805124,Nawada,Bihar
805125,Nawada,Bihar
805126,Nawada,Bihar
805127,Nawada,Bihar
805128,Gaya,Bihar
805129,Nawada,Bihar
805130,Nawada,Bihar
805131,Gaya,Bihar
805132,Nawada,Bihar
805141,Nawada,Bihar
811101,Sheikhpura,Bihar
811102,Sheikhpura,Bihar
811103,Sheikhpura,Bihar
811104,Nalanda,Bihar
811105,Sheikhpura,Bihar
811106,Lakhisarai,Bihar
811107,Lakhisarai,Bihar
811107,Sheikhpura,Bihar
811112,Lakhisarai,Bihar
811201,Munger,Bihar
811202,Munger,Bihar
811211,Bhagalpur,Bihar
811211,Munger,Bihar
811212,Munger,Bihar
811213,Munger,Bihar
811214,Munger,Bihar
811301,Jamui,Bihar
811302,Lakhisarai,Bihar
811303,Jamui,Bihar
811304,Sheikhpura,Bihar
811305,Jamui,Bihar
811306,Lakhisarai,Bihar
811306,Munger,Bihar
811307,Jamui,Bihar
811308,Banka,Bihar
811308,Jamui,Bihar
811309,Lakhisarai,Bihar
811310,Lakhisarai,Bihar
811311,Lakhisarai,Bihar
811312,Jamui,Bihar
811313,Jamui,Bihar
811314,Jamui,Bihar
811315,Jamui,Bihar
811316,Jamui,Bihar
811317,Jamui,Bihar
812001,Bhagalpur,Bihar
812002,Bhagalpur,Bihar
812003,Bhagalpur,Bihar
812004,Bhagalpur,Bihar
812005,Bhagalpur,Bihar
812006,Bhagalpur,Bihar
812007,Bhagalpur,Bihar
813101,Banka,Bihar
813102,Banka,Bihar
813102,Supaul,Bihar
813103,Banka,Bihar
813104,Banka,Bihar
813105,Banka,Bihar
813106,Banka,Bihar
813107,Banka,Bihar
813108,Banka,Bihar
813108,Bhagalpur,Bihar
813109,Banka,Bihar
813110,Banka,Bihar
813201,Munger,Bihar
813202,Banka,Bihar
813203,Bhagalpur,Bihar
813204,Bhagalpur,Bihar
813205,Banka,Bihar
813205,Bhagalpur,Bihar
813206,Bhagalpur,Bihar
813206,Godda,Jharkhand
813207,Banka,Bihar
813208,Godda,Jharkhand
813208,Sahebganj,Jharkhand
813209,Bhagalpur,Bihar
813209,Katihar,Bihar
813210,Bhagalpur,Bihar
813211,Banka,Bihar
813212,Banka,Bihar
813212,Munger,Bihar
813213,Bhagalpur,Bihar
813213,Munger,Bihar
813214,Bhagalpur,Bihar
813221,Munger,Bihar
813222,Bhagalpur,Bihar
814101,Dumka,Jharkhand
814102,Dumka,Jharkhand
814103,Dumka,Jharkhand
814110,Dumka,Jharkhand
814111,Pakur,Jharkhand
814112,Deoghar,Jharkhand
814113,Deoghar,Jharkhand
814114,Deoghar,Jharkhand
814115,Deoghar,Jharkhand
814116,Deoghar,Jharkhand
814118,Dumka,Jharkhand
814119,Dumka,Jharkhand
814120,Deoghar,Jharkhand
814120,Dumka,Jharkhand
814131,Banka,Bihar
814133,Godda,Jharkhand
814141,Dumka,Jharkhand
814142,Deoghar,Jharkhand
814143,Deoghar,Jharkhand
814144,Dumka,Jharkhand
814145,Dumka,Jharkhand
814146,Deoghar,Jharkhand
814146,Dumka,Jharkhand
814147,Godda,Jharkhand
814148,Dumka,Jharkhand
814149,Deoghar,Jharkhand
814150,Deoghar,Jharkhand
814151,Dumka,Jharkhand
814152,Deoghar,Jharkhand
814153,Godda,Jharkhand
814154,Godda,Jharkhand
814155,Godda,Jharkhand
814156,Godda,Jharkhand
814157,Deoghar,Jharkhand
814158,Dumka,Jharkhand
814160,Godda,Jharkhand
814165,Godda,Jharkhand
814166,Dumka,Jharkhand
814166,Jamtara,Jharkhand
814167,Dumka,Jharkhand
814168,Dumka,Jharkhand
814170,Dumka,Jharkhand
815117,Pakur,Jharkhand
815301,Giridih,Jharkhand
815302,Giridih,Jharkhand
815311,Giridih,Jharkhand
815312,Giridih,Jharkhand
815313,Giridih,Jharkhand
815314,Giridih,Jharkhand
815315,Giridih,Jharkhand
815316,Giridih,Jharkhand
815317,Giridih,Jharkhand
815318,Giridih,Jharkhand
815351,Jamtara,Jharkhand
815352,Jamtara,Jharkhand
815353,Deoghar,Jharkhand
815354,Jamtara,Jharkhand
815355,Jamtara,Jharkhand
815357,Deoghar,Jharkhand
815359,Jamtara,Jharkhand
816101,Sahebganj,Jharkhand
816102,Godda,Jharkhand
816102,Pakur,Jharkhand
816102,Sahebganj,Jharkhand
816103,Pakur,Jharkhand
816104,Pakur,Jharkhand
816104,Sahebganj,Jharkhand
816105,Pakur,Jharkhand
816105,Sahebganj,Jharkhand
816106,Pakur,Jharkhand
816107,Pakur,Jharkhand
816108,Sahebganj,Jharkhand
816109,Sahebganj,Jharkhand
816110,Sahebganj,Jharkhand
816115,Sahebganj,Jharkhand
816116,Sahebganj,Jharkhand
816117,Pakur,Jharkhand
816118,Dumka,Jharkhand
816120,Sahebganj,Jharkhand
816129,Sahebganj,Jharkhand
818142,Dhanbad,Jharkhand
821015,Rohtas,Bihar
821101,Kaimur (bhabua),Bihar
821102,Kaimur (bhabua),Bihar
821103,Kaimur (bhabua),Bihar
821104,Rohtas,Bihar
821105,Kaimur (bhabua),Bihar
821106,Kaimur (bhabua),Bihar
821107,Rohtas,Bihar
821108,Kaimur (bhabua),Bihar
821109,Kaimur (bhabua),Bihar
821110,Kaimur (bhabua),Bihar
821111,Rohtas,Bihar
821112,Rohtas,Bihar
821113,Rohtas,Bihar
821114,Rohtas,Bihar
821115,Rohtas,Bihar
821301,Rohtas,Bihar
821302,Rohtas,Bihar
821303,Rohtas,Bihar
821304,Rohtas,Bihar
821305,Rohtas,Bihar
821306,Rohtas,Bihar
821307,Rohtas,Bihar
821308,Rohtas,Bihar
821309,Rohtas,Bihar
821310,Rohtas,Bihar
821311,Rohtas,Bihar
821312,Rohtas,Bihar
822101,Palamu,Jharkhand
822102,Palamu,Jharkhand
822110,Palamu,Jharkhand
822111,Latehar,Jharkhand
822112,Garhwa,Jharkhand
822112,Latehar,Jharkhand
822113,Palamu,Jharkhand
822114,Garhwa,Jharkhand
822115,Garhwa,Jharkhand
822115,Palamu,Jharkhand
822116,Palamu,Jharkhand
822117,Palamu,Jharkhand
822118,Palamu,Jharkhand
822119,Latehar,Jharkhand
822120,Garhwa,Jharkhand
822120,Palamu,Jharkhand
822121,Garhwa,Jharkhand
822122,Palamu,Jharkhand
822123,Palamu,Jharkhand
822124,Garhwa,Jharkhand
822124,Palamu,Jharkhand
822125,Garhwa,Jharkhand
822126,Latehar,Jharkhand
822126,Palamu,Jharkhand
822128,Garhwa,Jharkhand
822129,Garhwa,Jharkhand
822131,Palamu,Jharkhand
822132,Palamu,Jharkhand
822133,Garhwa,Jharkhand
822133,Palamu,Jharkhand
822134,Garhwa,Jharkhand
823001,Gaya,Bihar
823002,Gaya,Bihar
823003,Gaya,Bihar
823004,Gaya,Bihar
823005,Gaya,Bihar
823311,Gaya,Bihar
824101,Aurangabad,Bihar
824102,Aurangabad,Bihar
824103,Aurangabad,Bihar
824111,Aurangabad,Bihar
824112,Aurangabad,Bihar
824113,Aurangabad,Bihar
824114,Aurangabad,Bihar
824115,Aurangabad,Bihar
824116,Gaya,Bihar
824118,Gaya,Bihar
824120,Aurangabad,Bihar
824121,Aurangabad,Bihar
824122,Aurangabad,Bihar
824123,Aurangabad,Bihar
824124,Aurangabad,Bihar
824125,Aurangabad,Bihar
824126,Aurangabad,Bihar
824127,Arwal,Bihar
824127,Aurangabad,Bihar
824129,Aurangabad,Bihar
824143,Aurangabad,Bihar
824201,Gaya,Bihar
824202,Aurangabad,Bihar
824203,Aurangabad,Bihar
824205,Gaya,Bihar
824206,Gaya,Bihar
824207,Gaya,Bihar
824208,Aurangabad,Bihar
824209,Gaya,Bihar
824210,Gaya,Bihar
824211,Gaya,Bihar
824217,Gaya,Bihar
824219,Aurangabad,Bihar
824219,Gaya,Bihar
824220,Gaya,Bihar
824221,Gaya,Bihar
824231,Gaya,Bihar
824232,Gaya,Bihar
824233,Gaya,Bihar
824233,Jehanabad,Bihar
824234,Gaya,Bihar
824235,Gaya,Bihar
824236,Gaya,Bihar
824237,Gaya,Bihar
824301,Aurangabad,Bihar
824302,Aurangabad,Bihar
824303,Aurangabad,Bihar
824304,Aurangabad,Bihar
825101,Ramgarh,Jharkhand
825102,Bokaro,Jharkhand
825103,Chatra,Jharkhand
825106,Giridih,Jharkhand
825108,Giridih,Jharkhand
825109,Koderma,Jharkhand
825132,Koderma,Jharkhand
825167,Giridih,Jharkhand
825301,Hazaribagh,Jharkhand
825302,Hazaribagh,Jharkhand
825303,Hazaribagh,Jharkhand
825311,Hazaribagh,Jharkhand
825312,Bokaro,Jharkhand
825312,Hazaribagh,Jharkhand
825313,Hazaribagh,Jharkhand
825314,Ramgarh,Jharkhand
825315,Bokaro,Jharkhand
825315,Hazaribagh,Jharkhand
825316,Ramgarh,Jharkhand
825317,Hazaribagh,Jharkhand
825318,Koderma,Jharkhand
825319,Hazaribagh,Jharkhand
825320,Giridih,Jharkhand
825321,Chatra,Jharkhand
825322,Giridih,Jharkhand
825322,Godda,Jharkhand
825322,Hazaribagh,Jharkhand
825323,Hazaribagh,Jharkhand
825324,Giridih,Jharkhand
825325,Bokaro,Jharkhand
825325,Ramgarh,Jharkhand
825326,Ramgarh,Jharkhand
825329,Giridih,Jharkhand
825330,Ramgarh,Jharkhand
825336,Hazaribagh,Jharkhand
825401,Chatra,Jharkhand
825402,Hazaribagh,Jharkhand
825403,Chatra,Jharkhand
825404,Chatra,Jharkhand
825405,Hazaribagh,Jharkhand
825406,Hazaribagh,Jharkhand
825407,Koderma,Jharkhand
825408,Chatra,Jharkhand
825409,Hazaribagh,Jharkhand
825409,Koderma,Jharkhand
825410,Koderma,Jharkhand
825411,Chatra,Jharkhand
825411,Hazaribagh,Jharkhand
825411,Ramgarh,Jharkhand
825412,Giridih,Jharkhand
825413,Hazaribagh,Jharkhand
825413,Koderma,Jharkhand
825414,Chatra,Jharkhand
825415,Chatra,Jharkhand
825418,Koderma,Jharkhand
825421,Koderma,Jharkhand
826001,Dhanbad,Jharkhand
826003,Dhanbad,Jharkhand
826004,Dhanbad,Jharkhand
826005,Dhanbad,Jharkhand
826006,Dhanbad,Jharkhand
826007,Dhanbad,Jharkhand
826008,Dhanbad,Jharkhand
826009,Dhanbad,Jharkhand
826010,Dhanbad,Jharkhand
826011,Dhanbad,Jharkhand
826012,Dhanbad,Jharkhand
826013,Dhanbad,Jharkhand
827001,Bokaro,Jharkhand
827003,Bokaro,Jharkhand
827004,Bokaro,Jharkhand
827006,Bokaro,Jharkhand
827009,Bokaro,Jharkhand
827010,Bokaro,Jharkhand
827012,Bokaro,Jharkhand
827013,Bokaro,Jharkhand
827014,Bokaro,Jharkhand
827015,Bokaro,Jharkhand
827016,Bokaro,Jharkhand
827302,Bokaro,Jharkhand
828101,Dhanbad,Jharkhand
828103,Dhanbad,Jharkhand
828104,Dhanbad,Jharkhand
828105,Dhanbad,Jharkhand
828106,Dhanbad,Jharkhand
828107,Dhanbad,Jharkhand
828108,Dhanbad,Jharkhand
828109,Dhanbad,Jharkhand
828110,Dhanbad,Jharkhand
828111,Dhanbad,Jharkhand
828112,Dhanbad,Jharkhand
828113,Dhanbad,Jharkhand
828114,Dhanbad,Jharkhand
828115,Dhanbad,Jharkhand
828116,Dhanbad,Jharkhand
828117,Dhanbad,Jharkhand
828119,Dhanbad,Jharkhand
828120,Dhanbad,Jharkhand
828121,Dhanbad,Jharkhand
828122,Dhanbad,Jharkhand
828123,Dhanbad,Jharkhand
828124,Dhanbad,Jharkhand
828125,Dhanbad,Jharkhand
828126,Dhanbad,Jharkhand
828127,Dhanbad,Jharkhand
828128,Dhanbad,Jharkhand
828129,Dhanbad,Jharkhand
828130,Dhanbad,Jharkhand
828131,Dhanbad,Jharkhand
828132,Dhanbad,Jharkhand
828133,Dhanbad,Jharkhand
828134,Bokaro,Jharkhand
828135,Dhanbad,Jharkhand
828142,Dhanbad,Jharkhand
828201,Dhanbad,Jharkhand
828202,Dhanbad,Jharkhand
828203,Dhanbad,Jharkhand
828204,Dhanbad,Jharkhand
828205,Dhanbad,Jharkhand
828206,Dhanbad,Jharkhand
828207,Dhanbad,Jharkhand
828301,Dhanbad,Jharkhand
828302,Dhanbad,Jharkhand
828303,Bokaro,Jharkhand
828304,Dhanbad,Jharkhand
828305,Dhanbad,Jharkhand
828306,Dhanbad,Jharkhand
828307,Dhanbad,Jharkhand
828309,Dhanbad,Jharkhand
828401,Dhanbad,Jharkhand
828402,Dhanbad,Jharkhand
828403,Bokaro,Jharkhand
828404,Bokaro,Jharkhand
829101,Ramgarh,Jharkhand
829102,Ramgarh,Jharkhand
829103,Ramgarh,Jharkhand
829104,Bokaro,Jharkhand
829105,Ramgarh,Jharkhand
829106,Ramgarh,Jharkhand
829107,Bokaro,Jharkhand
829108,Ramgarh,Jharkhand
829109,Ramgarh,Jharkhand
829110,Ramgarh,Jharkhand
829111,Bokaro,Jharkhand
829112,Bokaro,Jharkhand
829113,Bokaro,Jharkhand
829114,Bokaro,Jharkhand
829115,Bokaro,Jharkhand
829116,Bokaro,Jharkhand
829117,Bokaro,Jharkhand
829117,Ramgarh,Jharkhand
829118,Ramgarh,Jharkhand
829119,Ramgarh,Jharkhand
829121,Bokaro,Jharkhand
829122,Ramgarh,Jharkhand
829123,Bokaro,Jharkhand
829125,Ramgarh,Jharkhand
829126,Ramgarh,Jharkhand
829127,Bokaro,Jharkhand
829128,Bokaro,Jharkhand
829129,Bokaro,Jharkhand
829129,Ramgarh,Jharkhand
829130,Ramgarh,Jharkhand
829131,Ramgarh,Jharkhand
829132,Bokaro,Jharkhand
829133,Ramgarh,Jharkhand
829134,Ramgarh,Jharkhand
829135,Ramgarh,Jharkhand
829143,Ramgarh,Jharkhand
829144,Bokaro,Jharkhand
829149,Bokaro,Jharkhand
829150,Ramgarh,Jharkhand
829201,Chatra,Jharkhand
829202,Latehar,Jharkhand
829203,Latehar,Jharkhand
829204,Latehar,Jharkhand
829205,Ranchi,Jharkhand
829206,Latehar,Jharkhand
829207,Latehar,Jharkhand
829208,Latehar,Jharkhand
829208,Ranchi,Jharkhand
829209,Hazaribagh,Jharkhand
829209,Ranchi,Jharkhand
829210,Ranchi,Jharkhand
829301,Bokaro,Jharkhand
831001,East Singhbum,Jharkhand
831002,East Singhbum,Jharkhand
831002,Saraikela Kharsawan,Jharkhand
831003,East Singhbum,Jharkhand
831004,East Singhbum,Jharkhand
831005,East Singhbum,Jharkhand
831006,East Singhbum,Jharkhand
831007,East Singhbum,Jharkhand
831009,East Singhbum,Jharkhand
831011,East Singhbum,Jharkhand
831012,East Singhbum,Jharkhand
831012,Saraikela Kharsawan,Jharkhand
831013,Saraikela Kharsawan,Jharkhand
831014,Saraikela Kharsawan,Jharkhand
831015,East Singhbum,Jharkhand
831016,East Singhbum,Jharkhand
831017,East Singhbum,Jharkhand
831019,East Singhbum,Jharkhand
831020,East Singhbum,Jharkhand
831021,East Singhbum,Jharkhand
832101,East Singhbum,Jharkhand
832102,East Singhbum,Jharkhand
832103,East Singhbum,Jharkhand
832104,East Singhbum,Jharkhand
832105,East Singhbum,Jharkhand
832106,East Singhbum,Jharkhand
832107,East Singhbum,Jharkhand
832107,Saraikela Kharsawan,Jharkhand
832108,Saraikela Kharsawan,Jharkhand
832109,Saraikela Kharsawan,Jharkhand
832111,East Singhbum,Jharkhand
832112,East Singhbum,Jharkhand
832113,East Singhbum,Jharkhand
832113,Saraikela Kharsawan,Jharkhand
832301,East Singhbum,Jharkhand
832302,East Singhbum,Jharkhand
832302,West Singhbhum,Jharkhand
832303,East Singhbum,Jharkhand
832304,East Singhbum,Jharkhand
832401,Saraikela Kharsawan,Jharkhand
832402,Saraikela Kharsawan,Jharkhand
832403,Saraikela Kharsawan,Jharkhand
832404,Saraikela Kharsawan,Jharkhand
833101,Saraikela Kharsawan,Jharkhand
833102,Saraikela Kharsawan,Jharkhand
833102,West Singhbhum,Jharkhand
833103,West Singhbhum,Jharkhand
833104,West Singhbhum,Jharkhand
833105,West Singhbhum,Jharkhand
833106,West Singhbhum,Jharkhand
833201,West Singhbhum,Jharkhand
833202,West Singhbhum,Jharkhand
833203,West Singhbhum,Jharkhand
833204,Saraikela Kharsawan,Jharkhand
833204,West Singhbhum,Jharkhand
833212,West Singhbhum,Jharkhand
833213,West Singhbhum,Jharkhand
833214,West Singhbhum,Jharkhand
833215,West Singhbhum,Jharkhand
833216,Saraikela Kharsawan,Jharkhand
833217,West Singhbhum,Jharkhand
833218,West Singhbhum,Jharkhand
833219,Saraikela Kharsawan,Jharkhand
833220,Saraikela Kharsawan,Jharkhand
833221,West Singhbhum,Jharkhand
833222,West Singhbhum,Jharkhand
833223,West Singhbhum,Jharkhand
834001,Ranchi,Jharkhand
834002,Ranchi,Jharkhand
834003,Ranchi,Jharkhand
834004,Ranchi,Jharkhand
834005,Ranchi,Jharkhand
834006,Ranchi,Jharkhand
834007,Ranchi,Jharkhand
834008,Ranchi,Jharkhand
834009,Ranchi,Jharkhand
834010,Ranchi,Jharkhand
834011,Ranchi,Jharkhand
834012,Ranchi,Jharkhand
834013,Ranchi,Jharkhand
834014,Ranchi,Jharkhand
835101,Ranchi,Jharkhand
835102,Ranchi,Jharkhand
835103,Ranchi,Jharkhand
835201,Gumla,Jharkhand
835201,Simdega,Jharkhand
835202,Ranchi,Jharkhand
835203,Gumla,Jharkhand
835203,Lohardaga,Jharkhand
835203,Ranchi,Jharkhand
835204,Ranchi,Jharkhand
835205,Ranchi,Jharkhand
835206,Gumla,Jharkhand
835207,Gumla,Jharkhand
835208,Gumla,Jharkhand
835209,Khunti,Jharkhand
835210,Khunti,Jharkhand
835211,Gumla,Jharkhand
835211,Simdega,Jharkhand
835212,Simdega,Jharkhand
835213,Latehar,Jharkhand
835213,Lohardaga,Jharkhand
835213,Ranchi,Jharkhand
835214,Lohardaga,Jharkhand
835214,Ranchi,Jharkhand
835215,Ranchi,Jharkhand
835216,Khunti,Jharkhand
835216,West Singhbhum,Jharkhand
835217,Ranchi,Jharkhand
835218,Gumla,Jharkhand
835218,Latehar,Jharkhand
835219,Ranchi,Jharkhand
835220,Gumla,Jharkhand
835221,Khunti,Jharkhand
835221,Ranchi,Jharkhand
835222,Ranchi,Jharkhand
835223,Simdega,Jharkhand
835224,Gumla,Jharkhand
835225,Khunti,Jharkhand
835225,Ranchi,Jharkhand
835226,Simdega,Jharkhand
835227,Gumla,Jharkhand
835227,Khunti,Jharkhand
835227,West Singhbhum,Jharkhand
835228,Simdega,Jharkhand
835229,Gumla,Jharkhand
835230,Gumla,Jharkhand
835231,Gumla,Jharkhand
835231,Lohardaga,Jharkhand
835232,Gumla,Jharkhand
835233,Gumla,Jharkhand
835234,Gumla,Jharkhand
835234,Khunti,Jharkhand
835234,Ranchi,Jharkhand
835235,Simdega,Jharkhand
835301,Lohardaga,Jharkhand
835301,Ranchi,Jharkhand
835302,Gumla,Jharkhand
835302,Lohardaga,Jharkhand
835303,Ranchi,Jharkhand
835325,Lohardaga,Jharkhand
835325,Ranchi,Jharkhand
841101,Saran,Bihar
841201,Saran,Bihar
841202,Saran,Bihar
841203,Siwan,Bihar
841204,Saran,Bihar
841205,Saran,Bihar
841206,Saran,Bihar
841207,Saran,Bihar
841208,Saran,Bihar
841209,Saran,Bihar
841210,Siwan,Bihar
841211,Saran,Bihar
841212,Saran,Bihar
841213,Saran,Bihar
841214,Saran,Bihar
841215,Saran,Bihar
841216,Saran,Bihar
841217,Saran,Bihar
841218,Saran,Bihar
841219,Saran,Bihar
841220,Saran,Bihar
841221,Saran,Bihar
841222,Saran,Bihar
841223,Saran,Bihar
841223,Siwan,Bihar
841224,Saran,Bihar
841225,Saran,Bihar
841226,Siwan,Bihar
841227,Siwan,Bihar
841228,Siwan,Bihar
841231,Siwan,Bihar
841232,Siwan,Bihar
841233,Siwan,Bihar
841234,Siwan,Bihar
841235,Siwan,Bihar
841236,Siwan,Bihar
841237,Siwan,Bihar
841238,Siwan,Bihar
841239,Siwan,Bihar
841240,Siwan,Bihar
841241,Siwan,Bihar
841242,Siwan,Bihar
841243,Siwan,Bihar
841244,Siwan,Bihar
841245,Siwan,Bihar
841286,Siwan,Bihar
841287,Siwan,Bihar
841301,Saran,Bihar
841302,Saran,Bihar
841305,Saran,Bihar
841311,Saran,Bihar
841312,Bhojpur,Bihar
841312,Saran,Bihar
841313,Saran,Bihar
841316,Saran,Bihar
841401,Saran,Bihar
841402,Saran,Bihar
841403,Saran,Bihar
841404,Siwan,Bihar
841405,Gopalganj,Bihar
841406,Siwan,Bihar
841407,Gopalganj,Bihar
841408,Siwan,Bihar
841409,Gopalganj,Bihar
841410,Gopalganj,Bihar
841410,Saran,Bihar
841411,Saran,Bihar
841412,Saran,Bihar
841413,Gopalganj,Bihar
841413,Siwan,Bihar
841414,Saran,Bihar
841415,Saran,Bihar
841416,Siwan,Bihar
841417,Saran,Bihar
841417,Siwan,Bihar
841418,Saran,Bihar
841419,Saran,Bihar
841420,Gopalganj,Bihar
841421,Saran,Bihar
841422,Saran,Bihar
841423,Gopalganj,Bihar
841424,Saran,Bihar
841425,Gopalganj,Bihar
841426,Gopalganj,Bihar
841427,Gopalganj,Bihar
841428,Gopalganj,Bihar
841434,Siwan,Bihar
841435,Siwan,Bihar
841436,Gopalganj,Bihar
841436,Siwan,Bihar
841437,Gopalganj,Bihar
841438,Gopalganj,Bihar
841439,Siwan,Bihar
841440,Gopalganj,Bihar
841441,Gopalganj,Bihar
841442,Saran,Bihar
841443,Saran,Bihar
841446,Siwan,Bihar
841447,Gopalganj,Bihar
841447,Siwan,Bihar
841460,Saran,Bihar
841501,Gopalganj,Bihar
841502,Siwan,Bihar
841503,Gopalganj,Bihar
841504,Siwan,Bihar
841505,Gopalganj,Bihar
841506,Siwan,Bihar
841507,Siwan,Bihar
841508,Gopalganj,Bihar
841509,Siwan,Bihar
842001,Muzaffarpur,Bihar
842002,Muzaffarpur,Bihar
842003,Muzaffarpur,Bihar
842004,Muzaffarpur,Bihar
842005,Muzaffarpur,Bihar
842006,Muzaffarpur,Bihar
843101,Muzaffarpur,Bihar
843102,Muzaffarpur,Bihar
843103,Muzaffarpur,Bihar
843104,Muzaffarpur,Bihar
843104,Sitamarhi,Bihar
843104,Vaishali,Bihar
843105,Muzaffarpur,Bihar
843106,Muzaffarpur,Bihar
843107,Muzaffarpur,Bihar
843108,Muzaffarpur,Bihar
843109,Muzaffarpur,Bihar
843110,Vaishali,Bihar
843111,Muzaffarpur,Bihar
843112,Muzaffarpur,Bihar
843113,Muzaffarpur,Bihar
843114,Vaishali,Bihar
843115,Muzaffarpur,Bihar
843116,Muzaffarpur,Bihar
843116,Sitamarhi,Bihar
843117,Muzaffarpur,Bihar
843117,Sitamarhi,Bihar
843118,Muzaffarpur,Bihar
843119,Muzaffarpur,Bihar
843120,Muzaffarpur,Bihar
843121,Muzaffarpur,Bihar
843122,Muzaffarpur,Bihar
843123,Muzaffarpur,Bihar
843124,Muzaffarpur,Bihar
843125,Muzaffarpur,Bihar
843126,Muzaffarpur,Bihar
843127,Muzaffarpur,Bihar
843128,Muzaffarpur,Bihar
843128,Sheohar,Bihar
843129,Muzaffarpur,Bihar
843130,Muzaffarpur,Bihar
843131,Muzaffarpur,Bihar
843131,Sheohar,Bihar
843131,Sitamarhi,Bihar
843132,Muzaffarpur,Bihar
843301,Sitamarhi,Bihar
843302,Sitamarhi,Bihar
843311,Sitamarhi,Bihar
843312,Muzaffarpur,Bihar
843313,Sitamarhi,Bihar
843314,Sitamarhi,Bihar
843315,Sitamarhi,Bihar
843316,Sitamarhi,Bihar
843317,Sitamarhi,Bihar
843318,Sitamarhi,Bihar
843319,Sitamarhi,Bihar
843320,Sitamarhi,Bihar
843321,Muzaffarpur,Bihar
843322,Sitamarhi,Bihar
843323,Sitamarhi,Bihar
843324,Sitamarhi,Bihar
843325,Sitamarhi,Bihar
843326,Sitamarhi,Bihar
843327,Sitamarhi,Bihar
843328,Muzaffarpur,Bihar
843328,Sitamarhi,Bihar
843329,Sheohar,Bihar
843330,Sitamarhi,Bihar
843331,Sitamarhi,Bihar
843332,Sitamarhi,Bihar
843333,Sitamarhi,Bihar
843334,Sheohar,Bihar
843335,Sheohar,Bihar
843360,Muzaffarpur,Bihar
844101,Vaishali,Bihar
844102,Vaishali,Bihar
844103,Vaishali,Bihar
844111,Muzaffarpur,Bihar
844111,Vaishali,Bihar
844112,Muzaffarpur,Bihar
844112,Vaishali,Bihar
844113,Vaishali,Bihar
844114,Vaishali,Bihar
844115,Vaishali,Bihar
844116,Vaishali,Bihar
844117,Vaishali,Bihar
844118,Vaishali,Bihar
844119,Vaishali,Bihar
844120,Muzaffarpur,Bihar
844121,Vaishali,Bihar
844122,Vaishali,Bihar
844123,Vaishali,Bihar
844124,Vaishali,Bihar
844125,Vaishali,Bihar
844126,Vaishali,Bihar
844127,Muzaffarpur,Bihar
844128,Vaishali,Bihar
844501,Vaishali,Bihar
844502,Vaishali,Bihar
844503,Vaishali,Bihar
844504,Vaishali,Bihar
844505,Vaishali,Bihar
844506,Samastipur,Bihar
844506,Vaishali,Bihar
844507,Vaishali,Bihar
844508,Vaishali,Bihar
844509,Vaishali,Bihar
845101,Pashchim Champaran,Bihar
845103,Pashchim Champaran,Bihar
845104,Pashchim Champaran,Bihar
845105,Pashchim Champaran,Bihar
845106,Pashchim Champaran,Bihar
845107,Pashchim Champaran,Bihar
845301,Purbi Champaran,Bihar
845302,Purbi Champaran,Bihar
845303,Purbi Champaran,Bihar
845304,Purbi Champaran,Bihar
845305,Purbi Champaran,Bihar
845306,Pashchim Champaran,Bihar
845307,Pashchim Champaran,Bihar
845315,Purbi Champaran,Bihar
845401,Purbi Champaran,Bihar
845402,Purbi Champaran,Bihar
845404,Pashchim Champaran,Bihar
845405,Purbi Champaran,Bihar
845406,Purbi Champaran,Bihar
845411,Purbi Champaran,Bihar
845412,Purbi Champaran,Bihar
845413,Purbi Champaran,Bihar
845414,Purbi Champaran,Bihar
845415,Purbi Champaran,Bihar
845416,Purbi Champaran,Bihar
845417,Purbi Champaran,Bihar
845418,Purbi Champaran,Bihar
845419,Purbi Champaran,Bihar
845420,Purbi Champaran,Bihar
845422,Purbi Champaran,Bihar
845423,Purbi Champaran,Bihar
845424,Purbi Champaran,Bihar
845425,Purbi Champaran,Bihar
845426,Purbi Champaran,Bihar
845427,Purbi Champaran,Bihar
845428,Purbi Champaran,Bihar
845429,Purbi Champaran,Bihar
845430,Purbi Champaran,Bihar
845431,Purbi Champaran,Bihar
845432,Purbi Champaran,Bihar
845433,Purbi Champaran,Bihar
845434,Purbi Champaran,Bihar
845435,Purbi Champaran,Bihar
845436,Purbi Champaran,Bihar
845437,Purbi Champaran,Bihar
845438,Pashchim Champaran,Bihar
845439,Pashchim Champaran,Bihar
845440,Purbi Champaran,Bihar
845441,Purbi Champaran,Bihar
845449,Pashchim Champaran,Bihar
845450,Pashchim Champaran,Bihar
845451,Pashchim Champaran,Bihar
845452,Pashchim Champaran,Bihar
845453,Pashchim Champaran,Bihar
845454,Pashchim Champaran,Bihar
845455,Pashchim Champaran,Bihar
845456,Purbi Champaran,Bihar
845457,Purbi Champaran,Bihar
845458,Purbi Champaran,Bihar
845459,Pashchim Champaran,Bihar
846001,Darbhanga,Bihar
846002,Darbhanga,Bihar
846003,Darbhanga,Bihar
846004,Darbhanga,Bihar
846005,Darbhanga,Bihar
846006,Darbhanga,Bihar
846007,Darbhanga,Bihar
846008,Darbhanga,Bihar
846009,Darbhanga,Bihar
846010,Darbhanga,Bihar
847101,Darbhanga,Bihar
847102,Madhubani,Bihar
847103,Darbhanga,Bihar
847104,Darbhanga,Bihar
847105,Darbhanga,Bihar
847105,Samastipur,Bihar
847106,Darbhanga,Bihar
847107,Darbhanga,Bihar
847108,Madhubani,Bihar
847109,Madhubani,Bihar
847115,Darbhanga,Bihar
847121,Darbhanga,Bihar
847122,Madhubani,Bihar
847123,Darbhanga,Bihar
847123,Muzaffarpur,Bihar
847201,Darbhanga,Bihar
847202,Darbhanga,Bihar
847203,Darbhanga,Bihar
847204,Darbhanga,Bihar
847211,Madhubani,Bihar
847212,Madhubani,Bihar
847213,Madhubani,Bihar
847214,Madhubani,Bihar
847215,Madhubani,Bihar
847222,Madhubani,Bihar
847223,Madhubani,Bihar
847224,Madhubani,Bihar
847225,Madhubani,Bihar
847226,Madhubani,Bihar
847227,Madhubani,Bihar
847228,Madhubani,Bihar
847229,Madhubani,Bihar
847230,Madhubani,Bihar
847231,Madhubani,Bihar
847232,Madhubani,Bihar
847233,Darbhanga,Bihar
847234,Madhubani,Bihar
847235,Madhubani,Bihar
847236,Madhubani,Bihar
847238,Madhubani,Bihar
847239,Madhubani,Bihar
847240,Madhubani,Bihar
847301,Darbhanga,Bihar
847301,Samastipur,Bihar
847302,Darbhanga,Bihar
847302,Sitamarhi,Bihar
847303,Darbhanga,Bihar
847304,Darbhanga,Bihar
847304,Madhubani,Bihar
847305,Madhubani,Bihar
847306,Darbhanga,Bihar
847306,Madhubani,Bihar
847307,Darbhanga,Bihar
847307,Muzaffarpur,Bihar
847307,Sitamarhi,Bihar
847308,Madhubani,Bihar
847337,Darbhanga,Bihar
847337,Madhubani,Bihar
847401,Madhubani,Bihar
847402,Madhubani,Bihar
847403,Madhubani,Bihar
847404,Madhubani,Bihar
847405,Darbhanga,Bihar
847407,Darbhanga,Bihar
847407,Madhubani,Bihar
847408,Madhubani,Bihar
847409,Madhubani,Bihar
847410,Madhubani,Bihar
847411,Madhubani,Bihar
847412,Madhubani,Bihar
847421,Madhubani,Bihar
847422,Darbhanga,Bihar
847423,Darbhanga,Bihar
847424,Madhubani,Bihar
847427,Darbhanga,Bihar
847428,Darbhanga,Bihar
847429,Darbhanga,Bihar
847451,Supaul,Bihar
847452,Supaul,Bihar
848101,Samastipur,Bihar
848102,Samastipur,Bihar
848103,Samastipur,Bihar
848104,Samastipur,Bihar
848113,Samastipur,Bihar
848114,Samastipur,Bihar
848115,Samastipur,Bihar
848117,Samastipur,Bihar
848121,Samastipur,Bihar
848122,Samastipur,Bihar
848125,Muzaffarpur,Bihar
848125,Samastipur,Bihar
848127,Samastipur,Bihar
848129,Samastipur,Bihar
848130,Samastipur,Bihar
848131,Samastipur,Bihar
848132,Samastipur,Bihar
848133,Samastipur,Bihar
848134,Samastipur,Bihar
848160,Samastipur,Bihar
848201,Begusarai,Bihar
848201,Khagaria,Bihar
848202,Begusarai,Bihar
848203,Begusarai,Bihar
848203,Khagaria,Bihar
848204,Begusarai,Bihar
848205,Samastipur,Bihar
848206,Darbhanga,Bihar
848206,Samastipur,Bihar
848207,Darbhanga,Bihar
848207,Samastipur,Bihar
848208,Samastipur,Bihar
848209,Darbhanga,Bihar
848209,Samastipur,Bihar
848210,Begusarai,Bihar
848210,Samastipur,Bihar
848211,Samastipur,Bihar
848213,Darbhanga,Bihar
848216,Samastipur,Bihar
848236,Samastipur,Bihar
848301,Samastipur,Bihar
848302,Samastipur,Bihar
848501,Samastipur,Bihar
848502,Samastipur,Bihar
848503,Samastipur,Bihar
848504,Samastipur,Bihar
848505,Samastipur,Bihar
848506,Samastipur,Bihar
851101,Begusarai,Bihar
851110,Begusarai,Bihar
851111,Begusarai,Bihar
851112,Begusarai,Bihar
851113,Begusarai,Bihar
851114,Begusarai,Bihar
851115,Begusarai,Bihar
851116,Begusarai,Bihar
851117,Begusarai,Bihar
851118,Begusarai,Bihar
851120,Begusarai,Bihar
851121,Begusarai,Bihar
851126,Begusarai,Bihar
851127,Begusarai,Bihar
851128,Begusarai,Bihar
851129,Begusarai,Bihar
851130,Begusarai,Bihar
851131,Begusarai,Bihar
851132,Begusarai,Bihar
851133,Begusarai,Bihar
851134,Begusarai,Bihar
851135,Begusarai,Bihar
851201,Khagaria,Bihar
851202,Khagaria,Bihar
851203,Khagaria,Bihar
851204,Begusarai,Bihar
851204,Khagaria,Bihar
851205,Khagaria,Bihar
851206,Khagaria,Bihar
851210,Begusarai,Bihar
851211,Begusarai,Bihar
851212,Khagaria,Bihar
851213,Khagaria,Bihar
851214,Khagaria,Bihar
851215,Khagaria,Bihar
851216,Khagaria,Bihar
851217,Begusarai,Bihar
851218,Begusarai,Bihar
852101,Madhepura,Bihar
852101,Purnia,Bihar
852105,Supaul,Bihar
852106,Saharsa,Bihar
852107,Saharsa,Bihar
852108,Madhepura,Bihar
852108,Supaul,Bihar
852109,Supaul,Bihar
852110,Supaul,Bihar
852111,Supaul,Bihar
852112,Madhepura,Bihar
852113,Madhepura,Bihar
852114,Madhepura,Bihar
852115,Madhepura,Bihar
852116,Madhepura,Bihar
852116,Purnia,Bihar
852121,Madhepura,Bihar
852122,Madhepura,Bihar
852122,Purnia,Bihar
852123,Saharsa,Bihar
852124,Madhepura,Bihar
852124,Saharsa,Bihar
852125,Supaul,Bihar
852126,Saharsa,Bihar
852127,Saharsa,Bihar
852128,Madhepura,Bihar
852129,Khagaria,Bihar
852129,Saharsa,Bihar
852130,Supaul,Bihar
852131,Supaul,Bihar
852132,Madhepura,Bihar
852133,Supaul,Bihar
852134,Supaul,Bihar
852137,Supaul,Bihar
852138,Supaul,Bihar
852139,Madhepura,Bihar
852139,Supaul,Bihar
852161,Khagaria,Bihar
852201,Saharsa,Bihar
852202,Madhepura,Bihar
852202,Saharsa,Bihar
852212,Saharsa,Bihar
852213,Madhepura,Bihar
852214,Supaul,Bihar
852215,Supaul,Bihar
852216,Saharsa,Bihar
852217,Saharsa,Bihar
852218,Supaul,Bihar
852219,Madhepura,Bihar
852220,Madhepura,Bihar
852221,Saharsa,Bihar
853201,Bhagalpur,Bihar
853202,Bhagalpur,Bihar
853203,Bhagalpur,Bihar
853204,Bhagalpur,Bihar
853204,Katihar,Bihar
853204,Madhepura,Bihar
853204,Purnia,Bihar
853205,Bhagalpur,Bihar
854101,Katihar,Bihar
854102,Araria,Bihar
854102,Purnia,Bihar
854103,Katihar,Bihar
854104,Katihar,Bihar
854105,Katihar,Bihar
854106,Katihar,Bihar
854107,Katihar,Bihar
854108,Katihar,Bihar
854109,Katihar,Bihar
854110,Katihar,Bihar
854112,Katihar,Bihar
854113,Katihar,Bihar
854114,Katihar,Bihar
854115,Katihar,Bihar
854116,Katihar,Bihar
854117,Katihar,Bihar
854201,Araria,Bihar
854201,Purnia,Bihar
854202,Araria,Bihar
854202,Purnia,Bihar
854203,Purnia,Bihar
854204,Purnia,Bihar
854205,Purnia,Bihar
854301,Purnia,Bihar
854302,Purnia,Bihar
854303,Purnia,Bihar
854304,Araria,Bihar
854304,Purnia,Bihar
854305,Purnia,Bihar
854306,Purnia,Bihar
854311,Araria,Bihar
854312,Araria,Bihar
854315,Purnia,Bihar
854316,Araria,Bihar
854317,Katihar,Bihar
854318,Araria,Bihar
854325,Purnia,Bihar
854326,Purnia,Bihar
854327,Purnia,Bihar
854328,Araria,Bihar
854329,Araria,Bihar
854330,Purnia,Bihar
854331,Araria,Bihar
854332,Araria,Bihar
854333,Araria,Bihar
854333,Kishanganj,Bihar
854334,Araria,Bihar
854334,Purnia,Bihar
854335,Araria,Bihar
854336,Araria,Bihar
854337,Katihar,Bihar
854337,Purnia,Bihar
854338,Supaul,Bihar
854339,Supaul,Bihar
854340,Supaul,Bihar
855101,Kishanganj,Bihar
855102,Katihar,Bihar
855105,Katihar,Bihar
855106,Kishanganj,Bihar
855107,Kishanganj,Bihar
855108,Kishanganj,Bihar
855113,Katihar,Bihar
855114,Katihar,Bihar
855115,Kishanganj,Bihar
855116,Kishanganj,Bihar
855117,Kishanganj,Bihar
900056,Kushi Nagar,Uttar Pradesh
900099,Kolkata,West Bengal
