pincode,centroid_lat,centroid_lon,area_sqkm
110001,28.623105,77.218474,18.7403
110002,28.640397,77.245937,15.1597
110003,28.592655,77.22925,17.2941
110004,28.6144,77.199028,1.658
110005,28.654566,77.184779,8.6053
110006,28.657977,77.225955,9.1323
110007,28.678416,77.200611,14.5253
110008,28.650881,77.16462,5.027
110009,28.71154,77.197643,17.1888
110010,28.590714,77.130171,39.5397
110011,28.603596,77.209165,6.0347
110012,28.625633,77.160787,15.6543
110013,28.590549,77.259157,5.2006
110014,28.580834,77.262538,5.3261
110015,28.655267,77.141877,10.3814
110016,28.548861,77.196268,7.7218
110017,28.530484,77.216054,10.4081
110018,28.64255,77.0863,14.5059
110019,28.535511,77.258278,10.9731
110020,28.537446,77.276945,8.4406
110021,28.597039,77.179571,18.5448
110022,28.565107,77.175944,4.8867
110023,28.575461,77.19831,6.4823
110024,28.569194,77.238293,4.885
110025,28.557684,77.291896,17.0296
110026,28.668258,77.132542,4.6416
110027,28.647264,77.116693,7.9121
110028,28.630675,77.139148,4.7951
110029,28.563959,77.200719,3.0663
110030,28.506361,77.176869,24.8013
110031,28.656463,77.26902,8.1844
110032,28.676929,77.288375,11.8041
110033,28.72664,77.169685,7.0824
110034,28.691506,77.128901,10.9882
110035,28.677936,77.158882,6.4762
110036,28.816537,77.168799,91.2537
110037,28.55024,77.099931,40.862
110038,28.515849,77.113365,14.9499
110039,28.808344,77.012126,75.7935
110040,28.840871,77.091407,61.8399
110041,28.669422,77.026513,54.1697
110042,28.751633,77.136565,40.6468
110043,28.595228,76.970212,117.4234
110044,28.50455,77.300469,27.0568
110045,28.59944,77.08449,8.7389
110046,28.60462,77.101543,2.4445
110047,28.457247,77.142574,27.8981
110048,28.545526,77.238214,5.6745
110049,28.556077,77.220496,7.3333
110050,28.567058,77.19757,0.235
110051,28.652964,77.284708,4.6199
110052,28.687998,77.174042,10.0216
110053,28.684462,77.262256,12.6419
110054,28.689332,77.222963,10.785
110055,28.645109,77.212835,3.6557
110056,28.68131,77.120821,4.1288
110057,28.561752,77.15616,7.007
110058,28.621652,77.090342,8.8741
110059,28.625792,77.049008,23.3032
110060,28.636048,77.183648,4.0109
110061,28.534506,77.043254,20.5056
110062,28.513288,77.237503,12.841
110063,28.670637,77.105307,8.0103
110064,28.625058,77.11538,6.3258
110065,28.566892,77.260047,8.2182
110066,28.566613,77.183853,0.8375
110067,28.542332,77.167983,6.7092
110068,28.489773,77.217953,14.7745
110069,28.608223,77.226201,0.247
110070,28.516126,77.148644,30.3401
110071,28.551023,76.998252,47.6033
110072,28.659318,76.953724,18.5421
110073,28.561559,76.899743,106.2298
110074,28.445386,77.203968,88.6586
110075,28.583124,77.046421,26.2771
110076,28.527216,77.310201,19.443
110077,28.558817,77.060549,12.6212
110078,28.608069,77.031195,8.0145
110080,28.492825,77.244687,11.7063
110081,28.741888,77.012895,156.7383
110082,28.790736,77.094348,35.3851
110083,28.69211,77.088146,4.7752
110084,28.755234,77.20681,46.4424
110085,28.71621,77.112017,23.6661
110086,28.703416,77.064739,21.5245
110087,28.671226,77.085234,6.1508
110088,28.714444,77.152389,13.9205
110089,28.737321,77.128427,5.2323
110090,28.718042,77.25001,34.699
110091,28.60417,77.293868,18.8606
110092,28.632782,77.288279,29.1299
110093,28.69953,77.309761,11.0552
110094,28.710511,77.274251,6.4705
110095,28.679188,77.311987,9.5205
110096,28.611121,77.322713,15.6702
110097,28.522186,77.085793,3.9699
110098,28.551924,77.121301,1.4766
110100,28.629651,77.238597,0.3753
121001,28.400058,77.295532,28.7705
121002,28.419181,77.388859,147.7516
121003,28.457756,77.298848,56.8189
121004,28.32194,77.302984,516.1566
121005,28.365763,77.278516,12.8296
121006,28.368924,77.327567,9.8649
121007,28.391606,77.320393,4.423
121008,28.433469,77.317202,2.4945
121009,28.485135,77.287424,7.5431
121010,28.468303,77.28745,5.3259
121012,28.4143,77.289241,3.6131
121013,28.487782,77.333098,15.7072
121014,28.420577,77.339495,5.2094
121015,28.345127,77.296679,0.9491
121101,28.348785,77.445719,111.1378
121102,28.164233,77.358768,853.0971
121103,28.059489,77.183717,502.4984
121105,28.008534,77.320621,211.3627
121106,27.913302,77.339267,251.964
121107,27.962874,77.465432,197.9525
122001,28.457982,77.012697,50.2996
122002,28.467469,77.103029,14.1228
122003,28.440236,77.086918,27.9826
122004,28.406527,76.981943,66.1961
122005,28.434119,77.033597,3.9332
122006,28.488202,76.982824,28.9297
122007,28.464906,77.061844,7.0159
122008,28.485343,77.081897,2.3662
122009,28.465923,77.081596,2.6713
122010,28.490957,77.108528,6.3985
122011,28.423884,77.089636,5.7734
122015,28.491586,77.057933,11.5438
122016,28.507956,77.081308,5.3663
122017,28.509087,77.024205,27.7228
122018,28.418053,77.048958,13.0045
122022,28.49153,77.093222,2.6711
122051,28.331414,76.912415,103.7576
122052,28.379097,76.915011,28.7632
122101,28.3529,77.014427,81.2313
122102,28.31886,77.069508,275.6333
122103,28.205683,77.087748,303.8
122104,27.750567,76.967017,271.1668
122105,28.233552,76.932315,233.6917
122107,28.048239,77.02767,310.051
122108,27.909797,77.007905,332.4899
122413,28.277906,76.830368,88.9644
122414,28.269155,76.726868,39.7282
122502,28.256192,76.675601,47.094
122503,28.320173,76.787198,94.5411
122504,28.340325,76.714496,105.7427
122505,28.436075,76.89992,179.6773
122506,28.432418,76.79167,196.3278
122508,27.858331,77.174776,430.101
123001,28.038992,76.065555,554.5964
123021,28.113378,76.259308,329.9023
123023,27.89456,76.113686,316.272
123024,28.37291,75.983005,240.2194
123027,28.361946,76.282372,333.9894
123028,28.176946,76.148561,80.8629
123029,28.30688,76.114449,449.3948
123031,28.351438,76.170919,22.0518
123034,28.256934,76.256847,251.9047
123035,28.36633,76.629369,118.5332
123101,28.18671,76.505214,99.4564
123102,28.177298,76.4006,129.794
123103,28.229086,76.41122,59.8194
123106,28.184471,76.757368,127.1752
123110,28.226958,76.790457,14.2678
123301,28.388961,76.563894,64.7854
123302,28.412539,76.464916,103.0294
123303,28.418147,76.370894,91.5016
123401,28.236428,76.60003,504.7885
123411,28.305072,76.43962,225.0652
123412,28.109104,76.518571,64.6471
123501,28.057193,76.590421,254.0443
124001,28.922385,76.5539,185.7732
124010,28.842047,76.564551,117.661
124021,28.862088,76.65993,113.475
124022,28.89153,76.398488,63.4677
124102,28.693531,76.641336,73.0222
124103,28.577172,76.605367,340.8966
124104,28.600979,76.717179,171.255
124105,28.552729,76.820084,123.4914
124106,28.557652,76.431142,224.6695
124107,28.763897,76.644778,125.0664
124108,28.441177,76.67238,167.4663
124109,28.497895,76.560128,167.9216
124111,28.956534,76.418075,129.879
124112,28.998952,76.294428,236.732
124113,28.806954,76.397366,180.2737
124141,28.468177,76.336488,90.5822
124142,28.930295,76.330227,50.1469
124146,28.487727,76.470785,139.9688
124201,28.722172,76.5691,105.4144
124202,28.674937,76.468956,199.5316
124303,29.015221,76.64072,171.8267
124401,28.936675,76.692548,183.2876
124404,28.846227,76.83022,52.088
124406,28.900238,76.790997,38.5799
124411,28.843113,76.470252,72.2039
124412,28.782581,76.50457,111.4307
124501,28.787391,76.75735,244.3349
124504,28.694707,76.718327,64.571
124505,28.769511,76.866971,130.1787
124506,28.710449,76.811419,40.2125
124507,28.698289,76.938689,22.6669
124508,28.673458,76.868149,277.2248
124513,29.006786,76.370888,46.5412
124514,29.022669,76.480476,221.2109
125001,29.05791,75.607929,951.6973
125004,29.132444,75.655097,146.276
125005,29.205041,75.81231,121.4434
125006,29.077653,75.806204,101.1023
125007,29.123598,75.700069,8.4067
125011,29.259002,75.733947,210.7475
125033,29.129153,75.995606,689.3554
125037,28.976207,75.838253,109.7458
125038,29.181851,76.232984,137.3885
125039,29.300031,76.118735,433.2391
125042,29.082582,76.216481,278.6418
125044,29.117678,75.75483,180.9884
125047,29.369621,75.654075,329.4985
125048,29.426039,75.556828,90.6811
125049,29.214964,76.018463,159.4251
125050,29.524986,75.426391,749.4682
125051,29.681864,75.53133,710.2248
125052,29.270872,75.490573,691.6088
125053,29.365542,75.329206,351.9797
125054,29.525809,75.232992,136.26
125055,29.450074,74.972561,708.3782
125056,29.557618,75.057619,9.0796
125058,29.453045,75.273006,58.0634
125060,29.541935,75.134423,273.8711
125075,29.589539,74.698286,468.1356
125076,29.583875,74.862615,261.9705
125077,29.680968,74.936867,370.0076
125078,29.686464,75.087217,319.2234
125101,29.79369,74.549651,171.1614
125102,29.434377,74.693134,550.3074
125103,29.741319,74.729521,511.402
125104,29.894024,74.743669,642.8443
125106,29.674495,75.727196,166.7566
125110,29.344861,75.147303,600.166
125111,29.523466,75.676889,397.622
125112,29.414095,75.782768,202.2734
125113,29.517392,75.88101,379.657
125120,29.659107,75.862811,409.7247
125121,29.362819,75.926944,576.4533
125133,29.774258,75.775773,134.8818
125201,29.805804,75.037539,583.1482
126101,29.133879,76.415257,274.366
126102,29.312491,76.308294,471.5258
126110,29.392904,76.468817,105.2392
126111,29.487865,76.434501,177.3244
126112,29.387693,76.638923,424.7723
126113,29.313039,76.52356,249.6064
126114,29.222519,76.37672,242.9019
126115,29.471411,76.189259,498.4103
126116,29.675747,76.090967,754.2495
126125,29.48927,76.33484,281.6844
126152,29.532622,76.034365,203.5118
127021,28.778779,76.138085,290.7042
127022,28.502285,76.266227,143.8592
127025,28.766581,76.34319,72.9865
127026,28.60081,76.101074,192.2864
127027,28.870003,76.231984,62.7492
127028,28.669353,75.646801,296.1024
127029,28.70928,75.854048,244.893
127030,28.634792,75.940083,263.7153
127031,28.897505,76.16685,170.8356
127032,28.943088,76.041414,306.5901
127035,28.960464,75.929309,179.1887
127040,28.844445,75.856409,441.8356
127041,28.996067,76.124588,144.4681
127042,28.695364,76.279554,138.8024
127043,28.765787,75.71536,238.2939
127045,28.965148,75.602279,39.1761
127046,28.848999,75.596972,555.8571
127111,28.804558,76.011378,198.6143
127114,28.849816,76.305038,83.0104
127201,28.535671,75.768863,510.1155
127306,28.588528,76.23662,256.7905
127307,28.648847,76.375694,202.5577
127308,28.520534,75.918877,300.5866
127309,28.729863,76.216955,97.3522
127310,28.482859,76.128534,191.0254
127311,28.700551,76.123062,195.6967
127312,28.489062,76.028368,175.5897
131001,28.991311,77.009384,256.4348
131021,28.987986,77.152576,101.8615
131022,29.009367,76.887733,96.3496
131023,28.922804,77.172954,88.5285
131024,29.070611,76.900694,104.782
131027,29.049337,77.118835,115.2788
131028,28.868389,77.149622,34.7398
131029,28.915514,77.092109,62.2526
131030,28.896976,77.133041,9.2679
131039,29.090664,77.079941,56.8692
131101,29.145127,77.006927,250.2284
131102,29.130956,76.907462,107.2586
131103,28.885318,77.014774,86.6801
131301,29.114849,76.696159,415.0312
131302,29.200995,76.583441,167.558
131304,29.126277,76.545012,130.8945
131305,29.161767,76.805483,93.8599
131306,29.216882,76.744533,117.3786
131402,28.886453,76.900855,243.5392
131403,28.917238,76.947338,48.0462
131408,28.970103,76.809741,87.8229
131409,29.024684,76.77098,95.6766
132001,29.690516,76.984906,380.1638
132022,29.728888,77.113999,59.7643
132023,29.748121,77.063506,84.9344
132024,29.700512,76.751821,295.187
132036,29.624154,76.834404,201.1159
132037,29.620843,76.964908,98.6655
132039,29.545787,76.593021,404.1125
132040,29.539151,76.838355,88.9967
132041,29.880828,77.052645,238.1071
132046,29.520621,76.726232,205.77
132054,29.866556,77.141943,207.528
132101,29.259871,77.012076,210.182
132102,29.189704,77.039829,29.5126
132103,29.425452,77.03409,273.7185
132104,29.336187,77.086668,114.9101
132105,29.367924,76.867596,102.9066
132106,29.365077,76.949315,138.6126
132107,29.282354,76.772589,330.2334
132108,29.321559,76.996065,43.7538
132113,29.384865,76.790948,207.496
132114,29.53564,77.002075,418.3397
132115,29.199689,77.123789,55.5673
132116,29.788773,76.904511,228.2599
132117,29.882664,76.949328,185.5332
132122,29.240153,77.097487,78.34
132140,29.474993,76.857591,81.1738
132145,29.279932,76.910335,80.3794
132157,29.843357,76.773747,211.9268
133001,30.350495,76.829489,105.9197
133004,30.285194,76.852208,52.0494
133005,30.372918,76.878649,10.8024
133006,30.328768,76.877442,12.7206
133010,30.38503,76.863784,3.8483
133101,30.284079,76.931619,62.9244
133102,30.234147,76.910382,68.17
133103,30.211743,77.156656,252.6612
133104,30.334581,76.961422,126.8413
133201,30.235055,77.023273,76.9156
133202,30.256469,77.11571,42.5088
133203,30.301517,77.059278,123.257
133204,30.427876,77.266264,232.5492
133205,30.180549,77.017511,132.1945
133206,30.33772,77.198565,139.3483
133207,30.255717,77.049891,13.6875
133301,30.771877,76.880638,21.8888
133302,30.853654,76.910278,44.229
134003,30.382249,76.765734,73.2527
134005,30.337265,76.79873,6.8651
134007,30.396185,76.801426,9.6382
134008,30.242768,76.700726,368.5738
134101,30.795943,76.917882,29.9604
134102,30.853548,76.841563,109.7465
134103,30.626787,76.914946,6.6659
134104,30.767686,76.96557,101.1358
134105,30.752016,76.910668,1.0756
134107,30.721547,76.902451,56.6718
134108,30.705729,76.855567,3.4766
134109,30.671841,76.902554,65.6712
134112,30.682734,76.856978,3.3433
134113,30.673857,76.839583,6.7572
134114,30.74407,76.854537,20.7854
134116,30.661834,76.882463,1.7635
134117,30.668755,76.860042,6.7215
134118,30.556548,76.965472,204.3968
134201,30.444767,76.949756,99.9756
134202,30.440686,77.028608,169.2014
134203,30.439193,77.119713,341.1907
134204,30.593781,77.02858,151.3073
134205,30.664974,77.076211,358.6671
135001,30.094795,77.288799,160.8579
135002,30.136758,77.221019,78.533
135003,30.216725,77.282149,178.8733
135004,30.138157,77.341697,24.1294
135021,30.259,77.466975,86.7151
135101,30.168738,77.411329,178.3918
135102,30.345373,77.338584,262.4654
135103,30.298765,77.393972,208.6423
135106,30.341866,77.522671,236.3076
135133,30.038881,77.168206,393.1386
136020,29.884905,76.607332,114.9627
136021,29.821343,76.643625,120.0563
136026,29.709893,76.613969,139.016
136027,29.789254,76.408747,884.2896
136030,29.95417,76.526288,124.0276
136033,29.920991,76.353541,182.5427
136034,30.060271,76.370981,433.6919
136035,29.978883,76.247348,220.7938
136038,29.907913,76.854324,34.2825
136042,29.772208,76.608073,135.3068
136043,29.678702,76.537944,177.9984
136044,29.573235,76.477835,143.6974
136117,29.677489,76.286244,481.6983
136118,29.972034,76.846174,75.775
136119,29.974045,76.763978,277.0448
136128,30.014369,76.568949,344.5197
136129,30.041746,76.685557,254.0359
136130,30.114357,76.770484,96.902
136131,29.997137,76.902636,186.9792
136132,30.021101,77.034374,258.8063
136135,30.152677,76.863893,306.6689
136136,30.173565,76.73346,97.421
136156,30.093567,76.97095,154.4798
140001,30.973637,76.571375,157.6182
140101,30.79411,76.501901,120.6364
140102,30.855509,76.491613,125.2617
140103,30.809742,76.600491,77.3268
140108,30.918443,76.602866,187.3224
140109,30.887958,76.682299,132.5153
140110,30.846858,76.704005,85.9769
140111,30.940363,76.411657,178.8832
140112,30.888894,76.377027,81.208
140113,31.041974,76.573857,51.0251
140114,31.095411,76.600956,52.6016
140115,31.18293,76.589129,77.7606
140116,31.213658,76.54245,96.3328
140117,31.168919,76.447118,216.7629
140118,31.239329,76.495871,56.02
140119,31.074484,76.5071,161.0109
140123,31.26978,76.471238,36.5799
140124,31.394447,76.3818,25.0331
140125,31.34506,76.399038,33.0014
140126,31.305632,76.350245,136.5531
140133,31.279002,76.418483,82.9197
140201,30.591149,76.830751,41.5481
140301,30.739749,76.626266,164.6034
140306,30.629772,76.710926,147.8716
140307,30.680491,76.645863,77.6133
140308,30.684773,76.710445,9.43
140401,30.4606,76.566476,72.4918
140402,30.495147,76.652735,289.6151
140405,30.578967,76.345138,84.4223
140406,30.548935,76.421797,332.9029
140407,30.654034,76.377893,33.2717
140408,30.638374,76.531484,197.8207
140412,30.71059,76.440805,212.5885
140413,30.759584,76.572589,34.3988
140417,30.421692,76.699263,271.8754
140501,30.46557,76.847086,303.7339
140506,30.564893,76.78677,19.3006
140507,30.585373,76.875619,103.1004
140601,30.561423,76.75889,51.3431
140602,30.575524,76.636958,154.4487
140603,30.629123,76.808748,50.7447
140604,30.671322,76.826724,3.2847
140701,30.39476,76.545317,121.114
140702,30.324927,76.606737,140.5008
140802,30.769933,76.387903,18.1433
140901,30.811698,76.779632,150.2986
141001,30.914259,75.821232,36.1088
141002,30.888027,75.840631,6.0805
141003,30.8776,75.869959,20.3452
141004,30.903996,75.800874,7.6383
141006,30.855961,75.860759,4.6943
141007,30.97741,75.900051,137.233
141008,30.962214,75.772128,172.9306
141010,30.880837,75.916217,43.0595
141012,30.890692,75.784476,13.2024
141013,30.864492,75.824074,24.7448
141014,30.871602,75.90204,4.5349
141015,30.9291,75.948705,57.1908
141016,30.848835,75.888499,0.4535
141017,30.849298,75.927586,9.9151
141101,30.842716,75.656705,57.6121
141102,30.876176,75.700016,59.3907
141103,30.802689,75.693169,15.521
141104,30.777224,75.649674,17.1592
141105,30.760752,75.682747,30.0062
141106,30.750172,75.637806,22.2893
141107,30.687102,75.650707,154.6569
141108,30.717937,75.713689,51.8547
141109,30.636908,75.579171,246.0101
141110,30.932728,75.647431,107.6026
141112,30.888861,76.00512,71.5219
141113,30.870152,76.078835,57.9119
141114,30.818372,76.201527,218.1328
141115,30.940458,76.198701,237.2175
141116,30.811745,75.832836,71.3553
141117,30.687307,75.909297,81.4321
141118,30.754703,75.830763,16.7844
141119,30.625721,75.945767,107.6104
141120,30.82838,75.966518,64.7936
141121,30.924565,76.287551,131.7332
141122,30.828527,75.893028,24.7885
141123,30.887655,75.970384,13.8739
141125,30.837275,76.287482,17.4839
141126,30.948094,76.061185,201.9714
141127,30.816721,76.328977,112.0576
141201,30.760005,75.803677,17.0332
141202,30.757912,75.739459,37.6971
141203,30.770876,75.779502,18.2587
141204,30.701242,75.797243,54.3083
141205,30.66349,75.74696,70.5455
141206,30.775614,75.891115,76.393
141401,30.70749,76.19012,128.8559
141411,30.732969,76.309877,107.414
141412,30.750592,76.121918,48.0363
141413,30.667843,76.011489,77.2123
141414,30.664467,76.100456,123.5831
141415,30.603464,76.070244,68.6516
141416,30.732744,76.047396,52.5339
141417,30.74896,76.228678,32.6501
141418,30.723647,75.857921,48.9346
141419,30.724718,75.967269,45.8585
141421,30.794034,76.039615,213.6595
141422,30.807848,75.648468,28.9031
141801,30.800075,76.398423,74.195
142001,30.812174,75.17124,57.9603
142002,30.752539,75.130034,141.8135
142003,30.846958,75.198859,54.4114
142011,30.789786,75.241245,70.4002
142021,30.855421,75.743445,33.4816
142022,30.836107,75.780551,33.4899
142023,30.806069,75.579232,68.0506
142024,30.854128,75.535853,33.8372
142025,30.901395,75.589683,97.6288
142026,30.78725,75.492938,178.1853
142027,30.915167,75.74346,39.5039
142028,30.870431,75.779412,2.269
142029,30.80281,75.743689,37.6761
142030,30.722068,75.521632,48.6317
142031,30.620314,75.434238,50.3573
142032,30.62726,75.489809,43.8751
142033,30.923513,75.469211,299.096
142034,30.688923,75.467723,76.9148
142035,30.71395,75.407042,130.3813
142036,30.845822,75.417678,61.2972
142037,30.676883,75.27,130.7073
142038,30.695284,75.047053,363.1965
142039,30.601669,75.357109,187.8437
142040,30.738667,75.254937,56.1069
142041,30.883519,75.328312,73.9976
142042,30.97842,75.218274,375.2353
142043,30.978233,75.11898,200.7663
142044,31.098338,74.984762,377.8568
142045,30.584159,75.194889,65.0497
142046,30.571838,75.230639,72.9571
142047,30.99605,74.962156,231.3652
142048,30.833369,75.033521,291.6473
142049,30.600158,75.014821,299.651
142050,30.903464,74.912887,196.2453
142052,30.891958,74.800641,321.9208
142053,30.770609,75.339918,166.3013
142054,30.845733,75.308376,70.0094
142055,30.569328,75.289392,107.6724
142056,30.672467,75.182846,70.5382
142057,30.568166,75.101894,68.859
142058,30.94,75.336544,94.5458
142060,30.792996,74.882497,129.1381
143001,31.630888,74.883415,24.6885
143002,31.642399,74.84363,13.3501
143003,31.647131,74.910669,17.9581
143004,31.642708,74.900958,1.2104
143005,31.638478,74.821282,3.3909
143006,31.613144,74.879041,10.3483
143008,31.68283,74.871347,80.272
143009,31.579632,74.839349,74.611
143022,31.565424,74.92537,123.9118
143101,31.743909,74.812179,213.4168
143102,31.860955,74.733331,431.3047
143103,31.875641,74.846386,135.5198
143105,31.620149,74.77448,112.8515
143107,31.603265,74.695913,160.3129
143108,31.618325,74.614677,182.988
143109,31.708897,74.690164,150.8781
143110,31.764709,74.594119,224.834
143111,31.560628,75.162528,96.3127
143112,31.532147,75.204627,41.9321
143113,31.62941,75.015957,66.7645
143114,31.666576,75.230224,90.9757
143115,31.546194,75.003713,90.6614
143116,31.638306,75.122788,141.5238
143117,31.461016,75.095097,111.0184
143118,31.453035,75.179818,172.1538
143119,31.707875,75.152499,72.9171
143149,31.572007,75.080192,100.2119
143201,31.521048,75.268686,68.7427
143202,31.583699,75.245463,68.0552
143203,31.608803,75.340572,77.6259
143204,31.564959,75.322563,26.1621
143205,31.622495,75.274301,51.3599
143301,31.486459,74.798024,158.6686
143302,31.442243,74.740921,226.494
143303,31.336504,74.725532,133.0209
143304,31.279635,74.750643,122.2507
143305,31.346104,74.601823,267.0109
143401,31.451947,74.926744,43.761
143402,31.456712,74.966967,223.1558
143406,31.452079,75.032364,157.2335
143407,31.318342,75.076969,89.1934
143408,31.223998,75.010161,136.6692
143409,31.318041,74.981102,102.5955
143410,31.262372,74.941093,78.1713
143411,31.377497,74.984824,140.1917
143412,31.197362,74.916927,97.0207
143413,31.204869,74.646733,47.7304
143414,31.493858,74.673075,87.3021
143415,31.340162,74.849967,117.1045
143416,31.208495,74.769106,338.7869
143419,31.182853,74.600808,344.7922
143422,31.354111,75.129929,51.4296
143501,31.661361,74.957755,96.8456
143502,31.720812,75.015878,100.2548
143504,31.716273,75.086802,81.4931
143505,31.81986,75.192593,55.4823
143506,31.785789,75.224818,348.2322
143507,31.825752,75.112323,62.6255
143511,31.926882,75.152584,170.7261
143512,32.025907,75.173965,215.1769
143513,31.903928,75.026353,59.1046
143514,31.681719,75.360867,184.8231
143515,31.682652,75.44781,112.1135
143516,31.811986,75.370334,206.408
143517,31.851546,75.521153,143.0427
143518,31.887314,75.304418,175.5595
143519,31.958888,75.297566,157.5313
143520,32.010201,75.332245,75.9526
143521,32.051019,75.382568,202.2693
143525,32.171767,75.356244,59.6273
143526,32.100071,75.297082,119.861
143527,31.773146,75.478265,197.812
143528,31.919046,75.474054,119.0506
143529,31.954103,75.409926,72.4153
143530,31.997981,75.496788,101.4497
143531,32.105763,75.500561,207.2346
143532,32.129322,75.406427,61.0323
143533,32.104163,75.561573,54.9318
143534,32.207895,75.46046,142.638
143601,31.773877,74.97904,213.9873
143602,31.873874,74.992487,182.9404
143603,31.983082,74.890091,132.9917
143604,32.002951,75.006444,215.9549
143605,31.939979,75.065036,82.6751
143606,31.835157,74.910013,105.2756
144001,31.329266,75.587363,25.767
144002,31.307558,75.501136,77.5574
144003,31.297114,75.559609,14.7452
144004,31.391685,75.558799,23.5756
144005,31.288305,75.620443,30.5374
144006,31.313993,75.61579,2.3331
144007,31.330751,75.635177,11.8173
144008,31.352634,75.562357,13.9952
144009,31.334327,75.611505,5.4744
144010,31.298963,75.654663,3.5594
144011,31.296298,75.573656,1.6472
144012,31.388763,75.596443,23.2994
144013,31.362073,75.518647,34.2004
144014,31.289191,75.545619,2.889
144015,31.311247,75.558687,0.5346
144020,31.235049,75.608066,54.8782
144021,31.337081,75.53885,4.3063
144022,31.281566,75.584646,10.6399
144023,31.312739,75.641449,2.8439
144024,31.264802,75.651749,28.6223
144025,31.375086,75.642222,71.6947
144026,31.250162,75.538811,59.5455
144027,31.370796,75.548848,3.8271
144028,31.240549,75.489899,22.2128
144029,31.096747,75.927521,36.3754
144030,31.400995,75.791666,19.5685
144031,31.107482,75.696518,59.7372
144032,31.199114,75.647075,37.6339
144033,31.187441,75.573036,60.6696
144034,31.141405,75.633769,46.6015
144035,31.04259,75.72088,44.6345
144036,31.012001,75.669659,44.6099
144037,31.060089,75.665773,41.239
144039,31.056455,75.588753,231.9893
144040,31.119458,75.456612,138.5684
144041,31.019396,75.463669,201.4564
144042,31.165441,75.522591,29.0987
144043,31.149921,75.555439,17.5639
144044,31.080744,75.503214,23.9626
144101,31.323398,75.68037,37.2617
144102,31.419325,75.713739,175.5574
144103,31.426692,75.735389,34.8061
144104,31.416388,75.778893,20.7327
144105,31.51964,75.76748,95.6094
144106,31.45135,75.773599,21.9483
144201,31.551224,75.655272,146.4031
144202,31.696072,75.5557,152.8432
144204,31.721418,75.640041,25.6013
144205,31.832917,75.694366,439.3009
144206,31.766624,75.898174,84.4657
144207,31.743777,75.754726,155.9922
144208,31.640364,75.841357,102.7962
144209,31.708647,75.914671,129.334
144210,31.68749,75.784008,92.8699
144211,31.950204,75.606773,204.6596
144212,31.684526,75.667266,91.7576
144213,31.793723,75.84708,77.6972
144214,31.879546,75.597058,32.2483
144216,31.927023,75.880487,53.7722
144221,31.970555,75.726173,217.8525
144222,31.94362,75.819439,84.0212
144223,31.859037,75.858197,78.529
144224,31.863089,75.92667,80.0943
144301,31.444068,75.609713,47.5463
144302,31.455963,75.645229,28.6519
144303,31.514569,75.599113,73.6895
144305,31.748747,75.649854,24.3767
144306,32.036115,75.623316,128.4208
144311,31.151834,75.699008,15.8211
144401,31.239483,75.796152,110.7356
144402,31.210479,75.729957,67.6037
144403,31.304524,75.745241,73.1133
144404,31.304629,75.897349,45.149
144405,31.311328,75.853505,64.564
144406,31.350372,75.912645,26.4338
144407,31.333644,75.800539,47.4321
144408,31.341603,75.883929,6.7236
144409,31.113568,75.768693,80.3286
144410,31.033692,75.811566,125.155
144411,31.259784,75.697323,61.5689
144415,31.036416,75.937158,16.6131
144416,31.095232,75.887114,32.363
144417,31.042577,75.987772,58.1106
144418,31.103143,75.834074,73.3672
144419,31.046902,75.894149,36.3233
144421,31.10103,76.054462,76.4764
144422,31.067432,75.956055,24.7266
144501,31.197374,75.857261,43.4413
144502,31.158048,75.864119,65.6829
144503,31.24607,75.899842,73.6987
144504,31.190401,75.917165,32.8683
144505,31.200906,75.976242,78.5593
144506,31.209098,76.075298,14.3181
144507,31.126144,75.954842,38.2233
144508,31.148796,76.069362,11.5964
144509,31.158117,75.952963,16.3639
144510,31.227622,76.014651,47.2267
144511,31.134769,75.992914,19.9393
144512,31.173808,76.061705,46.111
144513,31.136716,76.041274,23.7859
144514,31.141487,76.116801,35.682
144515,31.053701,76.219438,89.1449
144516,31.108735,76.175228,57.8735
144517,31.03658,76.126628,164.177
144518,31.043186,76.042323,65.5629
144519,31.281765,75.960717,34.2345
144520,31.282162,76.00575,37.6746
144521,31.09279,76.333177,218.785
144522,31.02846,76.391439,176.0875
144523,31.263802,76.274279,122.4491
144524,31.208309,76.266518,38.8203
144525,31.17289,76.293651,118.4382
144526,31.122513,76.252241,53.9062
144527,31.214171,76.163826,132.7241
144528,31.268692,76.155154,92.164
144529,31.297435,76.098899,43.2258
144530,31.368655,76.118015,130.5295
144531,31.252175,76.058401,39.1436
144532,31.164113,76.172391,47.5371
144533,30.993643,76.466152,51.9241
144601,31.384379,75.347739,412.0426
144602,31.306986,75.356894,13.1164
144603,31.372819,75.466682,25.3293
144606,31.301442,75.154041,75.7743
144620,31.274681,75.309987,201.5565
144621,31.609361,75.546352,73.5011
144622,31.543334,75.516675,95.8497
144623,31.223416,75.422955,106.0748
144624,31.557377,75.423451,45.4538
144625,31.231029,75.359133,110.9157
144626,31.205818,75.139518,342.5804
144628,31.325195,75.234775,133.9777
144629,31.132578,75.177455,153.1142
144630,31.184794,75.471151,82.7042
144631,31.626942,75.47825,20.3922
144632,31.175491,75.779111,46.9203
144633,31.174032,75.668037,30.6777
144701,31.142421,75.332227,107.7653
144702,31.078329,75.280093,161.3715
144703,31.045616,75.36312,100.3307
144801,31.467508,75.538941,113.2223
144802,31.489351,75.426921,86.1261
144803,31.481627,75.475806,28.7784
144804,31.492012,75.329458,179.0533
144805,31.408414,75.514419,23.8622
144806,31.416636,75.471413,37.0611
144819,31.590671,75.454276,68.6744
145001,32.294793,75.707223,138.8909
145022,32.417743,75.818412,364.9838
145023,32.321494,75.611694,159.5768
145024,32.357678,75.617198,21.0987
145025,32.232607,75.556203,190.3649
145026,32.265511,75.425417,112.0386
145027,32.298241,75.379205,88.6142
145029,32.380022,75.678242,51.9169
145101,32.146964,75.622051,100.0935
146001,31.515749,75.870153,301.0673
146021,31.579258,76.008362,112.0292
146022,31.482532,75.817757,33.2066
146023,31.505106,75.960363,48.5889
146024,31.650264,75.965994,124.7914
146101,31.382463,75.994501,59.1747
146102,31.459085,76.067231,206.1707
146103,31.365731,75.942945,15.496
146104,31.436452,75.954961,76.211
146105,31.365447,76.040822,20.0676
146106,31.337151,76.005372,13.0055
146107,31.319669,75.992445,9.5781
146108,31.329645,75.955533,32.4558
146109,31.324449,76.064249,68.8948
146110,31.527622,76.035224,66.693
146111,31.467636,75.899646,47.0593
146112,31.395437,75.892758,66.5826
146113,31.607341,75.779797,75.8005
146114,31.576165,75.754624,37.9619
146115,31.571053,75.707607,20.115
146116,31.628673,75.652801,125.2648
147001,30.289249,76.273241,187.8226
147002,30.345692,76.44949,30.0442
147003,30.358642,76.421085,7.6369
147004,30.35676,76.497415,86.321
147005,30.342896,76.327452,22.421
147006,30.414315,76.345116,99.6372
147007,30.267315,76.378577,242.188
147021,30.422455,76.427959,75.1225
147101,30.169738,76.214776,521.0275
147102,30.029937,76.132271,353.3304
147103,30.27808,76.502028,168.9296
147104,30.537758,76.348741,26.1153
147105,29.897004,76.10589,384.9625
147111,30.169728,76.530785,393.6569
147201,30.388961,76.148294,554.9642
147202,30.48917,76.237942,315.0695
147203,30.589162,76.196447,266.3195
147301,30.662169,76.276219,112.8884
148001,30.266823,75.836998,50.5662
148002,30.22189,75.825744,442.2837
148017,30.35554,75.944049,105.0066
148018,30.362502,75.979899,7.6164
148019,30.596605,75.877121,45.916
148020,30.556822,75.737474,216.566
148021,30.639268,75.830521,98.2617
148022,30.461632,76.020093,198.4555
148023,30.526021,75.911409,436.769
148024,30.39304,75.822778,300.514
148025,30.450158,75.692998,270.4215
148026,30.24745,76.044316,422.3532
148027,29.793161,76.01097,228.3348
148028,30.104109,75.786943,395.6838
148029,30.117024,75.680698,59.198
148030,30.01674,75.845464,245.9906
148031,29.937663,75.787283,385.7407
148033,29.860958,75.922947,392.2967
148034,30.319596,75.81009,139.3632
148035,30.081577,75.99691,273.6407
148100,30.525808,75.451956,176.8283
148101,30.411974,75.529944,126.2413
148102,30.459006,75.337339,213.9374
148103,30.403887,75.436268,118.3046
148104,30.538204,75.584475,206.5634
148105,30.25268,75.594252,314.5879
148106,30.188413,75.64218,173.1471
148107,30.271951,75.484723,257.2495
148108,30.317335,75.397905,226.8961
148109,30.418106,75.593675,182.5606
151001,30.168485,74.893219,463.735
151002,30.246429,74.837467,50.1597
151003,30.257461,74.925519,16.1649
151004,30.222971,75.005834,75.9158
151005,30.213235,74.935821,6.0446
151101,30.184153,75.081279,215.2949
151102,30.336303,75.102055,190.1621
151103,30.220028,75.270456,438.9817
151104,30.363841,75.249428,154.5243
151105,30.307096,75.183686,86.2564
151106,30.424295,75.22028,106.7195
151108,30.498492,75.191832,168.9469
151111,30.238447,75.152844,89.5683
151201,30.314935,74.892917,521.8822
151202,30.421105,74.832062,275.1992
151203,30.679621,74.742906,63.8005
151204,30.513518,74.843968,148.6965
151205,30.432882,74.983977,154.7514
151206,30.454159,75.092791,182.9215
151207,30.603322,74.872961,265.3111
151208,30.51271,74.952334,88.0021
151209,30.570709,74.750099,138.1579
151210,30.247891,74.366014,248.1222
151211,29.958598,74.59379,151.6282
151212,30.714916,74.566472,283.7603
151213,30.715929,74.736283,615.6859
151301,29.987771,74.967501,484.1185
151302,29.948503,75.120222,428.5732
151401,30.074694,74.772764,485.7783
151501,29.848512,75.68611,295.6073
151502,29.961541,75.570273,399.812
151503,29.825801,75.527723,299.1429
151504,30.085844,75.538262,298.2055
151505,29.928441,75.332383,571.6971
151506,29.788431,75.334947,364.3047
151507,29.655621,75.26084,299.5339
151508,30.050543,75.357152,239.6186
151509,30.07197,75.215232,389.7475
151510,30.149632,75.412586,158.2108
152001,30.933972,74.564361,106.6582
152002,31.005533,74.661298,353.2657
152003,30.839215,74.538843,268.1101
152004,30.878268,74.668604,111.2996
152005,30.954168,74.771531,130.1563
152020,30.504949,74.104693,50.2454
152021,31.120928,74.787179,248.6877
152022,30.706292,74.393392,381.389
152023,30.859988,74.41871,286.0688
152024,30.598856,74.248944,703.0421
152025,30.503837,74.668146,233.1867
152026,30.529731,74.493643,757.1488
152028,30.919757,75.076677,129.0791
152031,30.374513,74.650167,288.6944
152032,30.382409,74.503195,199.5062
152033,30.475522,74.276215,170.2951
152101,30.217076,74.653132,413.3833
152107,30.163001,74.489091,223.3441
152112,30.313776,74.461013,422.7197
152113,30.017979,74.584256,336.2219
152114,30.089676,74.522338,141.4942
152115,30.094091,74.40872,90.7494
152116,30.045021,74.243297,817.9363
152117,30.160613,74.314105,219.0128
152118,31.174966,74.798572,11.5111
152121,30.282477,74.077243,297.7313
152122,30.235492,74.187107,207.8206
152123,30.409337,74.030398,625.9302
152124,30.361387,74.23627,319.9298
152128,30.145751,74.05682,306.8157
152132,30.03066,73.984181,284.1306
160001,30.754549,76.815919,16.2433
160002,30.695344,76.794809,18.8101
160003,30.669668,76.802453,5.8093
160004,30.661986,76.78254,9.2889
160005,30.696946,76.773102,0.8722
160009,30.744175,76.796413,2.9676
160011,30.756014,76.786406,2.8569
160012,30.779268,76.77415,9.0332
160014,30.767964,76.738098,24.274
160015,30.752365,76.772584,1.4516
160016,30.746268,76.777468,1.5186
160017,30.740069,76.782734,1.5681
160018,30.734031,76.787937,1.4629
160019,30.729762,76.802005,6.2078
160020,30.72116,76.781661,1.5105
160022,30.726705,76.768195,6.1619
160023,30.739749,76.765902,1.6018
160025,30.75337,76.718411,6.6234
160030,30.709359,76.786872,4.5381
160036,30.729243,76.74686,16.8614
160040,30.740664,76.732301,2.9308
160043,30.719096,76.748854,1.6181
160047,30.702647,76.76225,11.2136
160055,30.728914,76.704146,14.0007
160059,30.714577,76.712591,7.1339
160062,30.684473,76.737084,11.6289
160069,30.691525,76.720042,1.3926
160071,30.700611,76.712427,3.2982
160101,30.722459,76.830197,12.4306
160102,30.692382,76.822251,10.735
160103,30.703286,76.723471,0.801
160104,30.650579,76.841907,3.8699
171001,31.10999,77.178496,10.5376
171002,31.090105,77.174238,10.3137
171003,31.133199,77.145851,42.8704
171004,31.101177,77.156545,0.8889
171005,31.101533,77.141092,10.0227
171006,31.100986,77.198075,2.1789
171007,31.152338,77.206234,149.6913
171008,31.097093,77.101095,29.7592
171009,31.063373,77.176856,19.2508
171010,31.051779,77.137835,50.1043
171011,31.121883,77.087584,39.0044
171012,31.036601,77.29638,91.5242
171013,31.063808,77.194512,6.8107
171014,31.131205,77.044008,40.7773
171015,31.183931,77.205693,19.5629
171018,31.216506,77.215082,110.2444
171019,31.253273,77.312296,97.2729
171102,31.277614,76.942337,186.4221
171103,31.201218,77.054028,107.0828
171201,31.145936,77.334043,155.2797
171202,31.111338,77.550479,195.2171
171203,31.215167,77.62793,97.5431
171204,31.172408,77.541687,92.9586
171205,31.106322,77.67137,134.2324
171206,31.059191,77.769338,183.1935
171207,31.211044,77.764116,287.7864
171208,31.301038,77.978588,702.6902
171209,31.046453,77.343091,100.6993
171210,30.903011,77.700208,471.8136
171211,30.976274,77.574269,402.8202
171212,31.211159,77.372913,49.6733
171213,31.25245,77.459408,206.494
171214,31.283579,77.824528,120.6752
171215,31.321408,77.452434,14.5414
171216,31.120907,77.827154,123.422
171217,30.833053,77.555405,171.5798
171218,31.004249,77.24101,149.8696
171219,31.046609,77.104514,16.5783
171220,31.076947,77.446318,299.9489
171221,31.261266,78.144882,464.3204
171222,31.151909,77.363777,16.7778
171223,31.228687,77.692643,24.8512
171224,31.278194,77.681401,64.3322
171225,31.225561,77.546227,65.1362
171226,30.942157,77.429609,159.6555
171301,31.244804,77.072029,48.3737
172001,31.372272,77.628343,159.845
172002,31.500839,77.619129,235.8271
172021,31.295393,77.595639,85.0352
172022,31.391196,77.781258,427.8623
172023,31.416196,77.547513,130.9216
172024,31.31522,77.38905,50.274
172025,31.405204,77.432436,78.0264
172026,31.518127,77.38257,313.7626
172027,31.342731,77.376453,22.3097
172028,31.344447,77.553288,17.6118
172029,31.303499,77.433558,19.2452
172030,31.336642,77.502832,39.2515
172031,31.307282,77.495007,22.6482
172032,31.553808,77.539916,326.1566
172033,31.370927,77.466174,60.3781
172034,31.534765,77.812479,30.2581
172101,31.607636,77.858089,347.8608
172102,31.579889,77.76408,504.9253
172103,31.550988,77.980078,6.4901
172104,31.479823,78.041323,353.5652
172105,31.450596,78.164873,145.4027
172106,31.296317,78.569084,1744.1015
172107,31.516569,78.29968,194.9636
172108,31.616715,78.220748,325.0796
172109,31.594735,78.500871,1934.5124
172110,31.805199,78.398728,1032.61
172111,31.879507,78.617206,1003.5624
172112,31.861685,78.534399,240.2563
172113,32.059214,78.377756,846.429
172114,32.437947,78.001064,7618.8797
172115,31.657902,77.937375,410.633
172116,31.4908,78.450533,392.255
172117,31.92819,77.999492,1429.4717
172118,31.64157,78.075178,462.0354
172201,31.505947,77.726139,77.2002
173001,30.587024,77.334153,540.7372
173021,30.489014,77.505119,238.072
173022,30.613159,77.472933,288.0635
173023,30.700698,77.467899,142.075
173024,30.770028,77.188914,351.6504
173025,30.497235,77.67786,346.0357
173026,30.61439,77.18602,9.6573
173027,30.724918,77.675577,225.8905
173028,30.517163,77.666411,12.8627
173029,30.618778,77.639878,412.1925
173030,30.574712,77.223488,300.5814
173031,30.504906,77.469206,25.3668
173032,30.753899,77.538538,93.6093
173101,30.855651,77.322468,324.8951
173104,30.775118,77.412721,243.1339
173201,30.889193,76.95211,20.3713
173202,30.895083,76.993212,8.5073
173204,30.91063,76.974837,8.3467
173205,30.959134,76.817506,133.7021
173206,31.013612,76.997426,92.169
173207,31.077967,77.015037,82.7236
173208,31.150536,76.989583,60.6302
173209,30.916486,77.007511,65.6601
173210,30.876547,77.06568,24.3557
173211,30.94923,77.042339,46.1721
173212,30.884279,77.127031,121.7503
173213,30.942606,77.086488,6.868
173214,30.924207,77.133403,21.7111
173215,30.980934,77.13899,85.3061
173217,30.935201,77.197302,88.4234
173218,31.07779,76.896174,59.901
173220,30.827382,77.015965,167.8402
173221,31.147856,76.90187,153.729
173222,31.044429,77.034991,16.5058
173223,30.933565,77.355439,114.8884
173225,31.032399,76.88192,23.9494
173229,30.816627,77.130051,72.9463
173230,31.224075,76.98714,34.0025
173233,30.920148,76.913348,56.4656
173234,31.0051,77.077934,65.7776
173235,31.203847,76.900349,54.9139
173236,30.987142,76.927758,113.8539
174001,31.322534,76.796064,193.7098
174002,31.328322,76.47366,72.2742
174003,31.457972,76.771464,68.0631
174004,31.394804,76.750713,34.8221
174005,31.31542,76.756726,6.5537
174011,31.250435,76.710015,71.4627
174012,31.384211,76.852458,14.4375
174013,31.409572,76.825094,15.9562
174015,31.226828,76.626831,20.2637
174017,31.291881,76.646716,81.1412
174021,31.444279,76.705846,104.8519
174023,31.502149,76.641333,38.7887
174024,31.381777,76.72473,7.7005
174026,31.52125,76.726468,42.1933
174027,31.539447,76.65583,54.1008
174028,31.568951,76.69349,44.8412
174029,31.426645,76.634315,91.6176
174030,31.41566,76.526638,131.2293
174031,31.365213,76.642812,33.657
174032,31.269222,76.865242,78.3488
174033,31.306149,76.839995,49.9885
174034,31.337438,76.703702,94.0176
174035,31.344537,76.59305,54.7049
174036,31.399966,76.870711,8.7783
174101,31.085158,76.705166,558.0134
174102,31.128051,76.80189,270.9517
174103,30.902003,76.859614,48.3093
174201,31.380408,76.465368,98.2738
174301,31.352972,76.290966,81.8447
174302,31.560641,76.204295,25.747
174303,31.491839,76.266236,193.8257
174304,31.563774,76.484745,33.8327
174305,31.505688,76.472158,45.3685
174306,31.447975,76.325375,53.8802
174307,31.636514,76.325075,128.0523
174308,31.524891,76.416387,112.8428
174309,31.503476,76.511122,32.5641
174310,31.288962,76.567174,95.5557
174311,31.569569,76.523409,20.9694
174312,31.574155,76.433887,37.4782
174314,31.613227,76.234877,83.8345
174315,31.414071,76.342841,23.4497
174316,31.583545,76.168688,24.4809
174317,31.47639,76.169495,37.4262
174319,31.816722,75.975614,38.0105
174320,31.644647,76.274799,19.202
174321,31.535545,76.341261,133.4839
174405,31.598498,76.464467,9.0655
174503,31.371124,76.183283,44.8311
174505,31.635571,76.498992,16.2831
174507,31.349498,76.263633,5.7363
175001,31.692468,76.962446,207.2501
175002,31.561134,76.901979,27.1093
175003,31.764446,76.85845,113.1277
175004,31.596387,76.774269,19.862
175005,31.765035,77.062456,350.536
175006,31.622254,76.97688,43.108
175007,31.623457,76.740266,32.5124
175008,31.610319,76.884133,80.2615
175009,31.292409,77.134915,223.2368
175010,31.358067,77.149885,66.8119
175011,31.365772,77.276849,412.3604
175012,31.872768,76.953625,334.0867
175013,32.224532,76.89022,1598.1683
175014,31.838535,76.825713,26.9495
175015,31.930221,76.828214,287.7627
175016,31.914731,76.721285,40.8994
175017,31.411282,76.893887,80.6746
175018,31.486397,76.875135,110.7447
175019,31.533836,76.915319,23.6357
175021,31.625173,76.938347,25.2597
175023,31.639483,76.839273,64.1959
175024,31.708533,76.755055,104.318
175025,31.764436,76.699518,81.0705
175026,31.762685,76.649526,21.5863
175027,31.551638,76.969901,89.5019
175028,31.514468,77.027476,65.6433
175029,31.587843,77.08384,118.9198
175030,31.456141,76.812967,29.4326
175031,31.456944,77.012322,140.7856
175032,31.994463,76.728811,164.8246
175033,31.564327,76.772231,50.0746
175034,31.523955,76.781792,41.0088
175035,31.588788,77.161018,79.7297
175036,31.544278,76.838817,55.0251
175037,31.719068,76.682391,2.6846
175038,31.391471,76.987702,176.2788
175039,31.495105,77.095406,82.0391
175040,31.792898,76.770067,120.427
175042,31.692971,76.704436,11.3022
175045,31.578278,77.017211,27.2728
175046,31.374754,77.083013,185.8825
175047,31.476221,77.253474,162.996
175048,31.545003,77.199016,158.2446
175049,31.662275,76.800006,91.6118
175050,31.834133,76.705786,22.4092
175051,31.862019,76.711841,6.1402
175052,31.723971,76.892596,26.3853
175101,31.925103,77.074161,58.2276
175102,32.017022,77.017797,244.7832
175103,32.343398,77.144575,323.0184
175104,32.093678,77.195768,103.8462
175105,32.016765,77.537129,2398.883
175106,31.634229,77.253414,222.6986
175121,31.723863,77.186038,31.2608
175122,31.732434,77.288132,60.8665
175123,31.727342,77.533968,1212.2614
175124,31.666815,77.113179,159.3556
175125,31.839491,77.135556,125.4121
175126,31.881701,77.088823,60.3232
175128,32.047527,77.097553,106.6453
175129,32.144722,77.076428,288.8192
175130,32.153416,77.2379,74.6811
175131,32.254918,77.204113,437.6587
175132,32.672956,77.14804,1583.8794
175133,32.781277,77.002998,1025.9685
175134,31.851631,77.337219,652.146
175136,32.172124,77.208512,12.8064
175138,31.99409,77.174515,200.1607
175139,32.70436,76.848881,423.0941
175140,32.486523,77.441538,3961.755
175141,31.812003,77.240626,182.6824
175142,32.845098,76.721002,2292.9257
175143,32.218221,77.188506,43.143
176001,32.092739,76.257244,84.2971
176002,32.132426,76.324768,28.0159
176021,32.18748,75.95153,30.9685
176022,32.157831,75.883678,129.3099
176023,32.137898,76.026667,135.7529
176025,32.025045,75.946949,125.1799
176026,32.057569,76.1498,66.4479
176027,32.060402,76.075527,109.5982
176028,31.964026,76.165137,126.8607
176029,31.98929,76.238416,112.9183
176030,31.905283,76.395075,88.2927
176031,31.886401,76.319701,181.1932
176032,31.824524,76.407794,43.6386
176033,32.010553,76.136903,26.6747
176036,31.807805,76.343151,64.0597
176037,32.028495,76.315744,65.8298
176038,32.048629,76.260958,35.5115
176039,31.455641,76.569417,50.1473
176040,31.528681,76.555721,62.4645
176041,31.605185,76.531115,66.7984
176042,31.567168,76.599344,32.8915
176043,31.601199,76.653187,33.8941
176044,31.600912,76.701165,3.0812
176045,31.646609,76.653499,26.6925
176047,32.089508,76.395516,78.1725
176048,31.613132,76.706029,14.7352
176049,31.489114,76.598458,42.9164
176051,32.239627,75.913556,94.0178
176052,32.199886,76.422991,122.2625
176053,32.101569,75.931473,71.797
176054,31.985223,76.348013,86.1171
176055,31.95021,76.396511,17.1412
176056,32.103335,76.347449,78.2974
176057,32.188524,76.347548,40.3477
176058,32.034999,75.850037,208.0477
176059,32.170061,76.484105,140.9242
176060,32.077803,76.439236,20.0092
176061,32.14781,76.559796,208.1442
176062,32.08893,76.567017,21.8982
176063,32.033032,76.591683,21.2286
176064,32.074286,76.467666,16.3425
176065,32.053569,76.414085,18.0362
176066,32.137038,75.964596,11.842
176071,31.970028,76.63118,18.0903
176073,31.898147,76.49182,10.2575
176075,31.893883,76.453656,12.424
176076,31.991149,76.593771,19.4492
176077,32.055332,76.734888,29.4782
176081,32.070143,76.602282,21.0848
176082,31.857781,76.485729,44.7525
176083,32.039434,76.498114,45.9497
176084,31.961647,76.431098,21.5966
176085,32.0557,76.471667,10.4416
176086,31.95637,76.521226,19.2328
176087,31.990519,76.506609,42.293
176088,31.93533,76.647282,31.5072
176089,31.899719,76.664891,14.986
176090,31.86771,76.666157,131.0782
176091,31.898168,76.633033,28.9809
176092,31.975688,76.468847,18.6086
176093,31.952393,76.476036,10.3211
176094,31.986488,76.554567,25.6292
176095,31.934963,76.595599,33.3455
176096,31.921582,76.550874,71.0095
176097,31.906347,76.508654,15.1918
176098,31.833001,76.448914,20.4142
176101,32.016531,76.425353,58.7433
176102,31.79871,76.490768,9.5866
176103,32.036648,76.556268,32.8472
176107,31.922983,76.456434,41.8552
176108,31.815688,76.475735,9.0681
176109,31.858439,76.594222,76.3224
176110,31.830085,76.535105,51.6862
176111,31.771272,76.544232,81.0678
176115,32.119506,76.630402,67.5293
176125,32.090789,76.673791,190.2683
176128,31.970333,76.668671,31.6337
176200,32.298041,75.979436,53.8046
176201,32.283432,75.824879,139.4104
176202,32.328107,75.897087,94.6247
176203,32.356978,75.938072,14.984
176204,32.220164,75.784091,154.0958
176205,32.232493,75.997017,100.5698
176206,32.28644,76.204537,229.4802
176207,32.332046,76.106772,369.5288
176208,32.163703,76.198679,73.9154
176209,32.164909,76.28004,58.5562
176210,32.122402,76.132219,86.8672
176211,32.365218,75.975331,92.7597
176213,32.200865,76.321069,3.585
176214,32.120029,76.2195,44.4978
176215,32.220478,76.301536,32.5412
176216,32.303093,76.29912,117.0123
176217,32.236933,76.25394,62.3778
176218,32.252706,76.383154,64.4175
176219,32.2612,76.344447,34.4789
176225,32.213016,76.087959,134.4984
176301,32.503706,75.927154,106.3275
176302,32.429767,76.053458,212.4238
176303,32.555587,75.928064,92.597
176304,32.547597,76.00553,26.3766
176305,32.555249,75.98211,2.5466
176306,32.582359,75.986564,39.0688
176308,32.652817,75.971033,105.6128
176309,32.369658,76.454205,270.3737
176310,32.589587,76.084819,189.8187
176311,32.520605,76.305153,617.883
176312,32.702864,76.017075,128.8391
176313,32.478193,76.00559,90.7976
176314,32.620703,76.237477,291.9304
176315,32.500719,76.645472,1088.5775
176316,32.906192,76.177393,846.3863
176317,32.736313,76.096716,7.9299
176318,32.510198,76.120928,107.9439
176319,32.691812,76.136264,194.4076
176320,32.829012,75.933739,390.0034
176321,32.748193,76.274395,687.5077
176323,33.012915,76.528257,2192.9215
176324,32.422111,76.370132,356.4581
176325,32.627294,75.940426,16.308
176326,32.294618,76.627612,744.1763
176401,32.110355,75.738818,321.0875
176402,32.185084,75.705525,23.7497
176403,32.219026,75.672078,82.4925
176501,31.916477,75.952269,68.9432
176502,31.977764,76.000165,129.7608
176601,31.337698,76.220887,62.7253
177001,31.672846,76.501269,93.9935
177005,31.705202,76.519605,7.9195
177006,31.636661,76.413985,34.2484
177007,31.769332,76.473575,26.1352
177020,31.731056,76.492254,39.779
177021,31.710401,76.670711,8.1371
177022,31.774215,76.601934,38.699
177023,31.721669,76.602048,41.4967
177024,31.658153,76.698656,29.7985
177025,31.694137,76.63402,14.0344
177026,31.614671,76.449008,22.8287
177027,31.716747,76.548454,20.3686
177028,31.817977,76.591131,15.0195
177029,31.665025,76.583157,43.8392
177031,31.445329,76.404522,68.4307
177033,31.769867,76.336518,26.2102
177034,31.741282,76.293858,46.0129
177038,31.718681,76.33566,27.8862
177039,31.687375,76.245914,56.464
177040,31.687779,76.416026,57.3292
177041,31.670022,76.370692,25.7585
177042,31.742592,76.375311,22.8093
177043,31.768974,76.254649,82.2198
177044,31.77773,76.403467,26.2627
177045,31.755337,76.423558,22.0794
177048,31.72679,76.439666,26.9816
177101,31.887389,76.235783,37.5779
177103,31.84173,76.165383,68.5015
177104,31.848989,76.216201,35.6577
177105,31.883308,76.156786,33.7508
177106,31.954661,76.06361,137.0632
177107,31.800745,76.195582,23.5439
177108,31.813245,76.241761,31.817
177109,31.766373,76.13889,83.5522
177110,31.821653,76.061014,95.9431
177111,31.874661,76.004825,37.2233
177112,31.861123,76.077543,43.2083
177113,31.902499,76.12902,61.4697
177114,31.96744,76.213224,4.6266
177117,31.902309,76.26062,15.1743
177118,31.63037,76.675366,8.8411
177119,31.794176,76.453108,9.8823
177201,31.645693,76.055412,43.3682
177202,31.709621,76.134466,12.8072
177203,31.683396,76.103583,67.8297
177204,31.773831,76.002774,63.4042
177205,31.667418,76.032102,14.5235
177206,31.604468,76.087371,49.0203
177207,31.512118,76.154301,53.5643
177208,31.558493,76.125848,65.2779
177209,31.451177,76.194529,51.6686
177210,31.716707,76.193942,69.1634
177211,31.648975,76.160494,98.9818
177212,31.709532,76.009994,36.6493
177213,31.741663,76.062453,66.7206
177219,31.717658,76.038185,11.528
177220,31.415734,76.224928,62.7829
177301,31.716327,76.361543,20.2333
177401,31.616149,76.600009,36.5194
177501,31.660204,76.618008,22.9567
177601,31.705843,76.648491,28.7427
180001,32.736788,74.861135,7.8146
180002,32.73671,74.736406,111.0092
180003,32.693803,74.764458,133.4494
180004,32.701622,74.868299,8.8391
180005,32.746674,74.854294,2.6473
180006,32.719366,74.875554,6.4244
180007,32.761859,74.86496,16.0174
180009,32.655965,74.798387,20.8289
180010,32.660245,74.889362,13.3027
180011,32.689806,74.917128,12.9485
180012,32.700843,74.881155,0.9643
180013,32.795989,74.847739,57.1615
180015,32.691773,74.894111,6.5722
180016,32.727703,74.854241,2.9966
180017,32.797045,75.009239,219.1128
180018,32.746209,74.808987,2.5723
180019,32.741166,74.924495,44.5126
180020,32.682216,74.873986,9.7678
181101,32.622651,74.819514,45.6625
181102,32.58861,74.716447,274.4915
181111,32.555876,74.794768,78.2318
181121,32.749183,74.836448,3.1108
181122,32.887858,74.793427,293.2008
181123,32.529905,75.105951,227.3537
181124,32.757222,74.827923,3.2681
181131,32.510472,74.825565,151.2745
181132,32.604094,74.889829,131.3255
181133,32.644802,74.962149,133.4207
181141,32.49433,74.955265,146.393
181143,32.626093,75.038943,78.491
181145,32.716122,75.033176,60.0248
181152,32.714786,74.924837,25.2087
181201,32.994712,74.719896,310.8744
181202,32.878182,74.638399,165.2685
181203,32.897979,74.569325,462.0132
181204,32.872422,74.482,245.8144
181205,32.765336,74.818193,5.7947
181206,32.793889,74.743045,109.6246
181207,32.785478,74.58613,108.1461
181221,32.94179,74.884715,403.0599
181224,32.873003,75.060505,302.2051
182101,32.997904,75.166901,222.298
182104,32.924206,75.13672,10.4498
182121,32.989025,75.056485,234.1645
182122,32.879201,75.351361,486.8184
182124,32.954097,75.257928,145.2309
182125,33.152314,75.153661,554.581
182126,32.870279,75.210262,166.3269
182127,32.746034,75.262323,312.3696
182128,32.918082,75.541542,711.3486
182141,33.068027,75.321356,202.981
182142,33.12935,75.296134,101.4964
182143,33.283822,75.343193,469.6533
182144,33.39,75.147431,209.6804
182145,33.464858,75.260171,218.7813
182146,33.560363,75.114608,584.7038
182147,33.408031,75.446112,591.0752
182148,33.323868,75.237691,323.0429
182161,33.029353,75.399122,88.6556
182201,33.174919,75.580479,741.9216
182202,33.294164,75.558028,338.1397
182203,33.077281,75.963858,1672.6206
182204,33.348522,76.154735,4719.9841
182205,33.769365,75.760075,6584.5582
182206,33.296318,75.748806,34.2677
182221,33.084767,75.592131,284.2439
182222,33.021742,75.725001,325.2805
182301,33.038382,74.949836,119.6527
182311,33.137157,74.943278,472.3311
182312,33.19126,74.846382,92.5531
182313,33.312736,74.942084,946.5649
182315,33.483083,74.846323,1029.1366
182320,32.956748,74.97775,20.7841
184101,32.39785,75.572951,60.2831
184102,32.443137,75.572842,46.6862
184104,32.383996,75.512164,150.1942
184120,32.551458,74.990902,85.5998
184121,32.663979,75.161986,594.0133
184141,32.549563,75.248408,167.8898
184142,32.456419,75.240262,115.1001
184143,32.511269,75.460608,366.9911
184144,32.521643,75.345654,214.8185
184145,32.450611,75.166824,81.271
184148,32.397625,75.335205,241.9076
184151,32.360687,75.438734,71.8936
184152,32.442875,75.662678,168.0589
184201,32.608769,75.802965,672.7534
184202,32.554834,75.638795,294.5754
184203,32.6303,75.534711,203.0495
184204,32.734656,75.605646,497.2244
184205,32.673449,75.377299,94.2782
184206,32.817686,75.774533,592.8353
184210,32.708557,75.441432,227.605
185101,33.812685,74.200973,308.4481
185102,33.938215,74.373315,584.5795
185121,33.732917,74.433047,882.5237
185131,33.470654,74.309711,445.2557
185132,33.45613,74.509158,640.2713
185133,33.473598,74.394874,31.8052
185135,33.578785,74.494715,117.6888
185151,33.212762,74.298717,540.8742
185152,33.117668,74.427788,337.1496
185153,33.086666,74.593924,137.3344
185154,33.012358,74.628254,98.5793
185155,33.232302,74.16859,633.7343
185156,33.061197,74.469657,163.5203
185201,33.226642,74.569157,419.0129
185202,33.285721,74.459953,300.9924
185203,33.157614,74.712852,401.658
185211,33.640691,74.149962,1093.1041
185212,33.587041,74.412746,212.261
185233,33.383407,74.653577,408.5167
185234,33.393616,74.340984,3.8585
190001,34.084816,74.8492,34.6098
190002,34.096805,74.794063,7.6178
190003,34.097415,74.82657,12.5275
190004,34.05753,74.850949,0.71
190005,34.036193,74.799221,7.3957
190006,34.125566,74.848149,22.8771
190007,33.996878,74.781956,27.8635
190008,34.064292,74.819799,6.1815
190009,34.067042,74.789183,11.4013
190010,34.084736,74.791713,3.1467
190011,34.182927,74.755441,144.1207
190012,34.106124,74.728155,29.1364
190014,34.039732,74.780014,13.3087
190015,34.042838,74.833095,24.2139
190017,34.109042,74.763223,10.5722
190018,34.08217,74.76938,5.2422
190019,34.012056,74.820529,8.2135
190020,34.239795,74.791604,112.8012
190021,34.015793,74.773869,2.1505
190023,34.13826,74.822376,2.0126
190024,34.173985,74.819207,31.2379
190025,34.137549,74.876409,10.6042
191101,34.182852,74.862898,17.3346
191102,34.033156,74.956115,16.3477
191103,34.145173,74.955093,178.5951
191111,34.08597,74.666955,390.9158
191112,33.936938,74.714736,102.4284
191113,33.927588,74.649702,256.9353
191121,34.100832,74.895615,16.308
191131,34.358417,74.69331,222.9754
191132,34.00432,74.797491,3.6395
191201,34.328379,74.771965,113.342
191202,34.36964,74.913106,1132.3005
191203,34.405427,75.154672,307.02
192101,33.808942,75.071241,164.9152
192121,34.061213,74.896462,46.8898
192122,34.025227,74.999392,87.6842
192123,34.123653,75.057765,385.3891
192124,33.928265,75.035467,106.2826
192125,33.887029,75.127112,50.1786
192126,34.233746,75.216074,1195.0088
192129,33.975338,75.223466,282.911
192201,33.862242,75.24719,382.0996
192202,33.713956,75.314585,686.9575
192210,33.841327,75.12362,4.3342
192211,33.75064,75.146526,115.381
192212,33.604943,75.238172,200.9715
192221,33.699723,75.115742,73.386
192230,34.182178,75.469551,943.4367
192231,33.764551,74.980303,209.8181
192232,33.851312,74.985315,104.5374
192233,33.682067,74.781125,1237.9019
192301,33.988451,74.873795,162.5325
192302,33.88036,74.729277,253.9429
192303,33.848647,74.826584,321.7161
192304,33.951582,74.937843,15.6631
192305,33.937459,74.95996,92.6333
192306,33.802621,74.86464,49.752
192401,33.987326,75.11334,211.1138
193101,34.245101,74.389006,244.8047
193103,34.289995,74.478097,93.2417
193108,34.156885,74.460879,44.3976
193121,34.256729,74.58967,153.1251
193122,34.198514,74.260268,702.2004
193123,34.15871,74.067774,1120.9405
193201,34.431069,74.486298,188.151
193202,34.340715,74.511851,50.3718
193221,34.50234,74.329249,198.5062
193222,34.690672,74.333183,482.2705
193223,34.653371,74.456985,547.6643
193224,34.552092,74.123033,1387.3305
193225,34.420305,73.936899,731.6192
193301,34.349803,74.390193,125.1446
193302,34.434324,74.318326,153.2453
193303,34.383294,74.342808,158.9565
193401,34.204552,74.525418,115.2034
193402,34.194743,74.472903,38.911
193403,34.120378,74.399,162.2617
193404,34.090094,74.478703,81.5175
193411,34.025671,74.550167,618.0702
193501,34.366266,74.589763,214.4965
193502,34.546663,74.681947,685.957
193503,34.603847,74.920407,1237.8686
193504,34.397049,74.632274,60.0328
193505,34.518694,74.518829,195.267
194101,33.557826,77.318127,10350.2808
194102,34.416069,75.496541,2213.1787
194103,34.602607,76.037702,419.1307
194104,34.320713,77.1956,3961.6803
194105,34.493493,75.838505,242.2735
194106,34.311959,76.552788,5827.613
194109,34.422279,76.132389,1704.1246
194201,33.709057,78.187055,24307.0502
194301,34.25446,75.877997,1297.4389
194302,33.59738,76.691807,9190.5118
194401,34.80874,77.628309,17600.1107
194402,34.578407,76.83963,1017.6537
194403,34.102114,76.065681,988.7355
194404,32.913915,78.873698,14395.2122
201001,28.664869,77.434237,8.0698
201002,28.67539,77.47136,45.3206
201003,28.730549,77.406617,100.6826
201004,28.703334,77.370299,18.3716
201005,28.688268,77.347914,14.9869
201006,28.676505,77.330752,0.9301
201007,28.677539,77.387844,6.6436
201008,28.582688,77.622463,14.6982
201009,28.626531,77.466422,72.2018
201010,28.661494,77.344386,10.2814
201011,28.666744,77.329199,3.2198
201012,28.661014,77.37221,7.5305
201013,28.684562,77.486877,2.1281
201014,28.643904,77.371772,14.1207
201015,28.67794,77.547014,118.1027
201016,28.628429,77.433059,1.8454
201017,28.704484,77.436385,6.6429
201019,28.643426,77.337154,5.8481
201020,28.622006,77.347784,4.5277
201102,28.770246,77.301728,150.3527
201103,28.795409,77.239964,26.4625
201201,28.828232,77.670949,97.1864
201204,28.820882,77.579688,281.9455
201206,28.789329,77.492308,291.3012
201301,28.579339,77.328704,26.6886
201303,28.553377,77.353187,16.7289
201304,28.534725,77.384297,69.983
201305,28.480997,77.439445,104.8624
201306,28.51562,77.477248,89.4539
201307,28.607806,77.380866,28.184
201308,28.470802,77.518689,5.3308
201309,28.621435,77.364524,5.7265
201310,28.481113,77.545539,66.1551
201311,28.529722,77.536381,4.4181
201312,28.422415,77.525633,3.2941
201313,28.53932,77.335812,6.7215
201314,28.522777,77.576658,6.1402
201315,28.441495,77.511771,17.3231
202001,27.898121,78.075561,87.7006
202002,27.844284,78.058504,400.5831
202121,27.808805,78.290922,198.0797
202122,27.995823,78.049448,124.1886
202123,27.82037,77.8748,218.0403
202124,27.716913,77.940286,179.4547
202125,27.949388,78.181234,159.6467
202126,28.076232,78.090664,138.6551
202127,28.023454,78.166783,126.5188
202128,27.891739,78.240566,91.9605
202129,27.877118,78.347493,129.6858
202130,27.920383,78.412525,76.8736
202131,28.01962,78.407946,143.8205
202132,28.092683,77.841792,104.8905
202133,27.991043,78.515362,338.9053
202134,27.853962,78.468706,96.7062
202135,27.923658,77.789215,87.4738
202136,28.027604,77.989272,75.0228
202137,28.040144,77.66959,182.447
202138,27.930547,77.858062,140.56
202139,27.70832,78.144714,71.9974
202140,27.91668,77.951633,114.4395
202141,27.988615,77.752678,159.1871
202142,28.014001,77.899473,107.0698
202143,28.068194,77.929849,67.634
202145,27.661584,77.876217,194.1474
202146,27.644214,77.894883,1.0638
202150,27.785653,78.112448,70.341
202155,28.090854,77.774577,103.1915
202165,28.010792,77.568896,235.4374
202170,27.740469,78.230631,120.9256
202280,27.985108,78.308973,213.8416
202281,28.095691,78.359057,113.3137
202282,28.080655,78.259154,85.217
203001,28.416368,77.882494,337.1344
203002,28.334926,77.843626,105.0689
203129,28.192615,77.989645,110.8574
203131,28.178099,77.920157,297.6604
203132,28.205161,77.780111,268.2019
203135,28.127766,77.563657,159.8591
203141,28.115504,77.708267,48.371
203150,28.367717,77.994437,111.6441
203155,28.18032,77.658874,152.9018
203201,28.3453,77.552741,276.1756
203202,28.405964,77.62991,115.1554
203203,28.30075,77.674732,128.3658
203205,28.406802,77.73644,415.7125
203206,28.470124,77.644767,13.6831
203207,28.563467,77.571286,332.5994
203209,28.231272,77.574665,119.1774
203389,28.182687,78.390669,67.9877
203390,28.335055,78.231006,223.6829
203391,28.328711,78.126728,68.8958
203392,28.215233,78.182797,275.2853
203393,28.204092,78.303816,264.445
203394,28.399049,78.10563,232.2684
203395,28.276803,78.026491,176.1546
203396,28.168441,78.086856,131.419
203397,28.114476,78.166143,76.8247
203398,28.479579,78.195744,274.1697
203399,28.128151,78.434473,64.2371
203401,28.493792,77.936753,65.8358
203402,28.653096,77.971397,136.9136
203403,28.596875,78.146755,138.4752
203405,28.511074,78.0587,150.7025
203407,28.543937,77.958699,85.0351
203408,28.547726,77.808863,202.87
203409,28.422211,77.968462,101.0403
203411,28.611369,77.900386,69.2361
203412,28.606303,78.042755,160.2617
204101,27.568003,78.08687,432.9694
204102,27.645813,78.174346,157.7006
204211,27.727668,78.473916,117.1048
204212,27.597947,78.27522,156.8228
204213,27.538124,77.953069,161.4597
204214,27.633232,78.36719,187.3046
204215,27.722716,78.388349,305.4023
204216,27.705776,78.065317,182.9942
205001,27.253706,79.010732,353.0108
205119,27.148287,78.928227,237.6519
205121,27.222602,78.801289,189.3295
205247,27.139145,79.119032,260.6998
205261,27.057795,78.835582,222.8619
205262,27.266927,79.189602,303.3458
205263,27.314053,78.87388,247.7458
205264,27.029609,78.943094,232.5183
205265,27.398742,78.949785,212.7821
205267,27.354709,79.089569,166.5614
205268,27.033555,79.068705,239.4254
205301,27.188118,79.302317,297.1539
205303,27.021532,79.246456,189.6065
205304,27.06908,79.324611,270.4746
206001,26.789552,78.958578,120.6074
206002,26.80705,79.024917,13.8561
206003,26.763613,79.066203,93.7399
206120,26.665105,79.268449,80.9451
206121,26.551954,79.293853,249.0301
206122,26.477513,79.517373,332.1553
206123,26.926829,79.215783,279.4912
206124,26.674325,79.177047,97.6024
206125,26.526837,79.129341,459.2175
206126,26.720114,79.098376,113.8684
206127,26.632659,79.124397,109.2493
206128,26.60417,79.225749,58.2083
206129,26.497904,79.373699,285.5274
206130,26.929151,78.962929,100.3939
206131,26.725732,78.926776,260.0325
206241,26.696194,79.395907,256.9652
206242,26.796565,79.262604,472.1763
206243,26.828654,79.538993,159.2261
206244,26.661741,79.601898,244.9236
206245,26.886292,78.874392,328.9126
206246,26.60645,79.634791,141.403
206247,26.605002,79.471951,145.6005
206248,26.765098,79.575025,147.6353
206249,26.792581,79.42295,130.1951
206250,26.698652,79.506573,67.9689
206251,26.835148,79.658276,85.1266
206252,26.881289,79.413372,189.8702
206253,26.889336,79.081352,347.1917
206255,26.77457,79.690923,86.8517
207001,27.579463,78.715303,369.75
207002,27.544441,78.592693,111.0511
207003,27.500229,78.820251,259.1628
207120,27.624242,78.55171,111.5583
207121,27.415158,78.746072,284.5548
207122,27.562134,78.465747,151.9472
207123,27.807485,78.699093,293.7982
207124,27.871027,78.59172,268.8558
207125,27.687114,78.659728,124.381
207241,27.692857,78.765349,192.1199
207242,27.756707,78.942134,289.3979
207243,27.714638,79.074703,544.5534
207244,27.57795,79.146806,161.2988
207245,27.789621,78.85821,203.4586
207246,27.632951,78.897354,177.9374
207247,27.472375,79.159401,340.8067
207248,27.539098,78.946927,154.4373
207249,27.49341,79.017357,212.3237
207250,27.372334,79.21619,81.9435
207301,27.454073,78.464786,292.2101
207302,27.453312,78.316644,466.8017
207401,27.740441,78.548105,185.4138
207402,27.873399,78.84059,150.1309
207403,27.950972,78.698028,265.8518
208001,26.471966,80.346042,14.1458
208002,26.493001,80.304351,17.0613
208003,26.456975,80.333147,3.9288
208004,26.445664,80.369042,16.8271
208005,26.470841,80.29991,4.1996
208006,26.448569,80.311689,5.1868
208007,26.413544,80.386831,8.8787
208008,26.379373,80.422584,67.847
208009,26.471196,80.262915,5.1064
208010,26.428707,80.401146,5.5986
208011,26.408136,80.336647,24.0422
208012,26.462755,80.31141,5.3633
208013,26.419886,80.354113,11.9408
208014,26.43703,80.316977,4.058
208015,26.38968,80.376435,14.8895
208016,26.513091,80.229994,7.1742
208017,26.559085,80.272943,83.1702
208019,26.478806,80.272744,3.5201
208020,26.450493,80.230491,71.7715
208021,26.377212,80.319632,70.2967
208022,26.446941,80.280471,13.6453
208023,26.442322,80.341001,1.6119
208024,26.493177,80.273536,6.9864
208025,26.479342,80.291537,1.97
208026,26.510113,80.262005,3.1267
208027,26.42723,80.300066,7.2776
209101,26.400633,79.962531,275.9241
209111,26.210544,79.873451,187.3317
209112,26.166959,79.800812,251.3002
209115,26.294257,79.691206,304.5144
209121,26.288321,80.085093,254.6071
209125,26.387843,79.614417,296.9288
209202,26.830617,80.001502,424.0485
209203,26.628068,80.201762,142.6885
209204,26.5964,79.97028,411.3645
209205,26.646993,80.119743,159.4343
209206,26.088771,80.156952,732.5589
209208,26.207537,79.980162,128.3727
209209,26.192198,80.304271,178.9844
209210,26.730091,80.066346,228.9117
209214,26.337394,80.244725,249.1989
209217,26.555875,80.21253,100.1522
209301,26.399965,79.801864,240.8202
209302,26.551065,79.763905,275.2241
209303,26.483821,79.91895,197.3603
209304,26.410914,80.133366,121.3521
209305,26.45033,80.187164,15.296
209306,26.701881,79.82148,536.9246
209307,26.485062,80.106287,205.1378
209308,26.242685,80.183719,191.6575
209310,26.484766,79.707176,193.3447
209311,26.313534,80.015696,132.1826
209312,26.293038,79.867419,153.4198
209401,26.239287,80.400329,289.9079
209402,26.296192,80.490441,246.2769
209501,27.42904,79.352428,307.1396
209502,27.558758,79.356756,277.8542
209503,27.556293,79.465184,117.4093
209504,27.469851,79.451885,70.2418
209505,27.635525,79.24163,328.1792
209601,27.323135,79.671554,141.0777
209602,27.341513,79.544353,95.9242
209621,27.442458,79.659411,180.5978
209622,27.558658,79.60368,171.4289
209625,27.406479,79.543273,134.9027
209651,27.332361,79.440813,151.3229
209652,27.335357,79.309133,126.6927
209720,27.128798,79.437033,103.9765
209721,27.123878,79.515858,264.8515
209722,27.092,79.687806,329.5871
209723,26.945194,79.667742,124.8337
209724,27.232073,79.645466,127.1181
209725,27.083088,79.947347,62.8598
209726,27.065064,79.872759,198.564
209727,26.996124,79.958461,145.9969
209728,26.959773,79.541352,331.0764
209729,27.132796,79.597129,58.4815
209731,27.010838,79.764705,61.2741
209732,26.94924,79.801463,163.9545
209733,27.114091,79.795111,175.1985
209734,26.902908,79.896531,146.3785
209735,27.115961,79.641311,39.8
209736,26.83298,79.813835,181.0994
209738,26.873792,79.71738,121.2846
209739,27.232314,79.539673,204.0397
209743,27.25756,79.389836,148.9657
209745,27.489188,79.526627,134.8993
209747,26.987761,79.423307,172.9698
209749,27.309897,79.604808,57.8063
209801,26.560475,80.54759,992.387
209821,26.450679,80.923656,557.8825
209825,26.503837,80.696606,390.0237
209827,26.422277,80.712384,88.3548
209831,26.602336,80.656388,99.9729
209841,26.772519,80.622784,74.9742
209859,26.602696,80.787461,284.2864
209860,26.44914,80.56611,26.6469
209861,26.540395,80.357601,160.428
209862,26.476711,80.434692,117.667
209863,26.206005,80.669615,186.2439
209864,26.226842,80.761864,96.5256
209865,26.312575,80.642041,220.3886
209866,26.32561,80.823563,143.34
209867,26.319707,80.754278,161.4025
209868,26.892131,80.230859,568.5791
209869,26.952469,80.15735,102.4669
209870,26.856792,80.494299,704.7493
209871,26.722643,80.306579,656.1067
209881,26.820861,80.655096,162.6825
210001,25.481205,80.370108,1355.4306
210120,25.200942,80.497325,508.0421
210121,25.550969,80.678983,695.6867
210123,25.711382,80.507554,198.8636
210125,25.567036,80.894244,652.1085
210126,25.808655,80.401173,494.9131
210128,25.61366,80.549699,309.1783
210129,25.076436,80.396058,278.3542
210201,25.329224,80.583385,253.8794
210202,25.219384,80.684129,430.5103
210203,25.393829,80.757879,423.3613
210204,25.193457,80.796265,313.3049
210205,25.128678,80.971001,938.7328
210206,25.352199,80.984217,512.5242
210207,25.439152,81.097154,347.176
210208,25.054801,81.140446,734.4381
210209,25.233749,81.340634,902.7565
210301,25.894796,80.136584,172.732
210341,25.739097,80.043127,234.4884
210421,25.421709,79.762084,484.7068
210422,25.820693,79.620177,341.588
210423,25.249223,79.504935,244.3044
210424,25.448307,79.981981,344.8789
210425,25.536766,79.820162,346.5577
210426,25.220812,79.581585,609.6952
210427,25.316319,79.918807,561.9025
210428,25.638042,79.436919,380.1031
210429,25.398192,79.472698,800.0704
210430,25.739379,79.513612,289.1386
210431,25.576052,79.600139,444.002
210432,25.785888,79.753641,546.8955
210433,25.164516,79.759522,281.1917
210501,25.795173,79.940151,379.5207
210502,25.818811,80.214455,445.5216
210504,25.533037,80.071201,358.1196
210505,25.981714,79.999602,556.6144
210506,25.645954,79.831341,366.9463
210507,25.640751,80.166861,639.9195
211001,25.454848,81.821049,14.7412
211002,25.468489,81.855832,17.2723
211003,25.432957,81.83976,10.4877
211004,25.490054,81.868181,8.6137
211005,25.435144,81.872984,3.5871
211006,25.449321,81.875059,4.8945
211007,25.394121,81.822459,36.5374
211008,25.391541,81.857164,36.0349
211009,25.36178,81.91619,61.6022
211010,25.341632,81.86825,38.652
211011,25.463478,81.768533,22.5042
211012,25.402728,81.714247,232.9007
211013,25.542228,81.915492,111.3311
211014,25.479082,81.820274,13.4602
211015,25.435769,81.781451,11.0885
211016,25.420396,81.801545,18.1032
211017,25.449181,81.8129,1.0386
211018,25.459468,81.844998,1.1087
211019,25.440159,81.9398,112.805
211021,25.533169,81.85526,4.1012
211022,25.533371,81.881543,22.9713
212104,25.065786,82.251161,306.9865
212105,25.391832,81.875845,7.7661
212106,25.114106,81.82442,677.1903
212107,25.28163,81.679212,385.6414
212108,25.164345,81.640032,245.5119
212109,25.610233,81.990374,168.7336
212111,25.301658,81.828907,81.0249
212201,25.570039,81.477638,307.5623
212202,25.429764,81.592323,110.2065
212203,25.481977,81.566202,39.6982
212204,25.678071,81.360672,50.8604
212205,25.738533,81.325657,148.3275
212206,25.434581,81.439126,254.0428
212207,25.494692,81.324037,245.6514
212208,25.468672,81.671469,25.0072
212212,25.498144,81.6866,22.7524
212213,25.531105,81.618524,113.0485
212214,25.394102,81.27138,232.8733
212216,25.331491,81.463013,235.225
212217,25.62294,81.289984,312.5385
212218,25.344484,81.565273,106.4122
212301,25.132092,82.01627,325.4137
212302,25.120152,82.118821,264.6567
212303,25.205942,82.144643,138.0338
212305,25.278249,82.157312,130.4353
212306,24.946378,82.057619,704.7984
212307,25.287115,81.996478,306.425
212308,25.129949,81.945795,43.9765
212401,25.516422,82.279107,87.6269
212402,25.563955,82.094049,325.7997
212404,25.485803,82.049715,15.5571
212405,25.541541,82.195689,128.5312
212502,25.621811,81.865644,127.8286
212503,25.673203,81.773737,115.6973
212507,25.695468,81.91494,216.7023
212601,25.92928,80.798189,481.5816
212620,25.735923,80.923477,244.9837
212621,25.760729,80.752671,352.1814
212622,25.867546,80.982771,208.6647
212631,25.987189,80.331997,386.2704
212635,25.953996,80.5874,270.7418
212641,25.520998,81.213582,134.5336
212645,25.876658,80.899894,162.0292
212650,25.887767,81.049589,159.8484
212651,25.982898,80.984615,142.1758
212652,25.903005,81.136062,153.5894
212653,25.815032,81.226863,238.8914
212654,26.037112,80.986266,75.9911
212655,25.727963,81.121089,371.777
212656,25.583763,81.149597,177.2427
212657,25.963462,80.477126,227.505
212658,25.611345,81.074577,241.9968
212659,26.097756,80.43169,234.6081
212661,25.798146,80.558353,151.7409
212663,25.81894,80.641317,160.958
212664,26.018554,80.702453,276.1283
212665,26.127398,80.564599,325.1654
221001,25.322229,83.011402,24.3755
221002,25.333577,82.978074,15.7758
221003,25.365237,82.958629,53.2842
221004,25.290605,82.956991,13.4013
221005,25.266744,82.992096,28.3465
221006,25.449145,82.85847,28.5193
221007,25.381863,83.038002,105.1613
221008,25.280056,83.040223,33.6103
221009,25.278342,83.071054,40.817
221010,25.299065,82.984295,11.8255
221011,25.229073,82.965301,69.4771
221012,25.308011,83.038608,4.1827
221101,25.491995,83.020763,168.4127
221103,25.29837,82.964718,1.2089
221104,25.333715,82.900213,26.621
221105,25.381992,82.905174,46.3754
221106,25.260637,82.948762,8.2754
221107,25.307479,82.92037,20.2486
221108,25.274222,82.926508,14.8187
221109,25.218455,82.824951,9.6617
221110,25.452855,83.07643,22.2016
221112,25.381211,83.128135,163.2584
221115,25.477731,83.190626,84.9803
221116,25.483052,83.125351,64.9385
221201,25.420247,82.735537,79.785
221202,25.442872,82.920193,113.468
221204,25.416351,82.811309,87.5304
221206,25.512361,82.836634,100.3316
221207,25.498601,82.757759,79.0398
221208,25.524189,82.92337,100.1288
221301,25.287591,82.533554,196.5076
221302,25.305879,82.865518,40.4133
221303,25.288121,82.420196,58.3626
221304,25.347644,82.44504,105.2665
221305,25.195338,82.837044,39.5906
221306,25.386942,82.366182,33.2088
221307,25.287334,82.762094,131.4369
221308,25.345202,82.342245,54.1048
221309,25.252954,82.233495,106.1993
221310,25.275682,82.36042,85.9384
221311,25.249775,82.860259,73.0951
221313,25.276304,82.902347,9.9521
221314,25.286825,82.640056,89.7265
221401,25.392691,82.544601,79.2908
221402,25.361706,82.651089,97.6841
221403,25.347405,82.744684,89.3394
221404,25.465514,82.387411,200.5631
221405,25.362232,82.839493,46.3345
221406,25.411551,82.484254,98.617
221409,25.41337,82.597443,34.2032
221502,25.3497,82.280678,124.8511
221503,25.404,82.222888,264.9282
221505,25.409719,82.022963,158.5926
221507,25.501279,81.96665,114.871
221508,25.389616,82.117235,167.3616
221601,26.206674,83.72911,159.9793
221602,26.129986,83.760176,63.8815
221603,26.125949,83.667894,158.324
221701,25.827926,83.947787,166.8411
221705,25.951077,83.644445,65.7109
221706,25.94243,83.720097,224.0742
221709,25.927259,83.941175,15.995
221711,25.98017,83.885914,211.4236
221712,25.861097,83.837741,287.9788
221713,25.734634,83.976801,62.8329
221715,26.119166,83.854069,173.5325
221716,26.041684,83.756359,162.675
221717,26.074601,83.972508,114.0321
221718,26.047236,83.858978,57.6981
221720,26.086549,83.71613,3.8852
222001,25.747674,82.720297,107.3191
222002,25.733073,82.693885,9.1251
222003,25.838089,82.672108,232.2085
222101,26.208304,82.648268,92.0572
222105,25.672082,82.639514,37.5909
222109,25.803179,82.562601,72.6437
222125,25.908853,82.438176,268.7374
222127,25.64586,82.458969,36.7765
222128,25.5335,82.669681,127.8572
222129,25.590815,83.01045,126.5741
222131,25.766774,82.497683,171.8332
222132,25.734568,82.624225,112.9229
222133,25.770477,82.796514,96.1899
222135,25.694857,82.498562,45.2695
222136,25.585162,82.760296,115.2612
222137,25.546885,82.567367,47.2586
222138,25.660499,82.679523,13.3587
222139,25.931094,82.676236,228.3547
222141,25.869967,82.522387,86.8629
222142,25.684765,82.900549,168.1228
222143,25.685344,82.370866,191.8287
222144,25.743056,82.416462,95.4605
222145,25.824742,82.348265,133.4108
222146,25.608985,82.831423,70.0852
222148,25.671331,83.021486,65.5928
222149,25.637845,82.994252,46.8915
222161,25.626562,82.606623,217.6861
222162,25.570028,82.492301,192.4152
222165,25.563482,82.384282,172.7857
222170,25.708394,82.836891,65.338
222175,25.947924,82.410826,73.9137
222180,25.666746,82.745594,117.2031
222181,25.583138,82.917986,71.3042
222201,25.776773,82.258545,154.8399
222202,25.679666,82.249615,261.9117
222203,25.475497,82.561738,241.6234
222204,25.604385,82.234193,122.6128
222301,26.044185,82.340503,57.5646
222302,26.128722,82.242455,256.4889
222303,26.092824,82.33161,96.6793
223101,26.023914,82.681116,71.3049
223102,26.024848,82.530834,115.0559
223103,26.099798,82.627503,208.0346
223104,25.966489,82.595521,77.7166
223105,26.109456,82.521547,126.7367
223221,26.181598,82.935938,145.5398
223222,26.103827,82.761814,177.4431
223223,26.326276,82.929816,170.8726
223224,25.974366,82.786824,175.2805
223225,26.162283,82.809398,36.9198
223226,26.080255,82.827093,103.532
223227,26.009616,83.014971,65.7229
224001,26.755574,82.098238,241.4952
224116,26.809197,81.745729,200.4673
224117,26.74559,81.591831,79.1045
224118,26.673331,81.667,295.5535
224119,26.79793,81.611976,63.7146
224120,26.732625,81.778365,120.8316
224121,26.65112,81.796743,98.4442
224122,26.329077,82.472488,74.0884
224123,26.766587,82.180608,67.0108
224125,26.252661,82.843548,67.7028
224126,26.768454,81.866203,125.2189
224127,26.670563,81.98247,15.7757
224129,26.443664,82.770506,137.6766
224132,26.450851,82.297185,76.559
224133,26.731915,82.14175,2.1806
224135,26.709018,82.194894,88.3956
224137,26.360999,83.011155,50.1482
224139,26.329556,82.833866,69.629
224141,26.564335,82.379236,108.8241
224143,26.524387,82.809018,121.7827
224145,26.586978,82.503476,102.9458
224146,26.320734,82.541008,60.5875
224147,26.419094,82.996798,125.9031
224149,26.283683,82.765723,260.0708
224151,26.486219,82.48135,80.0107
224152,26.464421,82.377721,171.7203
224153,26.570167,81.745193,96.165
224155,26.402638,82.717799,36.8922
224157,26.523915,82.445479,58.6598
224158,26.662983,81.92366,130.2333
224159,26.298363,82.624754,147.077
224161,26.634531,82.311217,132.3073
224164,26.584135,81.884806,116.0004
224168,26.387656,82.445058,42.9371
224171,26.70499,82.28019,77.8724
224172,26.665107,82.236633,31.0847
224176,26.338429,83.082495,104.1716
224181,26.442786,82.883908,267.1866
224182,26.747423,81.954948,30.052
224183,26.294731,82.811145,15.8151
224186,26.384157,82.632865,126.7212
224188,26.739707,81.997431,78.215
224189,26.738675,81.923534,44.9215
224190,26.524452,82.688362,161.0435
224195,26.563495,82.269869,138.3905
224201,26.611482,82.054746,59.7542
224202,26.663455,82.119767,61.2228
224203,26.556746,82.212264,63.0913
224204,26.61287,82.145124,112.8136
224205,26.452516,82.229526,113.1408
224206,26.528416,82.161814,78.8924
224207,26.518553,82.071292,103.3166
224208,26.54984,82.011824,88.2802
224209,26.472264,82.152966,68.8013
224210,26.423947,82.567818,208.4743
224225,26.552242,81.948453,73.1974
224227,26.54599,82.589526,162.403
224228,26.6333,81.916605,43.4487
224229,26.559771,81.822408,68.1351
224230,26.474818,82.541684,45.4042
224231,26.378925,82.395478,64.8641
224232,26.467733,83.006244,14.5445
224234,26.625702,82.422571,85.1217
224235,26.383035,82.55947,22.1714
224238,26.597679,82.585241,4.6825
224284,26.664982,82.024754,44.4151
225001,26.919313,81.21194,79.0314
225002,26.949252,81.186577,1.1795
225003,26.922843,81.113587,130.2558
225119,26.695163,81.342799,40.6058
225120,26.75196,81.312433,49.3574
225121,26.818426,81.253364,199.9392
225122,26.835102,81.176691,112.9858
225123,26.953154,81.208169,17.5755
225124,26.599809,81.400413,174.3453
225125,26.595974,81.516773,123.9005
225126,26.648606,81.262953,286.2117
225201,27.163539,81.416023,84.9097
225202,27.092901,81.354564,97.751
225203,27.008442,81.247879,94.2224
225204,26.973567,81.316551,142.4363
225205,27.070768,81.423643,109.5964
225206,26.960405,81.395556,124.6883
225207,26.999954,81.478645,155.853
225208,27.10285,81.300291,85.1813
225301,27.031944,81.142397,282.6714
225302,27.076501,81.053116,175.4294
225303,27.207691,81.284729,30.6298
225304,27.235353,81.372261,221.3829
225305,27.193915,81.221499,415.1689
225306,27.200445,81.049164,256.4085
225401,26.870025,81.684032,164.058
225403,26.88407,81.556303,106.0421
225404,26.839416,81.539954,33.3052
225405,26.842863,81.461646,122.2864
225409,26.733841,81.504569,256.2824
225412,26.876974,81.379662,130.9732
225413,26.757695,81.391193,88.7294
225414,26.818988,81.338358,89.584
225415,26.960496,81.596245,266.5146
225416,26.677983,81.403172,84.6301
226001,26.846638,80.948543,16.0941
226002,26.805513,80.952078,35.0775
226003,26.876734,80.878907,38.8399
226004,26.840361,80.907163,8.4267
226005,26.814758,80.90889,11.8313
226006,26.874353,80.958018,5.0098
226007,26.866005,80.940828,4.1457
226008,26.769251,80.820292,166.8213
226009,26.811606,80.860029,12.105
226010,26.852708,81.040829,89.1649
226011,26.822309,80.888363,3.8617
226012,26.78354,80.914621,20.7639
226013,26.932823,80.895925,4.3343
226014,26.751503,80.93427,17.1833
226015,26.881115,80.973924,2.9401
226016,26.885848,80.990542,19.4417
226017,26.844301,80.864497,22.8709
226018,26.848473,80.92672,5.4545
226019,26.913356,81.062016,5.4554
226020,26.902937,80.912835,38.9572
226021,26.934281,80.953062,17.1409
226022,26.904256,80.969484,12.9082
226023,26.789454,80.874404,16.022
226024,26.895693,80.945097,7.6096
226025,26.768354,80.924322,1.9707
226026,26.943427,81.014919,40.7498
226027,26.839712,80.947264,0.3789
226028,26.899939,81.041469,46.305
226029,26.767507,80.961039,7.1617
226030,26.793936,81.014603,70.8598
226031,26.936169,80.937985,2.8341
226101,26.873563,80.777163,226.2166
226102,26.920671,80.712182,145.0251
226103,26.995721,80.634376,180.7012
226104,27.025695,80.766401,271.4182
226201,26.984986,80.929405,197.2982
226202,27.017103,80.862769,57.0269
226203,27.094828,80.935538,232.3782
226301,26.672743,80.982099,338.1875
226302,26.564006,81.029459,142.683
226303,26.635264,81.113203,181.657
226401,26.701962,80.810805,227.6666
226501,26.75223,81.130978,249.0899
227304,26.113722,82.154419,116.3501
227405,26.144992,81.779559,263.9874
227406,26.10497,81.958287,97.795
227407,26.065233,81.821983,73.2853
227408,26.232431,81.918325,52.6719
227409,26.233367,81.665444,312.7119
227411,26.272819,81.784713,104.0704
227412,26.23343,81.821119,64.3081
227413,26.148617,81.898621,140.6731
227801,26.366211,81.657957,175.5075
227805,26.320139,81.877874,151.9468
227806,26.48024,81.856693,109.7499
227807,26.341339,81.752405,95.3321
227808,26.263425,81.990734,110.3029
227809,26.431808,81.601274,192.3109
227811,26.584557,81.599676,152.8773
227812,26.409421,81.909886,54.9082
227813,26.413037,81.791032,191.0632
227814,26.476671,81.94653,81.0888
227815,26.499347,81.758417,105.7787
227816,26.519814,81.665669,119.2641
227817,26.482557,81.554136,14.7126
228001,26.23203,82.097581,212.7376
228118,26.301712,82.095947,6.8855
228119,26.282266,82.158802,91.5788
228120,26.25383,82.261588,21.8565
228121,26.427362,82.017212,158.2796
228125,26.347188,82.099584,89.3805
228131,26.293656,82.40886,159.7903
228132,26.242321,82.309918,102.5878
228133,26.23126,82.222027,48.1353
228141,26.307575,82.276083,127.1765
228142,26.366821,82.287389,81.014
228145,26.199069,82.420671,264.7842
228151,26.393382,82.154706,190.0368
228155,26.341716,81.98089,135.0988
228159,26.137457,82.039573,233.128
228161,26.071408,82.445165,170.6983
228171,26.203992,82.552538,141.0969
229001,26.219437,81.209679,95.7512
229010,26.2284,81.325593,97.7852
229103,26.453746,81.273189,83.8776
229120,26.184059,81.008472,7.2734
229121,26.154398,81.009315,7.9854
229122,26.286941,81.038381,170.2859
229123,26.392805,81.065468,35.0964
229124,25.990808,81.53385,68.3738
229125,26.134132,81.149399,181.0828
229126,26.442319,81.409336,52.2958
229127,26.046993,81.437029,348.9326
229128,26.094713,81.350095,73.8556
229129,26.073676,81.525967,54.1382
229130,26.240249,81.074956,89.7465
229135,26.504796,81.438122,55.6606
229201,26.157136,80.89332,38.532
229202,26.115971,80.75918,169.0131
229203,26.138478,81.053466,152.9413
229204,26.015393,81.157133,201.1093
229205,26.259904,80.956675,128.5599
229206,26.128415,80.975834,160.4856
229207,26.056025,81.09124,43.6923
229208,26.192911,80.927991,32.5729
229209,26.331584,80.895199,71.8257
229210,26.307538,80.886633,3.8003
229211,26.226679,80.878445,78.8826
229212,26.158961,80.837692,102.5032
229215,26.10782,80.846946,40.1044
229216,26.064776,80.86997,67.8661
229301,26.462952,81.111504,314.039
229302,26.250067,81.413877,144.0161
229303,26.339333,81.152199,218.1648
229304,26.281852,81.525021,156.9312
229305,26.414268,81.303056,180.3781
229306,26.33563,81.314121,202.0156
229307,26.180251,81.536776,199.6867
229308,26.540556,81.239454,162.2713
229309,26.387821,81.478758,317.4044
229310,26.147506,81.377036,116.3242
229311,26.538494,81.130726,78.0457
229316,26.278453,81.258996,75.2697
229401,25.9815,81.333158,76.6582
229402,26.041326,81.260745,233.1358
229404,25.907859,81.320097,284.8775
229405,26.162432,81.248509,97.8052
229406,25.855184,81.34947,13.728
229408,25.80772,81.370828,39.974
229410,25.932935,81.528734,79.795
229411,25.57883,81.679238,104.4247
229412,25.547269,81.761535,175.065
229413,25.647737,81.648096,103.9101
229801,26.52163,81.488071,77.3758
229802,26.524027,81.365195,108.8718
230001,25.903368,81.987589,52.4345
230002,25.899525,81.940261,14.6268
230121,25.990732,82.365914,81.9421
230124,25.92892,82.300259,134.8849
230125,26.104367,81.617173,146.1644
230126,25.904776,81.726696,25.4089
230127,25.871113,82.040085,68.9728
230128,25.807438,81.701907,133.5729
230129,25.723775,81.690081,197.5848
230130,25.887627,81.824142,166.8389
230131,25.861751,81.932096,69.8829
230132,25.916516,81.646765,290.0575
230133,25.841687,82.214525,9.1135
230134,25.882483,82.150246,102.5507
230135,25.942155,82.211715,227.2492
230136,25.942149,81.759207,93.2753
230137,25.974144,81.87029,33.9771
230138,26.000769,82.273656,63.9396
230139,26.032373,81.650473,192.086
230141,25.867625,81.457911,159.1487
230142,25.920071,82.077338,104.7544
230143,25.848135,81.553262,71.8675
230144,25.908842,81.897721,27.8138
230201,25.635456,81.556304,128.9744
230202,25.763093,81.434318,178.3364
230204,25.748523,81.545128,316.5483
230301,25.732217,82.09814,117.757
230302,25.816445,82.136807,54.1017
230304,25.783376,82.013295,219.4903
230306,25.710553,82.143787,79.1007
230401,26.030159,82.022883,148.4398
230402,25.788975,81.860938,230.3364
230403,25.957905,82.015995,31.1371
230404,25.783262,81.925044,8.8564
230405,26.011536,82.128021,105.2299
230501,26.045459,81.910001,42.5231
230502,25.971858,81.941289,121.6002
230503,26.00886,81.808769,134.9399
231001,25.14797,82.565571,37.712
231205,24.535667,83.019454,304.7847
231206,24.556793,83.20585,362.9238
231207,24.38354,83.139307,382.6319
231208,24.10743,83.080263,998.3887
231209,24.606985,83.084281,44.8406
231210,24.79589,82.669626,885.818
231211,24.84406,82.347149,1593.8236
231212,24.077272,83.214427,367.9554
231213,24.633841,83.372796,915.6853
231215,24.619507,82.855393,911.823
231216,24.723676,83.050702,566.8367
231217,24.253857,83.002888,172.35
231218,24.169155,82.798473,12.5873
231219,24.399551,82.945002,517.2727
231220,24.150003,82.767407,24.3489
231221,24.190736,82.985421,23.5692
231222,24.119978,82.730576,72.1605
231223,24.045113,82.9106,855.0082
231224,24.180778,82.760364,12.5481
231225,24.26346,82.841445,409.3355
231226,24.340492,83.33005,696.2506
231301,24.957602,83.011395,420.7015
231302,25.119269,83.078102,204.0895
231303,25.151876,82.394637,255.211
231304,25.005301,82.797513,1224.2091
231305,25.171384,83.01635,184.9388
231306,25.153488,82.790979,96.3125
231307,25.1363,82.650251,338.95
231309,24.900317,82.518696,376.6928
231311,25.05815,82.913225,39.1561
231312,25.20492,82.53698,145.8117
231313,25.212269,82.298467,112.5866
231314,25.230467,82.799273,19.2323
231501,25.221483,82.71459,128.316
232101,25.249518,83.12934,150.9818
232102,25.159088,83.215717,84.2748
232103,25.047624,83.211197,391.9182
232104,25.226711,83.27127,236.8528
232105,25.448498,83.361999,133.3711
232106,25.346389,83.441842,371.7153
232107,25.483551,83.25751,49.498
232108,25.340374,83.311576,148.6442
232109,25.395194,83.234435,139.7458
232110,25.243777,83.371018,88.1956
232111,24.86483,83.224911,966.9029
232118,25.100176,83.313629,109.5623
232120,25.304521,83.192434,87.82
232325,25.496514,83.8517,20.5431
232326,25.410205,83.65557,112.9287
232327,25.479784,83.808356,69.013
232328,25.553755,83.717569,79.2404
232329,25.433762,83.609056,68.6272
232330,25.418295,83.710663,35.5422
232331,25.356361,83.574555,86.8043
232332,25.561751,83.634522,69.152
232333,25.459735,83.709956,105.6241
232336,25.512384,83.610656,78.6338
232339,25.484017,83.759916,38.293
232340,25.477046,83.558964,78.6079
233001,25.560537,83.560205,25.0763
233002,25.597638,83.564808,213.4038
233221,25.600391,83.127314,114.0827
233222,25.744889,83.720528,167.7235
233223,25.535726,83.121617,79.3294
233224,25.4847,83.461346,53.3336
233225,25.725017,83.868566,113.1802
233226,25.80742,83.56387,273.231
233227,25.59748,83.776955,198.6173
233228,25.712925,83.931549,53.5966
233229,25.734322,83.80241,71.1648
233230,25.779282,83.683291,73.4535
233231,25.572287,83.884009,123.7622
233232,25.435689,83.511837,70.2773
233233,25.648598,83.87017,79.011
233300,25.726358,83.529395,133.5307
233301,25.673844,83.759205,71.6767
233302,25.538629,83.424249,142.0214
233303,25.683627,83.649853,43.5062
233304,25.573689,83.258681,180.8717
233305,25.660121,83.544207,123.1316
233306,25.536775,83.339051,107.9651
233307,25.634693,83.191511,74.1539
233310,25.676182,83.449777,67.6458
233311,25.606891,83.41628,54.9542
241001,27.347095,80.190967,1475.4394
241121,27.313533,80.2801,167.8874
241122,27.204425,80.295561,100.1651
241123,27.520726,79.791143,692.1139
241124,27.637727,80.022831,891.6853
241125,27.499912,80.051171,132.3306
241126,27.156659,80.354142,218.5917
241127,27.101984,80.435141,24.1944
241201,26.98451,80.407032,202.564
241202,27.174156,80.671716,497.3733
241203,27.145783,80.540646,258.382
241204,27.071379,80.496633,242.5402
241301,27.119958,80.048361,200.4273
241302,27.10776,80.206031,133.2456
241303,27.024071,80.132363,408.4987
241304,27.268727,80.446765,173.6942
241305,27.0517,80.339378,125.1834
241401,27.472059,79.926894,98.7527
241402,27.271662,79.835373,608.4965
241403,27.249287,79.99255,333.0648
241404,27.558752,80.275702,181.1032
241405,27.504838,80.176483,113.0062
241406,27.581512,80.172129,123.706
241407,27.69493,80.242707,184.9125
242001,27.921542,79.940232,540.1224
242021,28.292831,78.407405,18.5012
242042,28.271528,80.074476,578.4324
242123,28.37199,80.292912,236.8558
242127,27.733086,79.438068,458.202
242220,27.566963,79.685556,160.591
242221,27.718754,79.593397,545.8461
242223,27.771694,79.806185,226.1913
242226,27.865665,79.851933,71.5063
242301,27.856165,79.677304,420.103
242303,27.964843,79.547394,372.9448
242305,28.119092,79.698163,376.6258
242306,27.82989,80.009172,165.1363
242307,27.957412,79.742173,290.139
242401,28.075849,80.085729,664.6129
242405,28.225146,80.237862,361.8853
242406,27.73387,79.887794,151.1306
242407,28.088883,79.84193,376.9917
243001,28.345402,79.359453,130.5646
243002,28.410028,79.443164,19.1194
243003,28.367383,79.407036,9.0593
243004,28.255901,79.419448,158.9915
243005,28.370388,79.438444,14.0867
243006,28.357358,79.467807,45.4076
243122,28.411977,79.508745,65.2671
243123,28.347611,79.540929,173.9503
243126,28.3186,79.613715,19.6354
243201,28.754406,79.499605,771.1155
243202,28.512391,79.449991,253.6482
243203,28.644641,79.503882,173.5101
243301,28.253071,79.169484,246.8851
243302,28.334679,79.244171,267.112
243303,28.40443,79.104356,288.2175
243401,28.224738,79.311597,95.6812
243402,28.200908,79.366111,71.0003
243403,28.209269,79.256854,29.2714
243407,28.526776,79.546139,217.5641
243501,28.44605,79.299555,153.6584
243502,28.417645,79.379671,105.7107
243503,28.228397,79.565306,490.9146
243504,28.503118,79.213248,182.3564
243505,28.60071,79.320461,358.1181
243506,28.104547,79.562234,148.7848
243601,27.973338,79.147127,765.3274
243630,28.109994,79.408746,219.4324
243631,27.882634,79.306219,149.9143
243632,28.403202,78.886951,280.708
243633,28.129428,78.911905,623.6711
243634,28.131743,79.224394,252.3313
243635,27.971438,79.392881,510.542
243636,27.935456,78.897526,226.6398
243637,27.856347,79.199684,113.014
243638,28.097091,78.704767,761.1529
243639,27.994573,79.020726,171.1905
243641,27.76689,79.279771,353.3089
243720,28.318254,78.963876,144.4438
243722,28.213087,78.527402,472.9473
243723,28.30882,78.72572,313.4737
243724,28.261164,78.813352,219.7935
243725,28.278605,79.028768,207.9229
243726,28.16936,79.066002,223.0579
243727,28.415137,78.353033,109.3884
243751,28.339512,78.43253,447.6157
244001,28.839603,78.766341,210.2859
244102,28.799472,78.663601,138.27
244103,28.817211,78.741166,14.1417
244104,28.800738,78.886405,344.9878
244105,28.922411,78.716853,70.2982
244221,28.901854,78.544663,298.5703
244222,28.808146,78.512108,207.9004
244223,28.807436,78.240615,38.5559
244225,28.937332,78.152445,216.7501
244231,28.989893,78.257603,433.618
244235,28.798745,78.165321,385.9437
244236,28.83043,78.374386,65.4268
244241,28.694822,78.28276,424.4702
244242,28.652931,78.393956,200.0713
244245,28.87153,78.475793,32.9251
244251,28.972211,78.401262,86.0745
244255,28.523311,78.328665,369.554
244301,28.686229,78.63258,380.4748
244302,28.542127,78.636425,356.9003
244303,28.522299,78.509101,152.2085
244304,28.706755,78.483509,212.3201
244401,29.061811,78.765094,335.1035
244402,29.010234,78.868308,336.3516
244410,28.397105,78.57633,241.2961
244411,28.566786,78.821833,403.9972
244412,28.468814,78.773805,188.9891
244413,28.71362,78.768114,184.1504
244414,28.455246,78.665599,217.1162
244415,28.620231,78.730821,55.4736
244501,29.027094,78.588628,537.1727
244504,28.922516,78.648705,129.8923
244601,29.177101,78.81616,312.7596
244602,29.243747,78.746673,89.7782
244701,28.66222,79.156984,646.0281
244712,29.319783,78.860412,284.5177
244713,29.227186,78.97207,330.9477
244715,29.429932,79.084313,1036.7018
244716,29.28034,79.054981,30.2813
244717,29.294752,78.774529,2.4778
244901,28.786128,79.044886,373.0057
244921,28.83768,79.263822,506.6888
244922,28.580629,78.970466,527.2423
244923,28.888518,79.357443,165.4877
244924,29.010406,79.112161,541.0215
244925,29.015482,78.972556,273.0491
244926,28.504741,79.067835,99.4311
244927,28.882929,78.990577,221.8789
244928,28.803672,79.179415,7.8861
245101,28.681289,77.782423,338.7635
245201,28.751187,77.894702,246.2065
245205,28.795527,78.068214,231.879
245206,28.834099,77.761426,264.9086
245207,28.775584,77.987485,183.8628
245208,28.68492,78.129454,126.8046
245301,28.630344,77.661401,146.0709
245304,28.699704,77.678213,97.2077
246001,30.153201,78.792317,118.3583
246113,30.037536,78.739466,57.762
246121,29.938411,78.427734,272.4379
246123,30.122434,78.953029,257.6362
246124,29.884807,78.644568,20.4205
246125,30.220637,78.722388,28.4414
246127,29.800927,78.587047,159.4191
246128,29.935871,78.635087,129.4299
246129,29.853457,78.825543,71.5576
246130,30.111109,79.083826,221.755
246131,29.933651,78.808466,40.0937
246141,30.505314,78.935096,324.5419
246142,29.554489,78.752953,549.0812
246144,29.851371,78.4661,424.3666
246146,30.060326,78.671349,91.8655
246147,30.189104,78.85732,92.1181
246148,30.132751,78.697797,39.7499
246149,29.707981,78.571358,307.7414
246155,29.757213,78.737573,424.4501
246159,30.110323,78.729579,62.7555
246161,29.609951,78.99016,213.3242
246162,30.005757,78.912101,168.2394
246163,29.986803,78.748719,43.19
246164,30.108049,78.893151,101.9566
246165,30.072025,78.806845,30.0782
246166,30.096915,78.780023,34.4074
246167,29.953304,78.774025,20.3039
246169,29.921608,78.893679,187.5557
246171,30.270222,78.989033,357.9227
246172,29.900964,78.776666,123.994
246173,30.016989,78.554438,200.9123
246174,30.226928,78.843705,56.4262
246175,29.988235,78.688019,73.9358
246176,30.031487,78.810906,63.1551
246177,29.85985,78.980672,48.7813
246178,30.222398,78.817806,5.1419
246179,29.685423,78.86755,605.373
246193,29.871054,78.696124,52.8215
246194,30.178908,78.671417,79.7448
246275,29.935086,79.059068,225.2251
246276,29.816096,79.038678,180.1703
246277,29.731054,79.028445,212.2505
246278,29.889124,79.047756,30.0314
246279,29.678231,79.077714,50.6548
246285,30.009781,79.111524,328.8297
246401,30.490529,79.293363,331.0397
246419,30.473728,79.092034,138.4097
246421,30.391474,79.056153,20.8128
246422,30.856351,79.437239,1557.7813
246424,30.36441,79.700992,1411.6956
246425,30.418002,79.099409,131.9641
246426,30.460506,79.376898,66.361
246427,30.129764,79.680857,857.0631
246428,30.034996,79.305211,269.5024
246429,30.273982,79.147254,120.8658
246431,29.966186,79.304071,91.1687
246435,30.245959,79.51249,311.4344
246439,30.630666,79.182895,561.956
246440,30.143332,79.208662,175.3835
246441,30.024724,79.570943,14.0167
246442,30.349861,79.078991,74.3142
246443,30.677596,79.747045,3641.4547
246444,30.177169,79.28844,27.2123
246445,30.750697,79.092405,129.6902
246446,30.296813,79.261268,75.7581
246448,30.349783,78.999077,14.7449
246449,30.287859,79.36328,228.6476
246453,30.198994,79.358177,77.1627
246455,30.114748,79.359011,245.4583
246469,30.549149,79.193053,197.7363
246471,30.654442,79.008771,400.4554
246472,30.466952,79.452084,229.9606
246473,30.376667,79.202205,213.5465
246474,30.230172,79.242712,80.6018
246475,30.379922,78.946475,142.6924
246481,30.115025,79.484742,191.3138
246482,30.048252,79.517451,21.0249
246483,30.45158,79.608119,44.7231
246486,29.992612,79.451328,107.8828
246487,30.21461,79.170681,90.558
246488,30.218259,79.298766,24.7362
246495,30.329849,79.059342,23.7039
246701,29.35603,78.163373,388.6626
246721,29.501676,78.102626,356.1612
246722,29.430256,78.733176,576.8919
246723,29.58318,78.101991,68.372
246724,29.55545,78.53927,205.5202
246725,29.146736,78.237787,449.7128
246726,29.280809,78.296747,191.3556
246727,29.108084,78.486074,132.2208
246728,29.314927,78.226127,52.9948
246729,29.200244,78.328499,93.1745
246731,29.481349,78.274096,273.3711
246732,29.631453,78.204991,179.6652
246733,29.30359,78.395497,251.9841
246734,29.105975,78.403162,172.3679
246735,29.193845,78.476618,59.6445
246736,29.073075,78.234959,86.8401
246737,29.174852,78.403661,5.4048
246745,29.139087,78.604469,121.3244
246746,29.201733,78.589382,176.1545
246747,29.314586,78.643972,276.3592
246749,29.701234,78.33838,295.5965
246761,29.302197,78.5189,273.7173
246762,29.444419,78.480443,427.3211
246763,29.609898,78.400212,509.8439
246764,29.396439,78.313187,83.2114
247001,29.962522,77.451029,439.0123
247002,29.983842,77.498224,21.5163
247120,30.077685,77.647463,226.7477
247121,30.253142,77.635018,705.7363
247122,29.950749,77.60448,45.8347
247129,30.184286,77.76557,270.4006
247231,30.103876,77.49175,204.4374
247232,30.015815,77.393572,300.8307
247340,29.87825,77.36473,97.966
247341,29.76564,77.234619,382.4986
247342,29.920055,77.278282,251.6635
247343,29.686996,77.326758,79.9332
247451,29.810306,77.459005,443.631
247452,29.711016,77.403207,170.3217
247453,29.683205,77.533821,161.0963
247551,29.836133,77.651911,213.3449
247554,29.69885,77.683794,561.2699
247656,29.76981,77.908319,130.2125
247661,30.056031,77.880432,655.2012
247662,30.137448,77.821222,306.0801
247663,29.713256,78.036082,431.6568
247664,29.806521,77.949538,42.4401
247665,29.783696,77.806876,129.8492
247666,29.825173,77.911249,13.2928
247667,29.903972,77.915274,314.2852
247668,29.863339,77.771998,84.1988
247669,29.963491,77.691741,93.604
247670,29.712333,77.859265,108.1668
247671,29.671351,78.117863,189.4798
247771,29.267322,77.340676,74.9185
247772,29.60329,77.517101,153.9132
247773,29.571211,77.160726,232.5673
247774,29.41218,77.206008,283.8038
247775,29.325323,77.292712,262.9749
247776,29.464043,77.361171,509.1059
247777,29.586247,77.416699,152.9983
247778,29.604413,77.251584,291.7539
248001,30.317344,78.042744,71.526
248002,30.266125,78.003786,22.1827
248003,30.371747,78.038107,46.9738
248005,30.277492,78.06907,15.1403
248006,30.338528,77.994637,12.6842
248007,30.332834,77.941246,104.9726
248008,30.29262,78.136844,155.2336
248009,30.400197,78.086272,32.9451
248011,30.361632,77.859588,14.5114
248012,30.277402,78.054779,4.7521
248013,30.37512,78.118685,27.7926
248014,30.284054,78.085902,8.3331
248015,30.400574,77.935318,114.8959
248016,30.203373,78.178188,65.9948
248121,30.286607,78.047218,2.8145
248122,30.434698,78.085218,9.154
248123,30.753415,77.867046,456.2245
248124,30.726979,78.015001,211.7231
248125,30.488522,77.881726,104.382
248140,30.19044,78.061898,326.5978
248141,30.389329,77.999346,29.0382
248142,30.417275,77.700948,151.698
248143,30.255586,78.245707,95.5084
248145,30.14624,78.20586,110.6661
248146,30.30519,77.995936,1.4036
248158,30.562855,77.931073,205.0546
248159,30.573065,77.855329,27.2878
248165,30.601462,77.806147,91.5886
248171,30.295185,77.977562,12.2075
248179,30.437171,78.106144,202.339
248195,30.344026,78.017638,1.1041
248196,30.645699,77.909549,191.5476
248197,30.365244,77.835764,345.9489
248198,30.463138,77.792907,66.6409
248199,30.88652,77.862433,505.8551
249001,30.384169,78.450765,25.2202
249121,30.305126,78.596569,54.0733
249122,30.238696,78.611296,169.6045
249123,30.31057,78.529559,88.9349
249124,30.370273,78.468327,9.3335
249125,30.59448,78.657583,538.0354
249126,30.266001,78.684534,20.3766
249127,30.426206,78.512426,96.4824
249128,31.107056,78.153041,1827.7045
249130,30.410488,78.43823,19.0944
249131,30.43448,78.400413,58.2366
249132,30.484389,78.333269,184.0212
249135,31.045691,78.955162,4783.8765
249136,30.913978,78.986834,473.2489
249137,30.122786,78.302327,3.5724
249141,30.913837,78.343207,849.2723
249145,30.358594,78.279339,382.408
249146,30.254189,78.486977,114.8532
249151,30.666623,78.394959,181.3063
249152,30.670761,78.246269,330.7639
249155,30.603439,78.834121,1227.6687
249161,30.306849,78.767278,440.7161
249165,30.562757,78.500765,419.8469
249171,30.706255,78.129467,295.4257
249175,30.226241,78.341388,329.7561
249180,30.51447,78.158392,508.0329
249181,30.398251,78.591389,217.2128
249185,30.984831,78.276206,1012.6876
249186,30.588841,78.097369,152.2024
249192,30.143386,78.489016,408.5994
249193,30.792268,78.450194,598.929
249194,30.736105,78.599231,132.156
249195,30.735396,78.41052,61.9495
249196,30.566146,78.370904,164.4522
249199,30.326567,78.433661,82.133
249201,30.105462,78.265473,46.4816
249202,30.071276,78.275177,9.4862
249203,30.064078,78.249382,1.1186
249204,30.069718,78.223345,47.2871
249205,30.043267,78.152924,240.0877
249301,30.114708,78.62363,66.0962
249302,30.139554,78.324919,11.8745
249304,30.056687,78.378061,313.2518
249306,29.953956,78.288189,223.9962
249401,29.943597,78.13918,46.0458
249402,29.979449,78.029514,366.9183
249403,29.975332,78.105172,48.2449
249404,29.823499,78.20847,567.4101
249405,29.896371,78.001369,22.4445
249407,29.927378,78.102674,9.1495
249408,29.90366,78.141191,30.1452
249410,29.980081,78.17911,2.6132
249411,29.985292,78.194297,4.4684
250001,29.011323,77.765476,294.2295
250002,28.956994,77.674448,86.2515
250003,28.982829,77.71614,2.5528
250004,28.924679,77.788581,144.931
250005,28.978205,77.640386,0.9325
250101,28.85339,77.306848,249.729
250103,28.914818,77.660008,38.0234
250104,28.901115,78.000821,219.6008
250106,28.906713,77.885771,48.7645
250110,29.079289,77.747219,43.7046
250205,28.907309,77.597909,61.5967
250221,29.13261,77.711667,96.116
250222,29.123446,77.785298,47.4647
250223,29.188833,77.714835,93.086
250341,29.079758,77.626992,132.374
250342,29.187334,77.594082,220.9859
250344,29.127553,77.498072,137.9492
250345,29.094868,77.389987,140.8084
250401,29.108649,77.899423,385.7325
250402,29.04534,77.920344,39.0487
250404,29.164975,78.038283,452.8029
250406,28.985678,77.982067,277.0357
250501,28.951603,77.53588,160.8436
250502,29.04017,77.533486,191.8094
250601,28.993794,77.302419,131.4635
250606,29.011436,77.402188,127.8125
250609,28.937206,77.242052,45.2327
250611,29.092646,77.245516,183.1386
250615,28.91998,77.365547,133.2447
250617,29.207617,77.191902,214.2015
250619,29.021623,77.225478,74.5231
250620,29.150566,77.327052,42.3151
250621,29.143928,77.261273,34.245
250622,29.188314,77.402084,137.0373
250623,29.20941,77.276349,98.1437
250625,29.228593,77.348937,44.4371
250626,28.945415,77.446249,73.3041
251001,29.461908,77.707053,306.9388
251002,29.475521,77.688089,14.3447
251003,29.413275,77.688819,31.2756
251201,29.267029,77.765158,373.8905
251202,29.554206,77.688446,15.6739
251203,29.366416,77.726344,147.7131
251301,29.494497,77.532118,127.9008
251305,29.4914,77.465304,102.0582
251306,29.477356,77.607488,44.5729
251307,29.597668,77.782699,198.5621
251308,29.479457,77.871339,207.7291
251309,29.278358,77.497004,300.5437
251310,29.573017,77.862856,118.4066
251311,29.549643,77.623973,125.3376
251314,29.33556,77.871793,236.1927
251315,29.293416,77.961438,147.8893
251316,29.450281,77.967976,290.8802
251318,29.352954,77.586619,224.1981
251319,29.407095,77.504403,65.07
251320,29.307283,78.055916,175.3315
251327,29.641055,77.933158,146.8535
261001,27.604869,80.617065,471.0551
261121,27.732576,80.723034,391.3323
261125,27.564229,80.731857,180.0099
261131,27.53971,80.80321,69.2708
261135,27.739097,80.908111,477.6167
261136,27.729707,81.01282,255.783
261141,27.683142,80.488316,392.7387
261145,27.482644,80.880663,234.475
261151,27.601374,80.374085,299.8211
261201,27.48577,81.049324,466.9275
261202,27.582333,81.093356,221.9187
261203,27.306065,81.140792,280.7654
261204,27.37297,81.305082,364.6623
261205,27.557318,81.237234,501.888
261206,27.370616,81.027528,221.0944
261207,27.606803,80.858718,201.8094
261208,27.727165,81.14581,329.7748
261301,27.277746,80.949749,254.5923
261302,27.377337,80.822335,326.5517
261303,27.229382,80.826947,367.7793
261401,27.484838,80.474464,294.1152
261402,27.372396,80.499823,96.4407
261403,27.312178,80.62292,353.2177
261404,27.459127,80.605818,130.0647
261405,27.41481,80.679216,193.1379
261501,27.909091,80.606986,329.8044
261502,27.841417,81.231304,441.6011
261505,27.810691,80.213879,606.6868
261506,28.070115,80.801304,434.3572
262001,28.661678,79.788267,1065.7973
262121,28.780636,79.68914,165.6728
262122,28.534007,80.174841,1526.9408
262124,28.686509,80.06129,522.0841
262201,28.324436,79.84232,824.4765
262202,28.185959,79.917511,144.6826
262203,28.456745,79.814659,279.8092
262302,28.831571,79.890938,66.9148
262305,28.710485,79.918642,128.952
262308,28.897679,79.965541,838.8677
262309,29.088615,80.075555,184.5764
262310,29.002545,80.088883,63.8728
262311,28.964892,79.810484,110.4922
262401,29.193071,79.14921,383.741
262402,29.076666,79.538313,62.0346
262405,28.940187,79.688095,352.1944
262406,28.476743,79.649404,424.6365
262501,29.627193,80.175199,93.5807
262502,29.576446,80.190593,27.3848
262520,29.53495,80.245836,72.6868
262521,29.553792,80.319039,112.8348
262522,29.628784,80.050115,314.6779
262523,29.230517,80.138718,825.4479
262524,29.386138,80.165699,305.0673
262525,29.459719,80.126657,73.1567
262526,29.596385,80.383395,22.0386
262527,29.471482,80.041379,110.7403
262528,29.290192,79.945512,575.4892
262529,29.494593,80.191891,151.3098
262530,29.563047,80.155999,66.8351
262531,29.818902,80.063443,136.7137
262532,29.73934,79.917478,132.4602
262533,29.876878,80.081771,46.156
262534,29.732084,80.048419,136.2303
262540,29.627217,80.304371,158.2303
262541,29.687006,80.30013,114.8113
262542,29.689103,80.185527,86.896
262543,29.730354,80.318395,60.3613
262544,29.877844,80.381083,272.6143
262545,30.270319,80.506409,2023.3193
262546,30.256391,80.838356,617.4821
262547,30.123806,80.703481,657.9934
262550,29.769981,80.291058,44.8526
262551,29.810933,80.249409,267.2257
262552,29.836503,80.142794,97.631
262553,30.023554,80.149309,378.5688
262554,30.307474,80.227006,2837.5917
262555,29.946041,80.260153,233.8517
262561,29.603382,80.174216,8.1017
262572,29.749715,80.151649,48.2002
262576,29.839962,80.452879,143.7677
262580,29.421746,79.909113,193.0632
262701,28.128494,80.528399,790.3004
262702,27.880519,80.814854,99.9775
262721,27.856434,80.878682,94.4749
262722,27.88104,81.092636,287.13
262723,28.004147,81.085011,296.4049
262724,28.122379,81.032134,465.7038
262725,27.851159,80.737016,114.1013
262726,28.008035,80.939994,105.914
262727,27.824441,80.473234,413.8424
262728,27.927348,80.940975,189.2073
262801,28.158351,80.413032,313.3615
262802,27.985155,80.398433,497.4514
262803,28.276572,80.373997,145.6106
262804,27.983139,80.234436,568.2607
262805,27.923305,80.485795,80.6599
262901,28.225561,80.608931,630.1091
262902,28.451226,80.526933,902.2527
262903,28.326283,80.809843,1012.8896
262904,28.592793,80.398441,157.7043
262905,28.202971,80.91294,30.8031
262906,28.376371,80.976866,227.4804
262907,28.236129,81.008864,233.1992
262908,28.537606,80.676635,462.1877
263001,29.370421,79.401378,156.2192
263126,29.250547,79.48893,168.3125
263127,29.358297,79.490095,84.0023
263128,29.313027,79.431641,48.9
263132,29.405967,79.698698,331.648
263134,29.539421,79.333865,219.3004
263135,29.486012,79.49528,195.0717
263136,29.324543,79.628984,243.9861
263137,29.423503,79.550445,22.3293
263138,29.507393,79.645646,77.9502
263139,29.136574,79.611075,1522.8561
263140,29.294252,79.259859,356.9888
263141,29.227063,79.529218,23.0082
263142,29.119076,79.519673,36.2558
263145,28.979981,79.458623,18.917
263148,28.90326,79.509928,291.2843
263149,29.011283,79.506212,257.6974
263150,29.093372,79.183194,11.9597
263151,29.023171,79.64797,62.524
263152,29.082643,79.245242,248.4819
263153,28.982001,79.367313,89.6157
263156,29.383412,79.550384,3.4318
263157,29.252343,79.792565,413.7995
263158,29.469316,79.581748,78.4458
263159,29.439656,79.328176,277.9905
263160,29.028426,79.317671,129.0214
263601,29.61513,79.680174,263.6878
263619,29.820145,79.851364,81.1238
263620,29.852782,79.597528,3.7662
263621,29.754816,79.482404,70.529
263622,29.556276,79.9615,253.1841
263623,29.595575,79.86611,238.7371
263624,29.676133,79.813618,200.0186
263625,29.503124,79.747427,197.8542
263626,29.498645,79.832101,111.1509
263628,29.744102,79.772976,98.9716
263629,29.796988,79.55926,110.9213
263630,29.796166,79.743408,68.0711
263631,29.796661,79.948326,96.2764
263632,30.10903,79.865327,619.6925
263633,30.038293,80.063599,364.6714
263634,29.875311,79.913935,68.3864
263635,29.970997,79.589073,252.4335
263636,29.672616,79.634946,34.5937
263637,29.806083,79.63359,108.3807
263638,29.734144,79.662389,114.7489
263639,29.860818,79.592723,30.6472
263640,29.850919,79.976588,100.0096
263641,29.88778,79.629621,219.441
263642,29.912809,79.777142,364.2256
263643,29.61903,79.569193,81.4099
263645,29.643506,79.464861,221.0954
263646,29.578657,79.181546,222.9704
263651,29.604235,79.450559,17.0263
263652,29.716585,79.525196,79.8708
263653,29.827481,79.428956,401.9791
263655,29.685086,79.582109,65.5682
263656,29.890409,79.347281,196.2592
263658,29.786787,79.27793,89.924
263659,29.91856,79.229937,103.3702
263660,29.779414,79.324602,39.7629
263661,29.851874,79.180532,203.7255
263663,29.599075,79.397978,107.1134
263664,29.672942,79.354166,57.5923
263665,29.775641,79.203471,67.1778
263667,29.701357,79.262443,118.2156
263676,29.695331,79.152776,227.5281
263678,29.543141,79.519197,82.3878
263679,30.120644,79.983367,622.6147
263680,29.641178,79.27166,109.2291
271001,27.074411,81.929519,44.1893
271002,27.169601,82.004154,109.5398
271003,27.15033,81.93314,128.7257
271122,27.26503,81.898133,221.1804
271123,27.044868,81.997019,152.8831
271124,26.986354,82.114251,100.8504
271125,27.125077,81.86241,119.5767
271126,27.124103,81.78571,95.1481
271129,26.928084,82.135889,79.7533
271201,27.420774,82.19156,438.0601
271202,27.273751,82.040656,176.1273
271203,27.630751,82.535977,207.3797
271204,27.374058,81.980059,165.0497
271205,27.546214,82.258332,264.6873
271206,27.608402,82.67425,386.6264
271207,27.69772,82.231622,609.7946
271208,27.575223,82.392052,427.9282
271209,27.359306,82.0734,105.7279
271210,27.508192,82.501995,275.1818
271215,27.44296,82.592191,406.5632
271301,27.105564,82.130224,156.4484
271302,27.080012,82.234372,223.8745
271303,26.850591,82.113436,107.3227
271304,26.876516,82.144571,2.6831
271305,27.000981,82.347942,247.2953
271306,27.188895,82.286249,119.8827
271307,27.125711,82.37204,195.9907
271308,27.067273,82.240071,3.3074
271309,26.879541,82.041995,120.9007
271310,27.025801,82.086318,48.5483
271311,27.069203,81.617456,226.8426
271312,27.068916,82.4838,255.5273
271313,26.969316,82.493209,141.7013
271319,26.922331,82.212322,210.1666
271401,26.977143,81.89386,189.8869
271402,26.908713,81.811756,271.4971
271403,26.887476,81.975935,260.2989
271502,27.130635,81.694439,144.5869
271503,27.236027,81.756073,283.7374
271504,27.021925,81.778234,232.0288
271601,27.169525,82.069852,104.9959
271602,27.204791,82.146457,175.3633
271603,27.271681,82.196549,173.6313
271604,27.265838,82.423201,436.5923
271607,27.385281,82.327613,176.4952
271609,27.300353,82.301384,116.155
271801,27.531385,81.690275,134.2254
271802,27.616173,81.623093,292.4952
271803,27.858265,81.728459,249.4209
271804,27.673989,81.775854,198.492
271805,27.478828,82.020749,144.4309
271806,27.457047,81.736553,91.5095
271821,27.357332,81.847841,221.7619
271824,27.557238,81.38358,239.49
271825,27.548271,81.493883,267.0801
271830,27.86928,81.403858,372.2596
271831,27.730177,81.892905,837.1311
271835,27.5745,81.795768,237.7094
271840,27.822958,82.04888,603.3666
271841,28.306166,81.1317,368.8962
271845,27.538841,81.943694,266.6406
271851,27.70396,81.369818,341.5197
271855,28.096845,81.305285,1040.5227
271861,27.559353,82.105629,225.2357
271865,27.969043,81.435603,191.9782
271870,27.467454,81.636864,108.6002
271871,27.442811,81.819675,236.134
271872,27.33708,81.675302,248.8783
271875,27.712581,81.581065,280.1065
271881,27.947973,81.613087,391.3901
271882,27.796004,81.516321,337.1583
271901,27.152865,81.575194,137.1232
271902,27.404959,81.491866,501.5841
271903,27.26305,81.546156,342.8868
271904,27.14634,81.495829,114.4065
272001,26.800956,82.745777,15.7526
272002,26.843026,82.770249,319.7835
272123,26.688034,82.932699,25.635
272124,26.709749,82.781794,180.1028
272125,26.906811,83.016039,221.2185
272126,26.901331,82.911649,216.4246
272127,26.743668,82.371133,171.4786
272128,26.698599,82.446157,111.2502
272129,26.812416,82.290234,196.7715
272130,26.904821,82.335323,196.731
272131,26.702513,82.569541,330.9014
272148,27.00447,82.88453,63.4524
272150,26.966367,82.791199,61.8059
272151,27.033774,82.820181,125.9801
272152,27.078381,82.971241,140.1816
272153,27.174691,82.87962,646.3914
272154,27.09099,83.084205,185.8625
272155,26.797917,82.485484,159.0057
272161,26.921095,82.525698,29.3486
272162,26.562064,82.949031,232.0981
272163,26.89136,82.611953,283.8263
272164,26.680797,83.037135,130.6793
272165,26.509155,83.086093,230.0341
272171,26.668543,82.852867,58.9901
272172,26.631648,82.974738,93.0702
272173,26.736585,83.105277,39.2913
272175,26.780222,83.036172,235.4924
272176,26.605875,83.090572,88.4532
272177,26.626302,82.863652,86.4688
272178,26.773132,82.899263,196.4302
272181,26.870237,82.470197,169.858
272182,26.863194,82.719269,33.3269
272189,27.192766,82.636584,348.3139
272190,26.936939,82.695652,128.9813
272191,27.125241,82.686793,67.5511
272192,27.340883,82.715017,575.3294
272193,27.283642,82.575684,225.2369
272194,27.038456,82.685881,231.1839
272195,27.095415,82.593864,143.7083
272199,26.90539,83.096355,141.4574
272201,27.44985,82.841071,284.9023
272202,27.406987,83.123344,202.9996
272203,27.309239,83.1062,54.2798
272204,27.326892,82.991425,161.027
272205,27.389466,82.95555,226.4096
272206,27.330918,83.205015,233.3365
272207,27.266481,83.04919,153.8366
272208,27.204752,83.117603,177.0787
272270,27.007244,83.007324,93.8203
272271,26.967503,83.148277,212.2229
272301,26.615301,82.721361,211.5519
272302,26.722833,82.684917,136.0538
273001,26.748516,83.369725,7.5842
273002,26.749656,83.524345,112.2219
273003,26.792471,83.390565,0.5461
273004,26.795196,83.377798,16.7057
273005,26.751144,83.348575,9.552
273006,26.7694,83.389028,1.2468
273007,26.851656,83.321536,149.3333
273008,26.746919,83.425384,6.6371
273009,26.751237,83.393932,4.182
273010,26.722323,83.401787,42.5024
273012,26.762561,83.385948,3.9128
273013,26.84077,83.42427,81.5178
273014,26.781023,83.420277,36.8089
273015,26.782966,83.295997,96.2344
273016,26.668539,83.411081,241.2046
273017,26.770249,83.361984,3.1154
273151,27.017062,83.708817,121.4904
273152,26.818123,83.513686,143.0649
273155,27.108903,83.346839,277.9571
273157,27.202366,83.26742,306.4984
273158,27.032852,83.345851,468.9707
273161,27.13489,83.18133,72.897
273162,27.246915,83.374366,198.9097
273163,27.168898,83.750956,247.0642
273164,27.357371,83.442552,366.7991
273165,26.940846,83.306152,256.0853
273201,26.648213,83.597321,82.52
273202,26.682208,83.540753,128.9246
273203,26.559302,83.571255,111.8719
273207,27.231016,83.658572,225.4202
273209,26.777135,83.176087,328.3269
273211,26.566432,83.190346,90.9057
273212,26.646266,83.222574,264.2284
273213,26.491944,83.219139,93.2897
273301,26.96856,83.614482,101.7284
273302,27.064651,83.620295,233.8569
273303,27.16109,83.534238,366.9552
273304,27.319381,83.785959,308.4464
273305,27.372222,83.59732,532.2098
273306,26.917533,83.470627,212.5747
273308,27.468975,83.491851,10.0693
273309,27.310389,83.345144,26.5936
273310,26.979787,83.476352,26.0631
273311,27.351527,83.719795,2.039
273401,26.6671,83.331978,65.4258
273402,26.295802,83.53392,226.4347
273403,26.554391,83.342661,138.5548
273404,26.436172,83.138119,131.9725
273405,26.586415,83.501504,69.893
273406,26.626311,83.307969,56.9188
273407,26.45328,83.277319,164.0443
273408,26.373233,83.370836,89.0766
273409,26.390638,83.306374,68.1231
273411,26.436815,83.43397,125.8291
273412,26.359284,83.506491,164.6019
273413,26.519276,83.43834,210.9175
274001,26.46655,83.807022,262.7042
274149,26.850907,83.622157,238.4785
274182,26.372162,83.770297,122.3551
274201,26.518294,83.717813,65.162
274202,26.606519,83.697867,286.4515
274203,26.73695,83.739988,140.2963
274204,26.455424,83.627015,238.7734
274205,26.370751,83.640569,67.6714
274206,26.70426,83.81609,137.845
274207,26.734225,83.655109,134.88
274208,26.435033,83.527914,102.524
274301,26.872932,83.717362,193.4209
274302,26.804487,84.155993,279.7028
274303,26.835362,84.047527,124.4623
274304,26.951456,83.962837,520.4416
274305,26.955598,83.837502,310.0193
274306,26.951399,83.764941,131.3279
274401,26.65946,84.051053,302.1219
274402,26.772055,83.933365,291.5939
274403,26.737015,83.888183,58.9537
274404,26.560088,83.956576,170.7189
274405,26.563174,83.801956,130.2347
274406,26.706603,84.237524,131.5512
274407,26.686268,84.164847,115.6573
274408,26.638301,83.894103,174.1767
274409,26.652574,84.315995,191.4296
274501,26.429421,83.873821,59.6333
274502,26.219654,83.987971,68.1391
274505,26.220451,83.922796,71.8914
274506,26.29791,83.992097,64.7902
274508,26.143545,84.000075,79.3301
274509,26.301398,83.915542,129.4266
274601,26.289321,83.743758,81.0609
274602,26.166024,83.903557,74.657
274603,26.307599,83.684488,117.3121
274604,26.261588,83.824478,160.8097
274701,26.386724,83.917996,124.0484
274702,26.329169,84.061535,215.8031
274703,26.313936,84.152467,90.742
274704,26.250026,84.088717,36.0743
274705,26.404627,84.000672,55.0107
274801,27.116325,83.932712,34.9359
274802,27.161241,83.871164,441.4808
274806,26.50652,83.780031,0.5426
274807,26.497391,83.786697,2.4865
274808,26.2884,83.860908,6.7934
275101,25.926759,83.542168,134.1931
275102,25.963285,83.601225,96.4532
275103,25.888825,83.475656,76.6742
275105,26.076694,83.555716,41.0309
275201,25.843572,83.686027,92.9083
275202,25.781452,83.425127,111.9446
275203,25.753049,83.3545,124.8604
275204,25.691268,83.274695,204.7445
275205,25.663875,83.373728,91.2938
275301,26.161359,83.474454,135.1842
275302,26.097101,83.474259,46.3993
275303,26.225125,83.511137,98.0326
275304,26.131091,83.563038,68.3788
275305,26.030467,83.54032,88.3459
275306,26.036619,83.458968,57.2221
275307,26.050592,83.636337,67.3713
276001,26.070525,83.171999,126.2855
276121,26.185481,83.228048,92.8652
276122,26.298449,83.314816,180.2685
276123,25.760316,83.178984,195.1737
276124,26.164455,83.37844,63.9364
276125,26.10801,83.229536,29.3803
276126,25.823326,83.269733,112.7228
276127,26.233255,83.299258,55.4699
276128,25.95904,83.18571,124.1517
276129,25.893019,83.291118,118.1439
276131,25.960578,83.269667,116.3204
276135,26.147368,83.163966,112.3037
276136,26.236745,83.408457,108.651
276137,26.319211,83.152041,237.03
276138,26.135687,83.335761,113.0393
276139,26.27145,83.200763,131.2164
276140,26.187828,83.334922,27.0105
276141,26.202515,83.059947,190.7747
276142,26.272793,82.989793,107.8132
276143,26.23226,82.714651,53.8124
276201,25.745245,82.979458,146.1183
276202,25.815842,83.032189,245.0285
276203,25.685048,83.112709,101.2135
276204,25.867571,83.130238,206.5711
276205,25.949111,83.058433,55.5746
276206,26.07703,83.026297,137.4883
276207,25.991064,83.110336,88.358
276208,26.112942,83.075288,86.6936
276288,26.159061,82.757839,80.8878
276301,25.836055,82.83912,208.8052
276302,25.934911,82.980429,129.904
276303,25.882272,82.91303,126.2199
276304,26.092939,82.886854,112.3588
276305,26.010397,82.919646,185.9112
276306,26.203315,83.590925,105.3708
276402,25.930388,83.397701,361.1934
276403,26.062064,83.343571,24.2592
276404,26.091066,83.295401,59.9963
276405,26.061426,83.396077,78.9464
276406,26.032847,83.266016,93.07
277001,25.776507,84.143265,150.309
277121,25.841772,84.023551,67.2508
277123,25.89616,84.053824,103.867
277124,25.963305,83.993711,72.2305
277201,25.743254,84.438769,56.9056
277202,25.89638,84.231052,80.3693
277203,25.852449,84.179607,136.319
277204,25.725518,84.551276,80.6847
277205,25.786367,84.421047,19.8633
277207,25.98341,84.173146,124.462
277208,25.816354,84.491929,155.2936
277209,25.861642,84.390006,177.9557
277210,25.834374,84.21998,16.9504
277211,25.862577,84.306257,162.537
277213,25.924415,84.14766,49.4645
277214,25.791764,84.571989,80.2386
277216,25.714725,84.475339,27.2896
277219,25.896667,84.261273,21.0765
277301,25.729648,84.091588,13.523
277302,25.955249,84.07273,86.913
277303,26.04149,84.060448,163.4258
277304,25.841284,84.098588,77.0859
277401,25.720462,84.240349,108.6053
277402,25.721557,84.306739,92.3623
277403,25.771595,84.372719,55.0965
277501,25.616915,83.962549,70.6786
277502,25.686993,84.030515,134.9779
277503,25.77958,84.028904,35.9092
277504,25.648537,83.996115,16.3051
277506,25.757261,84.086079,16.441
281001,27.535411,77.644041,107.0425
281003,27.529845,77.673867,11.789
281004,27.487027,77.620021,111.6019
281005,27.368461,77.652135,122.2603
281006,27.412822,77.702215,67.8012
281104,27.460182,78.190862,82.1453
281121,27.563617,77.68701,25.6686
281122,27.296341,77.721122,266.9273
281123,27.402248,77.535379,213.6149
281201,27.905573,77.686252,154.5605
281202,27.64791,77.736157,180.8026
281203,27.858933,77.628136,168.6266
281204,27.563117,77.799506,249.9483
281205,27.78255,77.756753,211.47
281206,27.556678,77.864544,58.1366
281301,27.364498,77.867432,399.2546
281302,27.362989,77.980955,134.5563
281303,27.44333,77.722537,6.0325
281305,27.464018,77.745306,141.025
281306,27.422459,78.041041,156.3331
281307,27.435572,78.130446,140.497
281308,27.471044,77.914777,91.0777
281401,27.735687,77.52217,284.8565
281403,27.806586,77.428663,475.9062
281404,27.743638,77.640323,209.1254
281405,27.645105,77.387999,171.1567
281406,27.640961,77.614103,173.5125
281501,27.486931,77.550408,77.178
281502,27.546456,77.445069,313.2491
281504,27.552796,77.523656,92.8286
282001,27.133212,78.025102,90.2302
282002,27.198518,77.989551,12.2278
282003,27.190862,78.015047,5.3752
282004,27.21263,78.024078,8.9093
282005,27.237379,78.005149,23.7065
282006,27.191978,78.089758,150.689
282007,27.228116,77.897326,235.8525
282008,27.152104,77.949385,22.4593
282009,27.082474,77.997885,102.831
282010,27.178808,77.970845,15.8965
283101,27.196768,77.747501,174.2831
283102,27.085385,77.906383,126.1913
283103,27.192921,78.32495,137.6987
283104,26.85506,78.580837,275.2802
283105,27.138171,77.853836,83.7048
283110,27.089424,77.669334,408.1946
283111,27.042024,78.276928,557.5405
283112,26.926805,78.049419,106.1633
283113,26.889514,78.488274,185.7962
283114,26.829517,78.723244,305.2393
283115,26.864211,77.561409,358.6141
283119,26.980917,77.78207,167.586
283121,26.936262,77.808572,132.791
283122,27.079332,77.80763,117.0626
283123,26.891235,78.354493,336.714
283124,26.967441,77.946774,198.3881
283125,27.018651,78.108032,353.2768
283126,27.303004,78.069117,185.3655
283130,27.315099,78.690257,223.517
283135,27.125963,78.603755,161.429
283136,27.223105,78.646127,223.0221
283141,27.016916,78.578628,206.1139
283142,26.960572,78.702062,249.4784
283145,27.195257,78.512265,301.0572
283151,27.0932,78.724031,286.8213
283152,27.418844,78.579566,267.2799
283201,27.340788,78.200898,227.5766
283202,27.232519,78.162663,98.246
283203,27.106327,78.427866,376.4689
283204,27.21915,78.272648,344.3355
283205,27.13391,78.380739,7.4889
283206,27.302249,78.427531,159.827
283207,27.327639,78.547171,125.2001
284001,25.430451,78.579265,24.8354
284002,25.49407,78.577579,64.5404
284003,25.469742,78.531986,70.9833
284120,25.332396,78.435343,351.7387
284121,25.512539,78.67179,224.9812
284122,24.826749,78.505814,230.0978
284123,24.897547,78.594536,272.4936
284124,24.879121,78.291083,274.8921
284125,24.73049,78.277762,83.6834
284126,25.031547,78.486171,846.0654
284127,25.417159,78.609666,19.7698
284128,25.466784,78.624086,28.3114
284135,25.378816,78.55749,36.9287
284136,25.083652,78.376979,46.1354
284201,25.398202,78.733919,98.6085
284202,25.594913,79.104439,876.7007
284203,25.579778,79.31563,621.511
284204,25.26329,79.164524,877.9112
284205,25.278396,78.99719,357.2157
284206,25.468226,79.123814,413.3491
284301,25.551834,78.814793,315.4307
284302,25.747655,79.144139,303.0507
284303,25.729935,78.905763,612.76
284304,25.865523,78.947809,135.3563
284305,25.508637,78.753884,3.4504
284306,25.861297,79.036535,220.7403
284401,25.213511,78.484351,226.0624
284402,24.76146,78.691423,458.1341
284403,24.578777,78.428206,1861.8299
284404,24.339564,78.824161,825.6262
284405,24.536735,78.756881,821.6356
284406,24.395125,78.604835,320.5274
284419,25.466726,78.440894,302.4831
284501,24.803398,78.283776,97.5751
285001,25.983084,79.444022,638.9577
285121,26.177521,79.143599,488.7366
285122,25.876547,79.471851,235.8981
285123,26.150393,79.420081,683.3669
285124,26.40175,79.239002,148.9947
285125,26.366185,79.434212,258.8234
285126,26.272186,79.200193,182.9488
285127,26.359357,79.164729,137.0402
285128,26.267652,79.340079,69.7495
285129,26.323118,79.284644,100.8874
285130,26.26712,79.481123,260.2487
285201,25.9011,79.205224,344.3755
285202,26.011633,79.659225,401.4262
285203,25.996874,79.833558,450.4516
285204,26.146615,79.692756,298.4498
285205,26.006146,79.124307,653.1107
285206,26.104725,79.042928,134.9881
285223,25.833459,79.308704,205.6428
301001,27.511659,76.533047,880.3933
301002,27.542003,76.629616,18.3412
301018,28.127622,76.787093,70.6096
301019,28.186039,76.859764,66.0045
301020,27.896915,76.372901,89.8131
301021,27.46689,76.829958,325.0417
301022,27.361861,76.312424,557.0856
301023,27.642001,76.586916,4.1604
301024,27.544037,76.318794,294.6601
301025,27.675642,76.873984,260.6304
301026,27.5812,76.832759,271.4599
301027,27.239578,76.209548,296.6828
301028,27.642059,76.713736,174.998
301029,24.955997,74.092484,34.8859
301030,27.509049,76.6843,141.456
301035,27.23619,76.918547,155.6808
301401,27.963547,76.563985,235.5772
301402,27.686347,76.382766,673.0552
301403,27.86818,76.616111,83.6154
301404,27.762618,76.591689,345.6375
301405,27.801087,76.766764,405.8982
301406,27.38825,76.641552,322.3198
301407,27.861527,76.525672,127.0908
301408,27.216667,76.586376,481.3892
301409,27.150035,76.733913,238.7871
301410,27.214528,76.403471,559.7157
301411,27.932775,76.856411,485.5646
301412,27.793013,76.395325,106.1838
301413,27.238968,76.796294,185.2122
301414,27.311812,76.661282,78.0658
301415,27.397646,76.976708,40.5722
301416,27.590497,76.419898,63.3529
301427,27.887357,76.445164,154.3421
301604,27.503052,76.996073,136.065
301701,27.889064,76.284178,248.4523
301702,28.018193,76.71572,277.3504
301703,28.027993,76.260678,83.7596
301704,28.101977,76.374927,147.3129
301705,27.993348,76.371977,80.5468
301706,28.011181,76.442459,74.1215
301707,28.095828,76.877702,259.5035
301708,28.097019,76.460692,73.2565
301709,27.979726,76.275868,59.0237
301712,27.898777,76.684747,62.7063
301713,27.96037,76.2018,81.6135
301714,27.95658,76.437634,19.2692
302001,26.923469,75.809569,11.8606
302002,26.937801,75.85184,35.098
302003,26.913467,75.841218,4.5646
302004,26.895183,75.826815,12.9226
302005,26.898767,75.80237,3.4683
302006,26.90768,75.779746,10.1422
302011,26.821683,75.818572,14.614
302012,26.989819,75.691747,221.0269
302013,27.002712,75.823318,73.2843
302015,26.878043,75.795161,12.3466
302016,26.940556,75.797552,15.492
302017,26.859641,75.845856,46.2885
302018,26.854489,75.788204,10.9433
302019,26.889075,75.760784,9.233
302020,26.853647,75.757389,28.9066
302021,26.912142,75.75054,16.449
302022,26.773493,75.839364,23.0418
302023,26.955718,75.780952,8.6711
302024,26.885816,75.722114,9.939
302025,26.82089,75.867601,26.3232
302026,26.856026,75.671978,50.9836
302027,26.982022,75.929469,176.2211
302028,27.087115,75.977583,171.8747
302029,26.810317,75.709165,170.5124
302031,26.891434,75.890772,21.3088
302032,27.02039,75.76249,55.0631
302033,26.801716,75.821965,12.6857
302034,26.905426,75.713503,10.2448
302036,26.949506,75.870361,5.1398
302037,26.807529,75.599374,18.9305
302038,27.056108,75.897834,21.2227
302039,26.966624,75.768838,9.404
302040,26.973557,75.736763,6.6047
302041,26.904951,75.599265,115.2415
302042,26.845143,75.618753,19.6064
302043,26.755259,75.711885,92.76
302051,26.871244,75.815798,1.7525
302052,26.896016,75.812955,0.4411
303001,27.072016,76.184239,350.3177
303002,27.154898,75.953929,130.2662
303003,27.346603,76.12957,205.0595
303004,26.755055,76.252002,154.0327
303005,26.562424,75.529808,713.3362
303006,26.537969,75.709136,264.074
303007,26.818245,75.518222,238.102
303008,26.651578,75.170628,1055.8198
303009,26.70199,75.425282,395.834
303010,26.810861,75.361636,27.2504
303012,26.877571,75.979762,370.4588
303102,27.456483,76.161363,235.4741
303103,27.392544,75.965327,293.7489
303104,27.270293,75.938547,199.5319
303105,27.770933,76.104888,157.2315
303106,27.56782,76.029421,304.1368
303107,27.659907,76.069979,182.6754
303108,27.740825,76.196822,286.3816
303109,27.070457,76.05983,333.9257
303110,27.590005,76.188289,174.0882
303119,27.469077,76.046849,137.3702
303120,27.249872,76.056176,233.3008
303121,27.190809,75.95121,1.4709
303122,26.832624,75.448553,26.2157
303123,27.124801,75.477054,167.2769
303301,26.822582,76.080058,243.742
303302,26.721528,76.166618,144.3474
303303,26.897354,76.347944,406.4931
303304,26.937631,76.485254,85.0719
303305,26.875199,76.192437,313.3093
303313,27.045481,76.571749,246.3156
303315,27.068033,76.731727,203.116
303323,27.063466,76.448508,116.1343
303325,26.996375,76.403764,156.3759
303326,26.953824,76.574392,140.5408
303327,27.136259,76.591098,92.9981
303328,27.034345,75.380566,373.0227
303329,26.962536,75.370752,94.3059
303331,26.934253,75.429361,30.6274
303338,26.877847,75.37035,368.6294
303339,27.066863,75.354917,23.8818
303348,26.800446,75.151851,457.9985
303501,26.81119,76.532436,266.6151
303502,26.879112,76.652855,215.9479
303503,26.506244,76.286853,420.9606
303504,26.497597,76.424907,117.8573
303505,26.721354,76.344178,256.208
303506,26.776072,76.426671,125.3972
303507,27.029986,76.293743,144.5606
303508,26.924964,76.715138,17.4124
303509,26.963929,76.72203,189.0599
303510,26.628707,76.23316,67.2325
303511,26.621029,76.365657,249.4846
303601,27.354177,75.84141,91.4471
303602,27.278515,75.485217,175.752
303603,27.180652,75.401302,213.8533
303604,26.913258,75.170556,434.0737
303701,27.090992,75.634829,213.8652
303702,27.176682,75.69576,89.2957
303704,27.100332,75.776159,112.3581
303706,26.98386,75.57619,198.2125
303712,27.27035,75.615066,149.4632
303801,27.185356,75.589504,231.15
303802,26.924945,75.822882,2.0854
303803,27.350861,75.715877,110.3294
303804,27.299208,75.761429,136.2701
303805,27.140715,75.85053,221.2495
303806,27.229958,75.835398,141.9709
303807,27.22976,75.744982,75.6543
303901,26.577565,75.945243,517.8926
303903,26.691019,75.899963,293.5611
303904,26.690865,75.672343,320.9357
303905,26.743716,75.853189,147.9761
303908,26.635333,76.100895,346.9774
304001,26.085386,75.785539,1226.9246
304020,26.37903,75.935934,6.8696
304021,26.338218,75.911971,647.4107
304022,26.44735,75.831945,250.073
304023,25.915892,76.161369,473.1606
304024,25.947234,75.990456,719.5156
304025,26.390014,76.07346,556.7994
304026,25.885502,75.809832,305.8216
304501,26.286396,75.497876,189.3983
304502,26.298814,75.327545,1110.9599
304503,26.309022,75.19512,369.8967
304504,26.373692,75.512209,653.2616
304505,26.076398,75.508691,812.9087
304507,25.920613,75.356516,341.5417
304801,26.348649,75.707606,453.5312
304802,25.840189,75.611114,579.2487
304803,25.781695,75.505151,129.0146
304804,25.84221,75.443821,293.7279
305001,26.444264,74.635854,23.9562
305002,26.388733,74.661686,27.9362
305003,26.395615,74.606831,56.9318
305004,26.51877,74.634599,86.6876
305005,26.434447,74.571299,56.3222
305007,26.46255,74.676882,13.8794
305008,26.445034,74.679188,6.5482
305009,26.500452,74.686224,2.6958
305012,26.356732,74.646477,10.3679
305021,26.578003,74.58536,50.2007
305022,26.476971,74.519936,226.8447
305023,26.530018,74.742678,169.0624
305024,26.474611,74.721695,28.7509
305025,26.406238,74.806221,355.8316
305026,26.545178,74.464887,132.5256
305027,26.484986,74.653652,3.3075
305028,26.470231,74.662405,12.5551
305029,26.443654,74.649862,0.3075
305030,26.473256,74.645877,0.5993
305201,26.451889,74.400127,81.6384
305202,26.196726,74.429067,177.6081
305203,26.251367,74.535309,113.5639
305204,26.359369,74.354704,293.2713
305205,26.293707,74.617526,92.2415
305206,26.352715,74.547381,124.5598
305207,26.304219,74.445514,188.0286
305401,26.249627,74.651722,165.2833
305402,26.300343,74.907445,212.0847
305403,26.046824,74.992978,232.6129
305404,25.940819,75.098855,386.8742
305405,25.807289,75.095466,220.2791
305406,26.069991,75.162253,225.2208
305407,25.770294,75.232776,349.0236
305408,25.901176,75.214024,163.7745
305412,26.190071,75.054567,482.2688
305415,26.040812,75.289457,210.5741
305601,26.240347,74.828731,520.922
305621,26.132538,74.700573,248.7948
305622,25.984328,74.779214,451.7975
305623,26.087367,74.514669,510.8861
305624,25.978677,74.634743,192.1544
305625,25.940835,74.540868,131.277
305627,26.121771,74.831709,160.2366
305628,25.959488,74.924698,255.9428
305629,25.960946,74.850037,30.3079
305630,26.144146,74.610523,40.6706
305801,26.57917,74.95859,418.1051
305802,26.535213,74.866075,241.7118
305811,26.626085,74.755571,218.6476
305812,26.660357,74.965387,131.6239
305813,26.405843,75.059446,563.6619
305814,26.848018,74.88422,486.0328
305815,26.718025,74.799568,112.6007
305816,26.631384,74.951839,24.464
305817,26.626993,75.026263,2.5192
305819,26.735197,74.720721,68.9748
305901,26.069119,74.358835,345.109
305921,25.772065,74.111309,269.9217
305922,25.907409,74.213512,82.5448
305923,25.880579,74.167766,62.7365
305924,25.687556,73.966666,41.279
305925,25.989857,74.277139,85.6732
305926,25.778466,73.991284,244.6296
305927,26.002734,74.202499,135.2984
306001,25.763972,73.578743,405.4758
306021,25.595456,73.654739,278.4457
306022,25.520416,73.741656,170.3591
306023,25.6685,73.783857,331.8763
306027,25.686754,73.820109,19.8561
306101,26.300113,74.240405,593.0074
306102,26.121045,74.21341,225.5865
306103,25.826257,73.806957,502.1252
306104,25.991785,73.551306,1336.8049
306105,26.022574,74.105632,426.9297
306106,25.758924,73.82868,114.8022
306114,25.912843,73.893472,223.6172
306115,25.370494,73.26346,384.0498
306116,25.255286,73.267424,54.5087
306119,25.445084,73.384576,100.9755
306126,24.988423,73.208642,185.4778
306301,26.386647,74.034495,279.9287
306302,26.204968,73.895312,412.4545
306303,26.194102,74.051012,217.7232
306304,26.006217,74.027431,203.1714
306305,26.095981,73.952157,146.3633
306306,25.994454,73.813205,209.2797
306307,26.022501,73.903508,224.7277
306308,26.328249,73.900657,265.8264
306401,25.727804,73.235321,1004.5586
306421,25.862211,73.090244,1759.4008
306422,25.577871,73.238326,374.1816
306501,25.609027,73.525479,201.8639
306502,25.44647,73.638184,384.0839
306503,25.605856,73.41322,724.2695
306504,24.910938,73.13568,493.1773
306601,25.362441,73.37139,110.0124
306602,25.503953,73.137693,144.7464
306603,25.393106,73.482081,238.7626
306701,25.171849,73.24532,262.207
306702,25.201068,73.459924,285.5474
306703,25.311249,73.559846,280.1403
306704,25.220457,73.547053,67.2944
306705,25.174607,73.373318,217.021
306706,25.110386,73.333837,47.4193
306707,25.017842,73.288051,317.7401
306708,25.347016,73.129469,336.9125
306709,26.309839,74.078077,143.1466
306901,25.224352,73.027164,207.1435
306902,25.162382,73.108305,246.415
306912,25.327006,73.025725,124.6686
307001,24.83644,72.754931,854.8509
307019,24.706072,73.030768,42.0111
307021,24.77303,73.046264,34.6873
307022,24.817973,72.985981,369.7495
307023,24.649901,72.867969,497.6499
307024,24.586644,72.978123,433.8572
307025,24.528779,73.22367,2392.3107
307026,24.431742,72.797694,512.1265
307027,25.078734,73.073467,148.3344
307028,25.129388,72.870689,697.7554
307029,25.539855,72.781821,1673.1115
307030,25.38904,72.944225,665.0363
307031,24.822105,73.10543,41.7427
307032,24.492877,72.871142,169.0654
307043,25.005717,72.910608,274.815
307501,24.647611,72.773956,127.6173
307510,24.532201,72.808213,70.335
307511,24.667142,72.647023,302.6889
307512,24.716686,72.467556,170.9532
307513,24.61447,72.349973,228.8029
307514,24.569891,72.492422,562.5645
307515,24.849025,72.419317,344.3644
307801,25.000119,72.728639,165.4961
307802,24.889368,72.602179,415.4606
307803,25.000971,72.511466,403.452
311001,25.315749,74.609121,164.704
311011,25.359195,74.759485,530.1144
311012,25.265827,74.491843,26.9699
311013,25.375762,74.66935,4.0941
311021,25.852843,74.595102,195.7838
311022,25.87306,74.710284,77.6692
311023,25.825179,74.828112,221.5238
311024,25.658867,74.569573,492.2504
311025,25.204451,74.70878,337.8507
311026,25.580964,74.477526,329.0533
311028,25.227676,74.694005,24.9972
311029,25.825041,74.743932,18.8425
311030,25.757845,74.68168,354.2425
311201,25.632622,75.316463,595.1037
311202,25.599936,75.120748,448.5946
311203,25.502936,75.293481,205.9584
311204,25.810934,74.448885,347.0381
311301,25.681086,74.305439,528.5412
311302,25.887596,74.322995,479.6139
311303,25.643783,74.348164,22.2543
311401,25.491289,74.674681,292.9745
311402,25.362574,74.404415,262.3381
311403,25.457152,74.478083,429.0246
311404,25.613706,74.934711,718.2259
311405,25.286452,74.340322,17.5173
311407,25.758422,74.918073,383.9797
311408,25.605315,74.753559,232.7765
311601,25.281935,74.994679,373.2136
311602,25.140613,75.335084,705.1093
311603,25.400676,74.947335,527.7539
311604,25.202778,75.113574,524.1363
311605,25.389949,75.172048,496.9992
311606,25.288768,75.298357,212.0388
311607,25.279852,74.872038,34.1785
311801,25.21877,74.298521,275.04
311802,25.292158,74.444405,408.4051
311803,25.402682,74.157828,533.8749
311804,25.567987,74.196811,636.9299
311805,25.293481,74.156848,278.9768
311806,25.158956,74.185624,293.6997
311810,25.143814,74.236452,34.4544
312001,24.834537,74.584713,264.5691
312021,24.951922,74.612083,41.7964
312022,24.988538,74.825899,884.3374
312023,24.887886,75.219102,1301.8128
312024,24.673926,74.342482,312.2031
312025,24.863927,74.601035,29.9053
312026,24.896523,74.821038,14.9705
312027,24.630337,74.407883,111.0966
312201,24.865428,74.519879,161.9444
312202,24.890847,74.327987,429.2917
312203,25.049459,74.378283,295.1871
312204,24.849516,74.222488,264.2626
312205,24.74863,74.220807,286.5274
312206,25.148657,74.4386,181.5169
312207,24.939589,74.465101,242.9391
312401,24.313649,74.440133,180.2985
312402,24.523946,74.339944,264.3071
312403,24.405264,74.518254,314.506
312404,24.436466,74.400988,153.7698
312601,24.615756,74.669657,440.0966
312602,24.687576,74.500154,153.4511
312603,24.552751,74.498222,157.5996
312604,24.375727,74.707147,593.2787
312605,24.001037,74.772182,886.0069
312606,24.73757,74.915202,278.4187
312612,24.77711,74.679779,210.0063
312613,24.765312,74.548373,53.7845
312614,24.515056,74.589104,262.668
312615,23.842528,74.826134,484.8069
312616,24.172638,74.714961,323.426
312617,24.65184,74.675163,12.8199
312618,24.069289,74.750114,20.2917
312619,23.652401,74.820684,444.937
312620,24.707776,74.708927,132.9848
312621,24.148409,74.576552,443.2849
312622,24.764211,74.602713,9.9676
312623,24.186045,74.84317,276.5271
312624,23.764176,74.644533,638.4851
312625,24.112416,74.402864,863.5479
312626,23.964663,74.448501,306.8565
312627,25.146972,74.765969,79.7384
312901,25.064124,74.615275,669.2679
313001,24.552315,73.680165,343.0188
313002,24.543507,73.725101,55.3267
313003,24.527426,73.799174,134.1345
313004,24.592294,73.692433,0.2362
313011,24.714211,73.634887,295.7172
313015,24.470722,73.863953,164.3963
313022,24.577012,73.926204,123.108
313024,24.601755,73.837475,114.7613
313025,24.624268,73.650111,10.9094
313026,24.012321,73.977572,106.0962
313027,24.149149,74.097068,788.4663
313031,24.524886,73.593113,297.2512
313038,24.003902,74.146047,249.5362
313201,24.705666,73.871521,262.1938
313202,24.780065,73.764581,215.4821
313203,24.798896,73.993848,208.5719
313204,24.83552,73.882755,196.8333
313205,24.778116,74.106036,104.788
313206,24.86812,74.064462,119.4784
313207,25.026767,74.237407,132.0805
313211,24.936918,74.13103,106.923
313301,24.916235,73.833235,227.1242
313321,24.988758,73.639111,268.2523
313322,24.878241,73.674421,261.8755
313323,24.969863,73.907465,115.3981
313324,25.071186,73.810014,423.8603
313325,25.085169,73.575166,401.1065
313327,25.148229,74.004605,227.1752
313328,25.096871,74.11242,135.7725
313329,24.99903,74.060471,275.2158
313330,25.222332,74.001944,158.6362
313331,25.526645,73.941363,768.4971
313332,25.348044,73.93491,467.9141
313333,25.279608,73.73344,508.7754
313334,25.156006,73.811839,321.0872
313338,25.055416,73.946128,25.7973
313341,25.624811,73.935934,158.1194
313342,25.007159,73.954344,70.365
313601,24.668781,74.062977,372.8877
313602,24.552525,74.059884,309.474
313603,24.505974,74.184391,448.938
313604,24.298166,74.265658,756.251
313701,24.24245,73.335701,679.5036
313702,24.343909,73.494436,830.1444
313703,24.37253,73.928172,489.2852
313704,24.950145,73.403717,508.794
313705,24.707562,73.509783,468.8317
313706,24.367588,74.070492,268.0904
313708,24.869024,73.490368,257.8417
313801,24.314386,73.659963,488.1068
313802,24.086791,73.672854,550.2033
313803,24.051787,73.527602,493.0332
313804,23.92388,73.446945,305.3416
313901,24.344616,73.761895,163.1302
313902,24.189932,73.798339,294.732
313903,24.042957,73.86495,336.2394
313904,24.188513,73.817443,15.352
313905,24.228675,73.909365,201.3049
313906,24.480913,73.347225,186.7147
314001,23.772954,73.654125,572.7187
314011,23.914694,73.620547,139.8881
314021,23.959997,74.087981,102.5934
314022,23.888537,74.246807,304.316
314023,23.833135,73.987152,99.2929
314024,23.746745,74.010827,111.1219
314025,23.667814,74.006404,119.5905
314026,23.56041,74.032721,31.1681
314027,23.608583,73.97416,130.0178
314028,23.7993,73.917518,106.3063
314029,23.720658,73.891269,118.2302
314030,23.434233,73.914839,284.0451
314031,23.649328,74.098549,69.6652
314032,23.757383,74.09913,128.4665
314034,23.91748,73.930961,235.0243
314035,23.533653,73.954331,160.4696
314036,23.866268,73.817684,152.7679
314037,23.77208,73.816876,113.2349
314038,23.867079,74.096642,241.7081
314401,23.658922,73.878182,87.6158
314402,23.611245,73.790545,202.3651
314403,23.562733,73.682853,227.7441
314404,23.695961,73.756554,121.0578
314406,23.498484,73.781029,229.3452
314801,23.807056,73.486131,290.7674
314804,23.835671,73.603897,151.3266
321001,27.182818,77.53552,349.334
321006,27.205383,77.041823,6.8206
321021,27.250572,77.572373,89.9747
321022,27.657592,77.25627,294.7314
321023,27.760537,77.228744,164.0404
321024,27.557257,77.082258,352.2382
321025,27.309081,77.553967,107.5989
321026,27.25862,77.427969,101.5517
321028,27.106039,77.308251,111.5044
321201,27.324366,77.30867,210.2054
321202,27.353451,77.435209,150.1707
321203,27.470948,77.289651,597.775
321204,27.688648,77.087242,403.0617
321205,27.433402,77.07403,327.7443
321206,27.373578,77.226574,20.5777
321301,27.056361,77.458014,84.2766
321302,27.086404,77.398217,184.191
321303,27.203676,77.362177,120.4855
321305,27.167379,77.412907,28.2749
321401,26.932267,77.273583,254.3913
321402,26.995044,77.352927,38.9994
321403,26.939274,77.503163,104.1079
321404,26.988853,77.543393,397.1225
321405,26.817084,77.377958,342.5905
321406,27.020867,77.063951,113.4917
321407,27.095277,77.064979,103.5801
321408,27.007485,77.182636,278.969
321409,26.925503,77.080749,151.4743
321410,26.938095,77.345018,68.7113
321411,26.881483,77.186887,146.2914
321601,27.110562,77.197899,125.0947
321602,27.246436,77.235514,278.2075
321603,27.166349,77.297307,20.1984
321605,27.319477,77.063888,309.9125
321606,27.217487,77.013324,180.1265
321607,27.349535,76.891507,187.7946
321608,27.031942,76.881545,227.4745
321609,27.161954,76.871072,102.6677
321610,26.959107,76.834341,56.1777
321611,26.884276,76.846112,260.0705
321612,26.979358,76.955414,97.8077
321613,27.105405,76.921384,101.8231
321614,27.2042,77.123745,114.6351
321615,27.127991,77.016482,95.4416
321633,27.354625,76.787425,131.9537
321642,27.158956,77.182153,81.9668
322001,25.926315,76.401038,770.101
322021,26.007304,76.383889,50.0335
322023,26.320617,76.201001,529.174
322024,26.233565,76.338853,286.3838
322025,26.016735,76.680258,865.8581
322026,25.807037,76.389361,188.9172
322027,26.095724,76.395585,156.2875
322028,26.287262,76.491096,197.7447
322029,26.119459,76.503917,116.401
322030,26.356122,76.355824,281.3068
322033,26.158805,76.573019,351.9053
322034,26.147097,76.458186,65.7363
322201,26.477973,76.661864,316.0899
322202,26.45552,76.722079,77.2661
322203,26.330732,76.618535,210.9078
322204,26.641067,76.737458,155.7242
322205,26.599824,76.820886,185.1951
322211,26.580477,76.585356,325.4528
322212,26.661266,76.506054,271.6883
322213,26.78424,76.688642,193.2094
322214,26.432599,76.501787,288.6119
322215,26.702189,76.659509,143.3219
322216,26.718562,76.758534,103.3489
322218,26.223099,76.753523,531.3921
322219,26.557816,76.876199,195.1331
322220,26.710428,76.872459,181.5084
322230,26.729033,77.026868,359.3358
322234,26.633527,77.023029,183.5737
322236,26.754168,77.135283,196.7228
322238,26.811313,76.861087,113.6061
322240,26.901165,77.003522,133.5668
322241,26.540398,77.041126,382.7915
322242,26.623202,77.260289,564.6314
322243,26.275603,76.901682,649.5035
322249,26.349606,77.039402,602.3367
322251,26.325435,77.193884,681.0955
322252,26.772554,77.214336,154.8196
322254,26.823139,76.989282,134.6389
322255,26.42025,76.809061,287.1336
322701,26.114604,76.27678,308.1713
322702,26.06335,76.154411,269.9177
322703,26.169254,76.104718,73.1877
322704,26.1858,76.042464,139.2559
323001,25.390998,75.567706,576.7696
323021,25.27489,75.725744,684.1306
323022,25.161715,75.558292,884.835
323023,25.568712,75.501542,87.7355
323024,25.492757,75.492379,562.1483
323025,25.607536,75.464199,345.5761
323026,25.589496,75.689369,422.3536
323301,25.402837,76.04649,313.6486
323302,25.098202,75.71595,46.0201
323303,24.865109,75.646407,71.7122
323304,24.959439,75.420757,401.5245
323305,24.924822,75.612148,23.9692
323306,24.876411,75.501434,390.1851
323307,24.824177,75.697374,432.1661
323601,25.30029,75.949804,41.4597
323602,25.329507,76.006327,281.9987
323603,25.566064,76.188658,543.0244
323613,25.760379,76.188105,135.1217
323614,25.741498,76.288069,185.8314
323615,25.667529,76.175624,69.0336
323616,25.710096,76.064791,356.5427
323801,25.763848,75.847707,432.082
323802,25.636907,75.872736,511.6878
323803,25.50565,75.928979,611.5311
324001,25.206078,75.868756,15.5646
324002,25.195227,75.945565,194.4693
324003,25.12796,75.869139,15.6784
324004,25.130652,75.88702,10.784
324005,25.130668,75.843028,30.603
324006,25.18263,75.839424,3.8976
324007,25.177455,75.85719,8.9865
324008,25.219389,75.823215,39.3254
324009,25.158957,75.827658,7.2289
324010,25.172008,75.785019,53.5786
324021,25.136064,75.80861,10.6524
325001,25.068449,75.99277,301.2929
325003,24.973762,75.842542,974.7338
325004,25.531836,76.397527,491.043
325009,25.705462,76.43957,414.5292
325201,25.259209,76.069533,209.4118
325202,25.091989,76.294132,356.8919
325203,25.143673,76.113684,241.8576
325204,25.365116,76.233493,629.1947
325205,25.09275,76.519415,824.8522
325206,25.286384,76.354618,277.3989
325207,24.917455,76.445821,212.307
325208,25.184505,76.20223,89.8758
325209,25.137674,76.383994,200.2581
325214,25.443043,76.477997,217.7151
325215,25.341984,76.507567,303.1142
325216,25.183183,76.688756,820.3079
325217,25.209268,77.148095,1761.1949
325218,24.904326,76.628895,265.6396
325219,24.759174,76.664039,257.4302
325220,24.648978,76.895747,1039.5873
325221,24.567352,76.673415,906.984
325222,25.250048,76.486163,67.8386
325223,24.787659,76.519509,405.3297
325224,25.046777,76.823274,919.777
325225,24.443758,76.702112,32.2235
325601,24.951877,76.268341,414.8902
325602,24.905655,76.125866,694.0197
326001,24.64675,76.161745,411.7978
326021,24.485001,76.34692,279.8755
326022,24.284947,76.268338,234.3282
326023,24.435521,76.225162,604.27
326024,24.537403,76.082792,76.7896
326033,24.387179,76.548105,463.4334
326034,24.135593,76.017886,439.7489
326035,24.573547,76.469295,342.2946
326036,24.319911,76.121134,317.06
326037,24.280495,76.786346,794.0877
326038,24.714602,76.328569,796.7923
326039,24.273752,76.495157,458.3178
326501,24.504148,75.992827,161.6756
326502,24.41786,75.88793,251.2151
326510,24.840006,75.830736,22.7428
326512,24.222464,75.835691,490.8469
326513,24.301799,75.982659,465.164
326514,23.967697,75.856069,516.6058
326515,23.906964,75.571974,389.8046
326516,23.928508,75.674265,218.4885
326517,24.770477,76.011293,228.5389
326518,24.783733,75.867668,196.6818
326519,24.623707,75.955797,266.8988
326520,24.725563,75.94012,69.5857
326529,24.669503,75.876808,61.476
326530,24.643675,76.055869,87.3133
327001,23.520966,74.542718,1141.5692
327021,23.750934,74.271015,221.0759
327022,23.637187,74.162809,208.2572
327023,23.744001,74.380546,399.1127
327024,23.584437,74.177448,14.0261
327025,23.599808,74.284002,214.5647
327026,23.658579,74.503375,93.4892
327027,23.82792,74.476497,317.9073
327031,23.373291,74.07786,308.2027
327032,23.506372,74.073174,208.5198
327034,23.520347,74.214582,210.7167
327601,23.312079,74.195491,398.0129
327602,23.202692,74.319359,415.6448
327603,23.457383,74.29437,123.7183
327604,23.41456,74.383545,200.2114
327605,23.751272,74.184706,60.779
327606,23.333591,74.285073,105.8114
327801,23.214165,74.516855,758.787
328001,26.693721,77.883683,301.0895
328021,26.593662,77.634342,786.943
328022,26.733213,77.508122,411.0416
328023,26.873187,77.804204,191.3704
328024,26.829517,77.948789,288.5531
328025,26.875791,78.149961,299.3853
328026,26.474901,77.37689,554.0535
328027,26.816045,77.718315,154.8139
328028,26.614241,77.8138,49.4563
328029,26.759181,78.057748,213.4657
328030,26.75007,77.814919,133.8168
328031,26.557512,77.472497,260.1918
328041,26.730173,77.702104,163.2774
331001,28.386445,74.905885,1421.8276
331021,28.226775,74.952701,133.378
331022,28.103433,74.638419,1260.5546
331023,28.676151,75.352479,1649.7015
331024,28.141708,74.978362,244.5322
331025,28.302969,75.306846,84.3217
331026,28.395579,75.233766,130.7065
331027,28.219534,75.150536,317.8494
331028,28.333645,75.258965,153.9398
331029,28.486959,75.112683,547.79
331030,28.203749,75.062945,24.782
331031,28.222376,74.830435,196.2708
331033,28.094148,74.9836,44.1529
331301,28.545248,75.58697,191.8817
331302,28.845267,74.865564,573.6758
331303,28.417241,75.414177,428.136
331304,28.684092,74.948073,1556.5223
331305,28.505224,75.501577,266.4293
331402,28.409328,74.66266,309.5757
331403,28.501739,74.428589,3271.9061
331411,28.694708,74.296174,1220.1858
331501,27.871557,74.320572,256.9472
331502,27.822894,74.438681,139.5769
331503,27.78001,74.287727,224.7316
331504,28.25849,74.619917,182.9711
331505,27.910895,74.557104,275.8953
331506,27.802457,74.689287,518.971
331507,27.751458,74.52858,399.4077
331517,27.697331,74.052608,1065.7605
331518,27.560201,74.111157,704.8187
331701,28.878545,75.311041,444.0255
331801,27.904515,73.318464,155.8947
331802,28.032028,74.400571,878.4805
331803,28.047207,74.079536,2822.2811
331811,28.100609,73.811269,1187.3479
332001,27.619742,75.138059,118.0161
332002,27.497242,75.00002,136.6982
332021,27.527026,75.15362,193.9297
332023,27.420208,75.070608,265.0878
332024,27.693061,75.196584,146.3103
332025,27.393574,74.926087,186.4203
332026,27.619786,74.810113,148.3526
332027,27.653914,75.292143,204.3221
332028,27.531849,74.835029,247.4847
332029,27.663062,74.749109,104.4245
332030,27.459715,74.862979,74.9672
332031,27.770923,75.197367,179.45
332041,27.628828,74.978176,251.2759
332042,27.561121,75.029102,135.954
332301,27.973487,74.945859,544.7111
332302,28.094271,74.853294,132.4832
332303,27.96851,75.112277,142.6465
332304,27.990655,74.817082,87.0447
332305,28.035217,75.083808,47.8356
332307,28.111766,75.088108,65.7416
332311,27.841514,74.942847,357.3054
332312,27.713775,74.913432,272.2411
332315,27.727883,75.071282,161.1997
332316,27.836276,75.168973,123.2949
332317,27.828181,74.902942,54.6379
332318,27.7669,74.832936,154.2137
332401,27.895395,75.126446,156.3172
332402,27.486291,75.370739,269.9595
332403,27.535477,75.258709,160.7172
332404,27.344724,75.519864,127.7256
332405,27.584915,75.33701,66.8093
332406,27.417955,75.224912,198.5725
332411,27.429123,75.473501,120.2987
332601,27.319393,75.296863,174.3346
332602,27.361204,75.3786,208.6394
332603,27.37293,75.610163,74.5409
332701,27.441801,75.820818,218.0519
332702,27.306164,75.193946,121.2598
332703,27.230576,75.166542,143.1952
332705,27.633458,75.870482,341.8315
332706,27.663187,75.626756,101.643
332707,27.518602,75.858598,217.4443
332708,27.583694,75.6753,251.6005
332709,27.607002,75.509757,343.0832
332710,27.211901,75.302427,194.2052
332711,27.833997,75.851531,168.1091
332712,27.421931,75.682966,108.3728
332713,27.7266,75.794231,262.2762
332714,27.68556,75.712808,64.8984
332715,27.465924,75.59404,203.8034
332716,27.834939,75.722311,63.8917
332718,27.799268,75.974215,410.8925
332719,27.522169,75.721946,97.5279
332721,27.608376,75.402827,66.3553
332722,27.493204,75.505719,76.7675
332742,27.168864,75.194021,68.3295
332746,28.06623,75.971979,14.0391
333001,28.12335,75.36232,454.477
333011,28.228786,75.309746,141.2219
333012,27.937013,75.550966,131.5582
333021,28.000728,75.48559,195.7804
333022,27.84166,75.530712,185.3174
333023,28.207969,75.482917,229.9772
333024,28.117366,75.518727,110.4994
333025,28.2954,75.434303,221.4901
333026,28.223609,75.68451,178.6916
333027,28.171201,75.636056,109.353
333028,28.095158,75.604231,121.0294
333029,28.302878,75.769468,190.644
333030,28.329602,75.70067,86.4348
333031,28.408794,75.657462,429.5904
333032,27.86274,75.441151,63.267
333033,28.320721,75.862871,220.8607
333034,28.259061,75.962391,155.502
333035,28.285165,75.590526,140.2413
333036,27.996321,75.95326,135.3038
333037,27.929303,75.819786,49.5064
333041,28.053588,75.288372,155.3428
333042,27.864903,75.310221,150.4447
333053,27.847015,75.635149,222.7565
333302,27.737022,75.570575,104.9302
333303,27.715818,75.388836,47.6489
333304,27.765658,75.321184,135.4794
333305,27.91626,75.415242,116.1403
333307,27.728206,75.454898,200.9619
333308,27.801221,75.394615,86.5976
333310,27.704277,75.6732,26.1953
333501,27.894356,75.760367,140.8651
333502,28.201435,75.864911,177.9387
333503,27.979097,75.846114,217.7255
333504,28.062598,75.840135,126.9158
333514,28.015552,75.677147,369.64
333515,28.167257,75.990169,175.4306
333516,28.123851,75.80495,243.3771
333701,27.980457,75.19168,35.0357
333702,27.896166,75.22334,12.9652
333704,28.073935,75.175388,200.7928
333705,27.950276,75.247896,108.873
333707,27.971779,75.334529,155.9147
333801,27.757957,75.673264,86.8883
334001,28.159569,72.997221,4804.9555
334003,27.993445,73.343175,8.2476
334004,28.045772,73.30379,15.7747
334006,28.088393,73.340097,23.4282
334021,28.682495,73.203023,3035.5403
334022,28.138019,73.543079,995.0064
334023,28.571515,72.603967,3940.3051
334201,27.873256,73.495128,560.4945
334202,27.908357,73.675387,627.1978
334302,27.657918,72.974322,1388.9887
334303,27.742362,72.630257,2637.3817
334305,28.059869,72.293506,4884.5648
334401,27.98817,73.314435,10.7769
334402,27.821391,73.206085,363.3471
334403,27.967445,73.304071,21.3458
334601,28.345703,73.455528,899.0864
334602,28.376332,73.877915,753.8462
334603,28.563095,73.805911,2402.7817
334604,28.848583,73.736831,3836.2716
334801,27.719586,73.402804,587.7503
334802,27.666129,73.695183,1096.4965
334803,27.477882,73.379407,1446.4526
334804,27.516336,73.170454,1083.6494
334808,28.462788,72.816151,102.5557
335001,29.981721,73.867684,535.7368
335002,29.848832,73.950154,286.4927
335021,29.525377,73.307097,546.0919
335022,29.818859,73.738622,331.9862
335023,29.896054,73.555456,161.8857
335024,29.7022,73.451196,292.6199
335025,29.710637,73.913336,343.8245
335027,29.96091,73.611808,274.1152
335037,29.796585,74.059391,278.2023
335038,29.92937,73.757831,239.3108
335039,29.527139,73.618432,434.0684
335040,29.786475,73.555904,155.4339
335041,29.688464,73.659725,563.3358
335051,29.458758,73.453049,733.3605
335061,29.584566,73.755444,231.0661
335062,29.894163,74.183744,466.903
335063,29.854488,74.397875,634.0236
335064,29.73804,74.199592,276.8764
335065,29.705358,74.403633,161.2167
335073,29.84805,73.441806,370.1779
335501,29.000673,75.209973,453.2232
335502,28.95864,75.038948,561.3346
335503,29.064092,75.293206,632.5994
335504,29.163641,74.971081,728.73
335511,29.202742,75.273185,403.3492
335512,29.674304,74.202259,263.9029
335513,29.561945,74.333257,433.7671
335523,29.084182,74.672372,2848.4009
335524,29.085824,74.324943,2327.0473
335525,29.507821,74.574185,83.9124
335526,29.536655,74.497602,946.4685
335701,29.242043,73.182476,700.7885
335702,29.370194,73.648337,252.7023
335703,29.139007,73.361681,1170.7826
335704,29.258767,73.527941,433.4925
335705,29.437837,73.807493,461.0196
335707,28.88445,72.958668,1707.0756
335711,29.056533,73.102669,399.135
335801,29.482812,74.23948,663.6716
335802,29.611826,73.959557,362.2054
335803,29.429732,74.076824,941.1722
335804,29.201634,73.875327,2172.4099
335805,29.336929,73.957856,91.2175
335901,30.133348,73.926518,93.4502
341001,27.284967,73.633283,2594.3113
341021,27.104476,73.543136,596.5456
341022,27.400839,74.009258,547.8686
341023,27.282109,74.178701,655.2166
341024,27.027274,74.007282,468.2631
341025,26.990867,73.335361,1145.4832
341026,27.075567,73.829967,286.4691
341027,27.169073,73.970674,237.9595
341028,26.94553,73.714846,855.1917
341029,27.462952,73.603638,280.3132
341030,27.121585,74.135324,358.863
341031,26.625521,74.348482,397.3131
341301,27.078712,74.305388,275.8154
341302,27.166293,74.381685,223.3827
341303,27.46069,74.605246,1036.807
341304,27.613351,74.543348,295.3427
341305,27.31485,74.418722,290.7689
341306,27.624697,74.397459,247.4973
341316,27.502096,74.330552,454.6759
341317,27.375001,74.295242,341.364
341318,27.252765,74.504998,150.3045
341319,27.17007,74.554724,229.1271
341501,26.886878,74.570837,182.4709
341502,27.078208,74.577155,369.2389
341503,26.852744,74.316259,1225.799
341504,26.982851,74.442474,363.1297
341505,27.112383,74.72752,229.8677
341506,27.281846,74.702276,312.7572
341507,27.111033,75.180156,274.5563
341508,27.165274,74.902999,647.2953
341509,27.009933,75.064217,586.2729
341510,26.601003,73.986882,1277.2623
341511,26.767101,73.884967,441.5142
341512,26.824428,74.686137,962.2107
341513,26.524284,74.2834,329.6716
341514,26.840947,74.08674,783.5963
341515,26.659093,74.527764,227.3521
341516,27.33174,74.831634,82.2085
341517,27.227385,74.703747,105.6723
341518,26.479015,74.108958,345.9544
341519,27.28596,75.022824,467.7035
341520,26.983116,74.578731,157.3596
341533,27.055033,74.905543,156.3001
341542,26.941425,74.654578,39.7022
341551,27.407082,74.784484,195.4967
342001,26.274495,72.838454,262.2619
342002,26.29875,73.025078,4.4667
342003,26.277409,72.99088,16.2068
342004,26.282462,72.995919,1.287
342005,26.233237,73.034219,51.4904
342006,26.290484,73.054462,16.6017
342007,26.325091,73.057379,6.8317
342008,26.247171,72.971109,22.252
342010,26.310992,73.066133,10.0128
342011,26.258968,73.059995,30.0364
342012,26.157627,72.93536,38.7102
342013,26.155447,73.008968,165.3679
342014,26.102341,72.792656,918.8337
342015,26.275072,73.118842,98.2253
342021,26.603962,72.123081,332.9034
342022,26.36972,72.224655,881.42
342023,26.381355,72.585748,1056.5344
342024,26.386852,72.843336,416.3241
342025,26.614555,72.30987,1167.4943
342026,26.21024,73.134913,6.9319
342027,26.270102,73.25985,967.0857
342028,26.377384,72.354252,245.2717
342029,26.779486,73.260321,442.4418
342034,26.291943,73.036924,0.2618
342037,26.569394,73.147363,981.3772
342301,27.17522,72.243711,4037.7864
342302,26.919444,72.626581,696.6711
342303,26.768264,72.878668,1368.2935
342304,26.358313,73.07023,56.9812
342305,26.508947,73.005939,363.1266
342306,26.57856,72.731669,1187.7424
342307,27.461478,72.354729,2335.3482
342308,27.130875,72.6323,964.1104
342309,26.789168,72.480929,598.86
342310,27.606832,72.196722,560.5802
342311,27.180619,72.877806,1592.8554
342312,27.10419,73.071988,1440.8048
342314,26.831831,72.318515,542.3934
342601,26.349227,73.565463,649.0051
342602,26.195571,73.725276,439.6295
342603,26.632931,73.422369,580.0969
342604,26.427504,73.772687,245.4601
342605,26.20957,73.527744,690.2322
342606,26.498351,73.515618,1109.4835
342801,25.979395,72.914604,590.2841
342802,26.116258,73.137714,412.0205
342901,26.774525,73.508861,752.1385
342902,26.7231,73.725886,526.9403
343001,25.310992,72.602059,420.7219
343002,25.313754,72.658215,38.1267
343021,25.393292,72.409013,220.4852
343022,25.334912,72.19753,872.4027
343023,25.210688,72.345222,199.8102
343024,25.06419,71.979826,376.7932
343025,25.172651,72.602428,724.8496
343027,24.749104,71.350777,718.4666
343028,25.143172,72.439023,185.7861
343029,25.04276,72.29533,695.6962
343030,25.109259,72.115587,421.7198
343032,25.251506,72.003833,624.1059
343039,24.763819,72.307102,180.7352
343040,24.801931,72.125084,855.1978
343041,24.852737,71.735444,2952.3044
343042,25.437613,72.554084,231.1147
343048,24.660204,72.265045,119.8864
343049,24.882245,72.256366,228.5573
344001,25.763736,71.397062,1602.9547
344011,25.899788,71.147097,793.7701
344012,25.590599,71.243844,391.2337
344021,25.821256,72.662415,685.5122
344022,25.7607,72.289275,854.4048
344024,25.797229,72.207313,38.5908
344025,25.789567,72.15343,66.1228
344026,26.126372,72.56929,784.4524
344027,25.849629,72.443673,244.8374
344031,25.265229,71.679192,1898.454
344032,26.024728,72.253655,2392.601
344033,25.560967,71.894887,1734.1306
344034,26.042552,71.84597,2566.8111
344035,25.969089,71.551517,683.3071
344037,26.177233,71.859039,749.2965
344043,25.584856,72.505191,694.7233
344044,25.66751,72.38619,724.9785
344501,25.910512,70.348356,2425.1389
344502,25.685795,70.929281,1914.7154
344701,26.123936,71.065825,5178.965
344702,25.340727,71.002545,3153.1361
344703,25.678532,71.636594,694.657
344704,25.150189,71.387903,1628.5273
344705,26.283946,71.155655,635.3103
344706,24.905757,71.120803,1620.401
344708,25.461997,71.369583,468.4736
344801,25.501168,72.193101,578.8401
345001,26.966927,70.27217,14009.1559
345002,26.902145,71.012992,170.8031
345021,26.792334,71.893815,1806.9414
345022,27.571294,70.535255,8733.7638
345023,27.120771,71.834572,1317.1162
345024,26.631684,71.833618,449.7198
345025,26.455608,71.839645,1280.5387
345026,26.710303,71.548187,1299.4366
345027,26.48329,71.097931,3722.5481
345028,27.639613,71.658486,6049.657
345031,27.00359,71.411113,2335.5125
345033,27.311392,71.218215,2786.1653
345034,26.43491,70.53482,4209.3106
360001,22.335555,70.783063,35.8844
360002,22.207812,70.765898,45.5187
360003,22.398985,70.837175,353.8406
360004,22.250158,70.783761,26.5087
360005,22.273744,70.725416,75.021
360006,22.332333,70.751222,30.6497
360007,22.286958,70.767832,12.7154
360020,22.218057,70.934263,408.0416
360021,22.232408,70.623708,188.9307
360022,22.231742,70.822358,24.9439
360023,22.343723,70.974143,219.3578
360024,22.159745,70.790203,38.9609
360025,22.121763,71.042692,400.7093
360030,22.03905,70.903407,374.6012
360035,22.144414,70.640279,137.614
360040,21.987596,71.147064,84.9112
360050,22.082119,71.224533,387.5405
360055,22.137669,71.377881,635.1027
360060,22.042711,71.09958,72.9888
360070,22.077923,70.646022,132.3035
360110,22.391823,70.589778,711.6001
360311,21.983998,70.736963,831.1437
360320,21.843033,70.727555,87.0321
360330,21.885119,70.870149,128.3858
360360,21.677995,70.587854,126.9992
360370,21.734989,70.644447,458.5791
360375,21.789847,70.592491,15.8031
360380,21.868767,70.634351,171.3673
360405,21.93973,70.495127,320.7822
360410,21.725676,70.409655,477.7024
360421,21.679175,70.343992,40.6986
360430,21.644224,70.257097,40.699
360440,21.808915,70.371473,184.213
360450,21.883292,70.268429,317.9394
360452,21.975381,70.365233,187.171
360460,21.807627,70.136618,214.7753
360470,21.785312,70.217991,40.1248
360480,21.941149,70.177574,126.0587
360490,21.710556,70.177399,397.3554
360510,21.92858,69.735699,546.4265
360515,22.016084,69.883181,390.7793
360520,22.040332,70.121798,483.31
360530,21.893845,70.010893,381.3773
360531,21.820898,69.88418,220.5175
360540,22.088953,70.497314,205.6939
360545,21.710806,69.685785,58.5862
360550,21.720165,69.756618,285.5749
360560,21.656697,69.674543,21.5444
360570,21.629649,69.838113,339.4513
360575,21.664435,69.619347,47.2685
360576,21.494465,69.812987,305.5727
360577,21.655156,69.636216,5.441
360578,21.611047,69.66784,50.6246
360579,21.761705,69.542446,369.1996
360590,21.863128,69.577658,348.4188
361001,22.453264,70.075221,18.5872
361002,22.492829,70.038234,17.8026
361003,22.468791,70.018498,9.9538
361004,22.461194,70.053271,1.5795
361005,22.43118,70.054835,19.9616
361006,22.431032,69.960363,208.5211
361007,22.477892,70.109701,31.6139
361008,22.499997,70.071273,17.6963
361009,22.512169,69.990583,60.9772
361010,22.368951,69.773068,73.0987
361011,22.608071,70.271145,175.9911
361012,22.304684,70.108221,499.7855
361013,22.261756,70.24653,250.4476
361110,22.416096,70.23584,183.0868
361120,22.489316,70.213575,244.3454
361130,22.400858,70.334142,251.9339
361140,22.389663,69.857225,65.7185
361141,22.435158,69.848841,16.1635
361142,22.372599,69.83952,9.9889
361150,22.536038,70.051308,27.1613
361160,22.134772,70.323178,629.961
361162,22.244958,70.470392,343.1634
361170,22.170659,69.977243,543.4278
361210,22.519867,70.444786,564.1907
361220,22.682077,70.536787,334.8314
361230,22.530466,70.143757,76.8853
361240,22.757313,70.430062,94.0288
361250,22.713322,70.348704,270.8724
361280,22.282399,69.865833,418.0778
361305,22.219521,69.609157,1116.4389
361306,22.063213,69.594285,314.4449
361310,22.299443,69.550356,340.0122
361315,22.088219,69.276232,951.5725
361320,22.003674,69.412544,462.6004
361325,21.92656,69.516447,158.7286
361330,22.354959,69.145044,96.2447
361335,22.247077,69.076122,631.3437
361345,22.382071,68.999768,72.9471
361347,22.389939,69.011541,4.6865
361350,22.451264,69.045937,32.8983
362001,21.507703,70.450095,26.9261
362002,21.542523,70.373932,84.0229
362004,21.514297,70.535891,208.698
362011,21.602232,70.410426,139.2831
362015,21.449987,70.446879,53.2443
362020,21.563542,70.777648,326.533
362030,21.575735,70.637783,192.8967
362037,21.559932,70.432325,21.7341
362110,21.421059,70.579014,263.7009
362120,21.371661,70.643909,216.0246
362130,21.326465,70.788802,754.2728
362135,21.161054,70.570065,23.886
362140,21.047637,70.713701,389.1292
362150,21.089207,70.574983,723.4078
362205,21.43588,70.410585,28.82
362215,21.399572,70.350051,83.636
362220,21.320851,70.139002,400.0092
362222,21.395301,70.248045,120.0973
362225,21.168256,70.126728,183.5777
362226,21.127147,70.126759,44.8144
362227,21.229372,70.221154,76.4632
362229,21.280226,70.316675,208.2681
362230,21.32655,69.947008,202.4148
362235,21.081542,70.162186,32.5569
362240,21.239666,70.053556,102.0729
362245,21.146828,70.349123,458.342
362250,21.063283,70.22995,119.9726
362255,21.047005,70.358914,114.3091
362260,21.267659,70.486966,436.9753
362263,21.335164,70.49323,108.0715
362265,20.972876,70.476067,13.2766
362266,20.979946,70.319042,112.3888
362268,20.925929,70.455436,72.653
362269,20.944268,70.398043,91.4632
362275,20.877742,70.570998,324.9824
362276,20.798045,70.621202,53.2643
362310,21.616018,70.510901,70.1211
362315,21.640644,70.532227,24.4959
362510,20.766162,70.976306,185.4958
362520,20.712846,70.962343,9.8791
362530,20.984834,70.909661,614.5831
362540,20.732185,70.994974,1.1404
362550,20.814268,71.176082,43.5932
362560,20.857576,71.09568,394.8408
362565,21.061127,71.023624,478.3848
362570,20.717151,70.905315,16.6472
362610,21.483926,70.298895,260.9361
362620,21.436421,69.968188,263.9404
362625,21.428658,70.103712,111.7501
362630,21.492601,70.162089,147.7467
362640,21.565695,70.104752,393.1256
362650,21.667781,69.973535,454.8895
362710,20.924177,70.750874,119.0144
362715,20.827585,70.689655,6.1691
362720,20.818649,70.815153,491.251
362725,20.842488,70.695335,101.3373
362730,20.901117,71.249226,180.8903
363001,22.736076,71.622822,13.3194
363002,22.733959,71.65129,10.0707
363020,22.674758,71.593864,100.8702
363030,22.702824,71.717453,235.4898
363035,22.722135,71.667807,4.9313
363040,22.801814,71.522612,428.8037
363110,22.886246,71.695616,165.6937
363115,22.972768,71.922293,346.0611
363310,22.956019,71.406912,1614.2598
363320,22.889979,71.560707,262.9787
363330,22.999142,71.166226,1190.239
363351,23.017855,71.046398,281.0316
363410,22.460869,71.641765,509.1701
363415,22.421213,71.74674,165.7412
363421,22.567639,71.828603,724.1383
363423,22.579604,72.005211,242.2889
363425,22.518639,72.105232,191.056
363427,22.735461,71.937128,509.6769
363430,22.502155,71.454405,314.1786
363435,22.600662,71.583227,131.5192
363440,22.364096,71.395978,526.1138
363510,22.685916,71.438347,521.0334
363520,22.342274,71.177754,946.3011
363530,22.599696,71.244546,670.421
363621,22.595067,70.987168,1261.8239
363630,23.040215,70.868449,411.8701
363635,23.069085,70.919783,72.5392
363641,22.815879,70.811943,993.2133
363642,22.910174,70.813494,88.0742
363650,22.577008,70.70532,699.4268
363655,22.847514,70.502151,554.0843
363660,22.975657,70.639321,398.567
363670,23.074304,70.766591,326.8294
364001,21.754557,72.141225,19.2436
364002,21.715037,72.176127,77.1024
364003,21.755664,72.112848,12.564
364004,21.755243,72.086777,17.3837
364005,21.781424,72.175365,33.9606
364006,21.783469,72.107564,21.5046
364050,21.618872,72.138614,382.9972
364060,21.751561,72.053731,134.9931
364070,21.58902,72.26786,106.3185
364081,21.417627,72.179626,34.0738
364110,21.677104,72.262079,23.1656
364120,21.493682,72.150861,224.861
364130,21.179349,71.951659,172.5802
364135,21.175985,72.024443,28.215
364140,21.313445,72.028565,489.7754
364145,21.339025,71.860773,211.1435
364150,21.450829,72.028155,221.2597
364210,21.707644,71.832855,64.9611
364230,21.741589,71.708,346.0631
364240,21.683976,71.948571,488.0884
364250,21.734203,71.881934,74.2293
364260,21.565663,72.008851,128.7943
364265,21.512888,71.741826,57.5403
364270,21.49755,71.802943,758.1493
364275,21.553554,71.615612,481.9758
364280,21.222059,71.60996,323.6182
364290,21.110266,71.720239,357.9559
364295,21.221707,71.803259,460.1415
364310,21.84978,72.086515,598.9959
364313,21.991141,71.987448,938.4419
364320,21.873524,71.715091,191.3381
364330,21.806428,71.806323,132.1884
364465,21.824058,70.956615,63.3433
364470,21.784898,70.871222,121.5044
364485,21.769805,70.774677,61.795
364490,21.868402,71.021194,347.5044
364505,21.406717,71.625565,79.8914
364510,21.352481,71.659842,81.1983
364515,21.355489,71.34897,318.8055
364521,21.430182,71.359557,149.0533
364522,21.218257,71.35366,443.9066
364525,21.367119,71.54268,290.0006
364530,21.206699,71.475516,145.1907
364710,22.133378,71.65209,631.0178
364720,22.269851,71.525031,241.957
364730,21.842656,71.503064,179.7235
364740,21.757854,71.597447,65.4583
364750,21.94808,71.533089,372.5637
364760,21.992314,71.768293,187.3885
364765,21.991751,71.619093,290.0664
365220,21.698135,71.507597,312.388
365410,21.828076,71.227777,60.0079
365421,21.886022,71.256425,846.007
365430,21.678314,71.368293,231.7368
365435,21.783305,71.381162,168.5822
365440,21.479897,70.959203,367.9853
365450,21.5704,71.066934,141.3403
365455,21.665943,71.12318,101.0352
365456,21.577797,70.939908,79.6464
365460,21.706831,71.059697,268.42
365480,21.675321,70.89021,363.025
365535,21.540518,71.420652,483.5054
365540,20.898987,71.374118,174.9627
365541,20.904776,71.456274,12.3352
365545,20.936355,71.348104,59.2685
365550,21.042039,71.290857,183.5175
365555,21.095339,71.617109,23.169
365560,21.036739,71.480452,598.01
365565,21.083133,71.557758,118.5571
365601,21.601174,71.237799,394.7839
365610,21.516389,71.140499,164.8925
365620,21.737743,71.199908,89.5031
365630,21.405641,71.193831,223.0716
365635,21.222366,71.213696,170.3361
365640,21.290096,71.026915,839.7428
365645,21.369425,70.903568,81.6597
365650,21.070761,71.187073,345.0772
365660,21.1705,71.069398,120.67
370001,23.409462,69.732868,2365.2676
370015,23.193796,69.670577,42.6643
370020,23.29982,70.019029,506.7786
370030,23.177095,69.308609,242.3392
370040,23.225072,69.527285,264.1449
370105,23.20059,69.897439,345.6682
370110,23.151649,70.070861,497.1638
370115,23.318363,70.152145,10.9346
370130,23.099577,69.785638,597.8761
370135,23.402981,70.481376,387.7815
370140,23.216323,70.385276,2383.9187
370145,23.402508,70.774897,868.5078
370150,23.26118,70.587994,484.0235
370155,23.434429,71.167266,5480.7307
370160,23.532532,70.853642,93.6159
370165,24.062355,70.726798,10928.681
370201,23.067912,70.140368,26.0022
370203,23.060363,70.120017,3.8033
370205,23.003275,70.012774,198.5381
370210,23.010839,70.18377,154.5374
370230,23.002442,70.105796,79.4928
370240,23.117962,70.167689,61.693
370405,22.844819,69.624631,208.8836
370410,22.923342,69.880925,444.2477
370415,22.906977,69.678857,67.1095
370421,22.823093,69.720799,133.528
370425,23.002068,69.745516,150.6074
370427,23.083571,69.650736,65.4589
370430,23.09555,69.549469,223.7093
370435,22.930584,69.534428,494.8831
370445,23.10208,69.3698,296.2144
370450,23.011433,69.221193,396.9109
370455,22.827076,69.458267,135.6632
370460,22.903986,69.39355,43.4378
370465,22.932019,69.349717,318.7222
370475,22.919129,69.15616,287.1725
370485,23.02823,69.490256,79.51
370490,23.02187,68.96491,249.5741
370510,23.84789,69.707423,9655.6999
370511,23.501982,68.673306,180.2204
370601,23.629307,68.618232,839.0036
370602,23.786343,68.684101,51.2145
370605,23.464969,69.14213,540.848
370610,23.261566,69.369914,113.4194
370615,23.360433,69.24529,15.4031
370620,23.389719,68.997764,61.6935
370625,23.507295,68.987148,429.5138
370627,23.905317,68.808732,5291.1419
370630,23.60212,68.888322,252.6302
370640,23.18335,68.737745,459.3528
370645,23.169741,68.899003,337.8059
370650,23.156362,69.099364,631.5964
370655,23.408419,68.738037,1103.3918
370660,23.311164,68.951762,248.9984
370665,23.457403,69.288661,443.6795
370670,23.308246,69.090428,214.1535
370675,23.308019,69.321609,286.5405
380001,23.025686,72.585289,7.9605
380002,23.014465,72.599461,4.0964
380003,23.082911,72.610209,11.778
380004,23.05628,72.596,12.2588
380005,23.091751,72.596278,11.7568
380006,23.022186,72.561449,5.9244
380007,23.001271,72.552258,11.1333
380008,22.996877,72.608325,5.9853
380009,23.037702,72.556906,5.3604
380013,23.058611,72.561654,7.5307
380014,23.043942,72.56715,1.1839
380015,23.024332,72.527941,12.3891
380016,23.046364,72.607642,4.5271
380018,23.03037,72.611389,3.2371
380019,23.100635,72.576695,2.6366
380021,23.015131,72.613972,2.9928
380022,22.993965,72.568466,7.6301
380023,23.023282,72.62648,2.6349
380024,23.034149,72.630041,3.6474
380026,23.002145,72.638263,13.9621
380027,23.065994,72.580508,3.2897
380028,22.986908,72.579891,7.9043
380049,23.054933,72.675626,7.3586
380050,22.980194,72.609092,4.9559
380051,23.003313,72.514352,8.5267
380052,23.047728,72.53527,5.5254
380054,23.039728,72.505017,9.0025
380055,22.984793,72.522216,12.4084
380058,23.021499,72.458141,65.0194
380059,23.056407,72.489515,11.1478
380060,23.108065,72.514133,65.9484
380061,23.069608,72.534495,7.8847
380063,23.05774,72.54435,1.5367
382006,23.216869,72.630106,2.4297
382007,23.205865,72.6374,9.6385
382010,23.221647,72.679248,10.1108
382016,23.217795,72.613167,15.1143
382021,23.230034,72.665012,3.6666
382023,23.239093,72.650655,1.0171
382024,23.243596,72.642209,1.4736
382028,23.248792,72.613505,28.0736
382030,23.241056,72.667164,2.3951
382041,23.249895,72.673283,2.8282
382042,23.24283,72.692287,7.3651
382045,23.244183,72.707816,2.1343
382110,22.874492,72.183492,246.0319
382115,23.081094,72.426473,44.9925
382120,23.379422,72.118289,324.9148
382130,23.325163,71.96333,438.6908
382140,23.279987,72.125215,166.935
382145,23.421985,72.245028,133.9413
382150,23.06175,72.061556,1089.8341
382165,23.15511,72.257119,276.0933
382170,23.009662,72.291134,488.9655
382210,22.925477,72.477104,151.5026
382213,22.898096,72.379957,160.5828
382220,22.803138,72.304119,354.0532
382225,22.714923,72.429425,277.7829
382230,22.590098,72.204629,757.9783
382240,22.686123,72.254826,296.5005
382245,22.315465,71.720109,386.3216
382250,22.274219,71.934097,214.7084
382255,22.227804,71.77855,240.4634
382260,22.808065,72.465457,103.4071
382265,22.590725,72.421372,303.3689
382305,23.142828,72.826498,238.6164
382308,23.093342,72.919437,217.4595
382315,23.231975,72.919137,208.408
382320,23.321486,72.700945,78.1171
382321,23.307408,72.788269,140.0988
382330,23.090993,72.6989,65.8712
382340,23.079228,72.648255,5.077
382345,23.054335,72.6361,12.5353
382350,23.03746,72.655946,9.7985
382355,23.184037,72.731114,246.164
382405,22.948275,72.563079,58.6359
382415,23.024632,72.670495,14.8584
382418,22.953858,72.718838,14.0022
382421,23.159499,72.613128,66.013
382422,23.208675,72.572698,48.6134
382423,23.178735,72.550528,24.8028
382424,23.121466,72.59953,21.5678
382425,22.854685,72.552076,99.4614
382426,22.88465,72.596368,14.0491
382427,22.910277,72.582153,20.1389
382428,23.106471,72.630264,14.0178
382430,23.02968,72.733588,98.156
382433,22.969251,72.782609,140.5738
382435,22.910361,72.668249,61.8889
382440,22.950501,72.619268,11.495
382443,22.973341,72.600731,4.3127
382445,22.953538,72.649994,29.0244
382449,22.972937,72.680058,41.3647
382450,22.157748,71.913102,276.5271
382455,22.141645,72.209907,654.871
382460,22.393877,71.992156,484.9565
382463,22.253295,72.114123,392.0581
382465,22.350986,72.255764,648.1801
382470,23.104333,72.560929,10.9544
382475,23.082237,72.62335,0.7653
382480,23.077825,72.572915,3.5135
382481,23.08682,72.551751,6.9127
382610,23.273862,72.670224,32.2477
382620,23.285485,72.62682,16.9042
382630,23.311161,72.597084,20.9007
382640,23.269965,72.56921,43.7514
382650,23.321025,72.643948,26.8678
382705,23.36823,72.438392,190.8471
382710,23.507276,72.442502,173.584
382715,23.298858,72.306469,383.5314
382721,23.186036,72.458873,276.2575
382725,23.214463,72.523721,15.904
382728,23.186612,72.372607,149.9871
382729,23.27723,72.436629,19.5652
382730,23.436449,72.502208,42.1952
382732,23.430609,72.410189,53.6766
382735,23.361068,72.568755,132.2958
382740,23.300479,72.517291,39.6119
382745,23.066132,71.757369,478.6154
382750,23.396496,71.862571,398.7131
382755,23.39074,71.65065,195.6471
382760,23.238903,71.685537,177.3545
382765,23.202472,71.816096,424.5706
382775,22.860542,71.836286,408.6999
382780,23.439459,71.729749,178.1817
382810,23.504465,72.691854,120.6891
382815,23.597766,72.704241,30.8559
382820,23.58815,72.675395,27.1767
382825,23.471923,72.561318,29.721
382830,23.559571,72.607537,129.7124
382835,23.437592,72.747429,57.3544
382840,23.626006,72.748882,63.0762
382845,23.42278,72.641069,221.1919
382850,23.550023,72.764431,114.5905
382855,23.472155,72.775528,54.3796
382860,23.667559,72.791452,111.7788
382865,23.542124,72.543596,66.7706
382870,23.669493,72.688907,92.6901
383001,23.607911,73.073497,361.105
383006,23.302051,73.183425,11.6061
383010,23.710559,73.015487,45.3687
383030,23.566618,73.100413,282.8109
383110,23.773189,73.03102,419.9866
383120,23.509329,72.883394,95.3596
383205,23.401508,72.844645,256.4421
383210,23.47341,72.973754,138.5256
383215,23.33458,72.946468,201.2911
383220,23.591975,72.843258,67.4691
383225,23.739947,72.853885,147.2632
383230,23.640549,72.892352,93.3398
383235,23.956988,72.962844,322.1388
383240,23.690826,73.157701,28.8533
383245,23.706227,73.23292,203.8963
383246,23.820125,73.32389,155.0076
383250,23.572317,73.335644,154.8747
383251,23.669135,73.43573,185.9077
383255,24.040565,73.023406,175.6788
383260,23.272643,73.126697,53.4351
383270,24.176249,73.046623,405.3221
383275,24.034027,73.1392,128.7287
383276,23.509883,73.270961,27.042
383305,23.424732,73.064767,217.0718
383307,23.323853,73.089445,193.2425
383310,23.358951,73.222149,243.535
383315,23.454065,73.355457,416.0099
383316,23.4833,73.19419,131.9671
383317,23.523199,73.321369,20.9544
383320,23.580343,73.235939,78.3338
383325,23.223621,73.112946,310.949
383330,23.17586,73.191135,48.3346
383335,23.264714,73.338708,126.9908
383340,23.152897,73.289854,261.0984
383345,23.350007,73.448804,375.4083
383350,23.525154,73.546292,601.6284
383355,23.689357,73.336753,213.0113
383410,23.840541,73.046905,18.4388
383421,23.687886,73.05867,6.0083
383422,24.376833,73.058715,361.7776
383430,23.846926,72.946444,205.9422
383434,23.877093,72.841591,150.643
383440,23.928648,73.107835,99.1179
383450,23.808245,73.157283,159.8997
383460,23.955755,73.27015,603.0309
383462,23.928748,73.356984,88.6393
384001,23.593948,72.447834,110.8649
384002,23.594743,72.370999,20.2375
384003,23.569719,72.380999,5.2048
384012,23.527579,72.461947,3.9845
384110,23.824103,72.268365,78.2707
384120,23.682503,72.368417,177.5324
384130,23.88508,72.495473,110.6673
384140,23.855314,72.391778,19.8159
384151,23.918128,72.361742,281.2582
384160,23.760941,72.349746,24.99
384170,23.80374,72.415185,237.8292
384205,23.619398,72.341528,70.0625
384210,23.534259,72.049057,261.543
384212,23.580838,72.144446,60.4088
384215,23.852852,72.343001,18.1632
384220,23.698008,72.098893,169.9619
384221,23.623478,72.12232,85.7862
384225,23.681713,72.185298,167.5423
384229,23.682997,72.233936,45.0016
384230,23.666022,72.022249,92.7676
384240,23.733075,71.897077,655.6264
384241,23.548931,71.749429,482.0807
384245,23.66615,71.634662,935.0041
384246,23.475392,71.795756,173.3987
384255,23.793633,72.058331,203.3765
384260,23.730429,72.313622,29.8795
384265,23.89446,72.130841,463.4494
384272,23.9499,71.986472,129.1673
384275,23.767498,72.224129,134.0704
384285,24.023253,72.147444,318.7951
384290,24.000398,72.293175,118.7714
384305,23.603715,72.528243,76.5779
384310,23.725229,72.458179,78.0003
384315,23.692427,72.557897,275.9847
384320,23.796013,72.544969,53.8023
384325,23.915331,72.633606,263.8298
384330,24.017568,72.759277,223.6975
384335,23.811477,72.740424,176.8811
384340,24.019975,72.666119,58.7788
384345,23.833022,72.581409,35.8519
384355,23.770567,72.661476,217.9782
384360,23.918306,72.782436,124.2721
384410,23.537024,72.222179,266.7815
384421,23.459846,72.32323,100.0158
384430,23.457461,72.193348,38.605
384435,23.512084,72.355159,85.5303
385001,24.213756,72.556892,505.1721
385010,24.27778,72.439005,174.557
385110,24.288618,72.885428,382.7316
385120,24.153626,72.807444,798.5114
385130,24.388835,72.648036,212.7432
385135,24.356999,72.538231,452.6755
385210,24.020522,72.395745,85.3215
385310,24.513564,72.02191,1295.9989
385320,24.071611,71.50827,923.5171
385330,24.187326,71.774991,701.5758
385340,23.862236,71.581535,752.8324
385350,23.780845,71.133967,439.5707
385360,23.79617,71.355379,1051.9069
385410,24.125878,72.443075,145.9611
385421,24.0346,72.542994,451.4184
385505,24.353618,72.348831,326.3712
385506,24.320062,72.307788,5.5484
385510,24.185261,72.277152,137.4288
385515,24.11138,72.305176,163.8778
385520,24.067528,72.352217,73.0983
385530,24.184019,72.00227,250.6632
385535,24.310209,72.040812,920.4147
385540,24.136692,72.097333,244.4418
385545,24.512576,72.260197,541.7132
385550,24.02909,71.933816,509.751
385555,23.987228,71.763604,341.2818
385560,23.881199,71.788051,133.2341
385565,24.458113,71.720296,1070.4542
385566,24.560503,71.48254,938.0099
385570,24.193259,71.40076,196.5218
385575,24.308034,71.466919,887.8946
387001,22.694157,72.878082,22.8179
387002,22.743342,72.874512,15.0189
387003,22.705001,72.848766,24.5692
387110,22.906242,72.863759,74.1132
387115,22.720527,72.998886,84.8583
387120,22.848414,72.669444,148.5226
387130,22.822742,72.772114,216.2737
387210,22.602566,72.723563,47.3487
387220,22.574136,72.760803,41.5014
387230,22.664837,72.792546,52.7882
387240,22.541798,72.681617,44.739
387305,22.806683,73.04982,38.8911
387310,22.603499,72.943372,21.1483
387315,22.653789,72.947993,32.9423
387320,22.739308,72.81912,50.2286
387325,22.613558,72.915537,13.2083
387330,22.746179,72.947866,57.0174
387335,22.816619,72.949027,193.8167
387340,22.856064,73.056649,48.4108
387345,22.62134,72.885193,16.3236
387350,22.713278,72.748469,64.4852
387355,22.638796,72.850413,43.9918
387360,22.696642,72.908788,47.8855
387365,22.991898,72.962903,18.1687
387370,22.642317,72.908894,6.5203
387375,22.595635,72.882243,10.0421
387380,22.815814,72.693702,13.9756
387411,22.760721,72.708781,31.9048
387430,22.839157,72.851274,87.813
387510,22.662527,72.701701,78.2649
387520,22.606968,72.630892,68.2693
387530,22.639547,72.635614,179.054
387540,22.792554,72.570778,60.5095
387550,22.752028,72.579165,53.498
387560,22.719202,72.601962,94.6615
387570,22.717083,72.721583,14.5518
387610,23.019955,73.014742,214.8451
387620,23.063231,73.151796,369.6487
387630,22.926527,72.958553,225.8897
387635,22.990083,72.917339,55.3077
387640,22.94559,73.171754,203.9863
387650,23.115781,73.048317,118.1805
387710,22.635341,72.813228,8.5065
388001,22.563486,72.966931,21.4008
388110,22.531156,72.985743,18.9319
388120,22.549944,72.933039,10.1838
388121,22.524794,72.92679,9.7721
388130,22.493564,72.875568,37.7696
388140,22.416791,72.850819,13.8192
388150,22.482068,72.711375,89.2844
388160,22.455326,72.752166,46.6515
388170,22.372605,72.653337,236.9407
388180,22.492914,72.52011,515.6526
388205,22.68612,73.038278,85.5752
388210,22.629692,73.076545,93.224
388215,22.68592,73.119375,44.0239
388220,22.647087,73.170905,98.2362
388225,22.796726,73.121291,214.1044
388230,22.720526,73.22131,146.4446
388235,22.903461,73.312658,139.8453
388239,22.976953,73.429058,25.2199
388245,22.824819,73.323937,116.1492
388250,22.83885,73.216259,154.7565
388255,22.991265,73.319502,223.9374
388260,23.222917,73.495939,181.475
388265,23.124253,73.360058,248.5192
388270,23.114966,73.475769,195.07
388305,22.469286,73.030613,21.0592
388306,22.460905,73.068873,24.0562
388307,22.414362,73.0302,65.0907
388310,22.63084,72.990135,16.3188
388315,22.573443,72.911705,23.0481
388320,22.557227,73.013193,20.4414
388325,22.543029,72.890131,28.2893
388330,22.571556,73.085939,19.5275
388335,22.582193,73.041371,32.5014
388340,22.517344,73.025955,19.9808
388345,22.511576,72.93318,21.9405
388350,22.467519,72.989984,23.2975
388355,22.500685,72.962643,5.8669
388360,22.601482,72.985518,27.5665
388365,22.541426,73.099265,103.3087
388370,22.498021,72.99948,19.4728
388410,22.547394,72.828971,12.6643
388421,22.607014,72.797732,40.6878
388430,22.383955,72.812631,26.7839
388440,22.568717,72.827428,42.173
388450,22.494725,72.831895,60.5474
388460,22.525747,72.763573,13.2668
388465,22.49958,72.775971,22.752
388470,22.51956,72.806255,11.2178
388480,22.429698,72.817527,53.0294
388510,22.326981,73.003274,152.4881
388520,22.303417,72.956007,6.9039
388530,22.335071,72.904079,91.8022
388540,22.412503,72.93391,72.224
388543,22.378507,72.957866,13.6971
388545,22.437359,72.876451,18.0044
388550,22.284226,72.838418,129.828
388560,22.46263,72.929932,53.484
388570,22.342655,72.823105,24.3852
388580,22.372788,72.778264,32.3536
388590,22.375593,72.862332,32.4031
388610,22.255136,72.764754,20.2545
388620,22.375431,72.549737,54.956
388625,22.343383,72.480017,360.7612
388630,22.331333,72.654518,12.9652
388640,22.31282,72.710795,139.8881
388710,22.798896,73.40303,209.8837
388713,22.790248,73.477019,118.4218
389001,22.81645,73.589756,457.2579
389002,22.79155,73.635467,5.0077
389110,23.085545,73.861547,45.3181
389115,22.963262,73.83748,382.1436
389120,22.829351,73.757835,247.3033
389130,22.891134,73.902328,13.2297
389140,22.887861,73.996694,267.2897
389146,22.805054,74.074687,257.0318
389151,22.825067,74.279822,28.6808
389152,22.765332,74.190685,190.3616
389154,22.794493,74.373624,151.1953
389155,22.692986,74.322143,195.1684
389160,22.867666,74.298784,512.5653
389170,23.099177,74.171675,351.2649
389172,23.227068,74.049964,286.6103
389175,23.013428,73.973603,277.4215
389180,22.988824,74.201386,431.7363
389190,23.118514,74.041116,109.4118
389210,22.963036,73.673708,484.059
389220,23.008372,73.525873,331.6014
389230,23.202868,73.629748,472.7181
389232,23.375794,73.644441,186.3112
389235,23.206902,73.725458,66.8609
389240,23.350006,73.785687,367.5136
389250,23.258048,73.830253,17.6923
389260,23.215567,73.924022,596.3196
389265,23.223647,73.811931,133.2536
389310,22.611884,73.523285,118.1242
389320,22.655602,73.450689,157.6274
389330,22.575021,73.411401,41.5772
389340,22.696821,73.556553,190.068
389341,22.660677,73.688231,176.0397
389350,22.459381,73.501247,374.207
389360,22.46743,73.573264,152.0678
389365,22.55464,73.684788,272.9557
389370,22.430186,73.626354,117.8623
389380,22.67129,73.885778,878.1606
389382,22.64133,74.113118,544.8365
389390,22.372183,73.700509,173.5133
390001,22.298019,73.194754,11.7598
390002,22.322683,73.180134,1.7156
390003,22.328867,73.163915,3.7363
390004,22.252568,73.275006,41.3404
390006,22.31547,73.227429,9.6732
390007,22.304364,73.151672,8.1862
390008,22.339909,73.191345,7.4224
390009,22.258963,73.227308,16.5321
390010,22.251446,73.196576,7.4791
390011,22.270519,73.188832,6.8361
390012,22.276266,73.156433,17.5644
390013,22.223659,73.181879,6.3908
390014,22.218066,73.225342,49.3323
390015,22.298567,73.167275,0.3227
390016,22.337318,73.148534,2.933
390017,22.285385,73.21933,6.9899
390018,22.318828,73.202327,4.4017
390019,22.322077,73.287235,88.0696
390020,22.300463,73.174034,6.6209
390021,22.318163,73.139788,1.8092
390022,22.367069,73.230111,57.7751
390023,22.32273,73.15004,5.0722
390024,22.340315,73.172513,4.6398
390025,22.285876,73.237214,7.1241
391101,22.312409,73.099582,39.4762
391105,22.001085,73.429547,206.8289
391107,22.187292,73.324895,196.1991
391110,22.112447,73.42946,355.9037
391115,21.929854,73.323214,117.1721
391120,22.014341,73.578269,164.6166
391121,21.96794,73.650045,130.4498
391125,22.259694,73.59899,238.6488
391130,22.130808,73.656608,118.2885
391135,22.225662,73.830152,451.4543
391140,22.134832,73.792547,184.3315
391145,22.151072,73.596114,205.8783
391150,21.984908,73.842633,457.4837
391152,22.059676,73.859659,195.8588
391155,22.318637,73.782983,57.6864
391156,22.345987,73.92033,14.3152
391160,22.420211,73.835382,532.3973
391165,22.372704,74.047359,901.0151
391168,22.216971,73.98868,56.7289
391170,22.079768,74.031431,427.5681
391175,21.968677,74.072333,115.5208
391210,22.047984,73.183898,73.3283
391220,22.099953,73.277314,197.3307
391240,22.054956,73.068606,226.7767
391243,22.142404,73.168763,143.285
391244,21.960774,73.180368,180.5896
391250,21.995349,73.289776,85.2005
391310,22.362498,73.135202,11.4108
391320,22.369574,73.153723,5.9819
391330,22.355661,73.086893,45.954
391340,22.428658,73.095348,34.2631
391345,22.394674,73.110823,5.5433
391346,22.373842,73.107443,9.0017
391350,22.417894,73.127824,18.7932
391410,22.255025,73.136858,41.9661
391421,22.110333,72.905705,59.7588
391430,22.121642,72.965564,135.4087
391440,22.235692,73.042598,230.7319
391445,22.164856,73.051531,120.0422
391450,22.208979,72.916641,55.6929
391510,22.439333,73.352972,288.0191
391520,22.515596,73.307598,153.311
391530,22.655724,73.350829,124.9603
391740,22.377569,73.179336,35.4304
391745,22.423256,73.18847,47.0747
391750,22.3851,73.13874,4.5426
391760,22.311734,73.400127,263.6175
391761,22.282365,73.5115,187.8157
391770,22.587738,73.261352,189.0896
391774,22.731105,73.3016,116.656
391775,22.477603,73.205019,86.9089
391776,22.438642,73.212217,7.8308
391780,22.515916,73.148821,105.2153
391810,22.183041,72.846306,119.0768
392001,21.72481,73.005582,78.9736
392011,21.736164,73.063349,19.3254
392012,21.738559,72.857203,246.1476
392015,21.90106,72.940174,69.1441
392020,21.791666,72.954569,153.8
392025,21.902183,72.895749,36.6964
392030,21.750597,73.107057,26.9088
392035,22.012963,72.942456,93.4884
392040,21.982162,72.589059,308.0293
392110,21.956386,72.831931,197.2778
392130,21.719779,72.719416,245.1406
392135,21.737648,72.65097,30.9978
392140,21.872932,72.749179,465.9463
392150,22.067593,72.773866,422.8259
392155,22.086266,72.588213,117.4655
392160,21.733667,72.880322,10.3499
392165,21.799564,72.648529,175.6209
392170,22.168052,72.621044,135.1706
392180,22.158792,72.745197,73.9531
392210,21.812649,73.074719,182.8321
392215,21.820902,73.122904,19.8593
392220,21.892533,73.026276,64.5723
392230,21.959032,73.007254,97.8606
392240,21.85529,73.042695,5.8295
392310,21.941408,73.08241,69.7038
393001,21.639744,73.071752,223.9065
393002,21.616382,73.031317,20.3773
393010,21.680531,73.035116,42.8222
393017,21.753479,73.172296,23.7736
393020,21.627593,72.918549,148.2822
393025,21.492783,73.907714,83.4983
393030,21.56906,72.750893,461.7542
393040,21.689289,73.694772,734.1028
393041,21.551652,73.572438,477.9188
393050,21.496734,73.780118,396.0396
393105,21.874437,73.164708,127.5996
393110,21.652405,73.216084,180.8897
393115,21.74114,73.259472,317.6884
393120,21.82367,73.286993,189.9494
393125,21.527551,73.275775,93.5883
393130,21.613234,73.387124,418.4139
393135,21.552574,73.165191,226.6861
393140,21.817821,73.434132,425.9323
393145,21.871041,73.568122,409.1003
393150,21.936161,73.748264,113.1536
393151,21.880346,73.813208,217.1096
393155,21.81529,73.727712,164.7532
394101,21.259956,72.880345,26.4946
394105,21.23029,72.864571,3.749
394107,21.25486,72.849158,15.6673
394110,21.38635,73.013234,204.7778
394111,21.431329,72.930665,23.2364
394115,21.532865,72.927947,142.1168
394116,21.535569,72.968261,15.0265
394120,21.457798,72.982381,41.4074
394125,21.496244,72.988688,51.5233
394130,21.329933,72.862243,102.4396
394140,21.285176,73.124694,69.6987
394150,21.314541,72.94197,72.2927
394155,21.323167,73.059867,40.9513
394160,21.315704,73.352649,195.4643
394163,21.285851,73.244515,276.6879
394170,21.337207,73.09601,84.644
394180,21.278043,73.00661,54.391
394185,21.266154,72.955565,10.523
394190,21.27853,72.939221,2.7052
394210,21.145061,72.874115,54.0842
394221,21.139357,72.838779,2.7721
394230,21.083607,72.868061,110.7066
394235,21.061526,72.90966,18.2428
394240,20.993141,73.199825,32.0763
394245,20.934126,73.16511,75.9754
394246,20.961454,73.222289,21.7027
394248,20.921469,73.236551,37.1921
394250,21.004699,73.146992,99.4065
394270,21.123292,72.645091,33.6451
394305,21.141716,72.975162,65.013
394310,21.117638,73.045514,94.8509
394315,21.07495,72.98527,36.8768
394317,21.10224,72.987726,19.6242
394320,21.215543,73.092003,48.1038
394325,21.194904,72.961755,55.9011
394326,21.229552,72.990473,56.6419
394327,21.167151,72.946157,16.156
394330,21.253618,73.089331,56.2713
394335,21.210273,73.195528,32.1596
394340,21.169886,73.253468,138.5898
394345,21.16907,73.07607,36.2441
394350,21.030897,73.089178,113.2899
394352,21.039451,73.050789,11.1015
394355,21.166255,73.154684,90.0033
394360,21.271048,73.424691,26.9682
394365,21.047678,73.663141,278.011
394370,21.497175,74.214723,195.0327
394375,21.289932,73.811241,580.2634
394380,21.489716,74.043762,284.5433
394405,21.454363,73.056063,144.8004
394410,21.474801,73.129038,31.7315
394421,21.450699,73.185578,90.7602
394430,21.43401,73.262055,186.8626
394440,21.428347,73.391162,323.2388
394445,21.420502,73.572397,300.7968
394510,21.186649,72.733074,35.9352
394515,21.189162,72.702262,3.8148
394516,21.164876,72.712525,27.3401
394517,21.182972,72.651058,53.7667
394518,21.14058,72.762674,6.2606
394520,21.277379,72.813272,33.8277
394530,21.382875,72.692523,106.3451
394540,21.372293,72.753405,327.5905
394541,21.327369,72.725567,19.4303
394550,21.100818,72.749489,73.5176
394601,21.115336,73.11697,52.9346
394620,21.092736,73.195241,55.1512
394630,20.968085,73.304423,96.2666
394633,20.971161,73.362751,40.2109
394635,20.884036,73.416246,263.4154
394640,21.030984,73.250748,101.7787
394641,21.043315,73.311583,16.2986
394650,21.118445,73.469908,334.8054
394651,21.206274,73.379681,105.1794
394652,21.075929,73.458266,78.91
394655,21.005763,73.445246,278.3396
394660,21.203431,73.564726,16.6574
394670,21.247492,73.535284,429.6519
394680,21.332856,73.669476,354.6732
394690,21.097829,73.293288,67.3263
394710,20.782548,73.746906,940.0405
394715,20.931177,73.573557,153.2892
394716,20.936599,73.799174,453.2985
394720,20.599587,73.708448,75.9422
394730,20.734661,73.575381,468.8175
394810,21.477044,72.840818,153.6106
395001,21.181711,72.811089,4.7729
395002,21.179726,72.833705,7.9579
395003,21.200337,72.8284,5.4243
395004,21.23047,72.821789,22.2339
395005,21.249661,72.705457,179.8122
395006,21.23022,72.913479,43.0399
395007,21.140747,72.78879,37.925
395008,21.222569,72.846204,1.4911
395009,21.198525,72.787797,20.3125
395010,21.199061,72.862782,10.3655
395011,21.190039,72.888752,8.1747
395012,21.169715,72.875381,11.8954
395013,21.235417,72.901248,2.9991
395017,21.154998,72.807403,3.7865
395023,21.122528,72.840061,20.8126
396001,20.599739,72.915203,24.459
396002,20.605118,72.959941,42.1715
396007,20.511913,73.102035,70.0232
396020,20.5515,72.945086,61.9811
396030,20.652297,72.91746,34.7117
396035,20.626045,72.905758,7.953
396040,20.635311,73.130801,121.5055
396045,20.633846,73.028204,70.1635
396050,20.479244,73.285127,473.2161
396051,20.561547,73.343601,307.2874
396055,20.562984,73.047838,120.5136
396060,20.677304,73.203317,134.2342
396065,20.447556,73.186826,53.9297
396067,20.284168,73.279552,737.4391
396105,20.298645,72.91481,95.5322
396110,20.745671,72.92786,9.8381
396115,20.467972,72.874846,4.7487
396120,20.234917,72.807213,41.6203
396125,20.491707,72.990393,140.1933
396126,20.401084,73.124199,167.089
396130,20.289309,72.79599,25.4024
396135,20.248466,72.767613,39.5305
396140,20.331354,72.809826,39.9517
396145,20.423981,72.997127,84.4883
396150,20.206106,72.823699,29.2364
396155,20.293979,72.858055,58.8465
396165,20.161012,72.801171,13.0088
396170,20.165504,72.764198,36.0994
396171,20.169564,72.775175,6.7572
396180,20.487726,72.878996,7.1148
396185,20.457719,72.922026,56.2546
396191,20.370637,72.97779,196.2137
396193,20.316505,72.995703,34.7975
396195,20.339556,72.924226,4.3068
396210,20.441154,72.855013,27.6378
396215,20.400214,72.876934,20.0349
396220,20.388514,72.844572,19.6398
396230,20.192177,73.099915,519.8442
396235,20.249199,72.956324,86.5022
396240,20.199057,73.020073,92.9657
396310,20.780621,72.93585,137.4879
396321,20.787341,73.262777,68.4509
396325,20.757911,73.015884,12.7623
396350,20.862984,72.991825,35.1493
396360,20.825041,73.015463,31.1534
396370,20.839203,72.975392,6.3962
396375,20.689957,72.97797,97.6223
396380,20.789399,73.017316,32.177
396385,20.706618,72.894251,61.8083
396403,20.880644,72.868802,23.264
396406,20.850697,72.873862,90.2251
396409,20.792879,73.090157,29.8336
396412,20.7983,72.854642,21.7246
396415,21.036187,72.948758,29.7854
396418,21.005875,73.023016,5.0956
396421,20.931662,72.892657,12.7915
396424,20.944522,72.97138,10.1624
396427,20.969466,73.014568,32.6166
396430,20.855649,73.071001,48.965
396433,20.897366,73.04443,51.273
396436,21.000035,72.823477,236.3868
396439,20.902164,72.821262,21.653
396440,20.929364,72.835755,20.7938
396445,20.946143,72.940276,98.5147
396450,20.912804,72.88103,25.7355
396460,20.816539,72.883101,7.434
396463,20.930822,73.014004,33.4479
396466,20.916323,73.100478,19.7425
396469,20.955897,73.062248,30.1292
396472,20.883247,72.94198,19.1051
396475,21.022337,72.991824,46.6709
396510,20.870212,73.263544,110.5397
396521,20.726522,73.070322,123.1837
396530,20.81399,73.116244,25.6899
396540,20.733519,73.197442,105.8097
396560,20.831295,73.154979,136.1346
396570,20.834197,73.217909,37.6017
396580,20.698882,73.347484,443.3957
396590,20.812591,73.398262,107.9943
400001,18.962309,72.93249,7.158
400002,18.948322,72.826533,1.53
400003,18.954659,72.833401,0.9987
400004,18.956365,72.822118,1.5085
400005,18.907216,72.815159,4.9895
400006,18.955257,72.801019,2.377
400007,18.961363,72.814249,1.7183
400008,18.967476,72.827906,2.5885
400009,18.957238,72.840279,1.7978
400010,18.971314,72.8461,3.1395
400011,18.980742,72.827872,1.7189
400012,18.996538,72.837518,4.3983
400013,18.996428,72.826313,2.1866
400014,19.014641,72.845923,1.9305
400015,18.994189,72.853361,4.0543
400016,19.035966,72.842236,2.3105
400017,19.045962,72.854517,3.9303
400018,18.993321,72.817885,3.7331
400019,19.027301,72.852376,2.3087
400020,18.936417,72.826967,1.0131
400021,18.925808,72.823759,0.7741
400022,19.043237,72.868488,4.0229
400024,19.060219,72.882028,2.7284
400025,19.012466,72.827683,1.3213
400026,18.970478,72.807526,1.3351
400027,18.976221,72.83618,0.9415
400028,19.019512,72.836856,2.4691
400029,19.080644,72.865249,1.4804
400030,19.013295,72.817844,1.3835
400031,19.014087,72.854096,1.3239
400032,18.928957,72.828817,0.4059
400033,18.986919,72.844843,1.6177
400034,18.974318,72.815584,1.2664
400035,18.943978,72.795584,0.2964
400037,19.019876,72.87032,9.455
400042,19.132301,72.954322,18.9523
400043,19.063133,72.935594,6.5086
400049,19.098246,72.830923,6.523
400050,19.055019,72.829949,5.4255
400051,19.062199,72.853227,6.7767
400052,19.070737,72.831564,2.1458
400053,19.143392,72.825051,9.4828
400054,19.081114,72.836485,1.7078
400055,19.080611,72.849246,2.4354
400056,19.101758,72.841506,1.358
400057,19.100341,72.848836,2.0091
400058,19.121771,72.840083,3.6882
400059,19.116435,72.877509,3.896
400060,19.134483,72.857748,2.6163
400061,19.148814,72.801458,12.7457
400063,19.158543,72.853578,3.2497
400064,19.185311,72.842304,3.1194
400065,19.153975,72.874602,16.7908
400066,19.21593,72.909992,112.4219
400067,19.208336,72.825824,17.6028
400068,19.255474,72.859798,10.2983
400069,19.118472,72.850715,2.3076
400070,19.074187,72.882089,4.2871
400071,19.056261,72.900444,6.6145
400072,19.10505,72.890214,4.4536
400074,19.023234,72.894946,18.3479
400075,19.079321,72.915523,3.0725
400076,19.113856,72.9081,6.7644
400077,19.075968,72.90056,2.6382
400078,19.147583,72.931753,7.951
400079,19.087785,72.936442,18.7439
400080,19.171187,72.947707,7.6557
400081,19.164413,72.967352,7.3187
400082,19.173963,72.935548,0.7992
400083,19.108669,72.942075,6.52
400084,19.094933,72.898022,3.8026
400085,19.02006,72.926821,13.6132
400086,19.09092,72.911172,2.6877
400087,19.131119,72.902746,6.9106
400088,19.047554,72.939496,11.648
400089,19.069681,72.898682,1.4764
400091,19.22532,72.838462,5.78
400092,19.23244,72.803642,29.5907
400093,19.125557,72.864805,3.2319
400094,19.037598,72.925131,4.6992
400095,19.180542,72.813968,16.3052
400096,19.126439,72.876258,1.1164
400097,19.182948,72.866845,8.5473
400098,19.07213,72.861488,2.6495
400099,19.097303,72.866852,11.6924
400101,19.19969,72.867251,5.9802
400102,19.141683,72.840669,4.6367
400103,19.247058,72.843544,3.8029
400104,19.164824,72.839429,5.7132
400601,19.204594,72.981559,3.3494
400602,19.192918,72.972251,3.9396
400603,19.179378,72.977153,3.1798
400604,19.193373,72.953257,5.6185
400605,19.198623,72.999965,11.0334
400606,19.211446,72.961434,5.3758
400607,19.247018,72.982861,8.7108
400608,19.224384,72.991136,7.1184
400610,19.229091,72.969627,4.9433
400612,19.148087,73.05452,66.6699
400614,19.021748,73.03984,7.0428
400615,19.268802,72.958796,25.9353
400701,19.12881,73.007609,25.236
400702,18.875534,72.954216,35.8748
400703,19.08112,73.014545,15.7697
400704,18.893199,72.923473,11.8451
400705,19.062067,73.017895,14.0727
400706,19.030177,73.020314,23.5211
400707,18.920212,72.981943,44.4082
400708,19.163276,72.998162,14.9928
400709,19.099758,72.997524,7.8527
400710,19.102217,73.026583,7.4916
401101,19.290447,72.833413,40.0992
401102,19.557829,72.802999,217.3725
401103,19.877382,72.803509,82.195
401104,19.298214,72.870773,23.8967
401105,19.307666,72.859845,3.4673
401106,19.302866,72.801267,34.6751
401107,19.281987,72.904032,13.872
401201,19.362383,72.788364,27.562
401202,19.37119,72.823672,22.8454
401203,19.415775,72.796964,24.746
401204,19.47473,73.031767,47.3983
401206,19.492455,73.011164,6.1579
401207,19.344734,72.821341,6.4705
401208,19.373428,72.899218,170.1288
401209,19.427281,72.836357,18.834
401210,19.383448,72.839714,4.6281
401301,19.459487,72.775141,25.3989
401302,19.471907,72.76274,5.4753
401303,19.476936,72.919781,240.9405
401304,19.40543,72.769494,7.8975
401305,19.456715,72.827556,11.302
401401,19.620524,72.78337,39.6542
401402,19.658604,72.780642,94.0817
401403,19.688335,72.922801,352.4117
401404,19.717288,72.806799,221.3454
401405,19.730007,72.706918,4.9091
401501,19.797605,72.781668,141.188
401502,19.845133,72.704104,42.3624
401503,19.904937,72.714175,76.8992
401504,19.823705,72.729362,39.0536
401506,19.799611,72.85866,15.012
401601,19.974478,72.735247,51.0536
401602,19.968678,72.846434,368.1822
401603,19.942405,73.211331,762.5053
401604,19.853457,73.375438,589.6318
401605,19.82436,73.045312,476.7494
401606,20.143417,72.894533,303.7748
401607,19.897348,72.938519,35.109
401608,19.940306,72.768463,23.7337
401609,19.967035,72.998726,98.239
401610,20.043489,72.991108,286.3132
401701,20.095232,72.7767,57.9314
401702,20.073887,72.735011,12.337
401703,20.017271,72.800582,4.7174
402101,18.079103,73.223949,60.6026
402102,18.115198,73.353157,23.3336
402103,18.151244,73.310471,126.9067
402104,18.246467,73.284157,199.3159
402105,18.137647,73.120073,296.6727
402106,18.55864,73.158289,74.9999
402107,18.720256,73.116757,530.7641
402108,18.658765,73.011711,125.9572
402109,18.422104,73.064129,370.0385
402110,18.042378,73.065782,120.4706
402111,18.269509,73.127017,156.993
402112,18.328306,73.204159,136.0255
402113,18.100644,73.020843,37.5945
402114,18.000212,73.037995,18.56
402115,18.052341,73.356875,39.7691
402116,18.422655,73.159783,59.3358
402117,18.194643,73.246916,31.6741
402118,18.743575,73.014853,14.2351
402120,18.337291,73.353785,208.2155
402122,18.17374,73.200267,65.2453
402125,18.535636,73.106493,44.2655
402126,18.497272,73.186305,32.7159
402201,18.730947,72.937322,135.299
402202,18.494244,72.938009,71.492
402203,18.558969,72.996009,171.7768
402204,18.620018,72.933235,46.9132
402207,18.687932,72.866703,6.2489
402208,18.737146,72.888148,75.0616
402209,18.646728,72.908743,20.2991
402301,18.049335,73.413295,175.0737
402302,18.140408,73.521476,219.3722
402303,17.969547,73.526254,407.9651
402304,18.432767,73.232293,119.1871
402305,18.222095,73.422986,211.7441
402306,18.143251,73.589896,94.8133
402307,17.927283,73.40203,63.0395
402308,18.418884,73.329816,131.3121
402309,18.085467,73.453269,40.8744
402401,18.362314,72.975243,177.9297
402402,18.245791,72.968962,12.0702
402403,18.209825,72.987225,65.8205
402404,18.134717,73.020831,39.4677
402406,18.378466,72.931123,3.1662
403001,15.49008,73.823128,6.6174
403002,15.471129,73.817239,4.9811
403004,15.459254,73.810286,3.7382
403005,15.483763,73.851623,18.9581
403006,15.495848,73.879324,6.7713
403101,15.539349,73.85427,12.5143
403102,15.540321,73.881636,26.4447
403103,15.328316,74.041387,41.149
403104,15.4435,73.92066,14.6859
403105,15.47827,74.063345,17.804
403106,15.53389,73.943943,7.7235
403107,15.508602,73.971508,38.0007
403108,15.449125,73.882356,16.248
403109,15.504466,73.80329,3.8148
403110,15.475629,73.924366,30.9494
403114,15.521139,73.802237,15.7391
403115,15.450687,73.957435,8.651
403201,15.468992,73.865039,2.6169
403202,15.455119,73.855849,3.8133
403203,15.440091,73.898464,2.7763
403204,15.423592,73.901493,5.5719
403206,15.458238,73.836363,2.9378
403401,15.417478,74.026628,126.07
403402,15.501525,73.918368,12.8779
403403,15.530727,73.911875,27.0623
403404,15.433589,73.97096,38.0099
403406,15.421844,74.156429,206.14
403409,15.387285,74.033855,18.5454
403410,15.348589,74.245679,202.4169
403501,15.558262,73.828843,16.5852
403502,15.624989,73.860376,24.523
403503,15.668963,73.924837,107.9223
403504,15.58827,73.950412,72.7167
403505,15.560372,74.031291,119.729
403506,15.557006,74.173293,436.0014
403507,15.596386,73.801323,36.1076
403508,15.591709,73.87312,16.8048
403509,15.58768,73.749533,13.9199
403510,15.579598,73.787361,9.9334
403511,15.549488,73.792773,10.6084
403512,15.70876,73.80989,158.2838
403513,15.669699,73.855556,67.7863
403515,15.510853,73.771543,8.0045
403516,15.551672,73.767824,17.4561
403517,15.629913,73.785422,24.6536
403521,15.518093,73.835108,8.4526
403523,15.568855,73.85959,7.7279
403524,15.70337,73.714596,26.7857
403526,15.609184,73.825407,4.4977
403527,15.665132,73.736922,21.9643
403529,15.581642,73.95652,1.1908
403530,15.52537,74.077777,49.426
403601,15.279298,73.970788,21.0496
403602,15.314968,73.947358,11.9323
403701,15.180213,73.974198,4.1837
403702,15.010084,74.11159,343.6686
403703,15.12283,74.031883,206.4066
403704,15.171687,74.223194,447.9921
403705,15.153786,74.116488,194.4637
403706,15.294012,74.118321,126.6717
403707,15.246535,73.961484,10.3377
403708,15.282667,73.927946,10.8819
403709,15.275024,74.02719,44.2536
403710,15.38821,73.928436,22.328
403711,15.398534,73.838543,3.5004
403712,15.352814,73.897645,15.0722
403713,15.312114,73.915925,15.2427
403714,15.241852,74.043343,27.7477
403715,15.210194,73.985078,21.2386
403716,15.259009,73.935756,12.3172
403717,15.201101,73.953143,6.8467
403718,15.347326,73.976642,23.3869
403719,15.317266,74.004955,2.8086
403720,15.309074,73.983177,16.2832
403721,15.225757,73.938022,8.8017
403722,15.34815,73.935082,21.6765
403723,15.157661,73.968815,13.7283
403724,15.220621,73.951884,2.9196
403725,15.235478,73.981184,7.8458
403726,15.387248,73.884279,18.8391
403728,14.936261,74.078711,46.608
403729,15.256496,73.989281,4.0234
403731,15.176384,73.94754,8.8387
403801,15.382452,73.84147,10.526
403802,15.394806,73.819548,6.3103
403803,15.399278,73.799635,1.7276
403804,15.407002,73.792789,2.483
403806,15.369847,73.840864,5.3681
410101,19.063056,73.343348,180.8992
410102,18.989269,73.2714,12.5447
410201,18.984939,73.417813,541.024
410202,18.834094,73.290572,99.4216
410203,18.758267,73.290041,167.0387
410204,18.79821,73.362798,12.0661
410205,18.591359,73.274623,529.3233
410206,18.96562,73.056469,642.5695
410207,18.851711,73.156156,62.3929
410208,19.085888,73.097616,49.3014
410209,19.018582,73.101191,0.6084
410210,19.054564,73.066977,27.644
410216,18.80147,73.341415,1.5983
410218,19.03897,73.099647,12.193
410220,18.847735,73.213311,24.2653
410221,18.913502,73.141382,126.0966
410222,18.892285,73.18655,20.6608
410301,18.769228,73.57331,5.6084
410302,18.768665,73.373681,3.8705
410401,18.625636,73.384381,125.4591
410402,18.737845,73.384521,52.7879
410403,18.754886,73.439294,4.0118
410405,18.785126,73.486204,358.6711
410406,18.656555,73.481295,141.6387
410501,18.775366,73.836987,395.4356
410502,19.22084,73.789359,489.5212
410503,19.007366,73.93675,131.1516
410504,19.072975,74.066958,385.0048
410505,18.882958,73.941924,645.2116
410506,18.666205,73.633312,224.3554
410507,18.766141,73.703968,100.8506
410508,18.919017,74.059311,44.4484
410509,19.121884,73.64435,356.453
410510,18.885293,74.085948,30.7516
410511,19.217041,73.919032,16.9697
410512,18.942166,73.91485,68.3597
410513,18.953657,73.833026,73.8672
410515,19.070071,73.922504,94.6591
410516,19.089452,73.781155,57.9509
411001,18.525195,73.884123,15.4664
411002,18.512332,73.860455,2.3497
411003,18.566363,73.857601,9.7439
411004,18.517109,73.836549,4.2209
411005,18.536361,73.848973,5.1156
411006,18.55308,73.87985,14.4596
411007,18.55494,73.821721,6.8617
411008,18.533488,73.806291,7.9
411009,18.486309,73.846587,6.6071
411011,18.521748,73.864106,1.8044
411012,18.580217,73.829316,1.6577
411013,18.491709,73.92401,15.9712
411014,18.557529,73.925348,25.8003
411015,18.602477,73.881288,28.2652
411016,18.529094,73.828895,4.395
411017,18.612065,73.794369,8.8047
411018,18.637875,73.815815,11.3658
411019,18.651959,73.799002,10.094
411020,18.558283,73.83734,5.2106
411021,18.536266,73.768839,31.6501
411022,18.501354,73.907841,2.3388
411023,18.435451,73.7086,104.0303
411024,18.446162,73.781582,2.0856
411025,18.3803,73.745189,111.4682
411026,18.625569,73.836675,16.8107
411027,18.587191,73.80468,14.508
411028,18.507365,73.927999,4.0958
411030,18.504341,73.843343,5.3696
411031,18.591643,73.848144,9.5461
411032,18.581614,73.920801,8.79
411033,18.626813,73.749842,27.4439
411034,18.601502,73.82295,3.8446
411035,18.643024,73.77217,8.6588
411036,18.52568,73.928201,18.6638
411037,18.479477,73.869102,11.7241
411038,18.507834,73.8079,14.7351
411039,18.627242,73.855775,4.8162
411040,18.498693,73.888705,3.3488
411041,18.438179,73.802875,28.4166
411042,18.503541,73.866219,2.6133
411043,18.465473,73.843201,6.8434
411044,18.660746,73.759953,11.2159
411045,18.567587,73.766972,18.1546
411046,18.433823,73.855764,37.1441
411047,18.602127,73.934053,25.2106
411048,18.457457,73.926464,28.9389
411051,18.476413,73.821028,3.2611
411052,18.490133,73.821161,3.9505
411053,18.536448,73.826867,0.5672
411057,18.591196,73.723871,48.4539
411058,18.488502,73.784773,16.2583
411060,18.463782,73.912357,5.084
411061,18.578368,73.802425,4.843
411062,18.683951,73.799478,30.778
411067,18.56063,73.802986,2.4839
411068,18.458486,73.792916,6.9677
412101,18.677694,73.728068,47.2813
412102,18.13621,74.235881,74.9687
412103,18.112284,74.394872,80.5161
412104,18.383657,74.213613,203.0379
412105,18.666817,73.913375,159.4623
412106,18.857458,73.567007,352.7362
412107,18.359223,73.57103,182.8401
412108,18.519154,73.52329,522.1039
412109,18.734995,73.757315,35.044
412110,18.501473,74.075848,40.1003
412112,18.404856,73.46335,230.9295
412115,18.541962,73.665639,200.8847
412201,18.456771,74.038254,83.1512
412202,18.4636,74.145801,163.0428
412203,18.469709,74.36787,265.446
412204,18.316828,74.386044,174.833
412205,18.28279,73.906312,338.928
412206,18.135684,73.748748,670.3503
412207,18.571908,74.146859,357.6185
412208,18.687931,74.11981,308.892
412209,18.73871,74.232149,220.6961
412210,18.70721,74.414252,331.4184
412211,18.609814,74.402672,317.4422
412212,18.27416,73.535179,162.2482
412213,18.265751,73.751275,361.6393
412214,18.493406,74.263409,182.7248
412215,18.492321,74.430823,15.0066
412216,18.614623,74.069086,138.3073
412218,18.875089,74.195262,274.2585
412219,18.434827,74.455849,193.0769
412220,18.808797,74.274318,72.0775
412301,18.341201,74.00569,361.5944
412303,18.297999,74.185775,232.4556
412304,18.239985,74.303269,183.4653
412305,18.187586,74.170164,192.3715
412306,18.127083,74.316008,100.9198
412307,18.513395,73.96977,26.6964
412308,18.446519,73.967514,68.8297
412311,18.207037,74.055264,154.7872
412312,18.133322,74.106033,6.5276
412401,19.130241,73.917905,48.2994
412402,19.033843,73.648305,174.2825
412403,18.809915,74.06546,144.0983
412404,18.935986,73.766503,144.0122
412405,18.961326,73.971516,35.3802
412406,18.97473,74.070838,157.9809
412408,19.053428,73.826761,117.5802
412409,19.301048,73.914716,366.0696
412410,19.145517,74.201515,186.19
412411,19.17488,74.116655,128.8744
412412,19.173095,74.049774,90.8375
412801,18.123571,73.954503,126.6715
412802,18.057467,73.988096,193.1569
412803,17.977167,73.806107,427.3569
412804,17.918253,73.894923,23.5771
412805,17.906424,73.832997,45.985
412806,17.838392,73.685425,423.3
413001,17.671735,75.898976,4.4373
413002,17.726655,75.961388,518.529
413003,17.657679,75.91797,3.7683
413004,17.652185,75.873384,32.2017
413005,17.676866,75.942433,15.2537
413006,17.651288,75.990642,89.4119
413007,17.654656,75.905909,2.0793
413008,17.515314,75.88705,273.1521
413101,17.896409,74.972209,67.1229
413102,18.210464,74.556411,513.1267
413103,17.965155,75.007057,214.3043
413104,18.111588,74.707149,214.0196
413105,18.348752,74.789562,74.3113
413106,18.124026,75.031881,389.2526
413107,17.834716,74.917532,248.0436
413108,17.924489,75.103043,54.7454
413109,17.921392,74.743615,469.9812
413110,18.17654,74.427034,207.9811
413111,17.8381,74.811375,127.1119
413112,17.859705,75.132133,165.2997
413113,17.784734,75.037677,284.6394
413114,18.051235,74.841044,262.8513
413115,18.138653,74.510698,33.9783
413116,18.079558,74.504008,46.3901
413118,17.868092,75.021975,15.1534
413120,18.08624,74.913736,120.6751
413130,18.289868,74.689706,349.4709
413132,18.204972,74.85817,307.6235
413133,18.21386,74.633347,53.6396
413201,18.715842,75.298389,326.119
413202,18.237527,75.150904,503.5751
413203,18.389312,75.131336,893.5164
413204,18.66136,75.448659,367.9131
413205,18.593756,75.28292,287.4724
413206,18.288249,74.991092,130.7423
413207,18.899312,75.318628,238.4109
413208,18.068836,75.398262,348.5496
413209,18.025387,75.536904,298.2024
413210,18.047384,75.288678,151.6883
413211,17.99598,75.214977,331.7639
413212,18.007749,75.082055,93.3441
413213,17.80302,75.665229,449.2545
413214,17.910289,75.552967,134.4817
413215,17.51018,75.986096,203.8321
413216,17.531397,76.254096,493.4422
413217,17.452097,76.314399,93.8969
413218,17.643382,76.358648,112.3562
413219,17.391774,76.008597,261.3654
413220,17.359927,76.34624,90.5107
413221,17.498478,75.757595,420.3568
413222,17.875205,75.789073,432.7749
413223,18.170385,75.27079,136.6347
413224,17.61692,75.946608,25.9754
413225,17.615805,75.933575,2.1932
413226,17.637569,76.183908,195.4106
413227,17.394594,76.165136,131.3882
413228,17.58762,76.081836,209.0824
413229,18.937434,75.446115,51.773
413233,17.747341,75.523474,31.7222
413235,17.486172,76.109284,88.1417
413245,17.67358,75.661617,53.4431
413248,17.740889,75.555338,202.1023
413249,19.077466,75.447969,534.4374
413250,18.125659,75.523704,69.7409
413251,18.271928,75.312291,140.1058
413252,18.196666,75.38397,152.8784
413253,17.618577,75.671604,302.4692
413255,17.725196,75.807764,80.7807
413301,17.925433,75.391099,94.6864
413302,17.874563,75.259221,212.823
413303,17.831942,75.401097,87.0316
413304,17.680577,75.351903,992.5334
413305,17.500186,75.457003,518.7995
413306,17.583407,75.048452,420.9208
413307,17.392176,75.132242,485.355
413308,17.380337,75.037468,191.8444
413309,17.294182,75.234442,451.6048
413310,17.690386,75.010995,328.0843
413314,17.220687,74.936209,133.6804
413315,17.801992,75.253493,72.131
413317,17.540147,75.240658,245.497
413319,17.371706,75.528365,366.7211
413322,17.321263,75.39523,341.4808
413324,17.862218,75.478695,129.4694
413401,18.179958,75.728811,691.3757
413402,18.054931,75.814461,146.6587
413403,18.132661,75.761344,150.5946
413404,18.275784,75.87389,235.706
413405,18.339899,75.978149,151.5973
413406,18.041716,75.93648,192.8902
413409,18.35299,75.759111,162.6468
413410,17.981099,75.638719,107.3917
413411,18.234543,75.654607,35.7724
413412,18.023322,75.734989,73.4693
413501,18.162439,76.015334,137.395
413502,18.280231,75.519399,512.4926
413503,18.537835,75.79431,573.4335
413504,18.480849,75.597676,765.5498
413505,18.446236,75.395991,430.4613
413506,18.090415,76.221912,255.4924
413507,18.531493,75.991724,431.4837
413508,18.35872,76.06839,115.9088
413509,18.315764,76.215619,301.2296
413510,18.413006,76.260365,71.6887
413511,18.439862,76.356841,488.362
413512,18.420942,76.587832,84.1297
413513,18.524788,76.899356,251.4091
413514,18.646213,77.042012,354.175
413515,18.726423,76.901711,512.6295
413516,18.038826,76.602925,36.5236
413517,18.417857,77.093445,900.9262
413518,18.492186,76.999731,29.3692
413519,18.241289,77.02807,424.3247
413520,18.174192,76.492457,1247.9662
413521,18.100914,76.780995,498.9418
413522,18.066394,76.885997,294.4903
413523,18.690861,76.76001,178.8134
413524,18.443234,76.882788,68.5666
413525,18.406865,75.9309,187.8238
413526,18.645761,75.727021,112.9404
413527,18.541582,76.553114,417.7012
413528,18.490354,76.175776,383.6386
413529,18.560924,76.779009,173.7408
413530,18.21555,76.830316,127.2197
413531,18.3836,76.493711,657.7591
413532,18.569576,77.191421,268.929
413534,18.642609,75.595324,93.5619
413544,18.329028,76.840065,336.8792
413580,18.32622,76.128416,49.2447
413581,18.443051,76.766808,172.9517
413582,18.197723,76.105082,558.3237
413601,17.965587,76.144209,482.3346
413602,17.801814,76.31628,317.3526
413603,17.792724,76.158395,382.7188
413604,17.892891,76.456616,538.1911
413605,17.749815,76.472586,224.548
413606,17.861749,76.638951,662.0431
413607,17.948437,76.805697,242.8634
413608,17.997613,76.329121,278.8143
413623,17.910048,76.009239,269.2788
413624,17.938205,75.90824,211.5831
413701,18.608034,74.751225,412.6935
413702,18.727121,74.525894,465.5561
413703,18.844345,74.581714,256.0504
413704,19.309332,74.728965,182.6659
413705,19.384103,74.651522,479.6685
413706,19.411212,74.493418,255.1329
413707,19.749874,74.6572,89.8576
413708,19.820557,74.587631,22.6311
413709,19.65517,74.663228,60.3356
413710,19.558592,74.53457,34.215
413711,19.504146,74.500734,96.4745
413712,19.584257,74.519228,3.8894
413713,19.600087,74.467924,42.9309
413714,19.601859,74.365547,234.5412
413715,19.551575,74.619858,151.3911
413716,19.469489,74.638728,77.713
413717,19.564596,74.712023,4.5958
413718,19.681437,74.733625,70.3849
413719,19.686919,74.523198,56.3652
413720,19.615452,74.615159,22.5475
413721,19.524504,74.718285,122.545
413722,19.297296,74.635802,9.8329
413723,19.689857,74.603867,117.3193
413725,19.585688,74.830079,171.3008
413726,18.589372,74.613209,92.4067
413728,18.773769,74.695052,303.4485
413736,19.551093,74.449927,43.6293
413737,19.611366,74.554501,53.2345
413738,19.465659,74.384083,186.5697
413739,19.618098,74.735435,100.5407
413801,18.430354,74.629912,298.9881
413802,18.36819,74.522161,71.0551
414001,19.078953,74.732703,35.8589
414002,19.115788,74.843512,243.8263
414003,19.137208,74.739963,25.0967
414005,19.004294,74.648209,313.2237
414006,18.942998,74.779004,268.5312
414101,18.808819,74.816812,306.9231
414102,19.143427,75.232784,680.7838
414103,19.132806,74.535606,352.524
414105,19.409147,74.816228,102.863
414106,19.185143,74.997153,344.7954
414110,19.045456,74.764288,14.4024
414111,19.201706,74.643614,298.3609
414113,19.142867,75.402234,143.3349
414201,19.020293,74.875667,171.4653
414202,18.960318,75.008431,841.4794
414203,18.851227,75.204937,564.7727
414204,18.836288,75.512489,605.7658
414205,19.012489,75.591339,351.2693
414208,18.851287,75.125112,238.4828
414301,18.941298,74.513392,210.385
414302,18.970277,74.414722,330.5572
414303,19.100422,74.37636,114.45
414304,19.230003,74.370219,632.3347
414305,19.075368,74.240598,117.9654
414306,18.937873,74.302828,205.858
414307,19.028305,74.310283,83.6522
414401,18.674411,75.030665,579.4501
414402,18.560393,74.969108,594.4543
414403,18.443687,74.856992,502.1724
414501,19.298727,75.007471,224.104
414502,19.386951,75.248371,775.5553
414503,19.358957,75.428074,228.1647
414504,19.278997,75.468693,106.6602
414505,19.25952,75.125809,140.0165
414601,19.21988,74.802406,233.165
414602,19.462665,74.928151,126.5448
414603,19.570292,75.016904,443.4271
414604,19.422994,75.072243,218.5426
414605,19.477394,75.044933,64.2826
414606,19.376447,74.943005,90.6296
414607,19.394594,74.875813,196.1213
414609,19.490478,74.963375,41.5385
414701,18.512127,74.612065,125.0426
415001,17.682174,74.012048,10.9218
415002,17.639163,73.975973,87.2734
415003,17.689815,74.061304,19.1539
415004,17.63841,74.080071,91.8505
415010,17.762937,74.134335,25.0776
415011,17.775,74.067064,130.6812
415012,17.810748,73.809304,225.5247
415013,17.635803,73.878932,260.707
415014,17.505166,73.947445,198.1748
415015,17.756447,73.993555,95.0105
415019,17.57411,74.12314,52.979
415020,17.793592,73.951101,44.4633
415021,17.815707,74.195698,115.4625
415022,17.733542,73.903022,91.2271
415023,17.716028,74.397318,31.6829
415101,16.922199,73.849679,746.8405
415102,17.451191,74.550917,73.9248
415103,17.238345,74.043184,101.2877
415104,17.197507,74.146698,28.2365
415105,17.322854,74.245837,69.1637
415106,17.424372,74.188878,204.4389
415107,17.499837,74.153382,27.2482
415108,17.181455,74.236836,59.6711
415109,17.417353,74.073375,144.892
415110,17.326255,74.199609,6.0738
415111,17.154592,74.057185,165.0796
415112,17.21534,73.92548,240.9915
415114,17.307813,74.085173,73.0236
415115,17.355272,74.177818,45.4112
415116,17.498214,74.241286,48.2316
415118,17.153074,74.109585,12.8582
415120,17.369969,74.063063,15.193
415122,17.240871,74.121448,24.0056
415124,17.269792,74.195962,140.3606
415202,17.932243,73.340974,50.6536
415203,17.977724,73.256603,255.9575
415205,17.352038,73.97847,100.2595
415206,17.385856,73.842218,481.5765
415207,17.404397,73.747822,336.2022
415208,17.964043,73.123672,134.17
415209,17.302899,74.028554,37.0526
415210,17.334329,73.85151,6.2696
415211,17.297733,73.950428,20.539
415212,17.295339,73.991771,17.7252
415213,18.065969,73.315194,44.5007
415214,18.040089,73.224805,35.6114
415301,17.428237,74.891667,392.7686
415302,17.144245,74.306013,51.9062
415303,17.191307,74.34439,113.0577
415304,17.322943,74.309978,175.5004
415305,17.289829,74.39514,220.1285
415306,17.307434,74.882889,201.9668
415307,17.23778,74.768627,137.9848
415308,17.353151,74.767325,194.0168
415309,17.338053,74.663409,160.7281
415310,17.390663,74.570551,85.5159
415311,17.272528,74.536154,553.1277
415312,17.452797,74.648448,117.3703
415313,17.124406,74.355153,8.8562
415315,17.535991,74.909873,154.7379
415401,16.969947,74.208946,61.9695
415402,17.006194,74.014067,18.0439
415403,16.994148,74.277982,71.402
415404,17.129202,74.211791,31.4275
415405,17.079024,73.972053,128.5768
415406,17.096946,74.20972,42.4273
415407,17.031965,74.187158,99.9366
415408,17.005246,74.081932,225.4055
415409,17.047429,74.286288,51.4995
415410,17.091575,74.127545,57.8119
415411,16.9278,74.285753,50.4105
415412,16.919844,74.169406,49.0453
415413,17.086267,74.336276,32.6147
415414,17.113256,74.279989,52.9594
415415,17.196462,73.793303,194.913
415416,16.930038,74.101438,13.0259
415417,16.91852,74.235591,21.8276
415418,16.928321,74.12587,18.7917
415501,17.703282,74.187102,300.823
415502,17.689375,74.30804,75.4171
415503,17.766807,74.32323,124.779
415504,17.831541,74.28625,74.688
415505,17.650353,74.357742,107.6003
415506,17.587397,74.461279,267.7824
415507,17.545914,74.548188,193.8637
415508,17.774098,74.551335,703.037
415509,17.597373,74.773661,684.8115
415510,17.537603,74.329137,89.1742
415511,17.574047,74.217599,186.0667
415512,17.465772,74.318267,127.3542
415513,17.856827,73.946836,46.3988
415514,17.842427,73.881913,86.1891
415515,17.898793,73.993967,67.0435
415516,17.973611,73.994567,46.3365
415517,17.571287,73.778018,47.9853
415518,17.531554,74.100255,62.312
415519,17.558723,74.031663,141.5771
415520,17.41223,73.991481,67.5995
415521,18.011909,74.174969,329.2246
415522,18.058657,74.349375,61.0106
415523,17.952664,74.489794,875.8692
415524,17.866941,74.143373,125.8193
415525,17.935991,74.069211,155.2834
415526,18.107311,74.076524,73.3041
415527,17.590855,74.354805,89.0647
415528,18.018181,74.294365,137.4122
415529,17.914576,73.948575,14.313
415530,17.843222,74.02107,40.8416
415536,17.993101,73.962685,33.9289
415537,17.914044,74.249305,89.9338
415538,17.434784,74.440817,167.0339
415539,17.18105,74.169868,76.5051
415540,17.64694,74.62959,233.8053
415601,17.427348,73.66763,41.3642
415602,17.436171,73.614232,44.0956
415603,17.485448,73.645743,70.0323
415604,17.536155,73.638767,238.8322
415605,17.527657,73.521224,136.977
415606,17.392186,73.564761,187.0798
415607,17.311375,73.614718,131.8701
415608,17.279323,73.491648,131.0476
415609,17.266182,73.570784,65.3402
415610,17.214279,73.640384,115.752
415611,17.179897,73.56128,198.3576
415612,16.982463,73.354869,214.7354
415613,17.273851,73.282735,71.0511
415614,17.26807,73.230442,31.0232
415615,17.160216,73.289583,47.7367
415616,16.878598,73.346305,157.5184
415617,17.094134,73.357074,53.51
415619,17.008302,73.436003,56.6695
415620,17.173188,73.356897,249.0793
415621,17.775926,73.464427,177.1732
415626,16.795557,73.351978,48.427
415628,17.537732,73.416498,102.9438
415629,17.058538,73.299695,12.8099
415634,17.54344,73.174851,39.9113
415637,17.12309,73.475513,50.3515
415639,17.056054,73.420713,113.8052
415640,17.842924,73.413438,81.2262
415641,17.324829,73.429258,170.8272
415643,16.783826,73.645324,138.0242
415701,17.430744,73.42558,117.8298
415702,17.479489,73.364091,98.5965
415703,17.427423,73.280469,197.2764
415704,17.441606,73.208617,3.348
415705,17.408348,73.198313,22.8946
415706,17.594678,73.213293,41.9405
415708,17.652707,73.496767,118.2804
415709,17.725515,73.384275,220.799
415710,17.738097,73.317045,35.8265
415711,17.652955,73.294465,186.9888
415712,17.769512,73.2128,463.3497
415713,17.789917,73.135247,65.3658
415714,17.865156,73.111833,43.7783
415715,17.758305,73.637698,176.4094
415716,17.854408,73.326297,78.2556
415717,17.910283,73.119319,72.7014
415718,17.643534,73.607299,226.1547
415719,17.549255,73.288649,110.2956
415720,17.693278,73.141449,25.3328
415722,17.59239,73.474255,42.8687
415724,17.509632,73.250529,80.3311
415726,17.28906,73.355304,131.1207
415727,17.614359,73.382396,62.4715
415728,17.349856,73.257894,56.5223
415729,17.384857,73.224903,13.0545
415730,17.789186,73.549914,155.6377
415801,16.979122,73.743007,168.4623
415802,16.927246,73.657982,89.3721
415803,16.974746,73.539379,144.7033
415804,17.07439,73.647078,461.075
415805,16.619377,73.375467,10.8378
415806,17.642093,73.75689,133.7468
415807,16.996842,73.582462,43.7834
416001,16.608153,74.141769,117.1739
416002,16.699686,74.23199,3.1178
416003,16.717703,74.246187,17.222
416004,16.675985,74.261367,11.9304
416005,16.695235,74.277047,12.2235
416006,16.748151,74.250636,11.0982
416007,16.666572,74.224378,5.6357
416008,16.689391,74.243814,5.8571
416010,16.689277,74.167745,42.486
416011,16.649921,74.153982,38.4239
416012,16.67852,74.215345,8.9386
416013,16.634359,74.225522,20.3817
416101,16.802354,74.505055,104.9949
416102,16.742181,74.537361,47.8857
416103,16.739871,74.623459,69.3848
416104,16.680473,74.634718,34.9139
416105,16.699819,74.665269,26.5955
416106,16.662422,74.595923,75.4227
416107,16.591983,74.582268,50.5169
416108,16.615338,74.626677,30.3115
416109,16.767275,74.407485,106.0672
416110,16.83633,74.386715,36.3874
416111,16.818661,74.435751,52.1305
416112,16.846009,74.283753,136.9421
416113,16.798857,74.195317,33.4509
416114,16.863126,74.154371,100.9811
416115,16.684472,74.466462,31.6302
416116,16.712756,74.443454,0.9286
416117,16.701295,74.449871,1.8891
416118,16.725263,74.363828,54.2252
416119,16.695169,74.310607,27.2169
416120,16.780816,74.612695,14.224
416121,16.69654,74.526772,42.5774
416122,16.762442,74.301995,85.6627
416127,16.872504,74.228338,23.1585
416130,16.655635,74.525832,24.404
416134,16.788206,74.579815,11.491
416138,16.691098,74.416668,44.2925
416143,16.651088,74.491865,13.8027
416144,16.77106,74.574654,2.5115
416146,16.721558,74.49141,6.2308
416201,16.796711,74.112573,98.2622
416202,16.655718,74.35384,65.1311
416203,16.624983,74.422708,48.6298
416204,16.656417,74.071853,61.731
416205,16.652115,74.015784,375.0858
416206,16.594711,73.912548,285.1468
416207,16.558062,74.194151,99.5942
416208,16.460142,74.130139,105.1158
416209,16.290434,74.1484,287.0102
416210,16.190824,73.99674,514.8426
416211,16.504214,74.04603,229.6825
416212,16.404514,73.934642,364.6007
416213,16.857112,74.032309,124.497
416214,17.01343,73.941007,216.9269
416215,16.86292,73.932258,57.7616
416216,16.56976,74.303142,76.197
416217,16.590897,74.35113,14.3905
416218,16.326342,74.271584,131.5951
416219,16.40664,74.202903,100.201
416220,16.228628,74.248114,121.481
416221,16.505776,74.187093,25.4797
416222,16.442616,74.317745,9.7197
416223,16.316722,74.076392,48.5966
416224,16.560965,74.097225,18.0184
416228,16.409175,74.103478,13.2281
416229,16.754074,74.17158,85.0341
416230,16.781691,74.026648,73.9362
416231,16.361102,74.044625,90.0775
416232,16.528318,74.244645,45.7159
416234,16.634413,74.27944,51.2881
416235,16.431218,74.275259,137.1915
416236,16.58639,74.380219,46.5956
416301,16.951309,74.398785,153.0899
416302,16.897733,74.357113,57.9411
416303,16.98678,74.478364,38.2144
416304,16.921528,74.589623,22.9076
416305,16.900681,74.508812,27.018
416306,16.942242,74.643688,78.8844
416307,16.980973,74.61033,27.9437
416308,17.063373,74.417978,61.6166
416309,17.130579,74.417831,65.0725
416310,17.098813,74.480511,85.674
416311,17.122349,74.785177,199.6358
416312,17.086644,74.615382,329.3679
416313,17.02762,74.371508,72.451
416314,17.148072,74.616771,114.9252
416315,16.877385,74.425567,31.1098
416316,17.0133,74.439233,23.2872
416317,17.16939,74.692741,29.6486
416319,17.046358,74.509454,27.9323
416320,17.006554,74.465578,3.7012
416321,17.186348,74.667024,24.3762
416401,16.800175,74.842012,141.8066
416402,17.009806,75.093393,256.0736
416403,17.125703,75.021737,310.9224
416404,17.078102,75.238754,983.2228
416405,17.053706,74.908202,320.3097
416406,16.89049,74.589414,2.548
416407,16.872136,74.719308,73.579
416408,17.029044,74.714119,111.6448
416409,16.753782,74.718173,69.5282
416410,16.87157,74.820097,282.8566
416411,16.974838,74.958658,97.9884
416412,17.05591,75.496257,443.9269
416413,17.161107,75.544883,597.6064
416414,16.853593,74.614943,4.9022
416415,16.853679,74.601837,3.5192
416416,16.898457,74.546303,171.2829
416417,16.883405,74.466286,28.5899
416418,16.89754,74.909667,63.6624
416419,17.017119,74.79396,85.6344
416420,16.94867,74.694535,35.1068
416421,16.799006,74.738066,33.5151
416422,16.944471,74.736615,28.6184
416423,16.94492,74.550217,16.5177
416425,16.880208,74.610187,8.0353
416426,16.896843,74.787912,29.5756
416428,16.860431,74.859813,23.4163
416429,16.951405,75.185392,72.3529
416436,16.875973,74.630115,7.326
416437,16.84468,74.67849,3.4487
416501,16.242193,74.427864,80.4654
416502,16.207259,74.362406,102.6816
416503,16.116079,74.333231,109.9221
416504,16.043576,74.317752,111.7258
416505,16.096866,74.155916,393.7181
416506,16.148274,74.44277,110.7516
416507,15.889089,74.341091,197.6987
416508,16.001251,74.400147,124.2702
416509,15.908549,74.186526,576.1139
416510,15.900185,73.886598,483.079
416511,15.814804,73.914088,305.3235
416512,15.682315,74.035507,214.6072
416513,15.744431,73.736115,22.046
416514,15.765797,73.80149,50.4537
416515,15.853577,73.688274,20.5625
416516,15.887123,73.66414,129.1902
416517,15.748076,73.679886,19.3826
416518,15.789589,73.68839,41.1422
416519,16.037573,73.862623,275.9243
416520,16.014237,73.711103,218.3933
416521,16.132084,73.787603,94.2449
416522,15.942488,73.575343,48.6907
416523,15.982689,73.537681,57.6732
416524,15.994255,73.596339,25.4944
416525,15.999795,73.640036,26.6769
416526,16.179406,74.299439,40.2896
416527,15.810899,74.196834,58.8167
416528,15.982264,73.686047,11.6303
416529,15.846799,73.724676,35.3087
416530,15.722152,74.048657,25.8033
416531,15.997822,73.945759,112.7023
416532,15.995366,74.037397,70.4969
416534,16.100043,73.666414,33.5563
416536,16.237082,74.31287,19.9408
416538,15.797379,73.710248,10.9715
416541,15.871971,73.841144,12.3199
416549,15.784365,74.089414,194.1162
416550,15.995651,73.662569,3.1193
416551,16.207465,74.428438,18.488
416552,15.912784,74.263607,90.7824
416601,16.384664,73.802538,91.8314
416602,16.293803,73.704181,406.2033
416603,16.147768,73.648496,57.7687
416604,16.091062,73.604632,89.7375
416605,16.041778,73.573041,55.5792
416606,16.080216,73.508065,129.724
416608,16.168205,73.529055,74.2008
416609,16.253091,73.863397,169.4226
416610,16.367361,73.590345,128.889
416611,16.359909,73.515327,176.3478
416612,16.36855,73.423309,88.5531
416613,16.444818,73.484521,22.8647
416614,16.202534,73.479861,69.5304
416615,16.301425,73.422915,16.0012
416616,16.243314,73.579103,138.5651
416620,16.222033,73.779472,59.96
416622,16.169596,73.599842,20.6233
416623,16.431271,73.449378,20.2757
416626,16.13621,73.46504,9.2187
416628,16.168797,73.738663,42.1837
416630,16.273261,73.453627,89.8999
416632,16.175089,73.867454,77.5887
416701,16.83501,73.599866,334.2168
416702,16.611255,73.493912,622.8307
416703,16.537315,73.628757,76.3276
416704,16.687838,73.736129,410.5888
416705,16.725314,73.570501,117.6862
416707,16.705555,73.348085,110.0708
416709,16.533497,73.382903,29.8763
416712,16.866045,73.4794,267.2049
416713,16.740354,73.466693,57.4728
416801,16.449265,73.664018,135.3825
416803,16.492043,73.491148,22.0363
416804,16.483251,73.412698,55.1919
416805,16.439617,73.389548,63.6496
416806,16.518082,73.337952,29.8697
416807,16.499121,73.401025,4.8977
416810,16.473526,73.781067,238.8611
416811,16.475737,73.56782,96.2311
416812,16.10021,73.704359,45.8143
416813,16.573965,73.76121,188.687
421001,19.246846,73.166307,2.338
421002,19.231391,73.164983,7.9445
421004,19.213195,73.158046,4.653
421005,19.197353,73.160221,6.0454
421101,19.362481,73.189284,16.9272
421102,19.267085,73.186441,17.4848
421103,19.281128,73.260507,160.292
421201,19.1969,73.080985,18.1159
421202,19.222077,73.075675,11.0317
421203,19.186716,73.104672,19.6289
421204,19.158505,73.081221,10.6137
421301,19.252064,73.127769,28.1375
421302,19.373778,73.096832,742.4669
421303,19.684921,73.156217,684.7229
421305,19.280467,73.156702,10.6417
421306,19.21155,73.134645,18.5395
421308,19.299239,73.055175,4.867
421311,19.253251,73.093935,16.867
421312,19.561272,73.06445,262.9096
421401,19.238029,73.459834,647.0788
421402,19.346888,73.66458,379.8036
421403,19.387884,73.486933,218.9999
421501,19.152782,73.153633,89.875
421502,19.225492,73.183753,5.8352
421503,19.163666,73.243971,37.386
421504,19.144652,73.293573,202.4525
421505,19.207565,73.217523,25.1838
421506,19.17232,73.201057,12.7739
421601,19.489409,73.414977,1134.6196
421602,19.633222,73.450373,405.7316
421603,19.405376,73.540225,11.1718
421604,19.397718,73.260613,17.8669
421605,19.315327,73.212815,43.1492
422001,19.9997,73.791256,2.8165
422002,19.999221,73.77778,3.7007
422003,20.137302,73.730727,406.346
422004,20.102167,73.807582,100.259
422005,20.004186,73.760653,7.0501
422006,19.979392,73.816119,8.9014
422007,19.999202,73.727561,17.7551
422008,19.981932,73.756301,5.2671
422009,19.969775,73.77176,10.8598
422010,19.92615,73.702832,112.4597
422011,19.990976,73.803895,5.8789
422012,19.99004,73.699175,13.7839
422013,20.018783,73.735134,7.7728
422101,19.958056,73.831258,12.3069
422102,19.923809,73.948033,161.2271
422103,19.81816,74.028711,634.3141
422104,19.839019,74.290651,215.3391
422105,19.967,73.886587,57.7675
422112,19.835725,74.062278,26.6513
422113,19.880703,73.972991,9.8773
422201,20.024816,73.944801,125.5693
422202,20.30259,73.733678,652.7653
422203,20.07037,73.586585,316.6687
422204,20.116927,73.362398,383.0457
422205,20.234351,73.940552,109.9501
422206,20.125619,73.90684,166.9471
422207,20.08579,73.943584,27.9036
422208,20.256562,73.517233,636.6501
422209,20.171844,74.012968,113.9049
422210,19.967728,74.118039,296.3167
422211,20.517751,73.585236,996.5033
422212,19.9301,73.507016,504.2847
422213,19.972059,73.661198,58.6418
422214,19.793068,73.51919,30.8079
422215,20.352695,73.858316,246.9084
422221,20.115426,73.920082,16.3687
422222,20.035705,73.701166,33.7392
422301,20.08016,74.056031,22.2624
422302,20.081572,74.000949,63.5313
422303,20.062909,74.143155,212.4074
422304,20.161521,74.151054,60.7328
422305,20.041285,74.25193,175.964
422306,20.149491,74.255985,135.8243
422308,20.154301,74.095449,44.7742
422401,19.859272,73.786838,203.0264
422402,19.741207,73.588272,412.5186
422403,19.739196,73.710657,508.1582
422501,19.952758,73.798045,19.3347
422502,19.83791,73.861879,104.9042
422601,19.637779,73.885424,278.1272
422602,19.277959,74.11998,163.2822
422603,19.507569,74.123951,221.8875
422604,19.520665,73.79026,629.4528
422605,19.559645,74.231105,379.2479
422606,19.741482,74.112656,351.6584
422608,19.551363,74.204054,4.7941
422610,19.475456,73.997448,754.3696
422611,19.700545,74.245299,214.0747
422614,19.588551,74.277822,16.7187
422620,19.356333,74.177929,265.0524
422622,19.382865,74.294094,263.1826
423101,20.290372,74.209149,428.999
423102,20.433775,74.188948,353.3216
423104,20.266932,74.426389,650.1662
423105,20.564194,74.504613,429.9618
423106,20.305575,74.713462,842.5503
423107,19.703099,74.477715,241.7679
423108,20.625108,74.353681,117.415
423109,19.782056,74.470839,75.2157
423110,20.405511,74.354023,135.0693
423111,20.221239,74.073727,43.9627
423117,20.290525,74.050217,278.2099
423201,20.555257,74.401123,36.9642
423202,20.590526,74.425583,25.3639
423203,20.633973,74.589772,351.8277
423204,20.743686,74.306714,332.3462
423205,20.734328,74.602094,328.3769
423206,20.707707,74.432693,262.9166
423208,20.440462,74.440836,273.2082
423212,20.449088,74.587439,291.4695
423213,20.542442,74.319115,124.2282
423301,20.594864,74.163637,527.816
423302,20.752867,74.057058,644.197
423303,20.798027,74.23196,125.8243
423401,20.062752,74.404735,491.5216
423402,20.025205,74.636489,281.5428
423403,20.131018,74.591189,349.4425
423501,20.471676,74.001977,514.222
423502,20.570623,73.875424,510.3519
423601,19.871633,74.472482,382.5089
423602,19.914585,74.365349,105.2648
423603,19.913457,74.593051,168.5673
423604,19.94377,74.28732,38.8864
423605,19.741975,74.358828,111.6562
423607,19.960417,74.330799,21.3238
423701,19.812104,74.765582,717.3213
423702,19.875296,75.037628,423.8025
423703,19.945065,74.878266,298.8449
424001,20.887912,74.755359,29.1388
424002,20.91886,74.718257,305.0718
424004,20.891243,74.79118,18.9436
424005,20.951612,74.786249,64.0714
424006,20.769135,74.712493,243.9794
424101,20.420298,75.01717,481.6787
424102,20.49158,75.106603,120.5917
424103,20.328417,74.900958,66.8729
424104,20.544459,75.197405,147.4333
424105,20.671101,75.177145,546.344
424106,20.617314,74.918098,239.0222
424107,20.605571,75.007195,98.4922
424108,20.412872,74.883845,143.1151
424109,20.320357,74.795677,165.3232
424116,20.495493,74.902756,128.6641
424119,20.524202,74.820892,109.1825
424201,20.630383,75.357643,321.4335
424202,20.672468,75.467545,173.9476
424203,20.593601,75.482503,85.8849
424204,20.68163,75.583178,215.1993
424205,20.681034,75.714303,153.2392
424206,20.780986,75.822937,707.1403
424207,20.631624,75.819085,150.3119
424208,20.654799,75.943026,99.7799
424209,20.597467,75.908714,47.8004
424301,20.861348,74.888308,204.3541
424302,20.883045,74.554187,235.2389
424303,20.960771,74.514753,117.767
424304,21.056679,74.135232,1076.5455
424305,21.147347,74.282703,440.5079
424306,20.948405,74.046087,793.0196
424307,21.030751,74.716965,416.135
424308,20.708067,74.851648,279.3496
424309,21.096364,74.828451,80.9936
424310,20.891973,74.333104,360.4968
424311,20.787549,74.867378,198.8947
424318,20.962292,74.888443,121.1972
425001,21.061295,75.580034,91.323
425002,21.02839,75.530499,317.013
425003,20.929301,75.632895,140.7058
425004,21.003458,75.490083,2.9992
425101,21.0424,75.616172,40.5144
425102,21.071717,75.67117,76.2514
425103,21.053987,75.435303,216.7293
425104,21.03906,75.344908,98.161
425105,21.010821,75.258567,175.4923
425106,21.127673,75.254755,38.7784
425107,21.301235,75.339924,826.4537
425108,21.247251,75.153297,209.3056
425109,20.901933,75.38114,438.7523
425110,20.809667,75.304078,135.5939
425111,20.860309,75.147248,548.8678
425112,20.76508,75.043505,216.093
425113,20.92201,75.026134,143.4244
425114,20.831643,75.649211,227.9796
425115,20.773827,75.462344,142.875
425116,20.8495,75.516138,155.1446
425120,21.10034,75.504085,17.2835
425121,21.099671,75.287674,65.6921
425124,21.236321,75.175,32.1111
425127,20.999959,76.290819,18.2816
425135,20.988575,75.57511,2.7586
425201,21.003411,75.815258,166.2172
425203,21.055858,75.810283,14.9091
425208,20.691067,75.93042,17.0789
425301,21.229997,75.699127,275.7158
425302,21.185665,75.598908,180.6174
425303,21.228608,75.464152,220.9678
425304,21.122648,75.747762,85.3447
425305,20.997391,75.906601,128.0449
425306,21.048202,76.154784,686.4741
425307,21.041999,75.871283,39.4464
425308,21.040649,75.958077,45.7927
425309,20.990836,75.666521,98.069
425310,20.888126,75.979246,441.0836
425311,20.960547,75.793548,114.1644
425318,21.310021,75.602226,200.4083
425324,21.198547,76.149975,27.0147
425326,21.19367,75.754113,11.3599
425327,20.988648,76.269405,24.7949
425336,21.142589,75.197422,37.2687
425401,21.032127,75.043451,536.3689
425402,21.135751,74.977689,208.5558
425403,21.205841,74.914207,88.7575
425404,21.190714,74.826901,211.3428
425405,21.389886,74.983089,830.6325
425406,21.288734,74.73123,318.136
425407,21.154891,74.647412,372.3392
425408,21.294315,74.541247,573.7094
425409,21.570248,74.479543,464.075
425410,21.453847,74.520924,92.7637
425411,21.330896,74.403531,407.5515
425412,21.373447,74.194934,898.0025
425413,21.608542,74.157847,333.2316
425414,21.831327,74.274492,1578.8899
425415,21.636364,74.00848,223.2153
425416,21.272507,74.054366,290.5151
425417,21.206688,73.910879,124.2282
425418,21.119719,73.82376,472.6509
425419,21.593406,73.896155,303.9437
425420,21.133032,75.117433,134.6163
425421,21.260278,75.008755,228.4285
425422,21.512298,74.377681,66.0459
425423,21.452353,74.632922,143.2508
425424,21.589191,74.557447,69.7111
425426,21.177606,73.998595,185.2927
425427,21.417146,74.767005,205.9469
425428,21.530607,74.862813,310.8094
425432,21.685051,74.448487,225.1944
425434,21.214805,75.235407,51.0756
425442,21.631046,74.298715,200.9022
425444,21.564277,74.676712,323.6212
425452,21.791735,73.950563,452.1947
425501,21.092091,75.856748,93.3174
425502,21.136484,75.918493,73.8017
425503,21.307677,75.770979,196.9228
425504,21.237647,75.920379,82.716
425505,21.206374,75.922452,28.5233
425506,21.163518,75.951141,33.9318
425507,21.142113,76.004771,73.584
425508,21.302034,75.981701,628.7752
425509,21.156273,76.039968,21.7897
425510,21.158547,75.805989,21.2261
425511,21.202871,75.841522,24.672
425515,21.211245,75.785895,27.9376
425519,21.114906,75.797483,14.2874
425523,21.202918,75.981685,33.403
425524,21.155492,75.848778,47.3913
431001,19.879963,75.335535,12.5138
431002,19.920866,75.193593,254.2681
431003,19.882704,75.3608,17.8661
431004,19.905975,75.319352,13.3435
431005,19.816408,75.317123,80.5886
431006,19.883623,75.400168,28.8604
431007,19.833627,75.522577,700.7254
431008,19.981353,75.3969,364.0121
431009,19.862708,75.356284,3.8757
431010,19.847309,75.299778,5.9204
431011,19.826175,75.291065,8.0722
431101,20.004054,75.245393,126.175
431102,20.072386,75.17827,282.9384
431103,20.231563,75.088285,873.179
431104,20.290213,75.334162,333.7385
431105,19.659221,75.327575,590.1822
431106,19.51545,75.365447,29.065
431107,19.498985,75.48442,401.6497
431109,19.748965,74.97902,315.7915
431110,19.660159,75.039353,233.2312
431111,20.093668,75.44299,298.3161
431112,20.438586,75.645886,580.2626
431113,20.411979,75.502659,272.0304
431114,20.230486,75.80826,1098.7267
431115,20.044297,75.003675,305.7781
431116,20.090742,74.804426,569.9883
431117,20.519334,75.737772,50.8973
431118,20.588323,75.698052,372.7029
431119,19.92206,75.358326,15.2732
431120,20.559902,75.558599,129.2213
431121,19.639136,75.614319,630.6168
431122,19.006622,75.726367,64.1018
431123,18.730992,76.016157,916.0687
431124,18.84227,76.151444,315.3504
431125,18.816381,75.805132,163.0993
431126,18.731671,75.735348,440.8586
431127,19.299176,75.785788,538.8686
431128,19.001614,76.302196,566.0447
431129,19.213144,76.001711,511.4081
431130,19.286838,75.563593,365.7761
431131,19.15579,76.225475,537.9618
431132,20.478,75.868845,258.3428
431133,19.732796,75.177841,383.3654
431134,20.100342,75.600725,236.3879
431135,20.265073,75.596207,305.1109
431136,19.842215,75.216058,28.4507
431137,19.434865,75.563798,133.0425
431142,19.207553,76.169226,56.8814
431143,19.164191,75.725345,439.3761
431144,18.971551,76.051581,499.1702
431146,20.451876,75.173996,18.5805
431147,20.386271,75.309284,349.5865
431148,19.54675,75.364888,121.9965
431150,20.501289,75.31283,367.7143
431151,20.210902,75.464592,309.3683
431152,20.142347,75.291473,204.7829
431153,18.994534,75.836225,1047.3407
431154,19.901909,75.49464,139.7944
431202,19.9186,75.74875,884.0487
431203,19.865027,75.907336,106.673
431204,19.644743,75.812706,433.2271
431205,19.491503,75.746077,284.502
431206,20.246345,76.035686,515.1961
431207,19.608093,76.118762,156.8529
431208,20.092904,75.993971,315.2232
431209,19.533978,75.994412,762.4621
431211,19.359594,76.02841,322.2462
431212,19.411283,75.763601,264.6989
431213,19.805537,76.0428,1172.7553
431214,19.838532,76.077523,72.6948
431215,20.11426,78.892949,26.283
431401,19.276239,76.772118,61.446
431402,19.199025,76.837318,722.2836
431501,19.550162,76.231714,530.678
431502,19.531017,76.334254,88.5887
431503,19.465546,76.472332,697.331
431504,19.74232,76.386476,889.5722
431505,19.320225,76.542811,400.3607
431506,19.253557,76.366458,518.2271
431507,19.363175,76.196054,249.6497
431508,19.474494,76.697634,220.5177
431509,19.605412,76.711804,1183.6677
431510,19.734971,76.674862,268.4702
431511,19.18507,77.048663,530.2882
431512,19.367055,77.152906,822.3329
431513,19.800322,77.14744,965.1517
431514,18.915756,76.738131,672.5123
431515,18.903778,76.384518,505.4546
431516,19.012183,76.557959,396.9297
431517,18.745505,76.286179,335.6314
431518,18.634573,76.204354,138.3384
431519,18.727804,76.542122,616.6369
431520,18.867252,76.517992,48.4897
431521,19.117183,76.693551,331.9219
431522,18.604927,76.64816,205.1305
431523,18.626674,76.363632,291.6765
431530,18.900437,76.469104,72.6276
431536,18.877827,76.892179,250.0806
431537,19.310781,76.651921,149.5871
431540,19.388345,76.790114,282.4484
431541,19.149359,76.526552,285.2182
431542,19.826965,76.776061,618.4366
431601,19.14126,77.31014,10.4626
431602,19.152322,77.234574,103.2654
431603,19.108671,77.344901,106.4249
431604,19.162673,77.344585,16.1145
431605,19.218141,77.257183,132.4907
431606,19.089129,77.247034,91.9585
431701,19.468577,77.368852,519.0909
431702,19.655097,77.30052,791.5693
431703,19.877201,76.983624,551.1987
431704,19.303404,77.378949,262.4751
431705,19.527007,77.026276,878.6992
431707,18.981891,77.310032,278.6294
431708,18.943533,77.100455,614.9468
431709,18.920525,77.539729,374.5904
431710,18.776186,77.670913,367.9175
431711,18.787678,77.783892,132.0384
431712,19.462028,77.59724,530.6932
431713,19.345102,77.604337,324.7799
431714,18.830207,77.237754,430.5633
431715,18.621039,77.389426,770.3576
431716,18.667923,77.234019,112.1506
431717,18.583959,77.559015,278.1005
431718,18.445325,77.487658,252.9779
431719,18.444906,77.288577,95.6627
431720,19.013601,76.972721,357.9709
431721,19.817106,77.990548,569.2323
431722,18.820018,77.463564,238.2254
431723,18.602815,77.688069,158.7187
431731,18.702459,77.724145,31.3608
431736,18.718445,77.582464,148.3707
431741,18.324635,77.468694,173.6904
431742,18.741004,77.14266,229.5426
431743,19.601934,77.545888,258.8225
431745,19.235201,77.464899,290.3279
431746,18.862341,77.355647,171.359
431750,19.292055,77.261796,29.6214
431801,19.200692,77.730616,668.4064
431802,19.397243,77.85307,540.8746
431803,19.351917,78.080045,519.9124
431804,19.678563,78.180186,402.2344
431805,19.808906,78.235797,525.1946
431806,19.094444,77.462318,429.3237
431807,19.038268,77.642494,477.1509
431808,18.943424,77.740392,179.363
431809,18.875399,77.839616,200.1407
431810,19.465074,78.159088,245.5334
431811,19.532263,78.240704,161.5722
440001,21.156917,79.068806,9.8116
440002,21.168786,79.124828,11.6315
440003,21.125778,79.089769,3.9677
440004,21.169478,79.091143,2.3112
440005,21.079743,79.055176,12.1456
440006,21.166112,79.051106,3.445
440007,21.159496,79.030439,6.6749
440008,21.15139,79.132568,7.2762
440009,21.13262,79.11493,6.2093
440010,21.135969,79.060027,7.9847
440012,21.137631,79.082354,3.4376
440013,21.178485,79.037873,21.3163
440014,21.186483,79.090237,2.6555
440015,21.108864,79.074713,4.9845
440016,21.095778,78.976461,16.9408
440017,21.168546,79.105654,2.7702
440018,21.147173,79.096132,4.0544
440019,21.084272,79.01736,17.098
440020,21.123764,79.066458,3.256
440021,21.13381,78.980412,10.4359
440022,21.114215,79.043536,5.8112
440023,21.104198,78.824014,332.998
440024,21.115262,79.113236,4.0334
440025,21.098634,79.063356,6.5006
440026,21.200623,79.104418,20.5655
440027,21.107436,79.093953,7.0561
440028,21.120929,78.989559,20.95
440030,21.187972,79.075446,4.5166
440032,21.143817,79.110088,1.9949
440033,21.138407,79.029413,11.9899
440034,21.095165,79.123076,16.3471
440035,21.143453,79.164681,41.7365
440036,21.109071,79.025261,6.8674
440037,21.084731,79.095789,4.7461
441001,21.219151,79.134259,49.6362
441002,21.212909,79.203437,30.6377
441003,21.208379,79.174466,19.1592
441009,21.156025,79.084954,0.273
441101,21.483499,78.985158,273.3262
441102,21.298136,79.152571,44.4452
441103,21.136665,78.651887,349.4935
441104,21.205735,79.409958,923.9684
441105,21.459069,79.140596,781.5222
441106,21.38749,79.377736,341.5387
441107,21.418688,78.839623,260.8375
441108,20.927906,79.025837,464.5782
441109,21.274746,79.122831,22.1519
441110,20.995589,78.855603,436.772
441111,21.238034,79.072231,27.9847
441112,21.459099,78.901861,64.739
441113,21.326229,79.028378,165.9325
441114,20.997398,78.990644,19.8064
441115,20.770626,79.017814,32.8478
441117,21.347956,78.902421,34.968
441122,20.910159,78.922925,181.4092
441123,20.803312,79.298373,24.5828
441201,20.734537,79.39264,723.9798
441202,21.0147,79.336295,374.1872
441203,20.849138,79.203291,909.2964
441204,21.050907,79.146942,223.3118
441205,20.599253,79.687035,353.9581
441206,20.491057,79.85311,926.4044
441207,20.619079,80.022225,308.7083
441208,20.472573,80.022551,318.8243
441209,20.613608,80.377148,1762.7996
441210,20.963698,79.518895,602.2464
441212,20.152724,79.711917,172.1048
441214,20.683999,79.206036,141.0926
441215,20.239818,79.853807,405.4405
441217,20.419302,80.165112,315.3109
441221,20.465362,79.644267,477.4073
441222,20.252308,79.634896,467.6955
441223,20.316524,79.5285,280.7308
441224,20.033726,79.541821,981.8964
441225,20.077119,79.86555,438.1512
441226,19.93779,79.731335,127.3111
441227,20.096977,79.911609,20.2901
441301,21.327915,78.351429,181.9701
441302,21.278295,78.637718,683.6649
441303,21.469668,78.450715,23.0699
441304,21.449122,78.529563,243.9231
441305,21.31912,78.464213,243.1777
441306,21.430026,78.665067,140.6933
441401,21.571082,79.34491,824.0137
441404,21.248504,79.255809,131.331
441406,21.395883,79.249362,44.7105
441408,21.63266,79.364418,71.1536
441409,21.484963,79.348174,79.8728
441501,21.228639,78.925285,410.8235
441502,21.327269,78.812055,198.9764
441504,21.307264,79.098178,19.8487
441601,21.53042,80.246554,292.607
441603,21.431333,80.055974,80.769
441604,21.511083,80.04985,9.0403
441613,21.435037,80.2432,10.3834
441614,21.495315,80.161977,357.0527
441701,20.79394,80.008966,412.8579
441702,20.832205,80.166779,811.3926
441801,21.304522,80.205253,556.8445
441802,21.106413,79.97934,668.0985
441803,20.747788,79.851515,314.8729
441804,21.101211,79.847215,172.7617
441805,20.852455,79.865905,182.0475
441806,21.058385,80.115393,124.0329
441807,21.140922,80.1732,645.7888
441808,20.962319,79.976745,9.572
441809,20.96912,79.861921,309.4968
441811,20.896683,79.862876,17.7253
441901,20.976407,80.375009,1138.1553
441902,21.364837,80.364822,431.9399
441903,20.916082,79.694308,160.1321
441904,21.182568,79.649597,46.8107
441905,21.234299,79.729961,384.6329
441906,21.144791,79.575098,169.4363
441907,21.555485,79.715109,70.4438
441908,20.860889,79.713684,80.7549
441909,21.316002,79.624793,135.4017
441910,20.75885,79.647187,469.4173
441911,21.380157,79.954466,687.122
441912,21.463959,79.624167,527.8053
441913,21.338263,79.7516,87.7802
441914,21.381473,79.603439,146.4256
441915,21.478547,79.825051,287.2346
441916,21.287364,80.528649,460.3055
441917,21.277212,79.810638,14.996
441918,21.582059,79.75482,9.5516
441919,21.331769,79.919723,14.7893
441920,21.565447,79.782059,22.6714
441923,21.319291,79.871596,45.1318
441924,21.065621,79.704264,414.8902
442001,20.740952,78.527472,548.5647
442002,20.750438,78.69016,6.3235
442003,20.756314,78.62462,13.38
442005,20.751444,78.600203,0.2966
442006,20.732137,78.628982,8.0429
442101,20.57069,78.496746,647.0752
442102,20.692588,78.774042,257.8223
442103,20.866694,78.52706,25.8284
442104,20.885171,78.68069,683.2074
442105,20.826032,78.867113,72.3351
442106,20.925748,78.455769,366.7156
442107,20.730354,78.584267,24.3968
442108,20.615463,78.617017,125.2973
442110,20.778624,78.832742,61.8535
442111,20.786348,78.640982,30.8424
442201,21.000941,78.246565,464.0342
442202,21.234754,78.177331,555.0802
442203,21.11403,78.435421,822.7712
442204,21.139195,78.230214,37.1688
442207,21.042479,78.374482,79.5588
442301,20.5234,78.842249,408.6242
442302,20.806383,78.321991,272.9991
442303,20.714705,78.335777,46.8817
442304,20.572322,78.702226,169.3134
442305,20.61051,79.019552,1063.5053
442306,20.616605,78.310524,169.7947
442307,20.403815,78.747774,355.9937
442401,19.965548,79.302518,16.6691
442402,19.923795,79.250979,36.3138
442403,19.92693,79.365865,96.6356
442404,20.05935,79.325189,239.427
442406,20.003943,79.232014,59.7242
442501,20.128269,79.193501,93.6073
442502,19.970594,79.306851,0.5027
442503,20.142154,79.000145,31.2615
442504,18.879271,80.104946,1447.3273
442505,19.948794,79.171052,176.7421
442506,19.878525,79.625978,20.2253
442507,19.899687,79.303611,44.2245
442603,19.945122,79.924971,454.5002
442604,19.833815,80.044127,323.9613
442605,20.133255,80.085373,1173.2616
442606,20.239359,80.35438,2020.784
442701,19.847266,79.562843,614.4714
442702,19.666969,79.630828,824.7185
442703,19.460267,80.120562,479.9018
442704,19.715663,80.381043,2555.411
442705,19.396711,80.003465,349.1558
442706,19.834773,79.321885,28.3221
442707,19.75454,79.851807,558.6663
442709,19.151698,80.141653,1409.6753
442710,19.417369,80.553083,1983.3831
442901,19.866304,79.339931,1.1125
442902,20.104409,79.117682,382.5282
442903,20.526609,79.386142,1080.8637
442904,20.415141,79.463334,253.1186
442905,19.697144,79.363595,890.1714
442906,20.230612,79.288537,822.92
442907,20.351044,79.043402,941.7671
442908,19.640176,79.138239,836.8474
442910,20.311788,78.854711,42.8735
442912,20.400906,78.875144,47.5478
442914,20.291721,79.061526,116.1759
442916,19.734923,78.991082,366.2226
442917,19.830794,79.143767,102.6507
442918,19.937089,79.601017,77.8934
442919,19.669465,80.031752,941.1079
443001,20.38907,76.012714,294.9456
443002,20.48448,76.207617,802.2435
443101,20.846713,76.134098,356.9278
443102,20.773956,76.186858,358.2452
443103,20.645641,76.204183,366.1425
443104,20.633975,76.05804,150.074
443105,20.525001,76.118607,31.496
443106,20.606856,76.224176,42.6339
443112,20.962399,76.214157,159.1966
443201,20.16217,76.275576,90.7186
443202,20.155767,76.396845,241.3852
443203,19.965211,76.209192,460.5174
443204,20.033721,76.089629,266.9011
443206,20.084179,76.193599,204.5801
443209,20.029345,76.374419,41.9644
443301,20.256369,76.573533,976.1331
443302,19.971364,76.525037,662.6287
443303,20.230177,76.750811,200.5906
443304,20.286597,76.543513,88.1741
443305,20.160921,76.666272,57.9302
443306,20.192649,76.491261,45.5384
443307,20.095522,76.512634,42.2656
443308,19.956153,76.312004,164.9824
443401,20.907231,76.348669,94.9989
443402,21.054,76.436548,627.4638
443403,20.990347,76.430457,47.6065
443404,20.825741,76.419411,436.8159
443405,20.841801,76.311248,60.7609
443406,21.085963,76.494848,105.4487
444001,20.733058,76.997705,22.5498
444002,20.61246,76.968613,216.3802
444003,20.808637,77.112667,220.7027
444004,20.651277,77.014914,58.1373
444005,20.725002,77.043944,34.2132
444006,20.822793,76.97213,180.3607
444101,21.067443,77.077201,731.3315
444102,20.707967,77.20543,375.2092
444103,21.139098,76.869278,230.8785
444104,20.69,77.089949,80.6441
444105,20.507458,77.504484,707.6056
444106,20.778951,77.500035,300.7295
444107,20.724021,77.35782,565.3601
444108,20.982654,76.869315,388.6952
444109,20.75978,76.860153,239.8493
444110,20.64846,77.543901,262.195
444111,20.88544,77.096496,53.3443
444115,20.753841,77.584405,45.1703
444117,21.020983,76.988468,91.4921
444125,20.909142,76.974041,35.957
444126,21.107914,76.964472,108.9663
444129,21.096646,76.795932,20.2484
444201,20.96717,76.713792,204.6971
444202,21.033907,76.663934,78.4732
444203,20.805039,76.680944,431.0232
444204,21.158485,76.708781,380.2521
444301,20.32872,76.328312,970.1818
444302,20.656548,76.838116,242.5533
444303,20.591181,76.588009,1092.9897
444304,20.840729,76.57304,95.128
444306,20.646498,76.398937,316.0823
444307,20.456742,76.446373,15.0008
444309,20.793872,76.835785,30.6611
444311,20.859013,76.797955,196.7586
444312,20.783853,76.524856,109.8183
444401,20.544229,77.075352,346.1705
444402,20.388047,77.245471,250.8552
444403,20.311449,77.365064,504.7878
444404,20.20205,77.537387,877.564
444405,20.472539,77.161903,194.1442
444407,20.544708,77.269263,341.1421
444409,20.162683,77.342155,204.6852
444501,20.444764,76.962706,548.1811
444502,20.594017,76.864403,87.5354
444503,20.249726,76.992843,1101.2996
444504,20.086791,76.81886,238.1101
444505,20.104904,77.158482,778.4405
444506,19.985393,76.733152,506.3132
444507,20.006938,77.289891,244.0573
444510,20.02794,76.948888,180.984
444511,20.381597,76.856055,263.5403
444512,20.33576,76.933503,38.8759
444601,20.938128,77.761228,3.7433
444602,20.878427,77.581408,225.6512
444603,20.962857,77.770372,19.8357
444604,20.954016,77.736375,19.7317
444605,20.906659,77.696155,60.128
444606,20.923072,77.772196,11.3269
444607,20.88273,77.739587,52.6681
444609,20.979246,77.825556,39.6702
444701,20.748065,77.714765,529.125
444702,21.482271,76.945871,1609.5318
444704,21.214403,77.709331,347.1026
444705,21.166235,77.254535,380.2414
444706,20.958335,77.207413,250.3864
444707,21.198111,77.951647,333.5508
444708,20.656945,77.825896,461.0774
444709,20.792862,78.147496,520.9296
444710,20.679499,78.094262,43.8292
444711,20.826157,78.250347,110.2548
444713,21.09902,77.351505,10.6048
444717,21.327796,77.322748,332.9401
444718,21.197189,77.819321,53.0642
444719,21.459832,76.796089,177.7089
444720,21.347091,77.787923,129.2606
444721,20.906174,77.609101,9.374
444723,21.245452,77.613883,88.9845
444726,21.221988,77.933311,17.533
444728,20.974205,77.35452,547.7022
444801,21.03277,77.695577,503.6687
444802,20.981835,77.495688,143.891
444803,20.941284,77.310582,63.2518
444804,21.08987,77.533497,235.9737
444805,21.353071,77.514902,91.3812
444806,21.222012,77.50913,265.6407
444807,21.434346,77.27663,1260.8245
444808,21.237832,77.372441,274.0474
444809,21.330062,77.61021,132.4222
444810,21.337006,77.689213,73.257
444811,21.042252,77.459086,19.6948
444812,21.489981,78.18682,75.031
444813,21.534114,77.21549,1206.6391
444814,20.961677,77.451193,35.4257
444815,21.005074,77.559127,28.7462
444818,21.033724,77.327491,68.3219
444819,21.053109,77.183453,38.5564
444827,21.139968,77.584389,25.306
444901,21.070146,77.90488,283.334
444902,20.987805,78.013649,373.9135
444903,21.084667,78.085028,228.953
444904,20.803495,77.944346,785.2188
444905,21.318912,77.957745,455.9002
444906,21.436492,78.336283,355.003
444907,21.548978,78.32134,182.3354
444908,21.407909,78.169376,224.4732
444909,20.928243,78.051234,42.6779
444910,21.351391,77.901053,25.55
444911,21.50757,78.343281,38.0847
444913,21.359855,78.194859,30.5982
444914,21.411829,78.073448,27.7561
444915,21.121573,77.843459,16.6806
444921,21.12933,77.742144,52.4914
445001,20.467598,78.073368,210.927
445002,20.344955,78.204516,688.6687
445003,20.401562,78.15534,17.6786
445101,20.57333,78.167439,682.3466
445102,20.488951,77.847998,768.2232
445103,20.018432,77.980205,610.0286
445105,20.187045,78.021413,383.2397
445106,19.941188,78.135598,104.9601
445109,20.181279,78.138006,278.9813
445110,20.208199,77.860195,168.6933
445201,20.313188,77.909115,341.3118
445202,20.317688,77.702724,503.8745
445203,20.095022,77.757921,564.6716
445204,19.951447,77.663898,888.0055
445205,19.752178,77.74273,479.9266
445206,19.563235,77.738458,427.7479
445207,19.582398,78.008514,733.5298
445208,20.358097,77.899265,36.229
445209,19.752265,77.46126,175.0224
445210,20.425751,77.667544,82.0005
445211,19.701051,77.561298,117.4003
445213,19.678863,77.617722,13.3506
445215,19.884553,77.472997,762.3397
445216,19.912018,77.575386,14.7359
445230,19.680191,77.885537,187.4847
445301,20.10071,78.294593,875.9581
445302,20.035071,78.554007,689.1948
445303,20.133902,78.782439,682.1329
445304,19.960065,78.897403,1203.0097
445305,19.861765,78.599064,510.823
445306,19.945531,78.346172,319.8317
445307,19.860708,79.02779,254.2637
445308,20.235881,78.67746,280.8029
445319,19.791298,78.847781,30.0907
445323,20.256477,78.453973,440.9156
445401,20.450592,78.35528,344.9022
445402,20.367918,78.562745,507.0525
450001,21.832443,76.405846,782.316
450013,21.9399,76.395281,32.01
450051,21.696827,76.678092,298.8085
450052,21.765699,76.367665,13.9485
450110,22.130066,76.584065,56.319
450112,22.101452,76.47753,213.3644
450114,22.240826,76.319258,537.3656
450116,22.163667,76.680616,1755.7832
450117,21.819696,76.909443,2110.6321
450119,22.205508,76.50726,213.0044
450221,21.491675,76.472572,800.293
450331,21.382619,76.245612,1496.0858
450332,21.374265,76.623022,694.6047
450337,21.67358,76.31762,254.2933
450340,21.317868,76.144465,29.2881
450351,21.534482,76.129266,69.3208
450445,21.161343,76.291388,600.1533
450551,22.072885,76.271987,579.2292
450554,22.221328,76.103949,78.4057
450556,22.148581,76.374562,21.9383
450661,21.660134,76.185686,463.4519
450771,21.856105,76.20126,344.2662
450881,21.687848,76.53577,669.2098
450991,21.97832,76.477393,290.4346
451001,21.777968,75.58477,172.5795
451111,22.115268,76.08922,371.2018
451113,22.067871,75.908991,607.9415
451115,22.348469,76.059587,874.1402
451220,22.31234,75.827376,365.741
451221,22.257407,75.686841,237.1135
451224,22.264961,75.580864,279.1923
451225,22.211123,75.837364,166.4014
451228,22.053726,75.679336,802.3634
451331,21.892656,76.010972,706.6193
451332,21.603344,75.945816,1303.7329
451335,21.86307,75.765704,553.8431
451337,21.815139,75.869079,8.9851
451440,21.825583,75.483413,546.1213
451441,21.585801,75.604099,1836.4196
451442,21.87885,75.396835,131.6238
451443,21.753781,75.545878,5.0642
451444,21.638514,75.58004,64.2265
451447,21.875454,75.1193,629.8129
451449,21.83501,75.271557,563.8278
451551,21.90743,74.791444,1967.5881
451556,22.037974,75.159508,312.0421
451660,22.047547,75.42688,682.421
451661,21.834296,74.72222,189.9139
451666,21.558608,75.220033,1615.8521
451667,21.633629,74.916592,213.3934
451770,21.681661,74.758334,324.699
451881,21.7349,74.581596,212.5221
452001,22.706787,75.887064,13.7232
452002,22.712676,75.839834,6.7431
452003,22.741185,75.865223,6.0917
452005,22.752947,75.807515,32.4491
452006,22.713329,75.820075,4.62
452007,22.7084,75.857286,2.8424
452008,22.734008,75.883854,1.0396
452009,22.690103,75.838223,6.3526
452010,22.757512,75.897279,22.9857
452011,22.747255,75.885125,6.341
452012,22.661288,75.837171,17.6325
452013,22.682496,75.791167,26.6774
452014,22.691196,75.861402,4.1188
452015,22.747523,75.844927,3.6881
452016,22.708661,76.043588,383.3672
452018,22.720314,75.899356,3.5747
452020,22.606123,75.991239,480.2499
452021,22.71543,75.857417,0.3322
452022,22.72195,75.817107,1.0129
452023,22.724664,75.837028,1.2653
452024,22.703185,75.887616,0.2156
452025,22.737852,75.893777,0.5402
452026,22.698766,75.842884,0.3243
452027,22.730281,75.86564,0.4495
452028,22.731588,75.841895,1.3109
452029,22.719841,75.879688,0.4437
452030,22.723556,75.878206,0.4239
452031,22.721561,75.858716,0.3462
452032,22.737366,75.888977,0.346
452033,22.738329,75.856166,1.4992
452034,22.691434,75.87795,2.2782
452035,22.703403,75.890481,0.1881
452036,22.710298,75.850567,0.9531
452037,22.717891,75.874566,0.2598
452038,22.721454,75.864966,0.2777
452039,22.713607,75.886788,0.5161
452041,22.729306,75.856089,1.3033
452042,22.773988,75.84091,15.9949
452043,22.728602,75.877138,0.4721
452044,22.695097,75.887483,0.7562
452045,22.727615,75.861532,0.3056
452046,22.70491,75.857742,0.2932
453001,22.723533,75.600856,455.9896
453111,22.829246,75.75584,181.6154
453112,22.745234,75.768207,109.4934
453115,22.858013,75.576126,402.5356
453220,22.987799,75.573216,303.3261
453331,22.630042,75.81863,57.2146
453332,22.632975,75.756864,33.4898
453441,22.482906,75.840115,626.2912
453446,22.583114,75.816917,52.0993
453551,22.950074,75.802546,565.7706
453552,22.548866,75.923967,40.6591
453555,22.796344,75.847208,3.3855
453556,22.626802,75.791113,1.0694
453661,22.44015,75.653258,399.8708
453771,22.832339,75.937583,246.1138
454001,22.634442,75.332625,1402.3286
454010,22.424091,75.44602,660.6276
454111,22.752774,75.049819,586.2289
454116,22.648412,74.895308,443.6955
454129,22.595921,75.227409,38.9635
454221,22.410369,74.812973,685.5634
454331,22.176998,74.669212,920.7937
454335,22.143022,74.85081,413.9976
454345,22.169091,74.97375,40.7209
454350,22.344912,75.017462,20.1579
454365,22.101573,74.551977,60.3226
454441,22.49962,74.958061,742.8513
454446,22.297873,75.094173,1164.2104
454448,22.188951,75.183157,24.6631
454449,22.25733,75.268068,519.3622
454552,22.224477,75.431971,420.5397
454648,22.950594,75.039975,43.2129
454660,23.029479,75.174767,621.2299
454665,22.860648,75.216443,447.5645
454749,22.071241,74.858607,22.9652
454773,22.653656,75.49865,126.0399
454774,22.575834,75.5925,106.3469
454775,22.619772,75.648792,94.7665
455001,23.018002,76.046684,823.7376
455048,22.906738,75.99401,9.5027
455111,22.85181,76.047924,82.4182
455115,22.950437,76.243777,174.9238
455116,23.130426,76.235199,824.1708
455118,23.019829,76.406862,568.927
455220,22.9793,76.31822,25.7173
455221,22.766346,76.16208,256.3937
455223,22.849223,76.3615,288.3964
455227,22.569769,76.316303,1921.073
455311,22.682044,76.626977,42.3063
455332,22.724831,76.679342,628.9309
455336,22.666608,76.920198,1198.8755
455339,22.544132,76.980243,144.4362
455440,22.533205,76.53277,574.5847
455459,22.47731,76.702589,678.7394
456001,23.19752,75.782138,21.3696
456003,23.249764,75.733747,89.2312
456006,23.190685,75.728531,741.4539
456010,23.145804,75.810281,24.288
456011,23.177573,75.801969,2.2401
456012,23.178357,75.793141,1.008
456013,23.154007,75.804493,1.551
456015,23.179539,75.787236,0.2463
456016,23.181228,75.783216,0.1134
456018,23.168613,75.777664,5.4423
456019,23.151976,75.791626,4.0323
456020,23.160346,75.799888,0.3449
456221,23.366989,75.559165,327.0789
456222,23.149823,75.531464,455.5791
456224,23.472149,75.269253,477.5188
456313,23.310289,75.320609,360.3653
456331,23.424858,75.405139,35.8298
456335,23.499878,75.447006,347.5629
456337,23.294557,75.48476,329.7097
456440,23.590115,75.559519,191.6887
456441,23.633233,75.723731,515.4034
456443,23.47375,75.6952,387.5865
456550,23.423259,75.8524,590.5973
456661,23.188476,75.887451,195.0434
456664,23.077398,75.910971,166.1371
456665,23.278738,76.0306,390.8437
456668,23.489282,76.053085,517.7581
456770,23.348796,76.144452,328.1125
456771,23.000286,75.403609,549.9796
456776,23.175604,75.313529,205.0418
457001,23.290472,74.971435,1392.8875
457111,23.414603,75.10968,31.5223
457114,23.78458,75.524776,598.0711
457118,23.713812,75.345755,467.1279
457119,23.617634,75.442808,236.7926
457222,23.478264,75.083092,229.2151
457226,23.617612,75.136314,438.9998
457227,23.585976,75.257203,60.0069
457331,23.578569,74.948586,254.2236
457333,23.699003,74.978842,157.9598
457336,23.784896,75.236318,277.0905
457339,23.793703,75.087148,148.5604
457340,23.760851,75.014608,170.2137
457441,23.209029,75.190599,410.7495
457550,23.465403,74.817957,412.1372
457551,23.500536,74.83349,7.9212
457555,23.343526,74.66628,512.9343
457661,22.712205,74.630694,1153.3275
457769,23.229492,74.815345,30.2082
457770,23.072503,74.926113,406.4066
457772,23.144253,74.726023,220.5942
457773,23.004084,74.783839,310.6191
457775,22.859172,74.872709,789.4322
457777,23.038544,74.559148,695.8291
457779,22.923913,74.517601,460.0533
457882,22.546939,74.333531,405.0302
457885,22.49236,74.160073,257.5946
457887,22.266524,74.432376,641.6081
457888,22.087719,74.283987,1109.8689
457893,22.340963,74.247464,637.9216
457990,22.432867,74.583388,747.5431
457993,22.598791,74.505873,427.6876
458001,24.094654,75.069546,53.3343
458002,24.088698,75.025912,309.3984
458110,24.590015,75.175313,609.7669
458113,24.393052,75.199363,229.6765
458116,24.476904,75.295816,461.5352
458118,24.560703,75.446523,949.3253
458220,24.632183,75.012766,340.2534
458226,24.811759,75.04337,735.9138
458228,24.939554,75.244586,496.8348
458330,24.65209,74.855414,184.3759
458336,24.330992,74.898443,145.6419
458339,24.317553,74.965964,105.8361
458389,23.932692,75.363451,286.2969
458441,24.450531,74.911896,776.1475
458468,24.583261,74.778827,25.8065
458470,24.600458,74.81781,37.1376
458474,24.645456,74.824947,33.8015
458553,24.330121,75.071686,181.0694
458556,24.270512,75.220508,450.2448
458558,24.16992,75.327925,376.4519
458660,24.111476,75.286476,49.5762
458664,24.217159,74.994,259.3207
458667,23.955474,75.073085,338.1161
458669,23.870064,75.063763,290.2776
458771,24.698453,75.574217,21.1799
458775,24.585198,75.721746,1010.6208
458778,24.477954,75.839773,190.9828
458880,24.3487,75.613951,732.547
458883,24.223257,75.557795,651.6692
458888,24.076384,75.665125,561.9773
458895,24.027527,75.196813,412.8425
458990,24.046806,75.381017,453.2834
460001,21.887099,77.848282,547.5013
460004,21.851589,77.971197,386.1736
460005,22.067162,77.852918,23.5917
460110,21.562525,77.882978,862.6063
460220,21.602208,77.61119,1634.09
460225,21.799455,77.706475,331.0128
460330,22.014845,77.51569,2700.8678
460440,22.220297,77.972335,1546.6021
460443,22.084036,78.059759,18.9351
460447,22.151974,78.207039,188.7236
460449,22.138548,78.068488,412.6573
460550,21.992109,78.273091,12.2623
460551,21.949474,78.198595,309.6336
460553,21.954327,78.058718,199.1282
460554,22.021684,78.320247,227.3363
460557,21.782025,78.07754,318.2305
460661,21.803846,78.31848,635.8715
460663,21.87693,78.447917,283.4296
460665,21.633845,78.254318,385.1336
460666,21.727003,78.159955,186.3538
460668,21.544978,78.061854,533.0551
461001,22.685921,77.692351,350.8037
461005,22.729544,77.692174,21.6277
461110,22.666524,77.757799,41.7213
461111,22.461701,77.958224,1747.4358
461114,22.597729,77.770426,6.4636
461115,22.5446,77.684324,202.1196
461116,22.606737,77.583672,83.8276
461122,22.61016,77.755869,5.1895
461221,22.542614,77.513051,460.0354
461222,22.580749,77.868514,14.1702
461223,22.407552,77.446086,1119.3862
461228,22.218022,77.269479,1704.3392
461235,22.00674,77.011518,33.2824
461251,22.22652,77.198876,50.6381
461331,22.353581,77.01542,1136.7971
461335,22.171324,77.052802,10.4589
461441,22.130268,76.984379,940.3793
461444,22.128822,76.887412,15.3657
461446,22.619152,77.767447,1.0723
461551,22.550428,77.967329,186.1155
461661,22.730258,77.938647,640.3587
461668,22.739768,78.078938,127.2369
461771,22.693088,78.192189,819.9259
461772,22.785073,78.276118,25.0964
461775,22.759939,78.36932,664.1858
461881,22.508444,78.422796,657.2576
461990,22.798105,78.53386,758.976
462001,23.270512,77.385791,20.0727
462002,23.237155,77.383292,0.9054
462003,23.194436,77.385431,30.5766
462004,23.236755,77.414986,3.2041
462007,23.208583,77.406147,4.3078
462008,23.253269,77.421381,4.7951
462010,23.338448,77.530659,228.9028
462011,23.232321,77.429713,0.1508
462012,23.236663,77.429201,0.1697
462013,23.231455,77.373768,10.0576
462016,23.214232,77.42538,11.1638
462020,23.209418,77.461846,1.0447
462021,23.241099,77.46783,6.1411
462022,23.223693,77.535574,161.0758
462023,23.257039,77.441526,13.2372
462024,23.218863,77.450589,3.8485
462026,23.192377,77.462656,10.4425
462027,23.241911,77.427523,0.9184
462030,23.338296,77.283831,311.2254
462031,23.27827,77.3358,20.5289
462032,23.165706,77.412159,0.7227
462033,23.311839,77.361608,4.3061
462036,23.297826,77.364753,13.6693
462037,23.300813,77.424908,1.5366
462038,23.373863,77.42506,198.5487
462039,23.193543,77.434712,5.3262
462040,23.232541,77.435145,1.3276
462041,23.276221,77.477914,15.8564
462042,23.132805,77.427732,114.1214
462043,23.189023,77.500294,15.7702
462044,23.183127,77.312577,240.5863
462045,23.144947,77.525529,15.5433
462046,23.098113,77.510369,34.2887
462047,23.151021,77.48818,33.7998
462048,23.259273,77.391554,0.2974
462050,23.279517,77.388287,0.775
462051,23.219878,77.407127,0.1879
462052,23.246563,77.404785,2.264
462053,23.269167,77.419493,1.4842
462054,23.282964,77.431444,4.7802
462055,23.228187,77.423847,0.7516
462060,23.241439,77.452874,1.4238
462061,23.259797,77.451159,2.4392
462062,23.191904,77.409028,3.0265
462063,23.201248,77.451798,2.8289
462064,23.208848,77.446424,0.3468
462066,23.283253,77.294125,19.4665
462100,23.286492,77.390721,2.1367
462101,23.508872,77.388137,400.3945
462120,23.768903,77.298668,625.1237
463106,23.633716,77.412373,362.6788
463111,23.700496,77.532368,318.2771
464001,23.549871,77.913324,899.3988
464002,23.512872,77.809959,68.0597
464111,23.857984,77.565073,602.005
464113,23.691474,77.669069,203.4983
464114,24.066727,77.420899,1201.4923
464220,23.693108,77.926431,477.7066
464221,23.880627,77.924517,1189.7229
464224,24.134702,78.010003,629.5749
464226,23.559565,77.619969,335.1263
464228,24.154707,77.715884,1594.342
464240,23.994071,78.086389,162.6637
464258,23.785327,77.761289,221.7533
464331,23.626853,78.154462,557.3013
464334,23.799825,78.218508,247.8128
464337,23.941392,78.190054,391.4224
464551,23.295261,77.832353,1339.3885
464570,23.488735,78.543115,540.1953
464573,23.305058,78.138588,82.409
464651,23.431222,77.646799,397.1003
464661,23.496634,77.709056,100.0195
464665,22.937472,78.078632,482.0527
464668,23.009863,78.216254,570.1253
464670,22.937131,78.292307,47.4686
464671,23.088972,78.333784,336.7912
464672,23.213327,78.261661,412.0981
464770,23.068853,78.489381,350.4789
464774,23.208835,78.67695,769.2441
464776,23.087499,78.621204,144.2697
464881,23.594863,78.373325,537.6906
464884,23.416734,78.225772,826.9667
464886,23.297341,78.469999,710.1111
464986,23.125929,77.984157,775.8388
464990,23.057486,77.756722,747.6281
464993,22.996586,77.532688,764.2956
464995,22.895608,77.686412,138.7328
465001,23.464229,76.287328,468.2793
465106,23.277107,76.204301,148.7304
465110,23.271096,76.324152,199.4922
465113,23.265458,76.47194,269.1319
465116,23.236235,76.577837,119.2557
465118,23.170153,76.593321,122.7246
465220,23.387779,76.418675,290.6616
465223,23.359064,76.595263,279.1469
465226,23.622432,76.340119,465.6307
465227,23.489179,76.563485,401.5689
465230,23.684916,76.171926,462.4432
465331,23.403831,76.715191,37.0701
465333,23.322969,76.724852,391.7054
465335,23.275213,76.781631,198.5357
465337,23.304558,76.875115,574.1397
465339,23.430517,76.961651,230.2785
465441,23.718108,75.984193,969.6736
465445,23.832196,76.269303,496.4804
465447,23.973551,76.114711,735.2893
465449,24.183262,76.180689,236.5424
465550,23.792661,75.807845,437.6585
465661,23.994745,76.757186,819.2125
465667,23.557475,77.002974,349.8527
465669,23.743673,77.093098,733.6147
465674,23.914194,76.950632,711.8395
465677,23.991146,77.091304,432.8534
465679,24.099746,76.588086,699.5758
465680,23.546162,76.78255,310.4211
465683,23.747255,76.731936,490.0968
465685,23.67102,76.84824,435.4386
465687,23.813472,76.540275,701.1545
465689,23.937569,76.485349,130.8134
465691,23.960864,76.370214,400.9675
465693,24.125726,76.357431,549.1714
465695,24.209579,76.331259,71.1736
465697,23.620032,76.547339,515.8946
466001,23.206988,77.086848,736.0164
466111,23.027341,77.260933,671.5413
466113,23.147521,76.924394,153.9888
466114,23.086802,76.801002,179.3221
466115,22.977549,77.008402,803.0916
466116,22.96761,76.736345,635.1483
466117,22.859511,76.704193,33.5913
466118,22.947387,76.536039,203.8341
466119,23.059602,76.644057,24.1471
466120,22.853635,76.61016,298.0151
466125,23.129625,76.668999,156.3659
466221,23.049687,76.52383,177.0056
466331,22.741042,77.193423,1267.5581
466445,22.769336,77.570212,496.5088
466446,22.800858,77.403201,573.8656
466448,22.860541,77.980831,126.3292
466554,22.873024,77.823372,351.0657
466651,23.405187,77.073605,264.8704
466661,23.436337,77.200071,344.8271
466665,23.581122,77.205576,278.4989
470001,23.759586,78.700907,326.5849
470002,23.87296,78.714408,83.9613
470003,23.829382,78.778224,3.2495
470004,23.847411,78.831351,92.2141
470021,23.878303,78.911661,132.2372
470051,23.658594,78.748628,276.2024
470111,24.038618,78.104304,32.9581
470113,24.26118,78.212744,855.4664
470115,23.930078,78.547155,645.7824
470117,24.083004,78.455783,1130.2063
470118,24.243834,78.471186,705.4237
470119,23.787703,78.355081,502.5836
470120,23.801712,78.575765,227.4639
470122,23.945731,78.597204,49.9046
470124,24.216362,78.151792,10.6857
470125,23.668089,78.545098,439.3884
470221,23.522112,78.76781,541.3971
470223,23.479942,78.868331,470.1923
470226,23.354917,79.071789,1140.9886
470227,23.602248,79.105125,872.6004
470228,23.773307,78.882884,290.8912
470229,23.789654,79.20368,121.3239
470232,23.732191,79.160594,520.9741
470235,23.313913,78.855488,382.0247
470335,24.030812,78.9565,873.4617
470337,23.953272,78.888903,198.7864
470339,24.267505,79.033295,859.4994
470441,24.178271,78.781258,212.0378
470442,24.081946,78.713886,183.6542
470661,23.835271,79.460461,604.2308
470662,23.697829,79.528165,30.216
470663,23.665123,79.630532,359.6165
470664,23.832635,79.615714,282.0586
470666,23.903532,79.236668,645.9526
470669,23.86034,79.025403,133.8491
470672,23.637399,79.370498,478.0258
470673,24.150553,79.369769,841.0928
470675,23.990207,79.405845,214.0363
470771,23.894031,79.544816,171.7853
470772,23.960101,79.709724,912.7274
470775,24.249767,79.643611,1386.9977
470880,23.388196,79.439498,1883.7799
470881,23.606255,79.757328,1016.0025
471001,24.917337,79.617122,548.7897
471101,24.75561,79.955436,412.6833
471105,24.757156,79.766096,545.3584
471111,25.216085,79.352178,342.9375
471201,25.054673,79.498412,422.4126
471202,25.011279,79.506615,26.6357
471301,24.765611,79.422957,457.1626
471311,24.554678,79.298992,585.3068
471313,24.503642,79.10285,533.7065
471315,24.908655,79.411643,311.6621
471318,24.272475,79.253649,1024.9895
471405,24.524847,79.628168,1700.3593
471408,24.730033,79.595377,331.6392
471411,25.074563,79.713998,268.1871
471501,25.006489,79.783509,183.0465
471510,25.277611,80.0798,643.3834
471515,25.126599,80.010789,765.2129
471516,25.270098,80.218205,61.3658
471525,25.114314,80.251817,709.8447
471606,24.88627,79.954632,305.3012
471625,24.971689,79.880207,443.4712
472001,24.76686,78.892697,572.0616
472005,24.642828,78.812117,132.8333
472010,24.568142,78.979764,293.0704
472101,24.963747,78.739955,463.2368
472111,24.712067,79.099454,543.1214
472115,24.818651,79.21352,598.9236
472118,25.008515,79.013281,512.2375
472221,25.012685,79.204946,792.5618
472246,25.344899,78.602638,246.5964
472331,25.111925,78.92003,455.0452
472336,25.179792,78.778528,366.7462
472337,25.199793,78.609604,432.5169
472339,24.927607,78.886341,183.563
472442,25.36397,78.790873,289.9221
472445,25.406424,78.91713,106.5219
472446,25.500269,78.899857,107.0621
472447,25.291991,78.912577,107.5539
473001,24.760207,77.317407,1476.5917
473101,24.381993,77.441081,1048.5111
473105,24.905937,77.06852,1691.7852
473110,24.545956,77.163976,210.0837
473111,24.510271,77.093136,51.5632
473112,24.488829,77.144399,52.7187
473113,24.871464,77.44101,206.7119
473115,24.196563,77.078516,522.6628
473118,24.148572,76.961888,215.4107
473222,24.396213,76.963013,749.893
473226,24.419232,77.17995,172.9794
473249,24.563256,77.328099,396.1437
473287,24.150579,77.232159,895.6399
473330,24.591057,77.563727,539.5597
473331,24.505176,77.725969,833.3007
473332,24.814235,77.618772,398.9478
473335,24.816838,77.842423,1066.941
473338,24.501591,77.657926,61.2868
473440,24.484354,77.911151,313.7091
473443,24.407667,78.111859,461.9187
473444,24.522749,78.122179,202.8279
473445,24.354403,77.911572,523.8799
473446,24.680275,78.078412,1301.9058
473551,25.46427,77.700658,1681.7584
473583,24.915151,77.68031,147.32
473585,24.970246,78.204597,472.9928
473638,25.740524,77.734928,801.1899
473660,25.461063,78.05126,651.583
473662,25.634757,78.182393,340.0246
473665,25.48948,78.265437,465.8092
473670,25.298332,78.0367,557.3194
473770,25.091921,77.695903,712.4161
473774,25.264877,77.496813,863.1851
473775,25.474579,77.304652,994.508
473781,25.126509,77.872153,850.9918
473785,25.602799,77.384432,11.6754
473793,25.727705,77.468855,954.3747
473865,25.691201,77.992476,310.0943
473880,25.594486,77.987892,368.0296
473885,25.025324,77.484671,772.8856
473990,25.006065,78.096978,520.5121
473993,25.346601,78.099909,49.0521
473995,25.197488,78.174563,863.973
474001,26.115038,78.065226,649.5363
474002,26.221191,78.186609,12.0161
474003,26.231974,78.132645,29.4434
474004,26.245851,78.180434,5.3773
474005,26.283862,78.180055,72.8893
474006,26.224816,78.331046,398.1383
474007,26.201366,78.175652,3.827
474008,26.222564,78.166556,1.6547
474009,26.199419,78.162542,3.8078
474010,26.28302,78.090695,139.543
474011,26.209829,78.203976,12.6513
474012,26.217014,78.152379,5.2744
474015,26.249055,78.171582,1.2338
474020,26.304316,78.292777,129.7136
475001,26.014541,78.13852,305.5353
475002,26.163358,78.499606,396.7068
475005,26.041207,78.302364,396.2887
475110,25.882883,78.258242,584.934
475115,26.031118,78.480662,497.8682
475220,25.816535,78.064326,654.2953
475330,26.022404,77.853161,1407.5984
475335,25.72239,78.741434,394.2568
475336,25.896512,78.759233,381.2482
475661,25.578196,78.45676,1205.775
475671,25.625845,78.610516,177.8931
475673,26.017924,78.686226,290.7501
475675,25.898928,78.561749,369.7645
475682,26.155842,78.744645,372.3013
475685,25.78791,78.414335,343.5484
475686,25.72028,78.286353,68.4289
476001,26.528831,78.021835,871.1214
476111,26.739094,78.238934,542.7419
476115,26.717092,78.408819,518.7901
476134,26.646561,78.106035,198.3427
476219,26.475486,77.778806,387.9893
476221,26.350028,77.878768,655.45
476224,26.243618,77.592513,962.0844
476228,26.143403,77.707134,538.2584
476229,26.236308,77.367719,858.3209
476332,25.91995,77.329567,2270.6163
476335,26.023224,77.037364,1245.1486
476337,25.758382,76.700703,1348.9692
476339,25.485504,76.678533,783.519
476355,25.562999,76.988692,2537.5479
476444,26.375365,78.159852,371.9774
476554,26.568353,78.245146,250.306
477001,26.538554,78.74056,318.9924
477105,26.612656,78.723932,127.6431
477111,26.71443,78.648476,345.4678
477116,26.417046,78.422848,789.4936
477117,26.403272,78.315379,120.3694
477222,26.257653,78.637177,371.5497
477227,26.331153,78.776233,194.8471
477331,26.505328,78.956005,207.1646
477332,26.520576,78.87152,152.7492
477333,26.438024,79.028763,183.6386
477335,26.368942,78.930561,254.6252
477441,26.291421,78.982739,365.0147
477445,26.193427,78.91471,222.8465
477446,26.125257,78.874695,124.187
477447,26.018391,78.907495,266.8976
477449,26.011501,78.821632,108.7391
477555,26.673101,78.815521,271.3912
477557,26.439366,78.657932,594.183
477566,26.641068,78.946316,149.5098
477660,26.59055,78.509222,427.7976
480000,21.663112,78.716264,89.7456
480001,22.069795,78.98581,669.644
480002,22.017902,78.958712,20.2226
480003,21.994714,78.887259,95.8099
480105,21.63689,78.659137,35.4936
480106,21.69245,78.841847,421.8787
480107,21.863658,78.924425,370.5698
480108,21.572668,78.886986,276.1116
480109,21.577698,78.734698,108.4796
480110,21.927085,79.171277,584.5675
480111,21.742568,79.096371,859.654
480112,21.886347,78.827064,38.8297
480115,22.090264,79.283228,554.6468
480118,22.089741,79.34343,47.6158
480121,21.93217,78.971617,38.6779
480221,22.325681,79.161495,907.1721
480223,22.183539,79.056626,404.1189
480224,22.589734,79.145369,1457.9622
480331,21.964887,78.668706,818.8506
480334,21.730649,78.612194,935.5677
480337,21.534887,78.665663,257.4692
480338,21.621046,78.445404,256.3448
480441,22.223147,78.854691,376.8424
480442,22.133171,78.734831,10.6429
480443,22.227016,78.822568,15.6176
480447,22.099178,78.689539,169.2498
480449,22.183915,78.690333,79.7229
480551,22.097801,78.51117,561.7558
480553,22.274012,78.830934,8.2255
480554,22.232191,78.489405,126.5153
480555,22.242918,78.35929,741.4927
480556,22.265107,78.769419,105.0219
480557,22.296115,78.717928,176.2523
480559,22.474275,78.717158,2215.4865
480661,21.988268,79.475328,1359.7851
480664,21.977426,79.598709,120.7754
480667,22.037234,79.809665,678.8178
480668,22.252399,79.852605,4.2363
480771,21.899172,79.712866,182.4251
480880,21.78468,79.61124,484.6318
480881,21.71686,79.402619,400.3579
480882,22.249661,79.538354,535.1579
480884,22.396576,79.56242,827.8106
480886,22.58874,79.626347,418.8195
480887,22.550336,79.425387,860.4005
480888,22.776566,79.671499,753.0377
480990,22.202181,79.712076,465.5064
480991,22.329201,79.819786,203.2143
480992,22.263478,79.835257,19.4777
480994,22.402205,79.954539,640.4632
480996,22.212422,79.980572,574.6374
480997,22.720812,80.003145,1210.2705
480999,22.548828,79.822733,539.0628
481001,21.923235,80.229317,667.6012
481002,21.806269,80.206954,2.9392
481051,21.896965,80.76366,730.4587
481102,21.824593,80.308787,134.9232
481105,21.894936,80.494805,1693.1637
481111,22.139415,80.568612,631.4758
481115,21.60701,80.417289,496.9501
481116,22.04568,80.707956,231.455
481117,22.211121,80.86477,939.8873
481222,21.495062,80.625364,732.3586
481224,21.434223,80.471528,195.5742
481226,21.722569,80.335563,450.1948
481331,21.806938,80.054302,632.24
481332,21.787497,79.946478,162.147
481335,21.641838,79.998569,441.1889
481337,21.582771,79.88868,139.6695
481340,21.641095,80.155972,50.6663
481441,21.978205,80.015782,495.7302
481445,21.774551,79.813779,320.2016
481449,21.640495,79.698331,547.8723
481551,22.192174,80.146641,571.6822
481554,22.232486,80.104068,8.8111
481556,22.214467,80.330495,492.5982
481566,22.241594,80.513551,14.7408
481661,22.672662,80.417171,624.7186
481662,22.894224,80.140439,1080.0177
481663,22.782049,80.556774,509.2818
481664,22.687403,80.744467,559.514
481665,22.607928,80.289042,363.8414
481666,22.783047,80.948481,175.7775
481668,22.555724,80.101926,293.2552
481672,22.894786,80.728099,779.6724
481768,22.347634,80.421251,936.7077
481771,22.434382,80.437238,355.8457
481776,22.439092,80.137351,239.4684
481778,22.684882,81.119461,1096.8812
481879,23.102846,80.984361,1215.3305
481880,22.926453,81.055871,762.5044
481882,22.794875,81.327561,396.2652
481883,22.633929,81.300584,251.0143
481884,22.632756,81.509979,1109.5673
481885,22.999304,80.388724,1225.45
481990,23.177654,80.67315,1108.5446
481995,22.521855,80.76427,1035.5813
481996,22.421784,80.979525,1206.8736
481998,22.533453,80.544857,316.8285
482001,23.159712,79.975693,61.07
482002,23.20934,79.89105,100.2017
482003,23.099119,79.848066,122.0985
482004,23.229722,79.932485,52.4549
482005,23.241041,80.102672,213.3186
482007,23.166443,79.949272,0.4783
482008,23.122133,79.916913,22.6068
482009,23.204385,79.978809,4.8193
482010,23.232682,79.979373,4.7826
482011,23.211576,80.006388,26.0415
482020,23.111185,79.970356,56.8544
482021,23.036401,79.974801,139.3537
482051,22.958488,79.831719,333.3914
482056,22.914794,79.921144,146.4181
483001,23.103064,80.106724,238.6445
483050,22.98491,79.884243,38.7343
483053,23.147694,79.810087,76.7438
483105,23.388261,79.82912,105.3111
483110,23.234786,80.364158,1131.7868
483113,23.174928,79.77358,1041.3924
483119,23.170282,79.550928,533.9534
483220,23.305926,79.96842,328.7308
483222,23.387191,80.05459,201.4713
483225,23.459945,80.155975,697.8368
483330,23.656944,80.036161,204.6501
483331,23.751881,79.947055,423.6722
483332,23.521519,80.417104,1041.7302
483334,23.366202,80.348915,129.8209
483336,23.476192,79.919862,404.0973
483440,23.659241,80.179038,576.5357
483442,23.691955,80.337329,65.5376
483501,23.821078,80.545514,1130.5732
483504,23.834164,80.420542,116.7351
483770,23.986178,80.828088,195.4064
483773,23.774863,80.742689,883.7889
483775,23.931588,80.6221,421.0663
483880,24.036608,80.639817,282.0262
483990,23.88768,80.114971,594.3074
484001,23.322342,81.339538,1046.9838
484110,23.391655,81.557566,513.9183
484113,22.984437,81.873436,278.6993
484114,23.151486,81.530118,305.8567
484116,23.201848,81.597524,14.7152
484117,23.304131,81.679862,73.3475
484120,23.263812,81.438398,67.2366
484220,23.177128,81.630737,58.2825
484224,23.185667,81.725464,648.5691
484330,23.024538,81.758154,433.7322
484334,23.280263,81.982691,616.299
484336,23.137415,81.992246,129.3684
484440,23.255335,82.078863,176.7655
484444,23.140663,81.924115,55.1645
484446,23.187304,82.110223,84.5514
484447,23.127302,82.074661,82.5516
484551,23.377071,81.141576,507.0375
484552,23.261998,81.066007,199.7163
484555,23.324299,80.870121,552.091
484660,23.526243,80.662836,779.043
484661,23.664235,80.917077,1862.4305
484664,23.6929,81.036365,53.0096
484665,23.733256,81.12193,1078.0429
484669,23.428092,81.788408,955.0636
484770,23.541961,81.398935,827.1684
484771,23.805032,81.430039,1844.652
484774,24.102143,81.375642,882.6984
484776,24.022425,81.137089,465.8104
484881,23.002632,81.405241,1704.1493
484886,22.793207,81.63564,417.0734
484887,22.838249,81.758845,58.4199
485001,24.511073,80.83141,247.8891
485005,24.589767,80.883078,51.1786
485111,24.690336,81.063587,417.5385
485112,24.607858,80.959002,102.8376
485113,24.536503,80.93165,60.953
485114,24.649333,80.842812,98.2335
485115,24.488933,81.01219,526.3584
485221,24.737871,80.890194,291.0198
485226,24.866564,80.996124,443.567
485331,24.972829,80.714692,1254.7326
485334,24.18671,81.026123,3.0133
485441,24.622891,80.775583,70.3645
485446,24.567064,80.650552,441.2819
485447,24.706294,80.506789,443.2506
485551,24.40412,80.572407,902.58
485661,24.396785,80.769769,388.9572
485666,24.749685,80.692326,510.7474
485771,24.218205,80.748563,224.4198
485772,24.103821,80.811634,300.1418
485773,24.075628,80.55221,332.7014
485774,24.220077,80.896519,403.7098
485775,24.397876,81.079314,467.9704
485778,24.327461,81.151769,402.8501
485881,24.202816,81.154165,760.6875
486001,24.519394,81.273014,49.2309
486002,24.561012,81.315282,2.6482
486003,24.571178,81.341126,54.0458
486004,24.550528,81.271917,31.3274
486005,24.509335,81.33413,46.6176
486006,24.459261,81.26607,58.5678
486111,24.691761,81.523292,232.4803
486114,24.594969,81.483088,261.2705
486115,24.787941,81.594469,128.4339
486117,24.842072,81.523024,181.3095
486123,24.562794,81.633107,186.2475
486220,25.067369,81.590459,304.4774
486223,24.966461,81.527696,496.6743
486226,24.93929,81.792853,565.3281
486331,24.797955,81.687575,228.9677
486333,24.597738,81.813956,467.1066
486335,24.706328,82.052449,1214.4973
486338,24.658125,81.645277,103.7114
486340,24.773516,81.794725,184.6125
486341,24.70016,81.738938,122.9035
486440,24.673819,81.338381,176.0941
486441,24.728038,81.429074,178.1138
486445,24.836971,81.191185,506.1347
486446,24.681709,81.243644,321.5151
486447,24.942221,81.356971,312.6463
486448,24.819576,81.378571,187.7716
486450,24.547364,81.199445,101.5526
486451,24.858719,81.318896,10.6777
486550,24.411784,81.34236,236.7857
486553,24.484067,81.507015,402.2979
486556,25.07245,81.329483,330.5985
486661,24.327563,81.862704,1051.9876
486666,24.067169,81.61179,872.4545
486669,23.981593,81.914566,1738.1634
486670,24.493441,82.137627,928.6798
486675,24.433744,82.18735,10.977
486771,24.473598,81.775438,382.8346
486775,24.33758,81.606552,449.678
486776,24.306401,81.443008,331.4579
486881,24.194537,82.219915,2155.154
486882,24.533061,82.50263,1481.1638
486884,24.170657,81.934391,109.8518
486885,24.085409,82.696856,41.7538
486886,23.96371,82.433455,1672.3209
486887,23.988397,82.700736,313.0115
486888,24.114202,82.644048,6.7939
486889,24.139323,82.638711,303.751
486890,24.12089,82.661108,7.3614
486892,24.341922,82.618038,888.4923
487001,22.922158,79.286831,1272.8393
487110,22.856537,79.162292,122.0709
487114,23.03714,79.313513,239.785
487118,22.964007,79.488483,986.3526
487221,22.948291,79.065535,187.6049
487225,22.821529,79.052164,281.3207
487330,23.0853,79.07513,397.4579
487334,23.075039,78.867523,140.0752
487337,23.1624,78.901258,338.6499
487441,22.955725,78.955269,236.725
487551,22.871515,78.777282,127.1388
487555,22.973639,78.808452,425.7635
487661,22.952328,78.615004,359.413
487770,22.742779,78.853518,826.3246
487881,22.822131,78.660922,124.746
488001,24.70587,80.18914,1485.7469
488050,24.507079,80.240017,316.2443
488051,24.556465,80.104091,168.0619
488059,24.45599,80.23336,16.6432
488101,24.635569,80.045887,6.8118
488220,24.923416,80.280379,945.2344
488222,24.88348,80.438777,148.2166
488224,25.039417,80.403928,28.5098
488333,24.527357,80.326056,563.2046
488441,24.436111,80.051599,724.2034
488442,24.131551,79.866579,396.2524
488443,23.987101,79.942103,598.8027
488446,24.251684,80.025008,1012.216
488448,24.165302,80.341596,2150.2497
490001,21.172991,81.384524,51.9816
490006,21.182815,81.344522,14.0594
490009,21.188579,81.315713,5.3478
490011,21.217741,81.391041,7.5106
490020,21.22187,81.317512,14.2589
490021,21.180332,81.460486,69.8816
490022,21.20065,81.311685,1.1116
490023,21.219082,81.346487,12.3832
490024,21.275028,81.366228,92.4883
490025,21.246666,81.439246,93.1967
490026,21.224612,81.373543,5.6041
490027,21.224261,81.35456,0.6925
490036,21.390562,81.455208,574.7244
490042,21.272724,81.515804,131.8474
491001,21.255032,81.248774,419.604
491107,21.107404,81.397949,175.6676
491111,21.065087,81.538326,446.3999
491221,21.064236,81.307799,236.9159
491222,20.843316,81.372295,372.5734
491223,20.956786,81.387933,329.2262
491224,20.975579,81.416393,21.0509
491225,20.951853,81.198272,418.3065
491226,20.670497,81.236182,721.8702
491227,20.687724,81.409641,450.842
491228,20.586158,81.098688,350.75
491229,20.332989,80.683527,1319.5718
491230,20.472982,81.107967,430.7887
491331,21.505057,81.269352,550.7012
491332,21.546761,81.535937,574.0302
491335,21.75995,81.563266,833.3257
491336,21.925023,81.366023,387.5448
491337,21.924827,81.591426,409.4902
491338,21.771259,81.400814,200.0182
491340,21.850288,81.796458,425.4636
491441,21.115313,81.044344,770.0435
491444,21.308375,81.083014,466.7935
491445,21.212502,80.784816,744.1903
491557,21.109962,80.618521,588.2192
491558,20.970974,80.582346,551.2343
491559,22.287989,81.409299,1311.4821
491661,20.925107,80.884985,616.1926
491665,20.708379,80.706298,622.9906
491666,20.578153,80.785427,736.3587
491668,20.859179,80.698844,469.0695
491771,20.804198,81.031432,829.6267
491881,21.391356,80.885767,844.2821
491885,21.541503,80.955137,884.8031
491888,21.69323,80.946116,840.4099
491993,21.661302,81.318534,492.0518
491995,22.091157,81.126164,2553.9884
491996,21.808823,81.148767,682.8877
492001,21.232996,81.653918,37.2253
492002,21.246822,81.638683,0.9791
492003,21.306539,81.625464,42.1318
492004,21.258988,81.651541,5.5889
492005,21.282251,81.720648,16.1876
492006,21.237978,81.661781,2.072
492007,21.261852,81.686335,3.6166
492008,21.282815,81.660061,19.9102
492009,21.259561,81.626783,5.0421
492010,21.245921,81.577102,11.1023
492011,21.272125,81.615183,3.7359
492012,21.246772,81.704155,16.532
492013,21.209882,81.616324,43.3436
492014,21.284472,81.69275,5.8264
492015,21.179224,81.727974,189.7476
492016,21.147789,81.745535,18.5665
492017,21.26362,81.674989,2.6884
492099,21.28865,81.568796,50.8386
492101,21.24519,81.806703,118.4389
492109,20.724853,81.971032,351.2928
492111,21.17685,82.390378,68.2237
492112,21.328869,82.653605,720.1755
493101,21.686314,81.763996,282.8168
493111,21.34095,81.712117,137.3537
493113,21.645107,81.874107,188.2068
493114,21.545062,81.815151,328.9135
493116,21.457408,81.755437,179.7781
493118,21.772396,82.022618,545.6256
493195,21.593162,81.967782,119.6928
493196,21.540368,82.026897,116.9739
493211,21.3618,81.750468,6.2748
493221,21.43451,81.654617,173.4286
493222,21.611753,82.8123,255.5933
493225,21.377003,81.95113,801.4107
493228,21.539069,82.200776,388.4578
493229,21.444252,82.16941,327.8381
493331,21.696562,82.068844,83.9254
493332,21.674877,82.171871,374.6684
493334,21.615743,82.019563,44.4256
493335,21.517327,82.429916,546.3265
493338,21.594855,82.693606,429.3717
493344,21.632381,82.5563,405.5868
493441,21.205822,81.937458,496.3618
493445,21.169449,82.161377,1051.7565
493446,20.981391,82.55573,11.3271
493448,20.917678,82.45031,255.1754
493449,21.031753,82.403458,784.3608
493526,21.654638,82.345537,303.0432
493551,21.257324,82.444489,1244.8175
493554,21.281527,82.860492,463.2353
493555,21.419547,82.778166,341.794
493558,21.304174,83.059235,1343.9466
493559,21.622449,82.916695,220.3986
493661,21.063068,81.770283,634.709
493662,20.710254,81.843239,302.4799
493663,20.850698,81.752258,577.5229
493770,20.89707,81.612357,419.1668
493773,20.557685,81.720296,1121.6627
493776,20.695038,81.559798,335.0289
493778,20.301807,81.964763,1767.8761
493881,20.969845,81.854888,29.6753
493884,20.598695,82.100145,11.4144
493885,20.952527,81.963124,307.1437
493887,20.824484,81.93767,17.6069
493888,20.196683,82.268473,1605.0496
493889,20.523969,82.200449,1159.1731
493890,19.928566,82.523557,782.1423
493891,19.99105,82.493855,40.5139
493992,20.934981,82.062331,370.7175
493996,20.788672,82.192062,1038.59
494001,18.933326,82.083396,1181.7125
494005,19.116453,81.955312,97.0586
494010,19.163208,81.643838,879.8472
494111,18.499652,81.681326,1129.8487
494114,18.024666,81.205974,2281.764
494115,18.669578,81.733698,779.2727
494122,18.32599,81.286617,1757.7772
494221,19.181459,82.087535,226.905
494222,19.346946,82.080773,543.1221
494223,19.199091,81.892455,267.3306
494224,19.374726,81.867856,972.9665
494226,19.479148,81.637531,1931.0993
494228,19.819994,81.583741,975.1912
494229,19.715574,81.685632,399.9806
494230,19.98852,81.456386,845.5096
494237,19.706765,81.940687,815.4766
494331,20.109078,81.588146,266.9808
494333,20.426305,81.642767,388.8174
494334,20.277039,81.495152,480.454
494335,20.25501,81.683347,585.1487
494336,20.43325,81.461016,190.1038
494337,20.447577,81.339748,395.0261
494347,20.022378,81.77117,656.8581
494441,19.035284,81.360886,752.7916
494442,18.938514,81.755863,1683.4131
494444,18.838711,80.954567,2314.4488
494446,19.115903,80.456834,1303.5641
494447,18.400584,80.897877,1788.4462
494448,18.717433,80.582062,2086.4824
494449,18.860699,81.430643,677.9346
494450,19.116735,80.885011,2018.2542
494551,18.777917,81.291102,196.2547
494552,18.694426,81.442923,774.2893
494553,18.685144,81.266281,167.4895
494556,18.501185,81.328888,731.8946
494635,20.345447,81.032931,737.2021
494661,19.503444,81.085931,5369.1603
494665,19.96535,81.130547,2237.0198
494669,20.217078,80.98198,823.1034
494670,20.240765,81.310735,497.637
494771,20.108949,80.769825,405.3838
494776,20.041233,80.657376,557.1086
494777,19.85891,80.642025,834.2613
495001,22.096207,82.030721,137.6234
495002,22.105399,82.124441,7.7455
495003,22.122769,82.076963,47.9628
495004,22.035897,82.189765,72.2197
495006,22.12588,82.23,118.1184
495009,22.169135,82.146708,137.1707
495011,22.086288,82.212041,18.0124
495112,22.204874,82.03471,182.8887
495113,22.332747,81.969511,569.4379
495115,22.392425,81.673707,1624.3059
495116,22.499795,82.004291,835.7159
495117,22.724726,81.897749,1002.157
495118,22.998287,82.070987,579.4155
495119,22.801228,82.188193,1612.6856
495220,22.028754,82.018154,130.703
495222,21.972574,82.051482,3.8225
495223,22.034475,82.122732,60.5015
495224,21.927782,82.092923,488.3426
495330,22.197017,81.856627,512.9958
495334,22.066873,81.642199,586.451
495335,21.988233,81.865321,551.5063
495442,22.265596,82.226741,426.0292
495444,22.458787,82.577038,43.7439
495445,22.713432,82.522038,1879.9597
495446,22.250051,82.677963,51.6489
495447,22.433768,82.585268,120.1833
495448,22.5948,82.610117,51.7609
495449,22.419883,82.34602,1387.5498
495450,22.419472,82.65983,57.9492
495452,22.355138,82.561224,34.8571
495453,22.606844,82.85511,833.3993
495454,22.304488,82.637505,144.598
495455,22.375158,82.655571,14.0127
495549,22.01721,82.425045,24.4419
495550,22.152369,82.349659,370.0855
495551,21.848165,82.288829,528.5748
495552,22.035685,82.370377,186.7709
495553,21.957642,82.410624,104.2833
495554,21.846155,82.448526,344.0759
495555,22.141421,82.307523,5.3231
495556,21.790696,82.553588,196.1775
495557,21.79141,82.66469,234.5818
495558,22.130047,82.290907,7.8885
495559,22.158517,82.513687,391.3725
495660,21.916135,82.741749,157.4992
495661,21.772662,82.767009,96.4808
495663,21.903902,82.349541,68.4583
495668,21.986758,82.592915,583.3408
495671,22.087466,82.700984,261.0584
495674,22.326086,82.937044,1208.6126
495677,22.375174,82.608384,54.6378
495678,22.36532,82.726046,45.6903
495681,22.374111,82.687741,14.9811
495682,22.321496,82.733779,30.0263
495683,22.412574,82.89117,451.8871
495684,22.508905,82.713918,340.5302
495685,22.333636,82.778451,16.9386
495686,21.979119,82.775724,44.7926
495687,22.051173,82.806184,216.651
495688,21.805214,83.078172,212.3396
495689,22.037641,82.930653,405.6194
495690,21.834652,82.867515,519.9127
495691,21.823587,82.984667,200.0519
495692,21.772484,83.188894,252.7713
495695,21.915055,83.094386,169.7813
496001,21.912695,83.416431,769.2616
496005,21.96844,83.316522,123.9378
496100,21.789044,83.310444,175.0711
496107,22.143652,83.514009,408.948
496108,22.10937,83.53559,22.1724
496109,22.041935,83.339107,129.5248
496111,22.206794,83.339641,784.4545
496113,22.31957,83.597238,680.958
496114,22.435215,83.749788,34.6721
496115,22.453979,83.530875,255.7755
496116,22.523371,83.253577,1914.8076
496117,22.238976,83.128553,201.3019
496118,22.60302,83.524637,437.5896
496197,22.105644,83.466904,18.6793
496220,22.507178,83.686359,473.6129
496223,22.659868,83.795484,538.37
496224,22.930191,83.689791,1056.7386
496225,22.773318,83.919539,506.3179
496227,22.560712,83.977181,297.0433
496242,22.511521,83.867347,175.0583
496245,22.397293,83.870218,412.1574
496330,23.034034,83.990821,672.5106
496331,22.888142,84.13514,495.0514
496334,22.74143,84.123282,559.3626
496336,23.109339,83.760037,887.9859
496338,22.920803,84.288417,319.3017
496440,21.753175,83.407124,270.2043
496445,21.528255,83.06406,564.1255
496450,21.656035,83.122408,268.8195
496460,21.69949,82.986977,43.3856
496551,21.488299,83.268799,591.4094
496553,21.587151,83.33016,45.9148
496554,21.648353,83.329975,229.4479
496661,21.992736,83.15025,352.0839
496665,22.12066,83.099493,457.0733
497001,23.158222,83.207916,1174.2981
497101,23.072015,83.405306,897.1136
497111,22.801116,83.435757,1227.0865
497114,22.782111,82.957692,789.6818
497116,22.990245,83.065276,790.8037
497117,22.933671,82.87417,712.7523
497118,23.362158,83.535246,1689.4642
497119,23.560134,83.636766,991.3382
497220,23.845585,83.48944,1609.5214
497223,23.561472,83.164132,2152.3726
497224,23.368757,83.918946,1265.3829
497225,23.799442,82.915773,2178.375
497226,23.253901,82.99747,298.6645
497229,23.223544,82.878654,215.2562
497231,23.501784,82.804917,1284.624
497235,23.419509,82.947939,416.7919
497331,23.311419,82.692703,190.2618
497333,23.058986,82.711241,1058.7168
497335,23.259375,82.545161,622.1969
497339,23.569551,82.461269,1624.9208
497442,23.398303,82.211233,1259.0572
497446,23.192645,82.228847,16.4673
497447,23.188888,82.172607,14.8021
497448,23.178282,82.166656,3.5834
497449,23.072367,82.369656,1119.0945
497450,23.109819,82.38372,75.5029
497451,23.193639,82.356366,7.5402
497553,23.180938,82.349584,7.3011
497555,23.158219,82.358446,16.175
497557,23.744021,82.231155,349.83
497559,23.256732,82.39704,44.7684
497773,23.212747,82.329104,80.7969
497778,23.677829,81.915657,2467.8287
500001,17.38965,78.471315,4.0393
500002,17.361134,78.478572,2.7166
500003,17.43883,78.489143,7.4891
500004,17.404818,78.461532,5.0123
500005,17.279159,78.484669,83.7002
500006,17.372303,78.449003,5.1275
500007,17.416226,78.535401,10.6177
500008,17.392321,78.408859,17.6541
500009,17.465774,78.492494,5.643
500010,17.51692,78.513874,20.1461
500011,17.466978,78.475142,7.3517
500012,17.37592,78.471183,2.5812
500013,17.391774,78.529069,12.0541
500014,17.550442,78.520625,8.2343
500015,17.485047,78.501354,24.7793
500016,17.444576,78.462751,8.2474
500017,17.43693,78.532136,3.8434
500018,17.460245,78.421893,13.082
500019,17.473399,78.315032,12.6748
500020,17.409842,78.498394,3.3865
500022,17.409429,78.470677,0.2323
500023,17.357285,78.493011,3.4166
500024,17.372078,78.490928,2.7542
500025,17.429115,78.505734,2.9417
500026,17.446566,78.508241,3.5733
500027,17.388997,78.495982,2.8013
500028,17.391858,78.442034,9.5051
500029,17.417126,78.477601,9.0168
500030,17.330456,78.401411,41.1623
500031,17.376644,78.388566,6.8174
500032,17.428573,78.353756,18.8701
500033,17.43184,78.403212,10.4904
500034,17.414572,78.437401,6.6335
500035,17.359169,78.540202,10.3737
500036,17.375827,78.510081,4.8589
500037,17.48539,78.436595,9.3365
500038,17.446839,78.442057,2.6071
500039,17.397914,78.599086,31.912
500040,17.460812,78.559297,5.7709
500041,17.417194,78.461391,0.504
500042,17.476899,78.458651,7.2559
500043,17.606923,78.406765,97.0545
500044,17.405707,78.508831,3.9217
500045,17.439936,78.426388,5.4825
500046,17.45685,78.329144,6.3165
500047,17.449849,78.537045,8.4987
500048,17.368502,78.430799,1.9483
500049,17.503302,78.360084,14.546
500050,17.495798,78.334318,6.4858
500051,17.451678,78.610198,14.9741
500052,17.319977,78.428961,11.1174
500053,17.335435,78.471145,11.4547
500054,17.505135,78.441239,5.8012
500055,17.522261,78.443896,29.0696
500056,17.481196,78.528565,7.9908
500057,17.395549,78.452997,0.6282
500058,17.316519,78.520068,18.3026
500059,17.355722,78.507836,6.5918
500060,17.372125,78.534783,4.6494
500061,17.425927,78.517369,2.8095
500062,17.473977,78.567223,13.3647
500063,17.404804,78.472292,0.776
500064,17.355046,78.450032,8.2569
500065,17.350884,78.474717,2.8935
500066,17.367091,78.467427,0.9661
500067,17.505177,78.475627,1.0109
500068,17.368911,78.58191,22.9444
500069,17.31077,78.512302,1.6094
500070,17.323515,78.574704,27.0775
500072,17.488437,78.408444,17.5718
500073,17.430148,78.436711,1.7478
500074,17.344606,78.552531,3.3901
500075,17.388856,78.309754,112.9062
500076,17.435496,78.565819,10.561
500077,17.292941,78.422845,20.2157
500078,17.562859,78.580592,82.3959
500079,17.33605,78.532245,7.1731
500080,17.418127,78.490598,1.9957
500081,17.444205,78.380749,12.3472
500082,17.425646,78.453365,2.8565
500083,17.503745,78.599913,23.9722
500084,17.470295,78.358169,16.2663
500085,17.487022,78.382916,6.0156
500086,17.356264,78.372238,8.6916
500087,17.505966,78.534221,2.139
500088,17.420404,78.658711,42.6067
500089,17.403381,78.374259,6.699
500090,17.533072,78.383401,35.3671
500091,17.363681,78.403649,1.9712
500092,17.415027,78.572426,5.5036
500093,17.354262,78.393245,3.3497
500094,17.50168,78.556791,13.153
500095,17.384038,78.484326,1.8682
500096,17.416559,78.417397,3.6351
500097,17.324703,78.532015,3.9875
500098,17.423983,78.601258,16.3757
500100,17.551101,78.486354,29.8375
500101,17.637854,78.641868,146.1735
500103,17.484793,78.584276,3.5599
500104,17.415297,78.380875,0.4762
500105,17.441027,78.438018,0.455
500107,17.443888,78.300998,3.0074
500108,17.22374,78.438205,37.7047
500110,17.419947,78.405198,0.9595
500111,17.430239,78.333684,6.8739
501101,17.344818,77.909029,61.7596
501102,17.351847,77.971301,270.9417
501106,17.437957,77.771568,141.022
501111,17.438196,77.974635,100.4292
501121,17.315317,77.807622,246.04
501141,17.308715,77.58242,235.7276
501142,17.378388,77.663803,345.4069
501143,17.198734,77.462949,264.0586
501144,17.210143,77.651243,196.7592
501158,17.326141,77.495077,87.5227
501202,17.534071,77.837325,412.5999
501203,17.433207,78.129673,259.7839
501218,17.239815,78.35176,154.4254
501301,17.487415,78.676687,232.8351
501359,17.114345,78.458317,326.1227
501401,17.636944,78.502244,228.1538
501501,17.192962,77.923727,469.1383
501502,17.057506,77.853627,273.3725
501503,17.319945,78.114158,321.4005
501504,17.310451,78.272244,209.7455
501505,17.34329,78.667225,140.0772
501506,17.135433,78.603482,211.8349
501508,17.132278,78.746817,463.1605
501509,17.012636,78.623994,343.0424
501510,17.231934,78.559691,123.1315
501511,17.264983,78.625411,63.2388
501512,17.28624,78.708854,83.1457
502001,17.608793,78.081827,13.1887
502032,17.49347,78.294612,51.2203
502101,18.124343,78.431001,32.4962
502102,18.107134,78.538591,247.7513
502103,18.113792,78.839884,68.5495
502107,18.184286,78.775966,111.6729
502108,18.164189,78.657163,285.5966
502109,17.949419,78.264222,191.373
502110,18.053688,78.265178,31.0395
502113,18.131535,78.252181,187.3436
502114,18.055797,78.746194,210.863
502115,18.135532,78.356735,74.9079
502117,18.01175,78.321512,124.6355
502125,18.049893,78.195053,29.6291
502130,18.089493,78.20605,34.9553
502205,17.502079,78.134596,18.2463
502210,17.583166,77.70448,138.2917
502220,17.616964,77.604629,208.5317
502221,17.639437,77.503089,189.8292
502228,17.724213,77.591235,56.8004
502246,17.75971,77.718794,200.4091
502247,17.993507,78.569922,284.7536
502248,18.032856,78.400722,133.0333
502249,17.790325,77.575516,92.4586
502251,17.840782,77.637563,130.3016
502255,17.938447,78.419362,220.2177
502256,17.914035,77.667962,98.3413
502257,17.853222,77.786753,236.8345
502267,18.137142,78.954018,48.4895
502269,17.933828,77.938107,226.8262
502270,17.853216,77.987748,208.2463
502271,18.05988,77.931355,146.709
502273,17.748634,78.076093,190.67
502276,18.209649,78.870481,161.7377
502277,18.03861,78.899671,152.9321
502278,17.897432,78.655645,335.4225
502279,17.745108,78.665733,357.1602
502280,18.054675,79.057489,98.0373
502281,17.762716,78.793756,59.1946
502285,17.551095,78.101076,80.1203
502286,18.059907,77.704401,667.9349
502287,18.190233,77.718646,270.8311
502290,17.961073,77.859954,96.1633
502291,17.645961,77.953825,291.958
502293,17.745411,77.986931,136.6867
502294,17.634021,78.092478,54.8815
502295,17.530597,78.034789,98.7433
502296,17.674379,78.188281,209.9858
502300,17.482043,78.226672,68.9054
502301,17.917234,78.790919,151.3565
502302,17.998553,78.034266,145.1909
502303,18.070391,78.047205,61.2147
502305,17.48524,78.167586,17.8664
502306,17.551667,77.983208,57.5633
502307,17.557413,78.191181,40.9482
502310,18.177971,78.950494,89.7838
502311,17.821399,78.750376,45.1111
502312,17.823071,78.816162,105.1749
502313,17.723684,78.302714,325.4715
502314,17.826785,78.132459,148.3053
502316,17.857229,78.220847,167.5338
502318,17.679082,77.66501,47.5175
502319,17.590965,78.290867,181.0595
502321,17.670499,77.741515,100.7436
502324,17.507747,78.255739,32.7887
502325,17.539608,78.338402,17.3556
502329,17.556709,78.151345,36.3593
502331,18.033176,78.136312,109.1936
502334,17.79642,78.383344,230.9105
502335,17.847194,78.500331,188.8312
502336,17.743232,78.506128,147.4901
502345,17.720712,77.85183,221.3315
502371,18.138334,77.8609,140.8956
502372,17.992145,78.833774,110.6816
502375,18.088155,78.979983,108.2821
502381,17.941613,78.137487,149.5554
503001,18.66424,78.065221,46.6537
503002,18.689696,78.109359,11.7324
503003,18.699788,78.159009,107.065
503101,18.177595,78.420404,138.1049
503102,18.254943,78.346457,122.8997
503108,18.110996,78.119205,69.9765
503110,18.225344,78.260756,156.0985
503111,18.319584,78.331693,15.936
503112,18.332357,78.414962,281.9367
503114,18.399902,78.089843,273.5384
503120,18.312159,78.198587,98.2979
503122,18.215362,78.007707,426.829
503123,18.250094,78.456645,101.2642
503124,18.228528,78.130268,227.2187
503125,18.222686,78.532946,74.6861
503144,18.417322,78.418425,281.3339
503145,18.416357,78.216032,222.4052
503164,18.554617,78.255286,296.9529
503165,18.553115,78.431992,604.8602
503174,18.603269,78.210028,1.4885
503175,18.64114,78.208309,227.4708
503180,18.637182,77.931357,25.3527
503185,18.665091,77.842223,248.1414
503186,18.710663,78.021924,46.1572
503187,18.36086,77.908371,319.8929
503188,18.552418,77.877255,58.4779
503201,18.490985,77.960346,131.3305
503202,18.661348,77.97693,83.297
503206,18.566247,77.980229,116.5613
503207,18.562805,77.80791,166.5682
503212,18.915197,78.178439,299.6715
503213,18.753823,78.140632,104.8939
503217,18.883528,78.315986,116.1083
503218,18.913605,78.372074,73.7606
503219,18.948909,78.405891,65.929
503223,18.77043,78.263516,48.5652
503224,18.809834,78.217535,225.8984
503225,18.821323,78.450511,167.6364
503230,18.558393,78.081997,232.1537
503235,18.760364,77.89719,153.4479
503245,18.793584,77.989421,178.9215
503246,18.831929,78.078479,187.1318
503301,18.449161,77.922266,57.8555
503302,18.239671,77.906686,109.5373
503305,18.346339,77.622701,264.3784
503306,18.380893,77.741534,194.4584
503307,18.68186,78.518452,489.465
503308,18.871892,78.50704,172.2423
503309,18.483459,77.677777,314.9114
503310,18.257667,77.793784,188.4356
503311,18.785539,78.382492,105.2373
503321,18.453952,77.832792,100.0494
503322,18.612624,78.216674,6.1511
504001,19.694097,78.559808,70.0857
504002,19.634724,78.596536,385.1724
504101,18.920152,77.978562,145.59
504102,19.005195,77.894647,398.6258
504103,19.180178,77.954945,643.6405
504104,19.006434,78.096055,216.0289
504105,19.00365,78.361583,117.9747
504106,19.067542,78.392839,243.1205
504107,18.866225,77.92922,12.623
504109,19.169369,78.109403,259.5911
504110,19.198921,78.258944,279.5206
504201,18.847957,79.822767,501.5617
504202,19.146378,78.784484,612.1217
504203,19.158032,78.614444,594.9235
504204,18.914642,79.68533,265.002
504205,19.161977,78.987847,608.9554
504206,19.001928,79.155489,145.1822
504207,18.907936,79.32101,234.7686
504208,18.874612,79.468072,70.226
504209,18.937289,79.405475,100.8199
504214,19.029421,79.80401,405.7779
504215,18.938143,79.220461,154.4493
504216,18.84084,79.615225,399.9854
504218,19.029196,79.342016,47.5345
504219,19.156805,79.744282,707.3293
504220,19.168429,79.402692,136.7027
504231,19.059958,79.408457,363.8749
504251,19.084796,79.537143,262.188
504272,19.139271,79.478289,38.9736
504273,19.252291,79.602151,345.0348
504292,19.27353,79.429393,311.3261
504293,19.405839,79.174656,708.4338
504294,19.290991,79.241974,71.5995
504295,19.503253,79.312845,343.3593
504296,19.379571,79.585171,712.8545
504297,19.184687,79.206095,616.0835
504299,19.447592,79.765252,1122.1418
504301,18.945781,79.519104,100.3131
504302,18.844938,79.507484,11.9002
504303,18.911042,79.504224,17.4431
504304,19.396492,78.305042,527.1869
504306,19.064263,78.228742,271.0078
504307,19.40187,78.489731,456.2613
504308,19.552873,78.478668,273.7663
504309,19.73014,78.688075,533.3702
504310,19.082117,78.498351,340.197
504311,19.489617,78.850997,853.0354
504312,19.727897,78.388076,478.4518
504313,19.351104,78.978342,579.9183
504323,19.267702,78.420382,374.7998
504346,19.453295,78.665928,612.9585
505001,18.420183,79.104748,61.1393
505002,18.447893,79.163972,76.7971
505101,18.165632,79.485158,77.4501
505102,18.175905,79.562512,150.7467
505122,18.268347,79.503937,132.8309
505129,18.331604,79.435417,62.9024
505152,18.432524,79.456565,148.0884
505153,18.477594,79.533151,167.6308
505162,18.520684,79.411561,78.5365
505172,18.645954,79.382704,168.3051
505174,18.566894,79.454175,160.0936
505184,18.594969,79.698575,680.5753
505185,18.508164,79.333369,134.4146
505186,18.4761,79.236888,71.3153
505187,18.72354,79.332993,173.9671
505188,18.656721,79.481455,68.3568
505208,18.7937,79.459046,133.4487
505209,18.717353,79.54928,105.6052
505210,18.719317,79.458126,52.2646
505211,18.749048,79.50629,8.2852
505212,18.595418,79.563641,116.0944
505214,18.713098,79.525961,15.0726
505215,18.448246,79.096782,6.3708
505301,18.465054,78.723849,258.9332
505302,18.453693,78.873666,132.2103
505303,18.367273,78.704231,122.5871
505304,18.304889,78.591371,156.6045
505305,18.440351,78.603795,265.5995
505306,18.660801,78.746503,143.1283
505307,18.575317,78.704441,147.6517
505325,18.807481,78.623517,162.1022
505326,18.804997,78.707392,56.3257
505327,18.790546,78.905116,25.8168
505330,18.859061,78.740221,76.8159
505331,18.953074,78.711289,258.6506
505401,18.420447,79.024697,61.622
505402,18.32406,78.945801,260.7397
505403,18.532984,78.799683,141.5546
505404,18.280263,78.717035,143.3781
505405,18.334204,78.84027,214.5508
505415,18.559143,79.155026,195.4517
505416,18.720534,79.206746,248.0217
505425,18.944763,79.085488,169.822
505445,18.54156,78.999511,141.8647
505450,18.908038,78.584108,173.1719
505451,18.497878,79.070189,78.0697
505452,18.704723,78.929477,186.0096
505453,18.775545,78.801024,198.8395
505454,18.964643,78.983951,328.194
505455,18.785269,78.962582,106.9692
505460,18.953313,78.843048,264.2188
505462,18.725919,78.688246,126.3801
505466,18.039814,79.22606,185.1492
505467,18.143205,79.189493,315.7688
505468,18.213916,79.401241,138.4348
505469,18.357421,79.252515,270.2282
505470,18.298934,79.360418,83.0738
505471,18.04162,79.335935,35.0271
505472,18.174256,79.283293,48.9165
505473,18.158725,79.077122,140.0139
505474,18.297333,79.30664,56.7696
505475,18.346178,79.529327,129.9975
505476,18.106972,79.436383,76.0297
505480,18.142905,79.351288,65.9589
505481,18.24805,79.167273,80.6397
505490,18.226284,79.315718,60.4353
505497,18.083931,79.358851,100.7369
505498,18.196244,79.460435,14.5865
505501,18.620797,78.88905,190.2764
505502,18.377379,79.403816,66.0512
505503,18.559095,80.009124,1169.3218
505504,18.695776,80.079478,639.9902
505505,18.414045,79.338556,67.4072
505514,18.803073,79.354458,117.9153
505524,18.514807,78.920872,145.997
505525,18.590741,79.258658,199.3911
505526,18.821367,79.18211,188.0421
505527,18.349869,79.167498,41.2247
505528,18.235717,79.0485,101.1336
505529,18.856607,78.948922,167.1866
505530,18.326553,79.080819,251.7773
505531,18.610734,79.060425,165.8687
505532,18.762407,79.062958,298.3232
506001,17.998967,79.543932,11.1047
506002,17.988374,79.599532,26.0577
506003,17.936794,79.521131,64.8723
506004,17.977874,79.532602,11.1844
506005,17.909095,79.611007,62.212
506006,18.064824,79.624224,148.2678
506007,18.01462,79.589886,17.7791
506008,17.95569,79.59127,39.4642
506009,18.02523,79.555497,3.8206
506011,18.006368,79.5718,5.516
506013,17.969168,79.633778,4.1452
506015,18.049895,79.547269,59.5856
506101,17.590131,79.933227,48.604
506102,17.604923,79.839364,340.843
506103,17.704922,80.036267,218.0276
506104,17.516219,79.884157,115.0231
506105,17.484377,79.990009,154.3155
506112,17.703176,79.847885,261.1686
506122,17.826896,79.805233,103.6182
506132,17.966028,79.90907,245.1825
506134,17.815425,79.963198,213.2993
506135,17.90163,80.130628,991.2994
506142,18.001166,79.415077,92.1942
506143,17.851374,79.455668,144.818
506144,17.901405,79.405543,95.2397
506145,17.959908,79.301287,122.0532
506146,17.65728,79.429386,44.3233
506151,17.95643,79.417014,93.8922
506163,17.596069,79.663708,197.3478
506164,18.197989,79.721743,200.1097
506165,18.402606,80.328946,907.7151
506166,17.881002,79.560343,26.7518
506167,17.719269,79.185494,30.3604
506168,18.374279,79.886498,239.561
506169,18.449076,79.958549,295.9223
506170,18.409587,79.733748,172.0766
506172,18.189458,80.497483,576.4154
506175,17.810968,79.187596,169.1232
506201,17.678318,79.164274,232.814
506221,17.811167,79.046523,310.3151
506222,17.58702,79.482245,194.1094
506223,17.916061,78.9887,266.2884
506224,17.915536,79.130714,145.5337
506244,17.783281,79.285719,291.8155
506252,17.743566,79.419123,147.5983
506301,17.865128,79.318347,107.193
506302,17.58339,79.381526,177.2301
506303,17.634974,79.296884,199.8487
506310,17.843263,79.644447,113.6669
506313,17.789268,79.58122,162.009
506314,17.699344,79.58142,176.2967
506315,17.410533,79.853744,280.1129
506316,17.769271,79.482754,93.5217
506317,17.59357,79.579593,95.3943
506318,17.54814,79.53314,76.005
506319,18.116286,79.719376,52.197
506324,17.499321,79.747332,222.6924
506329,17.907567,79.705226,91.7734
506330,17.968244,79.712756,88.4308
506331,17.96373,79.806526,145.5758
506332,17.846563,79.876596,96.7902
506342,18.061636,79.71748,155.1933
506343,18.192564,79.888999,145.6059
506344,18.133278,80.295306,408.2837
506345,18.288827,79.888536,191.6955
506347,18.187437,80.177194,626.0239
506348,18.249282,79.787235,132.4553
506349,18.090696,79.845754,201.5924
506352,18.193911,80.031431,675.7645
506355,17.93761,78.914164,142.5396
506356,18.386459,79.65843,213.4208
506365,17.762842,79.707028,158.1103
506366,18.301476,79.631214,132.728
506367,17.97865,79.136945,108.8046
506368,17.619992,79.751352,113.728
506369,17.778876,79.770794,82.8793
506370,18.027158,79.495945,24.7742
506371,18.065734,79.476867,79.1843
506381,17.422073,80.07753,233.5245
506391,18.200085,79.636018,75.3182
507001,17.229792,80.156082,19.2549
507002,17.288057,80.195931,77.8752
507003,17.307921,80.139858,208.0135
507101,17.936996,80.450028,554.2814
507103,17.447789,80.685999,58.9585
507111,17.689094,80.877962,40.2624
507114,17.695124,80.786026,190.6744
507115,17.51187,80.815074,659.7027
507116,17.903265,80.751537,559.6178
507117,18.042048,80.571097,522.6054
507118,17.699257,80.497807,1156.2819
507119,17.483227,80.655534,8.5242
507120,17.413389,80.605544,45.0904
507121,17.763956,81.304659,29.1892
507122,17.48287,80.303501,443.9619
507123,17.602291,80.391206,365.5836
507124,17.704121,80.324084,215.1857
507125,17.927062,80.820243,23.3065
507128,17.756113,80.838768,26.5572
507129,17.71067,81.357616,364.5921
507130,17.736095,81.887224,334.6915
507133,18.128129,80.789533,298.9067
507135,17.574436,81.396011,370.7147
507136,18.400895,80.578871,1313.8606
507137,17.892092,80.922147,323.391
507138,17.481999,80.636967,3.7017
507140,18.050035,80.903103,298.7367
507154,17.730656,80.665814,425.8814
507157,17.177157,79.920886,59.656
507158,17.142524,80.126736,84.3772
507159,17.213149,79.954951,142.2789
507160,17.106493,80.051883,168.1315
507161,17.31421,79.887016,145.6944
507163,17.291087,80.080811,27.401
507164,17.114092,80.762307,279.9965
507165,17.203181,80.355034,267.9019
507166,17.392353,80.527788,480.2065
507167,17.209612,80.442469,196.3732
507168,17.344896,80.417477,228.094
507169,17.030674,80.112113,125.5098
507170,17.222405,80.046451,149.1531
507182,17.355542,80.280186,93.9674
507183,17.332666,79.999049,139.3066
507201,16.862084,80.439238,145.7508
507202,16.89084,80.53007,155.8391
507203,16.911375,80.384528,165.7585
507204,17.066652,80.285022,112.647
507208,17.13395,80.221342,206.4156
507209,17.155118,80.516038,261.5148
507210,17.512066,80.1659,187.4761
507211,17.651909,80.154816,368.0661
507301,17.412671,81.206481,1273.4457
507302,17.22248,80.662744,295.0937
507303,17.235064,80.82251,335.6966
507304,17.010373,80.337448,114.0178
507305,17.196442,80.287631,107.7199
507306,17.311741,80.948989,475.8146
507316,17.350495,80.723683,193.4293
507318,17.27813,80.240334,82.5094
508001,17.063644,79.279101,116.7707
508002,17.106901,79.21973,128.7576
508004,16.997921,79.222199,73.361
508101,17.631911,79.114494,180.3837
508105,17.744331,78.939521,171.2285
508111,17.479303,79.150501,277.9216
508112,17.389513,79.075629,207.443
508113,17.320421,79.158849,263.6061
508114,17.217839,79.103069,243.4429
508115,17.637018,78.947108,195.9978
508116,17.512104,78.963435,162.1426
508117,17.62322,78.830094,364.0348
508126,17.502122,78.775858,321.327
508201,16.935108,79.731881,229.593
508202,16.635858,79.348178,200.675
508204,16.857147,79.826555,438.5988
508205,17.192731,79.320061,224.7969
508206,17.037477,79.948801,335.5718
508207,16.784569,79.439447,75.4212
508208,16.796368,79.53515,637.4643
508210,17.293754,79.39184,253.0132
508211,17.176962,79.461878,242.5982
508212,17.250071,79.752382,310.4185
508213,17.171061,79.579252,79.9524
508214,17.115339,79.676911,463.3299
508217,16.986587,79.528749,155.1144
508218,16.837156,79.685098,297.2268
508221,17.356361,79.696617,263.2474
508223,17.489199,79.414386,146.783
508224,17.32563,79.533728,183.2563
508233,17.0635,79.808777,111.9334
508234,17.150258,79.836994,121.6128
508238,16.933603,79.94347,149.2704
508243,16.685564,79.090541,283.9153
508244,17.088753,79.085437,305.4073
508245,16.971235,78.870784,429.6853
508246,16.781407,79.960655,454.3962
508247,17.032652,79.370479,282.6542
508248,16.581666,79.05122,1071.8392
508250,16.833923,78.861913,308.313
508252,17.278771,78.911673,353.1727
508253,17.140184,78.915373,397.0068
508254,17.237052,79.229432,173.2379
508255,16.958267,79.123689,322.798
508256,16.854715,79.127048,157.8277
508257,16.770503,79.123042,200.1643
508258,16.612776,78.786914,417.3649
508266,16.765684,79.244398,343.6896
508277,17.448072,79.29776,355.3397
508278,16.873767,79.376721,247.4297
508279,17.418669,79.468006,139.9931
508280,17.437413,79.598161,229.0612
508284,17.355628,78.838178,213.5594
508285,17.434921,78.962973,185.261
508286,17.581156,79.046124,138.7436
508355,16.746677,79.63498,133.2048
508373,16.869972,78.993205,219.733
508374,17.029129,79.473466,208.2692
508376,17.245329,79.549361,81.72
508377,16.734567,79.362954,235.3551
509001,16.737467,77.980272,44.3382
509002,16.728547,77.93561,165.8023
509102,16.15423,78.382629,697.5784
509103,16.342417,78.080661,66.7473
509104,16.13518,78.027287,442.2132
509105,16.054755,78.258647,341.2777
509106,16.345707,78.027897,142.6551
509110,16.398081,77.861876,197.0437
509120,16.217659,78.116513,279.1201
509125,16.241227,77.808944,40.4626
509126,15.942176,77.823696,175.6881
509127,16.002628,77.637817,306.8226
509128,16.026909,77.904449,521.6758
509129,16.111921,77.563791,369.021
509130,16.417211,77.722176,276.2048
509131,16.303807,77.827807,177.4359
509132,16.117743,77.727709,177.2258
509133,16.234184,77.708356,605.0505
509135,15.937669,77.712093,171.2397
509152,15.914373,78.124543,215.4062
509153,15.956193,78.030169,144.655
509201,16.282135,78.87396,2160.2184
509202,16.938511,78.139089,353.7656
509203,16.54994,78.161705,187.6182
509204,16.654226,77.843857,242.9409
509205,16.654111,77.585255,74.684
509206,16.36001,78.163659,282.1242
509207,17.088468,78.014873,213.6663
509208,16.455881,77.524152,508.812
509209,16.539677,78.329692,405.3029
509210,16.728251,77.566598,309.5053
509215,16.504862,78.210591,110.8
509216,17.045687,78.205115,261.055
509217,17.188467,78.141926,226.5335
509219,16.50954,77.856624,114.7288
509228,17.114386,78.282399,124.1005
509235,16.408898,78.254237,157.1308
509301,16.7372,78.122905,50.396
509302,16.786419,78.16474,271.0264
509311,16.613237,77.524103,184.5717
509320,16.740864,78.414993,292.2121
509321,16.870056,78.580456,403.9291
509324,16.676809,78.574892,520.8226
509325,17.164414,78.30367,203.4509
509326,16.102834,78.826123,22.8213
509327,16.872721,78.702238,186.8784
509334,16.83118,77.87354,173.3734
509335,16.987359,77.920026,55.2148
509336,17.014262,77.534196,364.2822
509337,16.91587,77.841568,250.2035
509338,17.135875,77.67728,274.5829
509339,16.954423,77.705072,251.8896
509340,16.900561,78.012175,292.9713
509349,16.583831,78.594381,292.596
509350,17.056713,77.679444,166.6163
509351,16.647067,77.708924,244.7313
509352,16.436915,77.360906,224.0555
509353,16.525178,77.642958,176.9312
509357,16.797211,78.318,355.0021
509358,16.961192,78.497285,95.201
509360,16.778531,78.534975,210.2117
509371,16.770864,77.799895,233.1252
509375,16.442099,78.687333,439.339
509376,16.464949,78.610586,259.9124
509380,16.533517,78.057025,225.2324
509381,16.346556,77.960971,173.0497
509382,16.588811,77.993452,521.814
509385,16.434844,78.446597,343.3006
509401,16.289331,78.529328,364.0291
509406,16.655922,78.203566,164.6396
509407,16.829183,77.53501,196.6223
509408,16.958365,78.330174,347.7188
509409,16.536186,77.766484,123.4166
509410,17.064306,78.082103,85.8924
509411,16.854923,77.647819,223.7826
509412,16.271927,78.367638,338.3656
515001,14.692081,77.615168,7.7029
515002,14.597127,77.481346,153.7023
515003,14.610556,77.641527,5.5197
515004,14.716758,77.560512,67.4954
515005,14.681654,77.619347,7.8338
515101,14.280386,77.578738,412.4994
515110,14.061954,77.649967,206.8126
515122,13.937784,77.589956,261.1812
515123,14.102972,77.450739,276.7144
515124,14.009488,77.482865,195.1089
515133,14.154353,77.718284,230.6085
515134,14.107279,77.80891,89.751
515144,14.176106,77.836204,236.9498
515154,14.249892,77.927388,300.9005
515159,14.312305,77.835451,50.0804
515164,14.162283,77.610558,120.1358
515201,13.81408,77.51008,72.5775
515202,13.856113,77.502161,3.8976
515211,13.734793,77.493334,71.7616
515212,13.84127,77.461389,36.5276
515231,13.996164,77.807962,261.7332
515241,13.933847,77.703278,126.4264
515261,13.902983,77.465263,118.0199
515271,13.917059,77.084613,155.5828
515281,14.143587,76.96748,104.1105
515286,14.021888,77.019751,179.4513
515291,13.911763,77.220154,94.9599
515301,13.943105,77.296385,213.6161
515303,13.868608,77.366957,64.332
515305,13.994485,77.166796,107.5746
515311,13.798986,77.039251,110.7242
515321,13.819704,77.124196,114.6833
515331,13.792788,77.584246,128.2199
515341,13.821052,77.678842,124.2252
515401,15.108128,77.517178,360.9936
515402,15.153181,77.663811,184.3917
515405,15.022276,77.696169,171.8852
515408,15.049944,77.895037,326.9621
515411,14.874543,78.010673,230.3752
515413,15.018305,78.012412,22.5221
515414,14.762247,77.94954,237.2475
515415,14.964427,78.027169,224.1974
515425,14.725201,77.812174,364.1747
515435,14.833254,77.709267,114.4105
515445,14.876307,77.878732,215.8482
515455,15.056834,77.788183,194.7425
515465,14.660888,78.03811,363.8648
515501,14.153363,78.014977,286.0561
515511,14.395724,77.992067,463.7877
515521,14.075812,78.342396,609.1696
515531,14.064022,77.957594,70.8745
515541,14.340968,78.140277,136.3865
515551,14.003183,78.174076,154.4726
515556,13.933067,78.056046,283.0303
515561,13.994323,77.975222,201.2371
515571,13.889146,78.216702,372.0098
515581,14.238454,78.257783,473.6747
515591,14.135374,78.134851,256.2627
515601,13.870819,77.760369,126.9064
515611,14.912746,77.722119,183.8065
515621,14.357724,77.359951,363.6724
515631,14.578368,77.887735,264.5188
515641,14.437847,77.497133,403.6452
515651,14.314017,77.721281,135.3578
515661,14.53264,77.771107,119.5418
515671,14.406221,77.715513,17.834
515672,14.429953,77.779557,497.1482
515701,14.717241,77.691294,263.0822
515711,14.769457,77.394877,450.7324
515721,14.597896,77.691455,103.4689
515722,14.538908,77.576419,345.9257
515731,14.827921,77.547349,326.2038
515741,14.69197,77.171118,336.0181
515751,14.630673,77.386949,307.2888
515761,14.554121,77.186836,546.9723
515763,14.602955,77.010998,110.645
515765,14.393427,77.187033,304.5
515766,14.28999,77.040712,236.2536
515767,14.44669,76.994653,465.9598
515774,14.904536,77.564975,96.3309
515775,14.979572,77.534852,337.9284
515787,14.48213,77.308586,92.444
515801,15.172387,77.376707,28.6224
515803,15.167963,77.41355,134.6623
515812,14.904209,77.24034,310.2277
515822,14.787415,77.22897,91.1066
515832,14.992203,77.351333,336.8935
515842,15.106376,77.285044,196.1485
515863,14.550978,76.877575,190.9507
515865,14.777473,76.876121,564.9079
515867,14.682858,76.967587,189.2291
515870,15.025535,77.167978,233.3069
515871,14.877426,77.048168,733.9791
515872,15.021251,76.829307,152.3708
516001,14.480184,78.821509,7.8031
516002,14.496655,78.855632,100.1846
516003,14.394072,78.777198,311.5321
516004,14.394424,78.862414,93.4189
516101,13.873164,79.338524,723.5694
516104,14.195678,79.36535,289.3567
516105,14.047666,79.330136,21.9814
516107,14.090011,79.142098,426.8702
516108,13.991252,79.222247,475.7167
516110,14.075518,79.399838,91.6994
516115,14.180984,79.11171,43.8509
516126,14.206774,79.161585,114.5961
516127,14.393136,79.282118,331.4004
516128,14.250436,79.267766,156.2875
516129,13.983796,79.017179,348.6243
516130,13.971143,78.911505,189.1932
516150,14.221081,79.053163,201.5407
516151,14.331138,79.191187,133.9508
516152,14.315944,79.089808,72.171
516162,14.572124,78.820131,113.1869
516163,14.616542,78.793839,38.1552
516172,14.742671,78.769584,169.4852
516173,14.880902,78.769751,298.9788
516175,14.868879,78.665946,200.8349
516193,15.041441,78.977686,409.7029
516203,14.663416,78.791308,209.2152
516213,14.400056,79.078271,308.5617
516214,13.947456,78.659588,231.2461
516215,13.935291,78.791416,247.2548
516216,14.411296,78.662582,262.8966
516217,15.114801,78.871563,473.0645
516218,14.410977,78.540152,254.69
516227,14.786194,79.056979,144.0629
516228,14.867106,79.011154,160.8117
516233,14.616616,79.149032,515.7706
516237,14.464593,78.941495,55.9668
516247,14.352744,78.955424,218.9536
516257,14.182287,78.662655,229.1359
516259,14.246911,78.538481,484.9923
516267,14.06279,78.534053,364.3654
516268,14.136717,78.900496,287.277
516269,14.047363,78.734303,206.6948
516270,14.098248,78.748429,61.9232
516289,14.599268,78.619672,193.5535
516293,14.555445,78.704017,150.7348
516309,14.61588,78.545336,64.1332
516310,14.667996,78.473065,97.5479
516311,14.606342,78.522672,10.7733
516312,14.746117,78.480187,28.7972
516321,14.47489,78.464048,142.0088
516329,14.400017,78.46648,7.461
516330,14.336853,78.498316,9.2556
516339,14.553386,78.485785,163.4409
516349,14.375397,78.320588,180.1688
516350,14.367249,78.404049,182.5641
516355,14.692294,78.652424,45.1933
516356,14.756131,78.64694,65.7371
516359,14.8765,78.556765,169.4826
516360,14.778163,78.550345,54.6313
516361,14.738986,78.522826,129.3305
516362,14.752058,78.595677,74.9909
516380,14.661027,78.368286,281.5915
516390,14.449264,78.222406,44.5275
516391,14.417269,78.232283,243.6837
516396,14.493618,78.082202,195.1417
516401,14.601527,78.28938,105.7429
516411,14.950038,78.464972,230.0759
516421,14.522109,78.302473,160.1604
516431,14.88998,78.334363,35.9697
516432,14.986668,78.279376,185.6725
516433,14.916252,78.314894,199.3169
516434,14.80834,78.373044,309.4713
516439,14.868015,78.327938,7.2082
516444,14.758004,78.233042,170.892
516454,14.602256,78.134342,104.5453
516464,14.694364,78.179015,185.5547
516474,14.848267,78.148112,225.0564
516484,14.545061,78.180984,156.0342
516501,14.561021,79.001185,453.1363
516502,14.683989,78.965187,179.3736
516503,14.822466,78.908977,330.4595
516504,14.230899,78.819487,435.2291
516505,15.000807,79.039828,180.5171
517001,13.219597,79.110273,14.9249
517002,13.148162,79.107043,77.7676
517004,13.231708,79.093433,4.8043
517101,13.565097,79.320167,33.0192
517102,13.518684,79.257719,206.167
517112,13.493776,79.170495,203.5396
517113,13.560525,78.980164,90.5404
517123,13.524256,78.918303,157.3258
517124,13.3549,79.064939,184.2383
517125,13.231209,79.205334,70.8201
517126,13.353957,79.193252,139.0404
517127,13.256305,79.129456,127.0841
517128,13.1881,79.052072,65.8403
517129,13.289338,78.936549,110.313
517130,13.402152,78.988592,177.24
517131,13.247924,79.027701,80.0053
517132,13.070153,79.118023,130.6508
517152,13.486683,79.064312,81.9747
517167,13.292658,79.284775,148.6564
517172,13.557717,79.098916,152.9564
517192,13.678629,79.042414,116.2047
517193,13.638484,79.115118,89.494
517194,13.724742,79.178376,407.6392
517213,13.798676,78.901963,264.4939
517214,13.749611,78.989647,447.3134
517234,13.596514,78.835789,191.2679
517235,13.762874,78.770893,126.5785
517236,13.839573,78.792364,126.6931
517237,13.698566,78.795178,73.041
517247,13.362633,78.580849,424.3875
517257,13.427197,78.795979,643.8323
517277,13.648656,78.744,107.0717
517280,13.549787,78.67131,202.4183
517291,13.685848,78.622259,96.4149
517297,13.833887,78.584114,337.799
517299,13.640137,78.669873,86.6951
517305,13.845348,78.653958,129.2882
517319,13.623554,78.565525,48.5186
517325,13.561562,78.517531,71.5828
517326,13.58207,78.441948,363.5583
517350,13.729766,78.487213,186.8495
517351,13.743806,78.368097,126.9763
517352,13.635168,78.494114,90.9692
517370,13.662608,78.273156,332.5516
517390,13.841652,78.314792,201.1149
517391,13.718552,78.154595,180.3154
517401,12.872398,78.548042,155.5731
517403,13.103997,79.193318,28.1346
517408,13.196345,78.757736,409.8171
517414,13.328168,78.74522,69.7603
517415,13.085175,78.613221,264.3607
517416,13.223937,78.909141,179.4782
517417,13.402679,78.440776,243.0095
517418,13.865912,78.449093,326.2717
517419,13.159196,79.197347,78.8583
517421,13.183425,79.299225,141.3601
517422,13.110439,78.986927,154.1055
517423,12.850016,78.391384,204.311
517424,12.97502,78.535613,321.1923
517425,12.728174,78.426491,545.9462
517426,12.79331,78.293632,140.5428
517429,13.139851,78.875728,151.8226
517432,13.187898,78.647442,185.2321
517501,13.62548,79.429638,18.2745
517502,13.622447,79.392622,12.4282
517503,13.591304,79.468309,48.3051
517504,13.68925,79.363987,288.2289
517505,13.601447,79.373985,35.3446
517506,13.632202,79.471241,3.7855
517507,13.648504,79.445143,18.6552
517520,13.679419,79.50242,174.8539
517526,13.594159,79.576668,44.3499
517536,13.824415,79.6631,163.8579
517541,13.589115,79.937465,213.1046
517551,13.54591,79.511545,52.3493
517561,13.509875,79.370185,206.1836
517569,13.421007,79.36478,283.0677
517571,13.504103,79.519755,80.1191
517581,13.47236,79.633108,87.8528
517582,13.360556,79.403593,157.657
517583,13.430554,79.566895,207.7533
517584,13.350981,79.536715,21.9454
517586,13.260588,79.728901,75.7734
517587,13.421903,79.728129,138.4246
517588,13.425261,79.906407,193.2338
517589,13.38087,79.812654,207.8607
517590,13.31139,79.608748,71.6995
517591,13.339578,79.672103,110.7353
517592,13.331889,79.567815,35.719
517599,13.240134,79.377409,128.1285
517619,13.699509,79.587394,189.701
517620,13.844949,79.524879,255.3527
517640,13.721097,79.733477,37.5658
517641,13.673399,79.651688,66.4385
517642,13.779092,79.740846,91.4023
517643,13.570213,79.754789,591.6762
517644,13.727345,79.666955,51.1473
517645,13.701163,79.855971,195.1948
517646,13.522597,79.997373,89.7958
518001,15.828551,78.050168,4.0051
518002,15.688157,78.077037,229.4315
518003,15.805992,78.005348,37.3153
518004,15.862653,77.973972,119.8314
518005,15.836996,78.02433,1.0961
518006,15.84316,78.016594,1.3688
518007,15.766571,78.063398,9.2509
518010,15.640325,78.200575,253.6998
518101,16.006158,78.808623,460.8997
518102,16.0382,78.633331,149.7031
518112,15.520416,78.282016,330.4504
518122,15.195013,78.059035,479.6115
518123,15.036413,78.105575,258.4929
518124,15.31663,78.171384,374.7981
518134,15.215586,78.334317,276.431
518135,15.203386,78.418981,89.4184
518145,15.00975,78.393158,58.8263
518155,15.083994,78.397416,122.3576
518165,15.11844,78.256937,104.8697
518166,15.027272,78.229111,133.2442
518176,15.41057,78.272618,192.5001
518186,15.301298,78.275873,39.2087
518196,15.154982,78.193439,152.6008
518206,15.479483,78.180132,26.9439
518216,15.522517,77.914024,373.88
518217,15.577916,78.031238,73.7573
518218,15.685078,77.978021,238.0122
518220,15.229499,77.89301,294.2486
518221,15.268737,77.750153,396.1053
518222,15.398192,77.873994,522.4524
518225,15.539751,77.733652,269.4835
518301,15.613729,77.269641,30.5259
518302,15.600376,77.240585,351.7516
518308,15.580918,77.112304,276.4699
518313,15.891712,77.248569,284.5318
518323,15.701187,77.35955,311.6723
518333,15.862501,77.11785,181.4019
518343,15.869256,77.545251,170.0318
518344,15.746779,77.144853,265.6784
518345,15.906204,77.446393,94.5821
518346,15.457326,77.070615,179.4179
518347,15.487589,77.370765,308.4102
518348,15.285792,77.155427,279.0801
518349,15.842617,77.336419,195.8711
518350,15.631562,77.45711,231.2087
518360,15.784044,77.499045,283.2414
518380,15.397595,77.511836,312.5673
518385,15.270006,77.446264,246.7791
518390,15.261876,77.607869,209.5683
518395,15.397547,77.254645,467.4421
518396,15.229764,77.288942,258.8781
518401,15.868351,78.343017,382.4673
518405,15.750353,78.305941,250.4852
518411,15.992778,78.290853,69.5529
518412,15.950014,78.345728,90.6757
518422,15.915476,78.589117,1061.3418
518432,15.830363,78.190739,98.9841
518442,15.829226,78.500798,118.657
518452,15.765857,78.159574,174.426
518462,15.822417,77.707843,255.0029
518463,15.706297,77.629416,270.6913
518464,15.713421,77.789181,238.1058
518465,15.559638,77.561597,420.9656
518466,15.823398,77.824434,88.5108
518467,15.716933,77.886896,323.4675
518468,15.409377,77.63784,233.371
518501,15.488784,78.482656,25.0193
518502,15.436082,78.478394,194.0813
518508,15.712323,78.425333,190.1262
518510,15.21026,78.483781,42.238
518511,15.588759,78.381472,283.9106
518512,15.517632,78.664051,178.0796
518513,15.584847,78.608408,260.9446
518523,15.52978,78.51559,47.1693
518533,15.690093,78.626959,587.6839
518543,15.107173,78.575304,327.3841
518553,15.005562,78.633582,356.4867
518563,15.30197,78.51189,79.9027
518573,15.27225,78.441818,69.4278
518583,15.400027,78.648227,513.6705
518593,15.406621,78.405477,82.0244
518594,15.219361,78.632579,513.611
518598,15.396686,78.101832,156.5943
518599,15.487118,78.091404,212.7391
518674,15.34342,78.413427,96.5092
520001,16.526685,80.611999,5.5856
520002,16.511134,80.632328,3.2272
520003,16.525833,80.628778,4.3721
520004,16.521041,80.663122,5.3826
520007,16.49262,80.681646,16.0565
520008,16.506951,80.66433,4.7104
520010,16.499876,80.650769,5.02
520011,16.528189,80.649343,4.0465
520012,16.559653,80.61717,40.6213
520013,16.49702,80.629401,9.0709
520015,16.547069,80.653843,9.4697
521001,16.221915,81.193036,168.4255
521002,16.042132,81.126274,137.196
521003,16.109887,81.084695,196.3854
521101,16.573476,80.788623,100.1258
521102,16.523979,80.776801,22.0091
521104,16.508046,80.742161,11.2349
521105,16.671069,80.97542,51.9812
521106,16.564885,80.963545,98.5184
521107,16.549473,80.715521,52.8908
521108,16.513541,80.701406,8.2151
521109,16.597107,80.88061,71.6929
521110,16.650472,80.907263,108.474
521111,16.729711,80.921435,64.6723
521120,15.820834,80.926022,427.9508
521121,16.011097,80.92676,11.7302
521122,16.015321,80.973617,101.4774
521125,16.066138,80.926555,66.1314
521126,16.118338,80.917809,43.3098
521130,16.070797,80.969957,16.8253
521131,16.127312,80.990015,69.8854
521132,16.173078,80.879553,55.0955
521133,16.17583,80.927359,25.0524
521134,16.468166,80.696022,12.8109
521135,16.215401,80.905514,20.0121
521136,16.236422,80.932632,28.3387
521137,16.488293,80.716725,10.7663
521138,16.270706,80.916005,31.4413
521139,16.441895,80.709147,37.1444
521148,16.376074,80.923814,31.502
521149,16.221329,81.061761,34.3919
521150,16.19341,80.975474,39.6665
521151,16.43444,80.75981,111.2478
521153,16.441947,80.795814,12.063
521156,16.241735,81.018887,51.9033
521157,16.309986,80.950073,78.303
521158,16.261651,80.981492,24.8328
521162,16.168078,81.034765,45.4192
521163,16.340611,80.78567,31.3502
521164,16.403015,80.854731,54.4007
521165,16.339006,80.818494,17.9668
521170,16.816911,80.425099,42.5199
521175,16.917944,80.084322,192.8201
521178,16.900909,80.17912,209.0948
521180,16.671501,80.405469,151.7659
521181,16.752224,80.45166,139.0486
521182,16.694049,80.219459,239.2961
521183,16.720938,80.27064,58.1912
521185,16.779747,80.309558,296.3608
521190,16.900778,80.269778,118.6657
521201,16.794746,80.856602,37.4535
521202,16.80461,80.805063,199.3793
521207,16.800786,80.969542,163.1132
521211,16.701558,80.788012,193.5009
521212,16.62049,80.680468,165.5099
521213,16.909277,80.907051,157.0664
521214,17.014433,80.866117,207.0984
521215,16.921435,80.76566,216.4978
521225,16.543358,80.577549,16.6345
521226,16.964986,80.655084,22.3545
521227,16.969547,80.703146,295.5664
521228,16.628998,80.563608,86.0369
521229,16.711912,80.604506,186.6574
521230,16.801111,80.66518,298.2778
521235,17.082537,80.589632,136.1399
521241,16.581289,80.578523,12.4628
521245,16.40044,80.812966,33.9213
521246,16.31407,80.858217,32.8891
521247,16.260664,80.839225,45.3043
521250,16.263456,80.876313,27.6213
521256,16.358966,80.875204,23.3753
521260,16.469978,80.831541,47.0619
521261,16.402801,80.896627,22.4679
521263,16.43602,80.925541,32.63
521286,16.576825,80.842122,76.3638
521301,16.424775,80.980946,23.0007
521311,16.476343,80.8875,24.1924
521312,16.511896,80.889612,35.4844
521321,16.513663,80.996352,107.8325
521322,16.383726,80.969959,26.2504
521323,16.444835,81.04433,43.531
521324,16.370192,81.331418,260.3134
521325,16.415156,81.093491,102.8903
521326,16.545099,81.105058,76.3393
521327,16.490366,81.030493,69.9579
521328,15.949822,81.029605,154.4602
521329,16.389928,81.163205,117.3097
521330,16.378442,81.016612,50.795
521331,16.291011,81.087115,43.5079
521332,16.296607,81.03166,20.8547
521333,16.548927,81.237377,135.04
521340,16.604679,81.293445,128.9749
521343,16.457106,81.224421,107.0639
521344,16.459662,81.331123,159.0584
521345,16.515719,81.147524,89.1276
521356,16.332904,81.038546,45.733
521366,16.281448,81.124346,92.4326
521369,16.301441,81.189355,86.3952
521390,16.345049,80.946182,17.085
521401,17.005299,80.424402,104.0389
521402,16.985906,80.249248,87.8919
521403,17.006252,80.530787,201.1276
521456,16.634131,80.496655,129.3427
521457,16.835876,80.13596,50.6291
522001,16.29166,80.463698,11.9675
522002,16.309252,80.441298,3.6467
522003,16.278749,80.44885,6.6476
522004,16.289317,80.422849,11.3393
522005,16.291486,80.377008,33.4451
522006,16.324585,80.411516,10.9497
522007,16.321473,80.429836,5.9174
522009,16.330349,80.364086,21.3526
522015,16.12735,80.310777,65.642
522016,16.498074,80.368392,95.3786
522017,16.224451,80.417965,127.4734
522018,16.408335,80.358033,106.8431
522019,16.205008,80.332539,165.9527
522020,16.583392,80.313306,191.5195
522034,16.37228,80.427382,44.6639
522101,15.904365,80.438671,9.8007
522102,15.894641,80.477057,45.7591
522111,15.920228,80.54005,141.3446
522112,16.069509,80.418246,209.2307
522113,15.955804,80.439992,73.4654
522124,16.057929,80.525228,81.7403
522201,16.245528,80.634946,20.8633
522202,16.268636,80.650713,23.1576
522211,16.221348,80.578969,41.8271
522212,16.19214,80.494214,98.445
522213,16.261472,80.538393,77.7952
522233,16.228114,80.252361,192.5694
522234,16.191486,80.168089,88.7017
522235,16.077272,80.294444,98.182
522236,16.465813,80.436693,111.1311
522237,16.547822,80.455507,73.534
522238,16.507857,80.507333,5.7978
522256,16.091324,80.75259,49.9994
522257,16.09524,80.820918,53.3939
522258,16.007076,80.7449,85.8639
522259,16.074521,80.689392,63.0049
522261,16.183604,80.695271,115.6426
522262,15.922237,80.743177,125.7916
522264,15.872597,80.834549,185.1335
522265,16.013043,80.840468,199.6032
522268,15.987789,80.672842,50.7972
522301,16.286282,80.798482,67.2803
522302,16.424591,80.596142,31.2415
522303,16.447395,80.642263,44.9691
522304,16.307298,80.724778,116.1985
522305,16.390172,80.64817,62.0329
522306,16.309453,80.673031,37.7781
522307,16.284404,80.604138,19.9798
522308,16.374455,80.706226,18.7846
522309,16.037067,80.62796,51.7462
522310,15.988788,80.484753,41.901
522311,16.018744,80.571826,31.7979
522312,16.140324,80.601595,24.2092
522313,16.193639,80.632181,43.9125
522314,15.90857,80.644767,96.8581
522315,16.641035,79.877957,82.0294
522316,16.130574,80.500557,74.956
522317,15.934595,80.411855,28.0414
522318,16.156394,80.572928,39.8184
522324,16.172853,80.79583,170.1541
522325,16.1198,80.640872,52.2266
522329,15.96709,80.602446,63.5935
522330,16.341969,80.591746,104.6163
522341,16.083316,80.595751,40.6355
522401,16.418319,80.285222,42.3059
522402,16.491525,80.249171,110.4171
522403,16.441433,80.15367,263.7725
522408,16.36432,80.091588,138.1989
522409,16.701861,80.119791,142.7444
522410,16.570962,80.139723,190.7122
522411,16.62976,80.032525,402.7281
522412,16.444054,79.979651,167.7765
522413,16.492831,79.886284,166.6833
522414,16.641452,79.758814,277.7308
522415,16.580269,79.644033,237.5486
522421,16.576821,79.530675,202.7977
522426,16.526352,79.404278,290.3079
522435,16.578689,79.88051,108.1853
522436,16.528322,80.297142,44.9064
522437,16.531276,79.820492,79.3592
522438,16.368451,80.286155,95.6923
522439,16.555616,79.28066,5.5058
522501,16.493891,80.573427,55.5743
522502,16.460777,80.594398,12.4104
522503,16.49077,80.515472,123.8324
522508,16.39076,80.512007,81.4291
522509,16.323969,80.496743,79.7011
522510,16.376415,80.527924,4.9627
522529,16.315726,80.204055,139.4576
522549,16.255097,80.139348,63.9831
522601,16.204369,80.04096,207.4872
522603,16.313342,80.021004,112.0632
522611,16.159959,80.112766,63.9065
522612,16.404081,79.536041,386.7778
522613,16.363881,79.327672,706.1441
522614,16.403522,79.729702,533.6206
522615,16.365587,79.89938,213.3643
522616,16.079301,80.175138,71.1028
522617,16.243809,79.93326,230.7409
522619,16.114597,80.22852,39.7698
522626,16.075859,80.102361,103.4344
522646,16.122304,79.852535,134.8397
522647,16.128745,79.76887,314.6633
522649,16.029522,79.848466,104.3936
522657,16.15253,79.645024,197.3222
522658,16.22363,79.808112,84.5927
522659,15.981835,79.637816,167.0355
522660,15.94743,79.771536,304.2433
522661,16.278716,79.837919,64.9363
522663,16.26337,79.651512,289.3023
523001,15.479168,80.043961,34.4522
523002,15.512572,80.022931,16.3997
523101,15.244032,79.980262,156.9322
523104,15.228402,80.060968,54.1493
523105,15.174878,79.893523,234.5988
523108,15.153997,79.387789,317.3642
523109,15.258991,79.736027,341.5391
523110,15.085387,79.530842,132.9727
523111,15.307473,79.618706,140.376
523112,15.177867,79.184307,486.4095
523113,15.139688,79.819372,101.9181
523114,15.082911,79.690222,225.9774
523115,15.010103,79.825794,86.011
523116,15.161864,79.690367,122.0686
523117,15.204229,79.55626,250.8088
523135,15.678605,80.218327,50.8094
523155,15.816242,80.300748,29.006
523156,15.828241,80.35941,2.977
523157,15.763859,80.333643,17.8908
523165,15.799056,80.357584,43.3812
523166,15.855061,80.41191,138.7209
523167,15.809882,80.181074,92.2853
523168,15.894911,80.321126,67.0537
523169,15.968601,80.288833,246.8587
523170,15.850667,80.264911,99.4815
523171,16.029787,80.260093,37.652
523180,15.570447,80.16529,98.0249
523181,15.728311,80.225109,31.6122
523182,15.510377,80.1467,124.8751
523183,15.630961,80.092427,92.0141
523184,15.699863,80.267328,18.418
523185,15.778035,80.244494,52.2769
523186,15.667342,80.177278,161.761
523187,15.743852,80.29463,44.4953
523190,15.896141,80.177056,99.8715
523201,15.844685,79.941396,248.0034
523211,15.610602,80.005341,176.1764
523212,15.723935,80.036496,197.2837
523213,15.787187,80.066526,39.3771
523214,15.792094,80.11949,64.8427
523223,15.294474,79.35828,182.6573
523224,15.347135,79.250519,315.1568
523225,15.51461,79.919237,227.9366
523226,15.553326,79.827298,192.8831
523227,15.425916,79.368167,178.2529
523228,15.499984,79.288382,236.1839
523230,15.305726,79.468602,273.4004
523240,15.569256,79.616481,470.0974
523241,15.67046,79.456842,317.9958
523245,15.493543,79.503284,201.6628
523246,15.571518,79.396441,224.5608
523247,15.777542,79.679455,262.576
523252,15.739361,79.761466,100.9141
523253,15.582599,79.737526,292.2817
523254,15.385095,79.569016,160.1832
523260,15.924537,80.027316,130.6051
523261,15.863065,80.081359,115.1039
523262,15.548134,80.062576,23.5278
523263,15.673099,79.912676,138.146
523264,15.71999,79.844891,169.2636
523265,15.844363,79.823684,197.6134
523270,15.412012,79.79766,199.4931
523271,15.345392,79.772893,177.5089
523272,15.417678,79.982159,198.9657
523273,15.387837,79.887423,28.8713
523274,15.31508,80.011496,110.1357
523279,15.349316,79.917927,66.6924
523280,15.348458,80.080801,57.0052
523281,15.036013,79.885061,103.4854
523286,15.437899,80.110927,142.1015
523291,15.018184,79.98755,72.4719
523292,15.114163,79.999766,210.2182
523301,16.007992,80.104845,226.5967
523302,16.106833,79.956142,164.2854
523303,15.994006,79.951015,184.9212
523304,15.874659,79.563281,413.8775
523305,15.827495,79.464034,271.7366
523315,15.785755,79.370851,198.8496
523316,15.753566,79.285456,35.0461
523320,15.852066,79.274472,173.9465
523326,16.050429,79.478399,391.8452
523327,16.117544,79.185407,1319.3119
523328,16.223979,79.473821,354.5277
523329,15.781792,79.187009,237.9638
523330,15.944444,79.296416,168.3072
523331,15.905733,79.022978,1071.2701
523332,15.653652,79.212979,127.9392
523333,15.680514,79.133162,335.1462
523334,15.484444,79.090303,103.156
523335,15.717301,78.871115,394.0156
523336,15.65385,78.991683,181.0267
523346,15.363348,79.135442,180.4249
523356,15.388004,79.035486,155.9252
523357,15.415527,78.82675,124.068
523367,15.256575,78.837391,257.8085
523368,15.482661,79.00945,124.5513
523369,15.348875,78.887878,278.7593
523370,15.533804,79.169221,184.2557
523371,15.649676,79.290982,146.0641
523372,15.535662,78.880123,458.4908
523373,15.247778,79.017034,267.5752
524001,14.454702,79.982185,4.0834
524002,14.436167,80.075739,124.049
524003,14.417004,79.976256,25.2841
524004,14.409158,79.909412,201.6084
524005,14.473964,79.986743,1.1232
524101,14.138185,79.799012,200.9288
524121,13.696839,79.979379,184.2638
524123,13.792844,79.992369,301.4235
524124,13.705008,80.163111,481.7332
524126,13.907957,79.930007,166.4609
524127,13.927864,80.026773,169.8226
524129,13.821161,79.81223,124.7744
524131,14.029695,79.729836,159.4276
524132,13.933551,79.585199,293.1423
524134,14.077849,79.517388,335.0895
524137,14.491114,79.966019,92.1505
524142,14.779749,79.984008,230.716
524152,14.695349,79.954117,58.3795
524201,14.929788,79.88611,662.682
524203,14.980866,80.031414,30.4415
524221,14.974074,79.505695,212.1173
524222,14.867712,79.393535,207.7037
524223,14.821915,79.858441,154.295
524224,14.865624,79.653649,196.0814
524225,14.805227,79.765344,174.3707
524226,14.877193,79.191319,227.4762
524227,15.006266,79.412906,145.1359
524228,14.823957,79.519698,362.7863
524230,14.800049,79.27975,405.5331
524234,14.746316,79.691371,164.6601
524236,15.024116,79.299092,300.105
524239,14.97567,79.63481,139.6619
524240,14.691905,79.848121,140.9096
524301,14.507051,79.336351,38.4001
524302,14.611496,79.338696,567.006
524303,14.57395,79.534994,44.8545
524304,14.696206,79.611339,145.7008
524305,14.541599,79.86203,120.8085
524306,14.582965,79.806198,113.1593
524307,14.677324,79.495991,201.7001
524308,14.625451,79.719616,209.8491
524309,14.505513,79.733918,203.0989
524310,15.001896,79.140504,306.0229
524311,14.39034,80.095471,94.2542
524312,14.724148,79.31107,82.4437
524313,14.521687,80.151158,98.0224
524314,14.485269,80.083118,59.5403
524315,14.678576,80.043632,270.4531
524316,14.565101,80.001358,30.4999
524317,14.617378,79.913837,88.3729
524318,14.590331,80.096109,195.9645
524319,14.568065,79.954255,35.0038
524320,14.341874,79.873011,138.2184
524321,14.279617,79.962287,166.7082
524322,14.599283,79.596359,106.9786
524323,14.228308,80.022365,40.7145
524341,14.501577,79.57036,172.179
524342,14.356058,79.551873,65.3
524343,14.448309,79.445585,357.5813
524344,14.271988,80.086131,132.0062
524345,14.39996,79.692652,354.8156
524346,14.330412,80.045668,48.4453
524347,14.340279,80.126325,44.0792
524366,14.526082,79.957785,43.1152
524401,13.552913,80.140994,282.077
524402,14.006434,79.859645,171.9091
524403,13.901664,80.146137,283.4966
524404,14.018047,79.639654,138.1935
524405,14.236035,79.863419,231.0975
524406,14.133602,79.741833,21.4604
524407,14.183693,79.671807,277.7615
524408,14.268993,79.600705,114.4301
524409,14.284055,79.716717,146.7232
524410,14.077323,79.899127,146.8922
524411,14.117907,80.092809,113.2585
524412,14.150562,80.004407,213.0766
524413,14.041157,80.006524,99.7667
524414,14.271396,79.486651,431.0346
524415,14.025351,80.091571,96.1744
524421,13.90611,79.799914,199.3724
530001,17.700952,83.298697,3.5097
530002,17.715603,83.312053,2.6599
530003,17.725546,83.32475,5.1238
530004,17.721792,83.285792,3.8269
530005,17.664776,83.250084,23.0934
530007,17.750137,83.265112,4.6686
530008,17.735303,83.274257,8.2596
530009,17.728121,83.234304,16.2988
530011,17.69429,83.240822,10.1414
530012,17.70353,83.192556,17.3428
530013,17.742024,83.312225,3.6873
530014,17.694136,83.268708,17.1601
530015,17.695068,83.224225,3.1459
530016,17.73183,83.299222,3.9988
530017,17.736091,83.337357,4.4918
530018,17.738446,83.255321,2.3908
530020,17.71601,83.299591,1.7055
530022,17.745973,83.323456,1.6867
530024,17.746396,83.296175,3.1322
530026,17.681903,83.203093,8.0653
530027,17.743496,83.201145,23.9
530028,17.766825,83.259714,25.5589
530029,17.761645,83.207204,4.6337
530031,17.601104,83.161842,105.4382
530032,17.644084,83.143315,45.9353
530035,17.704667,83.283296,6.1033
530040,17.78826,83.309637,50.4058
530041,17.806249,83.355758,9.8688
530043,17.754424,83.343014,4.0526
530044,17.650924,83.217403,20.5838
530045,17.780221,83.367512,14.2147
530046,17.698958,83.149016,13.2489
530047,17.781837,83.208943,10.9064
530048,17.825791,83.361846,52.0937
530049,17.717535,83.17248,5.6324
530051,17.797863,83.214026,3.0529
530052,17.866409,83.308262,29.8693
530053,17.682594,83.126972,7.8786
531001,17.696246,83.008003,71.1373
531002,17.692193,83.026378,2.3533
531011,17.527621,82.986834,126.3659
531019,17.673748,83.06507,66.2823
531020,17.568343,83.06517,53.38
531021,17.622303,83.07645,53.5273
531022,17.921521,83.068897,28.2158
531023,17.800306,82.957417,75.6116
531024,18.034887,82.728432,307.8541
531025,17.754921,82.79479,124.203
531026,17.814887,82.846035,81.7048
531027,17.888749,82.761918,180.6784
531028,17.898582,82.862014,72.5134
531029,17.997983,82.557526,777.0674
531030,18.068993,82.956267,609.0766
531031,17.646755,82.859833,151.079
531032,17.723496,82.95059,113.0304
531033,17.603464,82.973063,99.2374
531034,17.864409,83.032088,127.1217
531035,17.775747,83.090012,221.4341
531036,17.80717,82.896329,171.5311
531040,18.284101,82.485663,1169.7037
531055,17.551277,82.833847,202.3236
531060,17.439458,82.812836,43.3678
531061,17.486346,82.890761,146.0703
531075,17.905532,82.969985,45.9712
531077,18.137407,82.777569,436.1766
531081,17.38699,82.688253,127.2077
531082,17.475772,82.732901,67.6207
531083,17.414593,82.767859,66.2334
531084,17.700898,82.398656,561.5225
531085,17.538117,82.676874,169.8004
531087,17.741555,82.113514,795.2347
531105,17.987265,82.068414,256.433
531111,17.940486,82.390296,503.8092
531113,17.639016,82.728792,198.0719
531114,17.776183,82.692492,222.3549
531115,17.555947,82.455882,320.7917
531116,17.646829,82.5429,77.4032
531117,17.566125,82.597115,106.7053
531118,17.767084,82.577523,404.1852
531126,17.420687,82.615967,130.0319
531127,17.313907,82.587243,109.4053
531133,17.894828,82.22023,627.6932
531149,18.305953,82.939991,350.3744
531151,18.303916,82.792545,379.5735
531162,17.935746,83.446506,145.6904
531163,17.867399,83.366693,38.8865
531173,17.820704,83.213808,165.7871
531219,17.960174,83.315666,170.697
532001,18.292754,83.896152,25.9642
532005,18.249334,83.850844,52.7889
532122,18.548761,83.630479,168.7957
532123,18.471386,83.752605,119.4695
532127,18.451458,83.625368,212.1148
532148,18.364107,83.662101,121.2932
532168,18.35723,83.767337,200.4926
532185,18.383304,83.903101,32.68
532186,18.399553,83.853324,188.4402
532190,18.470013,83.9201,39.6286
532195,18.500345,84.165353,194.3236
532201,18.605071,84.246768,16.9729
532203,18.633414,84.253705,241.7778
532211,18.534815,84.291333,87.9603
532212,18.557382,84.246416,41.8615
532213,18.702144,84.104601,147.4351
532214,18.648623,84.080659,161.3681
532215,18.716342,84.175659,109.3227
532216,18.750348,84.252931,113.1872
532218,18.645897,84.378375,100.7745
532219,18.761682,84.492428,31.0496
532220,18.716887,84.359376,86.7413
532221,18.783983,84.381884,140.7725
532222,18.716567,84.44148,32.7191
532242,18.870752,84.445914,172.2223
532243,18.800507,84.488129,67.7146
532263,18.864221,84.562971,58.3307
532264,18.937487,84.494578,109.3827
532284,18.947547,84.564442,101.8854
532290,18.994415,84.596381,27.1755
532291,19.024904,84.543826,68.6722
532292,18.965749,84.639665,45.6671
532312,19.096824,84.696764,136.353
532322,19.025952,84.663182,95.4947
532401,18.260142,83.925577,51.0114
532402,18.315157,83.821794,27.5191
532403,18.216908,83.752495,165.5238
532404,18.267416,83.985707,77.6229
532405,18.306972,84.02589,47.5377
532406,18.311555,84.095758,27.2787
532407,18.179468,83.684621,159.2375
532408,18.206799,83.864776,53.7514
532409,18.135452,83.645791,51.7706
532410,18.273076,83.82148,50.5998
532421,18.386132,84.035972,114.699
532425,18.440875,83.978568,94.8396
532426,18.590349,84.066363,30.2518
532427,18.545323,84.024652,102.7387
532428,18.604935,83.987519,69.8953
532429,18.354292,84.090312,49.7645
532430,18.400427,84.146323,54.7338
532432,18.495818,84.041661,51.0171
532440,18.586085,83.750167,173.8377
532443,18.668036,83.815576,325.1668
532445,18.522985,83.833623,63.2935
532455,18.779333,83.859928,113.9477
532456,18.901735,83.79738,192.0156
532457,18.785444,83.968807,93.9256
532458,18.555409,83.931335,95.6495
532459,18.69277,83.938347,255.988
532460,18.717584,83.656114,273.2956
532461,18.655759,83.57881,69.1941
532462,18.628368,83.683076,60.5794
532474,18.447691,84.094896,79.7563
532484,18.346499,83.868722,63.0658
533001,16.952599,82.234565,3.8332
533002,16.930107,82.2384,6.1824
533003,16.971176,82.253138,30.0389
533004,16.965784,82.227639,1.603
533005,17.011135,82.22508,79.6769
533006,16.954894,82.151608,70.1271
533016,16.915027,82.191821,64.3463
533101,16.98207,81.77754,31.5872
533102,17.062945,81.822316,53.7317
533103,17.009301,81.794538,7.8572
533104,17.032178,81.753209,20.3244
533105,17.040231,81.778649,18.7607
533106,17.028703,81.823383,21.0737
533107,16.986545,81.831559,24.7953
533124,16.949837,81.819235,26.7899
533125,16.931176,81.798648,20.0555
533126,16.883145,81.84139,71.1912
533201,16.577444,82.017091,22.5927
533210,16.443198,81.993249,43.5048
533211,16.663607,82.028649,55.4493
533212,16.609119,82.243669,310.5812
533213,16.522409,82.063287,74.5868
533214,16.578671,81.934998,41.8079
533215,16.524681,81.975439,6.9693
533216,16.639095,82.103375,86.0014
533217,16.490727,82.005997,61.7835
533218,16.537801,82.005737,27.0335
533220,16.659179,82.177095,78.1333
533221,16.58888,81.985236,23.5195
533222,16.550089,82.105725,79.9971
533223,16.712563,81.889757,26.0829
533228,16.677794,81.9547,32.8333
533229,16.659787,81.904859,52.3761
533232,16.799866,81.914135,26.8933
533233,16.786078,81.878846,22.121
533234,16.840195,81.875697,33.9564
533235,16.882534,81.772383,132.5524
533236,16.763986,81.818616,59.3763
533237,16.783728,81.78153,17.6217
533238,16.745032,81.854451,42.3636
533239,16.620668,81.955777,30.3946
533240,16.579379,81.888486,48.2642
533241,16.632797,81.992167,17.9721
533242,16.480816,81.835224,18.4886
533244,16.42773,81.868575,66.3764
533247,16.505623,81.928485,60.8494
533248,16.444674,81.920805,61.3534
533249,16.512346,81.870874,45.1657
533250,16.388677,81.834986,24.8032
533251,16.41536,81.741905,58.3346
533252,16.364307,81.773589,71.463
533253,16.440427,81.794992,25.2955
533254,16.423483,81.837012,18.0865
533255,16.835716,82.019121,11.8948
533256,16.822925,82.033577,70.727
533260,16.862649,82.091448,12.5299
533261,16.833608,81.983546,44.7543
533262,16.78937,82.071791,78.9017
533263,16.757759,82.115926,72.7724
533264,16.87212,81.965048,10.2008
533274,16.67199,81.847921,39.3509
533284,17.37145,81.915788,62.3695
533285,17.289037,81.916599,403.1724
533286,17.248328,81.783488,97.9533
533287,17.182193,81.710135,199.8855
533288,17.432827,81.785041,403.2469
533289,17.161087,81.848132,105.218
533290,17.18172,81.78268,33.2497
533291,17.048753,82.001658,83.6701
533292,17.113894,81.838441,43.3055
533293,17.086207,81.751448,32.3605
533294,17.047018,81.9219,140.535
533295,17.631545,81.69109,1146.4691
533296,16.980649,81.899956,86.3312
533297,17.135597,81.9335,78.9362
533305,16.735454,82.017482,46.5892
533306,16.69615,82.055969,36.8675
533307,16.78501,81.946506,36.827
533308,16.82736,81.944947,15.0871
533309,16.728385,81.942725,66.1815
533339,17.345868,81.691206,232.977
533340,16.870327,81.91934,44.6952
533341,16.923633,81.906523,38.1255
533342,16.932209,81.959697,41.3907
533343,16.961891,82.029484,62.7768
533344,16.910807,82.076833,46.9885
533345,16.90499,82.026948,19.0795
533346,16.902469,81.994582,37.7774
533347,17.776408,81.558846,585.6288
533348,17.928577,81.855257,111.3431
533349,17.604418,81.268764,78.82
533350,17.675155,81.214265,149.7858
533351,17.657595,81.085962,81.3534
533352,17.752142,81.046579,702.6477
533401,17.361917,82.507512,317.0353
533406,17.300006,82.387822,205.0301
533407,17.464069,82.461822,152.7435
533408,17.215237,82.436917,103.2361
533428,17.490575,82.039523,569.1532
533429,17.312962,82.096263,139.6225
533430,17.298218,82.207804,180.5292
533431,17.18418,82.134196,92.7947
533432,17.246569,82.161511,54.1634
533433,17.112129,82.155322,34.1589
533434,16.993767,82.105446,66.0345
533435,17.177503,82.02369,284.4114
533436,17.504533,82.208034,561.1011
533437,17.074119,82.094134,133.4558
533440,17.03761,82.160903,38.3278
533444,17.22105,82.27706,45.4858
533445,17.160197,82.232133,90.7482
533446,17.382646,82.312,361.5089
533447,17.090185,82.301048,76.4903
533448,17.098354,82.339014,38.3713
533449,17.180829,82.33625,104.3779
533450,17.093109,82.222272,96.267
533461,16.858387,82.26269,138.8232
533462,16.892958,82.129708,31.9347
533463,16.777097,82.272536,158.9234
533464,16.718388,82.200719,158.1696
533468,16.838384,82.151153,69.6236
533483,17.728637,81.951706,667.8136
533577,16.618444,82.035862,20.4625
534001,16.699261,81.112288,13.9006
534002,16.678295,81.093427,74.3459
534003,16.748145,81.04607,38.604
534004,16.649971,81.196537,193.8461
534005,16.729838,81.131764,20.7152
534006,16.711567,81.09194,1.2816
534007,16.705901,81.02972,50.5231
534101,16.880153,81.511956,163.9108
534102,16.799553,81.526168,6.8957
534111,16.968425,81.446589,63.8759
534112,16.921174,81.370049,137.9903
534122,16.626943,81.733362,25.7469
534123,16.610232,81.789414,50.2894
534124,16.658934,81.647662,37.3019
534126,16.634509,81.688986,34.9069
534134,16.70366,81.586916,99.6773
534145,16.875438,81.598786,43.1699
534146,16.83298,81.574092,43.6716
534156,16.795234,81.606092,57.4869
534165,16.766632,81.456334,29.8741
534166,16.775652,81.500411,35.8208
534176,16.992458,81.368298,87.3065
534186,16.662191,81.519179,58.896
534195,16.74106,81.396833,40.8587
534196,16.757394,81.535298,30.3193
534197,16.721376,81.527266,21.4124
534198,16.696183,81.425874,125.9616
534199,16.605638,81.462505,108.4836
534201,16.538916,81.537448,12.9476
534202,16.549183,81.519202,29.7715
534204,16.548891,81.487585,11.1352
534206,16.520074,81.457182,30.7184
534207,16.471332,81.567799,67.7666
534208,16.50265,81.489206,25.7872
534209,16.634069,81.557757,6.3144
534210,16.596819,81.56084,36.7835
534211,16.761872,81.679621,20.4442
534215,16.657751,81.768545,9.0428
534216,16.794553,81.682612,22.7444
534217,16.710053,81.692396,27.4962
534218,16.781869,81.643464,27.9903
534222,16.725793,81.654712,29.2693
534225,16.698846,81.646936,9.7288
534227,16.816602,81.697572,21.1389
534230,16.635684,81.588171,23.9814
534235,16.620673,81.37535,125.6581
534236,16.489589,81.384492,39.8314
534237,16.528381,81.410202,62.981
534238,16.634293,81.626284,10.7483
534239,16.455865,81.478532,101.0738
534240,16.604391,81.625623,26.7102
534243,16.542079,81.594371,55.2691
534244,16.562708,81.555958,12.3818
534245,16.528023,81.642205,25.4583
534247,16.580689,81.644028,19.4837
534250,16.560106,81.676063,30.4558
534260,16.51088,81.710667,62.1954
534265,16.567211,81.712172,16.9841
534266,16.542975,81.826928,59.0795
534267,16.555094,81.759692,37.4317
534268,16.489446,81.768986,51.7277
534269,16.612862,81.838978,43.872
534275,16.411675,81.670698,209.1507
534280,16.362508,81.610078,20.0983
534281,16.396151,81.545855,168.6636
534301,16.918943,81.654149,107.9288
534302,16.922995,81.709348,37.0135
534305,16.952063,81.555383,70.4567
534311,17.268731,81.439028,259.8984
534312,17.11473,81.38804,245.1189
534313,17.037327,81.540764,154.6222
534315,17.341845,81.563939,503.0516
534316,17.112691,81.507187,184.1171
534318,17.206859,81.528889,100.4843
534320,16.689446,81.714771,20.6041
534324,16.677167,81.766675,48.3532
534326,16.658912,81.81964,16.4736
534327,16.592639,81.743925,13.405
534328,16.744545,81.725199,22.4765
534329,16.85499,81.704403,61.8856
534330,16.736093,81.763148,45.9074
534331,16.797147,81.736036,26.8313
534338,16.60009,81.709406,10.9605
534340,17.087962,81.644269,62.3426
534341,17.145785,81.617962,67.7813
534342,16.992849,81.622462,98.4484
534350,17.032703,81.700853,112.5073
534401,16.778993,81.314572,117.4093
534406,16.790296,81.396877,57.6047
534411,16.845023,81.437686,82.9795
534416,16.820801,81.361453,48.6135
534425,16.851033,81.264533,126.9421
534426,16.929611,81.25908,98.3791
534427,16.744449,81.250954,109.9043
534432,16.795906,81.176623,58.9237
534435,16.849976,81.113348,90.9809
534437,16.62035,81.036145,108.9097
534442,16.725131,81.195086,42.3241
534444,17.569705,81.037083,525.197
534447,17.117932,81.283078,51.6534
534448,17.280461,81.326866,293.5806
534449,16.996318,81.186623,146.775
534450,16.768594,81.122618,34.6873
534451,17.044419,81.275025,174.7736
534452,16.913469,81.157967,132.0436
534455,17.164965,81.231449,130.5758
534456,17.218421,81.160354,285.9557
534460,17.119412,80.97015,315.3037
534461,17.011228,81.032518,115.4261
534462,16.935308,81.027596,196.3933
534467,17.083849,81.117678,157.7972
534475,16.824877,81.055558,91.9739
535001,18.127463,83.40303,11.584
535002,18.111516,83.423961,15.9359
535003,18.14644,83.360889,94.6953
535004,18.085653,83.340271,42.1055
535005,18.053079,83.411214,26.539
535006,18.089666,83.452037,51.3124
535101,18.282176,83.518122,84.8996
535102,18.39309,83.477348,137.8081
535124,18.483375,83.459637,95.3165
535125,18.273572,83.628233,140.5484
535126,18.483952,83.522025,61.4108
535128,18.333947,83.548076,132.3155
535145,18.224551,83.112713,619.7596
535148,18.106059,83.193608,50.8295
535160,18.181288,83.194143,78.4738
535161,18.009588,83.14396,100.8228
535183,17.909959,83.154839,193.5936
535204,18.096481,83.573294,146.8177
535213,18.039061,83.568737,48.9295
535214,18.050242,83.316791,25.1407
535215,18.140537,83.284539,98.0993
535216,17.992286,83.473318,214.4719
535217,18.191238,83.469879,117.3754
535218,18.159596,83.535079,111.2889
535220,18.264335,83.46254,68.5638
535221,18.191782,83.246567,32.5679
535240,17.983081,83.222505,92.6925
535250,18.043081,83.254495,119.3703
535260,18.232431,83.315006,86.8879
535270,18.29756,83.352343,152.6361
535273,18.328266,83.18327,70.9819
535280,18.218902,83.411479,59.8547
535281,18.015231,83.056886,124.4424
535463,18.716304,83.486709,100.995
535501,18.810603,83.446068,83.1787
535502,18.788058,83.424378,19.0069
535521,18.950597,83.454981,364.2003
535522,18.776646,83.372435,85.4948
535523,19.015416,83.62825,281.9745
535524,18.891226,83.576039,173.5936
535525,18.774414,83.522644,84.136
535526,18.823055,83.557033,64.9611
535527,18.739379,83.310468,116.9118
535534,18.878697,83.715997,182.209
535546,18.672098,83.400354,143.1423
535547,18.697447,83.221762,208.8798
535557,18.597642,83.519982,158.339
535558,18.544961,83.360615,37.5735
535559,18.595429,83.402274,138.7031
535568,18.547958,83.430858,43.4187
535573,18.613658,83.315657,61.6203
535578,18.477465,83.376678,114.1796
535579,18.468827,83.287963,194.6644
535580,18.371397,83.353036,138.1289
535581,18.381734,83.244901,73.5145
535591,18.512432,83.20217,252.306
535592,18.455513,83.1139,254.1149
535593,18.632862,83.117661,278.2199
535594,18.809933,83.634382,93.3007
560001,12.979703,77.594699,7.5115
560002,12.962735,77.580647,2.7208
560003,13.0011,77.5725,3.2064
560004,12.94522,77.57586,5.1328
560005,12.996794,77.619039,3.5902
560006,13.010644,77.591217,5.7111
560007,12.957466,77.62914,5.3458
560008,12.977123,77.626516,6.65
560009,12.978613,77.576274,1.2517
560010,12.990592,77.551416,4.0515
560011,12.930216,77.58512,1.6365
560012,13.019317,77.567502,3.4218
560013,13.049417,77.552186,6.3475
560014,13.072644,77.544545,3.6838
560015,13.062931,77.526151,8.8197
560016,13.018579,77.676529,17.7292
560017,12.954162,77.663892,11.6168
560018,12.95828,77.563945,1.4508
560019,12.947128,77.562411,1.974
560020,12.991549,77.577068,0.9084
560021,12.991887,77.563163,2.9698
560022,13.025495,77.545849,6.52
560023,12.974313,77.558342,3.7576
560024,13.045352,77.597804,9.6266
560025,12.964236,77.606964,3.39
560026,12.954672,77.546192,5.887
560027,12.955526,77.595097,3.4796
560029,12.929746,77.604736,4.8102
560030,12.94529,77.607384,2.0166
560032,13.027715,77.600325,6.6365
560033,12.998015,77.646151,5.2177
560034,12.925436,77.631378,5.4405
560035,12.89602,77.699822,22.6428
560036,13.012172,77.696699,7.4503
560037,12.959712,77.699131,18.4185
560038,12.979729,77.641668,2.5926
560039,12.939662,77.524724,3.5358
560040,12.966633,77.53331,4.8247
560041,12.92339,77.592384,2.9151
560042,12.981831,77.617003,1.715
560043,13.023888,77.644216,14.3713
560045,13.036748,77.62141,10.7086
560046,13.000319,77.601435,2.3244
560047,12.956718,77.616628,2.3494
560048,12.99013,77.711925,13.2827
560049,13.060038,77.731046,77.8521
560050,12.94141,77.554797,1.869
560051,12.987745,77.603196,0.9601
560052,12.99077,77.592078,1.5936
560053,12.968625,77.571017,1.7846
560054,13.034284,77.557268,2.9437
560055,13.007741,77.559856,1.4742
560056,12.947694,77.496981,14.9006
560057,13.046049,77.513114,3.3288
560058,13.023292,77.513565,19.3494
560059,12.923786,77.495784,2.0963
560060,12.907055,77.459674,81.0281
560061,12.90362,77.539992,9.549
560062,12.864863,77.496309,37.8781
560063,13.131235,77.611214,8.4071
560064,13.140123,77.572281,102.5612
560065,13.085304,77.577802,9.3988
560066,12.969195,77.743943,21.4428
560067,12.955684,77.812908,122.4415
560068,12.894224,77.642349,16.0467
560069,12.940705,77.587822,1.7124
560070,12.922457,77.566806,5.944
560071,12.95618,77.639803,1.5503
560072,12.965744,77.514072,6.4605
560073,13.043172,77.486741,20.4303
560074,12.88234,77.426721,27.1236
560075,12.970193,77.656262,3.4048
560076,12.880646,77.603865,25.5782
560077,13.062532,77.653019,24.0467
560078,12.899598,77.582037,12.218
560079,12.98821,77.532641,6.7361
560080,13.010344,77.578953,1.2203
560081,12.798127,77.712004,2.535
560082,12.826151,77.467329,32.0494
560083,12.822333,77.572903,81.7103
560084,13.011609,77.627616,3.6322
560085,12.929911,77.544064,7.4284
560086,13.004393,77.539958,2.794
560087,12.928574,77.737229,31.8603
560088,13.121289,77.495329,31.996
560089,13.177426,77.501489,63.11
560090,13.089858,77.518732,18.5854
560091,12.994394,77.481925,32.7713
560092,13.061779,77.592706,7.2345
560093,12.983526,77.668406,6.387
560094,13.040768,77.573571,4.7261
560095,12.938845,77.629877,5.9143
560096,13.014534,77.533905,2.9009
560097,13.07855,77.555234,12.8787
560098,12.915691,77.51599,11.6783
560099,12.839602,77.723924,56.9616
560100,12.846008,77.661268,44.9937
560102,12.915145,77.650512,8.3551
560103,12.923278,77.678871,20.9073
560104,12.962317,77.538038,1.1429
560105,12.786421,77.634579,45.904
560107,13.085109,77.489371,5.5188
560108,12.857074,77.556787,3.8031
560109,12.866401,77.523521,5.3361
560110,12.951674,77.476382,5.6088
560111,12.901213,77.562677,4.0662
560112,12.973543,77.456105,8.9404
560113,13.027644,77.656336,1.4613
560114,12.876451,77.636041,6.4334
560115,13.033638,77.770252,11.1214
560116,12.770017,77.5088,74.6435
560117,12.9946,77.822966,21.7044
560300,13.199076,77.702906,28.679
560500,12.865165,77.660824,1.017
561101,13.141983,77.167864,92.0573
561201,12.90699,77.27496,180.3393
561202,14.109031,77.297147,476.7074
561203,13.339573,77.498551,239.3031
561204,13.334048,77.405685,378.546
561205,13.376716,77.586931,144.3403
561206,13.613712,77.608573,136.8856
561207,13.810906,77.852382,411.9037
561208,13.652766,77.51681,174.7818
561209,13.68284,77.753236,232.6845
561210,13.582121,77.430086,210.4566
561211,13.476739,77.607095,239.9212
561212,13.780099,77.940029,209.2095
561213,13.509762,77.501856,124.5464
561228,13.717769,77.636619,129.1682
562101,13.481325,77.744045,305.0353
562102,13.303527,77.870405,185.9128
562103,13.395518,77.705277,103.7746
562104,13.571979,77.775819,198.5407
562105,13.495918,77.900727,457.2706
562106,12.712937,77.662751,204.8204
562107,12.778721,77.747763,90.731
562108,12.725796,77.136077,154.9338
562109,12.782153,77.40738,210.8592
562110,13.248261,77.6619,200.6112
562111,13.22294,77.222889,201.3575
562112,12.68682,77.504931,241.2929
562114,13.082519,77.845012,252.9393
562117,12.51668,77.393228,409.7247
562119,12.39698,77.501584,660.813
562120,12.946106,77.208351,268.9792
562121,12.594771,77.527512,150.2599
562122,13.187108,77.902549,145.5546
562123,13.117406,77.38033,262.4755
562125,12.873555,77.782521,106.9522
562126,12.467546,77.304216,165.7865
562127,13.075409,77.237023,206.7915
562128,12.806754,77.312725,96.5881
562129,13.187759,77.79246,123.0486
562130,12.956314,77.380539,183.9091
562131,13.066529,77.112014,97.418
562132,13.217513,77.324007,117.1928
562135,13.291886,77.787814,89.3152
562138,12.543004,77.214626,203.789
562149,13.131514,77.682572,135.592
562157,13.174316,77.611736,47.5321
562159,12.71726,77.278118,344.454
562160,12.632406,77.183559,192.4579
562161,12.717911,77.208741,18.4575
562162,13.058224,77.438754,65.9826
562163,13.273891,77.56344,61.1427
562164,13.315043,77.70102,91.9885
563101,13.097334,78.10959,89.2423
563102,13.180901,78.091485,63.6184
563103,13.124632,78.206719,186.3059
563113,12.905633,78.304399,73.1112
563114,12.978743,78.161097,121.7393
563115,12.987278,78.23623,11.7872
563116,13.012709,78.365629,162.0023
563117,13.046118,78.121209,18.979
563118,12.977266,78.257037,10.836
563119,12.894602,78.242686,17.5409
563120,12.955832,78.219125,16.0593
563121,12.957012,78.352119,107.9081
563122,12.934848,78.265356,36.1672
563123,13.585006,78.153114,143.036
563124,13.774083,78.054217,292.8688
563125,13.472751,78.059394,377.3245
563126,13.256943,78.16751,311.1463
563127,13.152265,78.316519,187.6974
563128,13.326022,77.998793,208.2426
563129,12.838586,78.181528,227.0139
563130,13.038538,77.973551,232.3837
563131,13.23222,78.393981,221.0837
563132,13.215284,78.501465,263.7415
563133,13.136829,78.007772,108.5054
563134,13.55412,78.33564,116.874
563135,13.422606,78.262703,319.4537
563136,13.083656,78.436953,192.4925
563137,12.970082,78.057856,181.8153
563138,13.319746,78.306082,245.9671
563139,12.875982,78.007332,174.3958
563146,13.46168,78.140158,158.0215
563147,12.945475,78.135725,58.8306
563157,13.21652,78.017208,117.9805
563159,13.616368,77.986082,244.2036
563160,12.931662,77.900981,117.2022
563161,13.52734,78.242029,115.6702
563162,13.024167,78.21739,68.5277
570001,12.316875,76.651144,3.7199
570002,12.331505,76.628476,2.4576
570003,12.372457,76.659897,20.8737
570004,12.295384,76.651032,2.7013
570005,12.304001,76.640599,1.5033
570006,12.3136,76.617199,2.9487
570007,12.335155,76.664213,4.8734
570008,12.194321,76.567764,158.5674
570009,12.30284,76.625016,5.1465
570010,12.256228,76.760609,90.9352
570011,12.296536,76.695587,8.2321
570012,12.319155,76.630739,2.1925
570014,12.291801,76.635891,0.726
570015,12.337594,76.651095,4.3122
570016,12.354375,76.622078,12.9483
570017,12.325002,76.601998,4.8817
570018,12.322626,76.554446,26.3721
570019,12.331244,76.700428,36.2155
570020,12.337259,76.638309,4.462
570022,12.290906,76.611641,1.4778
570023,12.274073,76.617438,14.9045
570024,12.304592,76.653691,0.765
570025,12.259058,76.670534,10.5083
570026,12.253834,76.508037,166.7068
570027,12.355782,76.596833,2.8232
570028,12.304593,76.766505,61.9399
570029,12.311755,76.698393,2.188
570030,12.33341,76.614025,2.5176
570031,12.270455,76.64523,10.3375
570032,12.319237,76.584652,3.9357
571101,12.347108,76.871789,183.1748
571102,12.471963,76.080841,238.7775
571103,12.326537,76.430004,216.226
571104,12.421745,75.959271,51.3887
571105,12.279797,76.275465,274.6417
571106,12.212499,76.180846,180.9847
571107,12.33435,76.068632,392.8272
571108,12.4232,76.193499,119.1331
571109,11.929751,76.667468,250.5762
571110,12.260052,76.858597,42.6904
571111,11.786443,76.651642,407.3119
571114,12.036454,76.249253,652.357
571115,12.005138,76.969982,80.1553
571116,11.893149,76.264157,207.1598
571117,11.965233,77.053406,95.9923
571118,12.024817,76.67325,109.3076
571119,12.101492,76.809424,103.5935
571120,12.277881,76.946193,109.0989
571121,11.897839,76.401916,583.791
571122,12.195767,77.062925,82.5113
571123,11.786898,76.795214,231.4708
571124,12.180838,76.938864,212.9795
571125,12.128547,76.438544,185.9872
571126,11.70118,76.602339,595.4999
571127,11.826961,77.033772,480.8647
571128,11.937664,76.808736,218.2386
571129,12.175017,76.791706,122.0585
571130,12.395781,76.522888,139.6819
571134,12.36816,76.266544,108.6257
571187,12.533588,76.033096,55.7345
571189,12.207453,76.370371,104.1307
571201,12.442277,75.742119,281.3891
571211,12.267624,75.8272,52.0077
571212,12.224071,75.632084,322.0028
571213,12.180323,75.929704,62.189
571214,12.322988,75.661857,58.2563
571215,12.260418,75.924261,110.9177
571216,12.124175,75.972085,103.4647
571217,12.020041,75.982155,135.6615
571218,12.160716,75.785863,412.4262
571219,12.148653,76.04514,29.7975
571231,12.788818,75.909446,74.5819
571232,12.525641,75.946271,112.6396
571234,12.422246,75.900608,86.6738
571235,12.696517,75.910409,117.9288
571236,12.614126,75.804242,415.7829
571237,12.433898,75.840656,47.4043
571247,12.378178,75.492532,436.6687
571248,12.384244,75.80142,88.0354
571249,12.028064,75.893377,224.2795
571250,12.056041,76.092853,349.8391
571251,12.5335,75.763225,222.4232
571252,12.32303,75.745426,86.6264
571253,12.322673,75.885718,156.2618
571254,12.216425,76.017498,168.2641
571301,12.079516,76.674189,33.7442
571302,12.13901,76.678757,121.055
571311,12.215292,76.684408,113.9463
571312,12.037566,76.812821,164.2272
571313,11.909984,76.900057,170.6839
571314,12.082942,76.534982,171.7337
571315,11.968539,76.54696,213.5256
571316,12.088569,76.913552,117.4697
571320,12.116912,77.577834,661.7272
571342,11.915036,77.019555,73.1868
571401,12.526333,76.895026,18.2435
571402,12.536975,76.848701,139.9616
571403,12.505855,76.947018,59.6382
571404,12.560656,76.961167,42.068
571405,12.590023,76.789895,125.0923
571415,12.3946,76.794488,117.9992
571416,12.686381,76.827713,220.6909
571417,12.270685,77.11663,83.3033
571418,12.974717,76.751538,195.085
571419,12.653892,77.003047,71.3883
571421,12.392346,77.247643,231.7741
571422,12.47675,77.037745,154.8811
571423,12.770725,76.407991,183.9338
571424,12.370162,76.977589,144.8568
571425,12.736565,76.953156,128.9711
571426,12.654703,76.519615,317.1995
571427,12.450207,76.616162,68.6103
571428,12.560677,77.027092,62.116
571429,12.604176,77.047024,28.1384
571430,12.364799,77.085909,232.137
571431,12.668654,76.662324,78.7254
571432,12.799909,76.722526,512.5913
571433,12.579071,77.091495,118.6383
571434,12.548716,76.698721,201.2508
571435,12.485527,76.669345,36.1317
571436,12.779107,76.543299,165.4284
571438,12.429057,76.692273,51.7996
571439,12.142204,77.355654,503.2139
571440,12.122837,77.149136,631.0818
571441,12.018908,77.093988,273.8793
571442,12.136164,77.065007,77.6952
571443,12.126873,77.240988,79.1059
571444,11.890964,77.391826,434.702
571445,12.815809,76.852838,176.7985
571446,12.635644,76.913793,65.4722
571448,12.935282,76.681578,85.1139
571450,12.604,76.948124,36.9113
571455,12.57793,76.612771,101.3473
571457,11.878251,77.248591,250.1577
571463,12.267096,77.028441,52.5271
571475,12.397056,77.162604,102.9139
571476,12.719358,77.039436,86.5833
571477,12.375553,76.717088,36.3051
571478,12.452922,76.883166,74.5994
571490,11.997361,77.562642,322.7931
571601,12.567832,76.372386,78.7282
571602,12.455575,76.381509,230.7767
571603,12.531869,76.330948,57.3991
571604,12.574532,76.25501,171.8967
571605,12.61605,76.409084,157.6085
571606,12.38924,76.609978,57.8246
571607,12.405751,76.576532,5.1049
571610,12.386704,76.342529,53.8636
571617,12.499382,76.269611,104.2369
571802,12.88847,76.640198,96.618
571807,12.44907,76.756791,73.3739
571811,13.02193,76.744515,24.6585
571812,12.518765,76.525925,183.0005
572101,13.350649,77.090038,9.6432
572102,13.322313,77.111203,12.8884
572103,13.349219,77.115804,6.0624
572104,13.303067,77.161706,75.594
572105,13.323372,77.081891,8.0188
572106,13.413451,77.143122,92.4218
572107,13.377953,77.028436,142.931
572111,12.894058,76.936692,197.2171
572112,13.667537,77.070006,199.1086
572113,13.962794,76.942796,299.7019
572114,13.292529,76.608092,152.6165
572115,13.675835,76.7456,260.5565
572116,14.109814,77.119367,411.6039
572117,13.475037,76.896069,321.9014
572118,13.273049,77.057018,113.8021
572119,13.505162,76.464641,264.4949
572120,13.145408,77.029616,191.4375
572121,13.54967,77.337394,128.0241
572122,13.210567,77.121513,145.4541
572123,12.825113,77.06516,246.0568
572124,13.795644,77.288394,123.0088
572125,13.603535,76.943518,242.9355
572126,12.953958,77.104058,129.3768
572127,13.753326,77.394233,258.3835
572128,13.484996,77.037624,201.7946
572129,13.476542,77.261969,448.3131
572130,12.987754,77.01068,256.8369
572132,13.689708,77.192596,353.999
572133,13.84308,77.201925,120.3475
572134,13.054413,76.923013,68.5829
572135,13.893369,76.887058,125.5494
572136,14.221375,77.460924,315.4012
572137,13.729386,76.90963,428.0098
572138,13.534028,77.101371,161.26
572139,13.830531,76.810207,239.2155
572140,13.359828,77.218775,145.4486
572141,14.257494,77.181358,257.7917
572142,12.990443,76.869467,88.7499
572168,13.286233,77.20191,20.7798
572175,13.661399,77.317211,132.6739
572201,13.238871,76.439063,192.2883
572211,13.342546,76.741567,109.9922
572212,13.234998,76.638841,105.1392
572213,13.127645,76.90796,184.7403
572214,13.397979,76.670272,188.7669
572215,13.227948,76.726963,83.8214
572216,13.285309,76.951852,172.5003
572217,13.363013,76.413409,136.4504
572218,13.625375,76.591701,357.6916
572219,13.239248,76.881225,90.1071
572220,13.16856,76.82644,83.1649
572221,13.074432,76.738684,273.3474
572222,13.465501,76.797381,283.7132
572223,13.334385,76.841029,106.7924
572224,13.139814,76.548728,261.1128
572225,13.260244,76.79677,113.2401
572226,13.356469,76.516683,276.3364
572227,13.156014,76.682587,143.3269
572228,13.509242,76.633389,259.487
573101,13.049408,75.780939,74.7686
573102,12.757142,76.068337,267.9001
573103,13.327007,76.275059,311.7669
573111,13.061359,76.371974,154.5962
573112,13.408415,76.175878,126.0845
573113,12.653521,76.141101,33.4495
573115,13.171864,75.819094,272.7401
573116,12.91495,76.395625,282.4108
573117,13.481271,76.374719,92.2431
573118,13.073774,76.222963,140.2682
573119,13.184692,76.32762,171.6859
573120,12.840907,76.106534,58.2923
573121,13.215396,76.015733,213.2516
573122,13.22852,76.186349,188.9694
573123,12.763688,75.674167,132.3424
573124,12.772559,75.748406,149.8385
573125,13.316798,76.10173,189.2458
573126,13.402241,76.351233,79.1564
573127,12.963898,75.810563,113.4921
573128,12.895202,76.0565,71.493
573129,12.845483,75.954475,200.3744
573130,12.636499,75.998432,158.8566
573131,13.04639,76.467084,221.6034
573133,12.606242,76.075507,71.6699
573134,12.881261,75.738014,229.191
573135,12.851878,76.496939,141.2472
573136,12.601678,76.155444,47.1542
573137,12.753794,75.831442,153.2569
573141,12.98525,76.567858,211.4534
573142,12.689233,76.074264,72.5047
573144,13.474756,76.288541,105.9634
573150,12.556353,76.116281,50.2611
573162,13.143412,76.2146,35.9546
573164,13.121798,76.302621,82.5127
573165,12.953234,75.657677,245.4575
573201,12.978187,76.086579,71.2764
573202,13.019319,76.116627,5.8684
573210,12.66071,76.250877,153.7576
573211,12.782938,76.257927,444.7557
573212,12.915617,76.148831,129.7169
573213,12.994797,75.969743,164.9205
573214,12.950097,75.871716,96.2184
573215,13.07948,75.88338,162.8551
573216,13.126178,75.987771,192.7415
573217,13.029517,76.032802,54.5696
573218,12.922034,75.962322,91.4748
573219,13.106963,76.112301,199.9991
573220,12.937567,76.223182,74.7995
573225,12.978733,76.289084,161.1717
573226,13.007622,76.179044,64.9921
574101,13.314907,75.039818,133.3716
574102,13.286124,74.917535,71.5723
574103,13.105411,74.782692,6.3245
574104,13.219667,75.000063,22.7286
574105,13.277275,74.742039,9.1617
574106,13.216184,74.772547,28.4442
574107,13.194233,75.109143,177.1159
574108,13.364257,74.984657,58.7701
574109,13.109226,75.191512,33.9473
574110,13.176786,74.923929,99.0193
574111,13.136092,74.788185,21.2735
574112,13.122893,74.80452,5.6155
574113,13.178264,74.814917,33.5146
574114,13.159463,75.00276,64.8749
574115,13.267748,74.755551,4.2168
574116,13.244915,74.816816,91.3225
574117,13.18783,74.76641,12.8427
574118,13.304713,74.758481,25.6148
574119,13.158582,74.76952,6.5052
574122,13.263461,75.102802,47.7567
574129,13.525276,74.817945,11.9246
574141,13.09581,74.872443,13.6467
574142,12.97069,74.892665,43.6769
574143,12.879473,74.969821,25.6556
574144,12.981723,74.961594,56.915
574145,12.917196,74.94699,11.1277
574146,13.039313,74.815309,35.5722
574148,13.048443,74.869332,10.4897
574150,13.07213,74.858993,22.8985
574151,12.971016,74.932043,14.58
574153,12.800544,74.966005,20.6283
574154,13.093482,74.815095,45.9093
574197,13.074895,75.062464,6.5668
574198,12.90657,75.508764,108.6831
574199,12.832337,74.936529,52.0637
574201,12.765178,75.201163,32.3899
574202,12.748171,75.290574,87.4744
574203,12.792571,75.215346,8.5315
574210,12.705174,75.226978,78.0961
574211,12.906732,75.059741,125.6786
574212,12.654819,75.362762,128.6355
574213,13.115544,75.015164,63.7669
574214,13.072265,75.315621,270.144
574216,12.936904,75.42416,143.5446
574217,13.044173,75.214254,129.5206
574218,12.594123,75.576452,249.4902
574219,12.921054,74.986468,35.2183
574220,12.793707,75.15816,33.5156
574221,12.754098,75.470112,153.4246
574222,12.821285,75.070183,29.6659
574223,12.662613,75.253614,44.3389
574224,12.948519,75.226899,80.9802
574225,13.024893,74.950484,12.3344
574226,13.109436,74.949395,18.1947
574227,13.056735,74.999385,98.3128
574228,13.034848,75.434849,262.7211
574229,12.841319,75.467733,219.8909
574230,12.78612,75.550924,95.3498
574231,12.835103,75.011689,54.7499
574232,12.676242,75.491334,57.2893
574233,12.930201,75.170462,33.8289
574234,12.45343,75.593845,177.79
574235,12.708174,75.074896,42.7012
574236,13.110079,75.11925,123.4668
574237,12.996238,75.053289,59.5179
574238,12.70225,75.600789,146.0676
574239,12.554442,75.358023,201.4072
574240,12.953085,75.337096,83.1577
574241,12.815602,75.300889,124.6198
574242,13.031544,75.132901,92.8931
574243,12.763014,75.12183,40.9864
574244,13.246069,74.876174,26.8289
574248,12.586391,75.457824,79.6031
574253,12.833407,75.113038,45.607
574259,12.675525,75.183455,69.2048
574260,12.710077,75.136624,50.0566
574265,12.908947,75.132658,58.2089
574267,13.005499,74.990035,18.8194
574274,13.08249,74.916956,43.0114
574279,12.740298,75.030632,36.3233
574285,12.774231,75.383305,25.95
574313,12.611627,75.241286,54.7971
574314,12.518233,75.50243,97.5852
574323,12.781494,75.046968,46.5505
574324,12.965164,75.108632,29.5874
574325,12.82903,75.198658,53.8561
574326,12.884179,75.248824,103.0825
574327,12.576131,75.401804,18.2719
574328,12.716792,75.403845,56.3852
574509,13.014659,74.882971,24.5805
575001,12.861354,74.833674,16.5527
575002,12.854065,74.864508,15.6992
575003,12.880063,74.840026,5.4099
575004,12.891741,74.851519,3.7757
575005,12.882421,74.880569,6.0752
575006,12.901108,74.832719,6.4352
575007,12.877971,74.90882,27.4487
575008,12.911062,74.86403,13.8372
575010,12.939577,74.817627,6.4202
575011,12.957837,74.828823,6.5708
575013,12.921346,74.829736,12.1915
575014,12.992931,74.808805,8.2907
575015,12.945745,74.851889,12.4111
575016,12.903281,74.877609,2.0217
575017,12.839226,74.896699,12.0688
575018,12.783949,74.927986,11.2141
575019,12.968261,74.812076,9.2572
575020,12.819955,74.856415,14.9171
575022,12.796151,74.876546,20.986
575023,12.772724,74.888074,13.6246
575025,13.013861,74.794359,5.5984
575028,12.920973,74.897095,18.407
575029,12.925391,74.925107,14.9152
575030,13.002524,74.843043,27.3789
576101,13.328252,74.742673,17.7788
576102,13.359856,74.745939,15.5207
576103,13.338948,74.721981,6.1636
576104,13.356268,74.789948,29.7065
576105,13.394691,74.762783,13.9065
576106,13.374318,74.718441,6.8206
576107,13.330832,74.818222,23.4893
576108,13.353867,74.706325,6.2176
576111,13.17277,74.869923,39.2656
576112,13.441744,75.043013,309.0405
576113,13.327129,74.866485,63.4689
576114,13.381628,74.739447,4.7742
576115,13.381704,74.703928,3.501
576117,13.25347,74.987718,64.1269
576120,13.278948,74.830246,13.1528
576121,13.14062,74.855247,20.1734
576122,13.246337,74.754427,15.8947
576124,13.380974,74.891435,113.7294
576201,13.625857,74.689093,10.2752
576210,13.514567,74.776981,76.0031
576211,13.657203,74.789128,53.5694
576212,13.547313,74.964057,179.5354
576213,13.427257,74.754669,75.7488
576214,13.854396,74.722605,99.8889
576215,13.422105,74.836086,34.1096
576216,13.654233,74.679335,18.4754
576217,13.626592,74.732632,12.3261
576218,13.432099,74.699826,8.1932
576219,13.804927,74.679688,115.621
576220,13.883357,74.789597,92.6835
576221,13.505465,74.705378,39.2657
576222,13.594229,74.80018,133.7265
576223,13.506168,74.83619,49.8691
576224,13.746304,74.652503,8.3414
576225,13.51658,74.741102,8.6058
576226,13.464234,74.718344,8.2255
576227,13.651477,74.943155,269.3781
576228,13.915849,74.644524,108.0923
576229,13.735792,74.891098,76.9475
576230,13.681364,74.711774,41.2747
576231,13.561372,74.734778,59.0742
576232,13.842444,74.624493,6.7798
576233,13.781022,74.818517,276.3825
576234,13.465414,74.882335,111.011
576235,13.728891,74.680802,39.1674
576247,13.694784,74.664489,15.1298
576257,13.579967,74.692237,5.2469
576282,13.741469,74.949256,24.0946
576283,13.6915,74.787224,50.6963
577001,14.480152,75.918825,5.3066
577002,14.412031,75.91255,299.7617
577003,14.434279,75.947963,13.201
577004,14.456871,75.918925,2.6223
577005,14.442128,75.912023,3.6293
577006,14.462712,75.902463,6.6853
577007,14.402812,75.958392,10.2656
577101,13.311243,75.717079,337.5153
577102,13.315356,75.816967,13.8955
577111,13.215817,75.671541,115.8476
577112,13.427658,75.46401,245.6503
577113,13.124782,75.541934,161.9827
577114,13.318805,75.337898,68.0682
577115,13.775844,75.589105,178.4902
577116,13.611002,75.945829,203.8459
577117,13.41339,75.415015,14.8704
577118,13.35079,75.394448,21.3527
577120,13.531054,75.26043,101.8051
577121,13.207599,75.440719,42.2588
577122,13.149833,75.464752,102.9855
577123,13.401067,75.387157,91.6254
577124,13.235167,75.344907,117.8268
577125,13.625524,75.222232,15.0114
577126,13.518926,75.350174,246.8186
577127,13.61392,75.438641,137.0198
577128,13.640489,75.654339,181.7685
577129,13.584382,75.790503,224.0522
577130,13.399865,75.642067,118.7837
577131,13.488975,75.690562,279.7252
577132,13.084903,75.632961,441.5993
577133,13.255242,75.747863,92.2366
577134,13.635831,75.545108,443.3419
577135,13.402202,75.983988,163.1506
577136,13.412122,75.558177,204.6241
577137,13.445773,75.818063,142.2355
577138,13.517529,76.185231,129.7952
577139,13.378273,75.21345,512.6207
577140,13.618185,76.140735,98.9933
577142,13.201007,75.253858,219.8404
577144,13.717504,75.70982,89.03
577145,13.778924,75.989776,78.4467
577146,13.288651,75.975523,112.0579
577160,13.270509,75.510938,166.1162
577168,13.363433,75.884489,220.0935
577175,13.418168,76.090783,66.0553
577179,13.271521,75.417717,63.1878
577180,13.681835,76.178104,155.3057
577181,13.273095,75.348515,26.8962
577182,13.566502,76.275698,167.0754
577201,13.941941,75.581321,17.1499
577202,13.877279,75.531464,56.6393
577203,13.889233,75.574028,50.3448
577204,13.970341,75.551357,45.8348
577205,13.934842,75.509345,50.3136
577211,13.974732,75.425357,241.0469
577213,13.961156,75.937933,631.5251
577214,14.182528,75.349813,267.423
577215,14.090978,76.005416,47.3328
577216,14.027308,75.630136,132.0175
577217,14.263275,75.653033,274.1155
577218,14.141063,75.906994,52.7222
577219,14.283864,75.805784,122.1826
577220,13.817589,75.463687,170.2569
577221,14.101337,75.874323,97.0169
577222,13.892755,75.629803,80.5104
577223,14.162522,75.57001,224.5364
577224,14.164328,75.732201,125.6087
577225,14.120577,75.497003,127.1877
577226,13.797045,75.380427,173.5014
577227,13.980272,75.713949,161.2225
577228,13.730825,75.840971,360.8724
577229,13.86334,75.673516,87.5356
577230,14.118825,75.686823,92.9007
577231,14.214268,75.848344,54.9339
577232,13.732633,75.314826,58.9397
577233,13.935462,75.783084,121.4971
577243,14.058471,75.764825,98.2322
577245,13.815108,75.748058,57.8751
577301,13.853359,75.800147,142.4764
577302,13.793117,75.694644,34.6147
577401,14.197953,75.009301,211.8452
577411,13.540285,75.128118,189.3691
577412,14.075653,75.177852,417.7366
577413,14.557429,75.180747,203.333
577414,13.776209,75.20461,249.7906
577415,13.645423,75.323238,215.3318
577416,14.039053,75.516603,121.9241
577417,14.022027,74.999544,319.45
577418,13.905459,75.114915,322.8747
577419,14.558516,75.069904,182.1805
577421,14.056009,74.747832,561.1029
577422,13.850297,75.2703,107.9454
577423,14.076285,75.361102,149.5411
577424,13.616343,75.150963,125.4934
577425,13.802438,75.016002,226.1291
577426,13.960645,75.291332,313.5824
577427,14.286099,75.405852,375.4423
577428,14.424441,75.295671,213.0633
577429,14.422986,75.025172,463.1274
577430,14.247861,74.940505,137.1951
577431,14.252825,75.191366,353.85
577432,13.691983,75.219906,109.3337
577433,14.461618,75.197318,153.4818
577434,14.295843,75.11082,222.5624
577435,14.21441,74.798924,93.9901
577436,13.859659,75.194059,29.4578
577448,13.685089,75.072391,181.5077
577451,13.826255,75.671957,8.533
577452,13.899377,74.93774,166.2115
577453,14.07063,74.8851,363.9351
577501,14.1958,76.385198,64.4558
577502,14.348644,76.380659,257.5606
577511,13.866948,76.701852,454.0762
577512,14.468499,76.070126,173.9019
577513,14.602141,76.172699,201.1768
577514,14.308964,75.993288,75.6692
577515,13.760637,76.201284,137.2109
577516,14.442561,75.715857,136.323
577517,14.333246,76.461555,156.0367
577518,14.200591,76.137244,155.533
577519,14.398144,76.204983,147.722
577520,14.214495,76.276896,132.286
577521,14.399846,76.300753,100.3467
577522,14.262072,76.689636,594.7199
577523,14.127857,76.110271,125.6199
577524,14.226219,76.47453,192.0397
577525,14.328667,75.890482,121.6509
577526,14.020248,76.197549,254.9716
577527,13.900616,76.329014,641.3109
577528,14.566033,76.353321,605.0338
577529,14.577815,76.714427,262.0198
577530,14.360612,75.733258,179.6667
577531,14.042453,76.086688,105.887
577532,14.165963,76.557068,280.6077
577533,13.740344,76.440999,490.4879
577534,14.297913,76.068452,153.6462
577535,14.746822,76.722593,403.3843
577536,14.475034,76.569037,457.4578
577537,14.446079,76.857789,267.7416
577538,14.243103,76.867026,439.5541
577539,13.931186,76.115172,196.4093
577540,14.926598,76.772085,276.8152
577541,14.291847,76.219384,224.658
577542,13.618654,76.416807,68.8055
577543,14.42284,76.712328,263.5387
577544,14.220498,75.891206,65.8721
577545,14.070608,76.656873,185.7402
577546,14.035645,76.771841,203.7419
577547,13.696647,75.953198,83.6207
577548,13.516751,76.01318,460.4317
577549,13.842201,76.037566,99.0829
577550,13.723355,76.061126,243.9751
577551,14.186526,75.797877,95.5779
577552,14.187597,75.990089,207.8686
577553,14.485388,76.223277,192.7943
577554,13.843536,76.171035,101.7365
577555,14.123672,76.363371,190.8458
577556,14.386662,76.071886,142.2594
577557,14.052244,76.347705,256.8361
577558,14.071756,76.53257,117.2731
577566,14.464258,75.826214,28.9961
577589,14.526512,75.899392,67.4248
577596,14.103964,76.86734,157.1907
577597,13.662585,76.305776,178.0783
577598,13.844971,76.577157,337.4703
577599,13.973773,76.537287,208.6472
577601,14.540254,75.827041,143.6734
580001,15.448163,75.00542,2.6484
580002,15.457886,75.02173,3.4621
580003,15.432647,74.978535,6.1358
580004,15.438118,75.026165,15.0487
580005,15.512185,74.994013,49.0126
580006,15.468659,75.066841,68.9211
580007,15.437713,74.91233,200.0119
580008,15.468886,74.993926,10.4788
580009,15.416508,75.046609,21.3276
580011,15.526757,74.873891,122.5168
580020,15.343255,75.153827,4.102
580021,15.35957,75.128273,2.1155
580023,15.389893,75.230891,355.2319
580024,15.28802,75.121541,181.6788
580025,15.392527,75.081899,23.5254
580026,15.344194,75.047395,25.7407
580027,15.348502,75.078011,2.4119
580028,15.334369,75.146437,4.1058
580029,15.355635,75.139343,1.2053
580030,15.361957,75.090576,15.3766
580031,15.373858,75.115222,4.1425
580032,15.369749,75.136886,4.3679
580112,15.525671,75.166335,219.586
580114,15.31662,74.99522,173.7962
580118,15.365788,74.900497,133.7847
581101,14.815469,75.232737,106.3876
581102,14.702511,75.182167,112.4502
581103,15.438433,74.789121,110.2892
581104,14.721278,75.104857,212.3798
581105,15.582605,74.917398,122.9219
581106,14.666421,75.462741,287.8751
581107,15.109727,75.381456,113.6583
581108,14.879834,75.640979,241.4472
581109,14.583812,75.443147,181.4611
581110,14.776189,75.418033,334.0768
581111,14.472894,75.402504,196.2058
581112,14.876775,75.437431,96.6918
581113,15.210933,75.253567,334.4554
581115,14.670469,75.659418,537.7439
581116,14.429497,75.531658,128.4558
581117,15.222719,75.366747,169.8448
581118,14.965981,75.411178,436.2512
581119,14.414553,75.616552,138.3654
581120,14.624042,75.273103,231.225
581121,15.288144,74.358331,286.0551
581123,14.52405,75.739149,85.5749
581126,15.031808,75.319145,85.7412
581128,14.821568,75.47328,52.9118
581129,15.354029,74.503504,249.9656
581145,14.571614,75.721477,59.0891
581148,14.762084,75.289157,164.8512
581186,15.143947,74.510347,413.6959
581187,15.040819,74.4123,673.1002
581193,15.010443,75.124021,172.3201
581195,15.333004,75.407756,67.7886
581196,15.193976,75.047297,42.0474
581197,14.763892,75.074924,37.1639
581198,14.705876,75.514863,26.9734
581199,14.830288,75.180732,66.3057
581201,15.59824,75.092574,258.376
581202,14.922755,75.245252,81.7524
581203,14.886766,75.135825,144.8811
581204,15.159925,74.974961,547.6655
581205,15.048878,75.235778,287.9843
581206,15.594624,74.996109,59.0101
581207,15.20969,75.171447,120.986
581208,14.539029,75.574243,246.606
581209,15.429175,75.309264,123.0905
581210,14.354492,75.488025,206.6038
581211,14.706972,75.730636,25.5718
581212,15.122577,75.129379,22.7
581213,14.903503,75.555939,165.3122
581301,14.814683,74.128219,2.0068
581302,14.798827,74.106226,3.1117
581303,14.833647,74.130698,1.9466
581304,14.830437,74.14337,1.0631
581305,14.829369,74.158012,7.1617
581306,14.813695,74.182907,20.4717
581307,14.784375,74.133193,9.9179
581308,14.805461,74.144186,11.2384
581314,14.738057,74.461684,565.1568
581315,14.543575,74.662608,208.2482
581316,14.755732,74.307181,85.9892
581317,14.939105,74.255318,193.6423
581318,14.564678,74.958722,180.1646
581319,14.583459,74.33451,35.2259
581320,14.005997,74.602374,202.3945
581321,14.689178,74.291991,23.8684
581322,14.33111,74.751103,243.7093
581323,14.428833,74.605253,174.9401
581324,14.770124,74.210683,81.4484
581325,15.246837,74.61282,208.4976
581326,14.536448,74.336986,27.4537
581327,14.379279,74.415033,17.0104
581328,14.880648,74.216133,27.2593
581329,15.273213,74.794452,317.0154
581330,14.464971,74.418408,15.2001
581331,14.45138,74.709152,146.511
581332,14.398651,74.451554,12.0515
581333,14.540889,74.396202,45.4502
581334,14.303881,74.52067,144.9278
581335,14.266182,74.486534,23.0421
581336,14.753063,74.712698,239.3294
581337,14.866571,74.582684,314.9924
581338,14.386424,74.49831,83.4209
581339,14.850595,74.208243,32.9971
581340,14.504056,74.849846,205.9211
581341,14.326277,74.439806,35.7956
581342,14.257692,74.449731,22.5359
581343,14.426371,74.413121,25.9307
581344,14.608234,74.486152,271.336
581345,14.89179,74.111427,16.689
581346,14.80882,74.995996,289.1489
581347,14.857236,74.834909,310.8565
581348,14.183095,74.519645,108.8646
581349,14.970467,74.993355,369.767
581350,14.124344,74.496324,11.9647
581351,14.48192,74.382791,32.089
581352,14.856391,74.137892,21.1738
581353,14.616908,74.29712,16.6242
581354,14.623011,74.33355,22.6538
581355,14.334282,74.870839,331.9211
581356,15.366794,74.722128,157.5689
581357,14.623465,74.397422,34.5002
581358,14.674638,74.95746,245.3108
581359,14.973714,74.697243,461.1885
581360,14.905876,74.137032,14.1459
581361,14.310334,74.625646,176.1109
581362,14.501883,74.525273,159.7724
581363,15.152503,74.702833,325.6682
581365,15.273769,74.477489,66.3895
581384,14.213364,74.65469,180.4118
581396,14.917673,74.368589,34.1966
581400,14.859898,74.369945,322.1865
581401,14.595915,74.802363,8.83
581402,14.701544,74.83758,284.1898
581403,14.640385,74.668141,232.5993
581411,15.037287,74.977544,46.424
581412,15.043733,74.825752,259.7232
581421,14.091708,74.560837,186.4208
581423,14.224974,74.52212,32.7098
581440,14.490885,74.454894,66.6875
581450,14.51867,74.774564,79.4746
581453,15.449469,74.337974,220.2626
582101,15.42269,75.638865,26.6378
582102,15.521005,75.676499,396.1063
582103,15.331355,75.652387,298.3175
582104,15.374509,75.586705,7.4932
582111,15.586579,75.741964,53.9308
582112,15.035439,75.68077,318.5111
582113,15.298977,75.818847,425.5853
582114,15.733968,75.976185,145.7762
582115,15.417567,75.749642,155.92
582116,15.112754,75.516187,376.6346
582117,15.272054,75.495001,231.327
582118,15.121926,75.82591,401.3627
582119,15.60291,75.827949,208.926
582120,15.199334,75.632924,285.8004
582201,15.424445,75.433065,175.7615
582202,15.677246,75.563253,131.6984
582203,15.767589,75.630612,276.8081
582204,15.534931,75.549402,129.1599
582205,15.408755,75.524666,161.3315
582206,15.823593,75.481555,77.7374
582207,15.743673,75.406079,395.5795
582208,15.579864,75.375101,729.4345
582209,15.69952,75.72966,303.6838
582210,15.062234,75.462755,8.0652
582211,15.768696,75.848991,210.6364
583101,15.137771,76.941247,17.4425
583102,15.083779,76.949385,335.7431
583103,15.199163,76.978349,149.9214
583104,15.142845,76.890292,10.2436
583105,15.163636,76.867985,6.2791
583111,15.151136,77.088821,210.2902
583112,14.998243,76.615146,187.4364
583113,15.377039,76.73654,178.3918
583114,15.736379,77.026112,193.471
583115,15.147216,76.74306,498.5962
583116,15.333197,76.881393,261.0643
583117,15.272377,77.062178,255.6509
583118,15.072816,76.625501,57.8864
583119,15.138128,76.522548,312.9011
583120,15.444642,76.815172,142.8649
583121,15.624713,76.954412,328.5997
583122,15.526604,76.891187,229.2872
583123,15.223889,76.651348,78.3528
583124,15.011215,76.456981,136.4139
583125,14.612932,76.040362,433.1633
583126,14.722831,76.485847,277.6393
583127,14.784545,76.117466,254.3641
583128,14.928145,76.531076,280.719
583129,15.311666,76.653583,170.7918
583130,14.813211,76.600338,371.8376
583131,14.823008,75.960309,432.1912
583132,15.400205,76.622505,164.3967
583134,14.826401,76.260913,339.9351
583135,14.873757,76.396531,305.8329
583136,14.710581,76.292973,170.9401
583137,14.666416,75.895608,275.2837
583152,15.223464,76.713846,20.1208
583153,15.19146,76.656581,11.5082
583154,15.420904,76.95592,179.8713
583201,15.231808,76.391157,52.3276
583203,15.275555,76.40331,35.8707
583211,15.310985,76.390591,31.9351
583212,15.037814,76.226083,473.6922
583213,14.741926,75.818511,151.194
583214,15.095514,76.030356,181.1
583215,15.335968,76.451621,3.0609
583216,14.932615,75.789628,198.8718
583217,14.812069,75.751433,194.8206
583218,14.635462,76.486179,243.3038
583219,14.992757,75.939669,445.0815
583220,14.942539,76.116517,294.9291
583221,15.66344,77.099134,26.3471
583222,15.109083,76.35913,373.9296
583223,15.231927,76.532221,159.2334
583224,15.199522,76.203492,326.1053
583225,15.27252,76.359236,10.8008
583226,15.252313,75.961549,278.5137
583227,15.419618,76.56316,174.1037
583228,15.372613,76.280149,301.4403
583229,15.612011,76.625953,378.863
583230,15.447803,76.126826,124.0157
583231,15.328511,76.157158,56.1178
583232,15.483843,75.959877,466.4379
583233,15.277504,76.322699,12.688
583234,15.344829,76.345693,146.9756
583235,15.454285,76.444871,114.1459
583236,15.641112,76.047451,347.0716
583237,15.568357,76.198457,473.2559
583238,15.370522,76.033481,233.4776
583239,15.302497,76.505306,132.7769
583268,15.486842,76.568055,98.0393
583275,15.231188,76.896193,151.3209
583276,15.154747,76.898982,1.3214
583277,15.784206,76.128252,219.848
583278,15.873892,76.242107,216.7099
583279,15.756168,76.323606,654.505
583280,15.862881,75.899047,202.0775
583281,15.892731,76.032013,282.8931
583282,15.513363,76.650036,164.379
583283,15.569671,76.419103,522.5263
583284,15.653582,75.917526,131.5118
583285,15.257192,76.086955,244.2534
583286,15.257727,74.724034,67.64
583287,15.433692,76.212902,82.4505
584101,16.215958,77.344987,34.3162
584102,16.264568,77.483995,193.8108
584103,16.161572,77.404816,120.1834
584104,16.146754,77.293641,125.9871
584111,16.399397,76.949411,438.2243
584113,16.326703,77.155749,363.7005
584115,16.203499,76.66499,354.3537
584116,16.325633,76.809881,413.5522
584118,16.086998,77.117022,105.3523
584120,16.068586,76.75466,447.8398
584122,16.106055,76.541864,398.9332
584123,15.989083,77.000833,458.3293
584124,15.933576,76.597764,330.4374
584125,15.985767,76.418723,565.1521
584126,16.373552,77.054472,350.3889
584127,16.175216,76.383284,341.3955
584128,15.766895,76.723114,755.9683
584129,16.151944,76.95041,511.8882
584132,15.784729,76.510352,257.7767
584133,16.094021,77.421362,188.682
584134,16.277208,77.292727,243.043
584135,16.324792,77.442434,176.5038
584136,16.175644,77.169931,253.2988
584138,15.91201,76.794938,282.4272
584139,16.296855,76.647452,236.9902
584140,15.994206,77.428528,236.8
584143,15.878606,76.943353,267.3045
584167,15.660416,76.822381,287.1717
584170,16.365379,77.309948,97.7672
584202,16.011247,77.276143,215.9437
584203,16.033436,77.178311,151.8211
585101,17.359959,76.825571,13.1601
585102,17.34661,76.923633,448.1253
585103,17.329801,76.728215,212.4028
585104,17.500752,76.788979,329.4367
585105,17.321537,76.857403,10.796
585106,17.311912,76.875991,5.0244
585107,17.311779,76.797506,1.5622
585201,16.743976,77.143083,43.9348
585202,16.749155,77.237192,651.0402
585210,17.193842,77.361693,59.0312
585211,17.032218,77.11745,612.5318
585212,17.140947,76.572714,400.9357
585213,17.400601,76.5726,145.2569
585214,16.898541,77.369182,379.1409
585215,16.464905,76.535566,357.3843
585216,16.645617,76.534625,519.622
585217,17.288652,76.1833,327.772
585218,16.901624,76.97806,191.4327
585219,16.263096,76.388786,8.7887
585220,16.571638,76.724555,16.978
585221,16.577181,77.279621,466.5301
585222,17.112403,77.280983,426.5113
585223,16.696726,76.919545,440.2207
585224,16.519383,76.76744,14.1047
585225,17.049384,77.0005,260.1179
585226,17.815563,77.407054,203.7933
585227,17.67683,77.371232,330.4779
585228,17.17474,76.933164,330.8447
585229,17.146379,76.953243,35.3761
585236,17.420634,76.436354,267.7943
585237,16.330392,76.390761,348.6816
585265,17.27229,76.620467,221.0466
585287,16.780175,76.814658,220.3591
585290,16.495039,76.71947,597.5071
585291,16.366039,76.513576,132.2658
585292,16.425477,76.442687,11.9548
585301,17.244082,76.396237,701.1959
585302,17.565288,76.519432,652.7293
585303,16.92811,76.857226,206.0571
585304,16.552867,76.872834,81.6033
585305,17.462353,77.530759,340.9661
585306,17.532627,77.30279,286.3339
585307,17.506348,77.430822,235.1712
585308,17.17437,76.779209,358.6331
585309,16.704011,76.701633,330.335
585310,16.980014,76.657169,1147.0711
585311,17.480985,76.689317,262.241
585312,17.313895,77.123731,412.6081
585313,17.577578,77.080611,593.4214
585314,17.692338,76.589083,217.6799
585315,16.651044,77.390177,220.7854
585316,17.55705,76.873394,325.9501
585317,17.210145,77.17838,213.9504
585318,17.019247,77.375929,351.647
585319,16.628378,77.044376,413.2127
585320,17.311993,77.366149,282.6
585321,16.783487,77.338554,310.8541
585322,17.451874,77.074659,228.6754
585323,16.6284,76.823141,120.1757
585324,17.410934,77.257031,299.3448
585325,16.832639,76.524301,527.1802
585326,18.324342,77.34225,483.3216
585327,17.898966,76.971613,310.9997
585328,18.03599,77.205185,393.6277
585329,17.779288,77.244873,164.5117
585330,17.740235,77.109174,154.9292
585331,17.777969,77.023066,225.535
585353,17.832838,77.119201,69.1148
585355,16.488869,77.187276,171.6604
585367,17.428612,76.661459,79.5416
585401,17.900138,77.487664,62.5177
585402,17.976655,77.4653,305.0779
585403,17.859782,77.540443,319.6637
585411,18.081584,77.111524,238.7545
585412,17.683706,77.218791,226.7242
585413,17.972645,77.31808,238.6576
585414,17.85454,77.253533,119.6789
585415,17.884517,77.320934,65.5437
585416,18.068245,76.994351,328.549
585417,18.212064,77.201864,181.1717
585418,17.892869,77.13489,135.985
585419,17.76322,76.795255,392.743
585421,18.119952,77.498946,353.6293
585436,18.158048,77.353105,149.3508
585437,17.711434,76.917072,271.8139
585443,18.267132,77.288477,230.9605
585444,18.070528,77.342481,93.9173
586101,16.844767,75.73683,31.4416
586102,16.740245,75.829504,203.0409
586103,16.877328,75.709486,36.2449
586104,16.900155,75.669037,411.7328
586105,16.853992,75.648174,31.6897
586108,16.696359,75.680104,373.2949
586109,16.813329,75.718425,2.7578
586111,17.259556,76.034068,196.1425
586112,16.97586,75.879521,441.9928
586113,16.587391,75.635222,467.1177
586114,16.915701,75.423708,245.3994
586115,16.813349,76.106533,341.7216
586116,16.414886,76.097269,272.7179
586117,17.129525,75.779767,358.4567
586118,16.668269,76.346039,265.5621
586119,17.002637,75.726772,170.8877
586120,16.728888,76.215528,351.5983
586121,16.528265,75.798325,120.2706
586122,16.661776,75.801681,285.8229
586123,16.993513,76.387075,194.2174
586124,16.248979,76.282828,202.7552
586125,16.550031,75.536695,199.3492
586127,16.824661,75.954801,395.7702
586128,16.907948,76.280456,708.2613
586129,16.233302,76.142626,219.2211
586130,16.808477,75.49018,272.838
586201,16.385409,75.864118,103.2542
586202,17.084452,76.228193,243.805
586203,16.600185,76.022661,692.4505
586204,17.256998,75.750045,399.3883
586205,17.371443,75.669046,273.3122
586206,17.118801,76.335291,117.3216
586207,17.328184,75.869858,161.4228
586208,16.551557,76.15161,234.3929
586209,17.176152,75.947319,63.6375
586210,16.463156,75.709385,259.8709
586211,17.2179,75.920467,213.3085
586212,16.351818,76.195547,365.6079
586213,16.372757,75.957747,179.0252
586214,16.509451,76.317085,467.9871
586215,17.012484,76.028278,385.7558
586216,16.483509,75.869579,190.0217
586217,17.148556,76.093195,331.7596
587101,16.17895,75.698247,26.6125
587102,16.230888,75.667333,91.5845
587103,16.175682,75.662313,18.946
587104,16.165587,75.614164,35.655
587111,16.220612,75.767383,276.1505
587112,16.122353,75.996813,148.3899
587113,16.377694,75.222213,72.4812
587114,15.858896,75.772817,98.512
587115,16.202589,75.923004,239.5789
587116,16.324226,75.621147,615.163
587117,16.416445,75.48098,213.6631
587118,16.095819,76.075276,252.4278
587119,16.549044,75.249796,230.7857
587120,16.122596,75.893935,113.8275
587121,16.387793,75.392381,219.0538
587122,16.189866,75.356604,274.9183
587124,16.026062,75.916782,117.0827
587125,16.090689,76.215065,225.4565
587154,15.975737,76.181799,387.0272
587155,15.898922,75.513652,162.3889
587156,16.119653,75.787582,95.3357
587201,15.936078,75.670435,496.0077
587202,15.940949,75.920406,153.6533
587203,16.025917,75.809378,139.7841
587204,16.18936,75.51562,161.8257
587205,16.076161,75.668983,211.9014
587206,16.054768,75.503321,382.4082
587207,16.280143,75.943389,200.7805
587301,16.542523,75.384996,393.949
587311,16.459515,75.160131,119.4752
587312,16.370565,75.134089,135.0831
587313,16.310647,75.292456,398.9994
587314,16.472634,75.123413,30.4703
587315,16.491683,75.052143,141.4275
587316,16.35995,75.053652,36.2154
587330,16.689595,75.375346,268.0309
587331,16.559056,75.188184,29.8323
590001,15.867718,74.482475,12.0033
590002,15.860765,74.513081,2.9252
590003,15.840612,74.528532,9.4982
590005,15.790527,74.530657,42.9914
590006,15.820433,74.509324,8.4532
590008,15.82063,74.473512,35.5067
590009,15.855412,74.496418,4.69
590010,15.902968,74.503825,16.6982
590011,15.836885,74.511676,0.8174
590014,15.754321,74.472297,143.3315
590015,15.896587,74.545588,7.5255
590016,15.932025,74.605116,131.792
590017,15.87374,74.529419,6.4113
590018,15.77715,74.463758,2.7499
590019,15.881177,74.513779,5.2714
590020,15.818742,74.59347,41.7044
591101,16.010084,74.708458,123.0734
591102,15.826458,74.826827,328.2827
591103,15.879547,74.656496,64.9773
591104,15.695946,74.925085,215.2011
591106,15.54356,74.67822,191.2483
591107,16.147664,74.649257,88.4722
591108,15.836899,74.419033,93.1142
591109,15.755478,74.629556,157.8715
591110,15.721446,75.232076,184.1234
591111,15.83397,74.990172,126.8311
591112,15.654085,74.679791,108.1626
591113,15.939913,74.528,13.7323
591114,16.040469,75.141034,369.9598
591115,15.594203,74.793018,265.8275
591116,15.813633,75.124459,19.4329
591117,15.891478,75.086772,209.3681
591118,15.734665,74.713699,71.334
591119,15.923872,74.923516,224.2764
591120,15.580468,74.567027,140.042
591121,15.940565,74.7937,113.6832
591122,16.095905,74.690386,120.0513
591123,15.994079,75.327523,506.1104
591124,15.859086,74.582589,51.801
591125,15.811664,74.71253,91.2994
591126,15.772027,75.131506,599.3814
591127,15.864888,75.395588,164.2071
591128,15.898578,74.415714,69.049
591129,16.042799,75.024193,286.2041
591130,16.100023,75.23204,249.8848
591131,15.666519,74.597187,48.5391
591136,16.237411,75.13939,186.6239
591143,15.98787,74.501299,163.397
591147,15.9167,74.724673,69.996
591153,15.699627,74.76722,86.4212
591156,16.013483,74.509657,10.5708
591173,16.705904,75.236536,21.0834
591201,16.427914,74.56057,46.7711
591211,16.46283,74.42853,31.9393
591212,16.87667,75.067323,269.8701
591213,16.561999,74.683824,99.6635
591214,16.534149,74.497021,98.0042
591215,16.528214,74.40542,76.5
591216,16.605972,74.503358,65.4827
591217,16.562162,74.841109,77.3346
591218,16.203391,74.822114,44.9774
591219,16.49441,74.474346,24.8406
591220,16.545037,74.968377,190.2392
591221,16.182277,74.546842,86.5286
591222,16.369613,74.853837,167.0178
591223,16.683782,74.714737,43.9605
591224,16.27911,74.848323,84.4566
591225,16.324855,74.424948,79.1282
591226,16.360384,74.58008,161.163
591227,16.189323,75.038475,155.4749
591228,16.453142,74.484392,33.5585
591229,16.525004,74.324097,43.7529
591230,16.691407,75.194835,149.5346
591231,16.182202,74.73772,94.0815
591232,16.811359,74.969534,176.5841
591233,16.145735,74.943497,136.2658
591234,16.734542,74.848466,102.3636
591235,16.425623,74.979004,172.2965
591236,16.302559,74.526728,51.9186
591237,16.395616,74.391712,160.204
591238,16.386597,74.479834,46.706
591239,16.549871,74.551683,42.7413
591240,16.59436,75.099099,182.1668
591241,16.472821,74.333556,68.7272
591242,16.618685,74.721483,72.5359
591243,16.078543,74.566233,207.4778
591244,16.537337,74.615947,62.9834
591246,16.141216,74.52831,6.6274
591247,16.473612,74.615655,103.3072
591248,16.771989,75.21844,172.754
591254,16.07378,74.433434,74.6856
591263,16.531407,74.449062,19.4306
591265,16.828226,75.316582,280.5136
591287,16.416718,74.515491,17.0165
591301,15.457046,74.561691,468.9185
591302,15.605286,74.428681,514.8207
591303,16.684678,74.916467,145.9933
591304,16.705098,75.066761,367.9285
591305,16.342095,74.695232,265.8313
591306,16.25244,74.754496,127.1405
591307,16.162763,74.854403,214.9097
591308,16.179563,74.789211,3.813
591309,16.249927,74.609658,151.609
591310,16.288483,75.052176,102.4395
591311,16.60921,74.883913,105.1349
591312,16.320304,74.961487,171.5917
591313,16.281319,74.423523,81.0592
591314,16.241826,74.488333,0.6196
591315,16.688676,74.768307,59.586
591316,16.637312,74.799907,74.3103
591317,16.473659,74.787358,377.3287
591340,16.246993,74.529647,38.436
591344,16.049977,74.854807,239.9989
591345,15.693134,74.278631,447.229
591346,15.993582,74.636645,36.2977
600001,13.091458,80.289821,5.971
600002,13.068203,80.267415,3.2793
600003,13.081752,80.276459,3.2701
600004,13.038107,80.270007,4.5535
600005,13.058125,80.279793,3.9725
600006,13.061603,80.252642,1.7409
600007,13.085056,80.263683,1.046
600008,13.071867,80.257916,1.9366
600009,13.079578,80.285117,0.8742
600010,13.08469,80.247486,2.0595
600011,13.113615,80.241659,3.0328
600012,13.100194,80.257921,5.5849
600013,13.115163,80.295222,3.4624
600014,13.052626,80.266009,2.2908
600015,13.0213,80.221808,2.8674
600016,13.001232,80.19111,7.3613
600017,13.042315,80.2379,5.2386
600018,13.036542,80.253471,2.7553
600019,13.16116,80.297138,8.7389
600020,13.00393,80.255816,3.8662
600021,13.117575,80.280368,3.6768
600022,13.00085,80.227561,3.885
600023,13.098496,80.233771,5.9307
600024,13.050793,80.223166,3.0554
600025,13.013277,80.234081,1.7068
600026,13.050286,80.209937,1.8073
600027,12.987904,80.169418,9.2901
600028,13.021764,80.263199,6.017
600029,13.070784,80.220379,1.2284
600030,13.079475,80.226172,1.6478
600031,13.072928,80.241861,2.1945
600032,13.013476,80.207623,6.6822
600033,13.035825,80.22148,1.994
600034,13.060204,80.240544,2.9866
600035,13.026274,80.235948,2.0465
600036,12.992658,80.235937,2.6496
600037,13.07678,80.169266,8.4781
600038,13.098736,80.215505,2.3321
600039,13.119297,80.258501,5.282
600040,13.087053,80.203375,6.1008
600041,12.968805,80.25689,10.8504
600042,12.981892,80.218662,7.8953
600043,12.968628,80.157015,5.9846
600044,12.95418,80.143161,9.837
600045,12.930908,80.109074,8.6342
600046,12.903052,80.12279,5.4809
600047,12.945904,80.124093,3.5726
600048,12.872653,80.116162,60.3342
600049,13.109123,80.205691,3.2195
600050,13.093771,80.184772,2.6182
600051,13.165176,80.24709,12.653
600052,13.201907,80.147829,78.5773
600053,13.123846,80.160791,14.3743
600054,13.121715,80.098625,22.7039
600055,13.18128,80.064671,50.3491
600056,13.049913,80.109815,22.2729
600057,13.207251,80.307392,23.181
600058,13.093165,80.158656,5.7803
600059,12.919168,80.121926,6.066
600060,13.155194,80.224992,9.8992
600061,12.984325,80.190809,2.541
600062,13.154482,80.11724,35.0121
600063,12.915696,80.09223,7.754
600064,12.935864,80.148821,6.2822
600065,13.155282,80.086033,2.119
600066,13.16169,80.178739,31.7279
600067,13.250595,80.176093,73.1532
600068,13.162664,80.27524,11.2893
600069,12.983838,80.071537,42.6172
600070,12.978141,80.123695,3.2939
600071,13.094634,80.10416,12.3191
600072,13.094996,80.069148,29.8882
600073,12.91816,80.157007,13.3362
600074,12.988556,80.141334,2.7621
600075,12.976264,80.138113,4.6257
600076,13.11493,80.187889,6.667
600077,13.077447,80.13166,20.6363
600078,13.036518,80.197145,2.2023
600079,13.101139,80.275746,2.0159
600081,13.135124,80.286936,5.2424
600082,13.115285,80.223533,2.7113
600083,13.034647,80.209578,3.0223
600084,13.083421,80.25396,1.1835
600085,13.01672,80.243989,2.2356
600086,13.049738,80.253837,0.9504
600087,13.043409,80.176993,4.1048
600088,12.988572,80.201817,1.3489
600089,13.028013,80.185259,4.0597
600090,13.001997,80.268818,3.2557
600091,12.964794,80.203162,11.4084
600092,13.055547,80.193788,4.926
600093,13.048318,80.200741,0.7958
600094,13.063167,80.223561,2.1884
600095,13.06836,80.143933,8.9302
600096,12.950103,80.235527,15.8912
600097,12.919513,80.23076,3.5347
600098,13.106806,80.171812,3.2222
600099,13.131283,80.203436,9.7377
600100,12.912805,80.202556,23.9893
600101,13.093396,80.19569,0.8581
600102,13.088535,80.224911,1.7367
600103,13.208588,80.251608,48.6359
600104,13.086981,80.287324,0.1987
600106,13.072879,80.211017,2.6255
600107,13.065972,80.190519,6.0622
600110,13.134755,80.224063,5.4137
600112,13.092296,80.26307,0.8842
600113,12.991526,80.245366,2.9014
600115,12.921792,80.250223,7.2973
600116,13.020097,80.148726,18.1355
600117,12.948787,80.180221,11.8375
600118,13.13684,80.255882,9.1027
600119,12.882455,80.232461,27.6548
600120,13.25069,80.295389,41.135
600122,13.023297,80.118282,8.0613
600123,13.026303,80.070798,28.9944
600124,13.060883,80.019005,53.9817
600125,13.015644,80.168265,7.7548
600126,12.890348,80.170617,21.6271
600127,12.813168,80.153631,80.6506
600128,13.005253,80.11456,6.1013
600129,12.944218,80.196687,2.7453
600130,12.852514,80.208876,16.3328
600132,12.941655,80.078965,33.9166
601101,13.329994,80.063128,72.2974
601102,13.289088,80.046498,72.7253
601103,13.245593,80.004679,148.1343
601201,13.43691,80.117594,315.1339
601202,13.413194,79.999549,135.4227
601203,13.318102,80.284984,164.7875
601204,13.346078,80.203806,110.4797
601205,13.441141,80.269538,162.9029
601206,13.320657,80.118514,42.0377
601301,12.891135,80.013874,69.7632
602001,13.128365,79.913702,19.648
602002,13.072547,79.916002,43.0287
602003,13.135287,79.937844,7.8447
602021,13.184377,79.944842,64.5147
602023,13.228627,79.845916,179.8355
602024,13.135022,80.004758,102.2197
602025,13.074519,79.957549,33.6775
602026,13.306648,79.903906,140.4249
602105,12.952192,79.958594,248.8734
602106,12.914662,79.861139,35.1128
602108,12.938856,79.826964,37.0294
602117,12.988548,80.010265,22.6769
603001,12.676793,79.974763,7.8412
603002,12.705575,80.000699,27.4758
603003,12.667191,80.018264,32.028
603004,12.733726,80.026224,34.3386
603101,12.748049,79.9304,53.1635
603102,12.522951,80.120273,114.3566
603103,12.777905,80.209819,53.7688
603104,12.629971,80.170942,80.8099
603105,12.650165,80.114318,36.8015
603106,12.724665,79.906946,34.4593
603107,12.647752,79.866251,157.2233
603108,12.71437,80.100925,102.2853
603109,12.591565,80.063565,157.6099
603110,12.725442,80.176248,83.0355
603111,12.655005,79.949515,49.8827
603112,12.798059,80.239742,25.3597
603127,12.568061,80.124661,6.6865
603201,12.431696,79.755473,70.9129
603202,12.819744,80.073226,63.1484
603203,12.827625,80.003188,37.0764
603204,12.790606,79.952735,69.5264
603209,12.782492,80.033365,57.9679
603210,12.862871,80.081353,9.6944
603211,12.867504,80.06396,0.7257
603301,12.417218,79.80619,34.4251
603302,12.383209,80.032159,97.0386
603303,12.549349,79.883005,51.3886
603304,12.292038,79.998027,65.7563
603305,12.433098,80.097238,80.1304
603306,12.494972,79.910384,118.5089
603307,12.361932,79.695491,72.9114
603308,12.569908,79.952942,42.6655
603309,12.437079,79.897195,31.8054
603310,12.342004,79.819846,134.8861
603311,12.432312,79.954951,34.4696
603312,12.466724,80.015821,94.1797
603313,12.379217,79.917834,127.8627
603314,12.563355,79.841192,37.2403
603319,12.460808,79.831409,59.0433
603401,12.287327,79.92611,118.4482
603402,12.650429,79.716972,37.0291
603403,12.62609,79.677717,56.6944
603405,12.59677,79.990048,73.2348
603406,12.568162,79.777688,181.3926
604001,12.222523,79.655398,98.3018
604101,12.259573,79.777594,95.0313
604102,12.098224,79.734808,158.5517
604151,12.152688,79.318922,145.1026
604152,12.187107,79.249516,54.8003
604153,12.263075,79.299488,113.8076
604154,12.135096,79.790802,96.7891
604201,12.384529,79.278056,135.8851
604202,12.248328,79.403308,118.5386
604203,12.321456,79.488756,69.1268
604204,12.352273,79.351437,100.2397
604205,12.183233,79.47065,134.3825
604206,12.245807,79.513087,71.6896
604207,12.308458,79.594859,177.4689
604208,12.395199,79.399775,70.9521
604210,12.32229,79.421382,55.1769
604301,12.20113,79.796341,164.7933
604302,12.140677,79.611388,88.7351
604303,12.170882,79.910717,168.7104
604304,12.076406,79.628462,77.6429
604305,12.307829,79.707873,24.9892
604306,12.21258,79.576583,59.9865
604307,12.29954,79.752019,61.7685
604401,12.602218,79.55567,136.3043
604402,12.76798,79.540525,75.3915
604403,12.487492,79.711202,102.9444
604404,12.543001,79.537389,21.2011
604405,12.464403,79.662069,85.9107
604406,12.394228,79.575284,140.7453
604407,12.700677,79.532221,155.1726
604408,12.520868,79.60652,236.2044
604409,12.623534,79.449667,109.4059
604410,12.777425,79.607062,91.9758
604501,12.419711,79.475235,93.0762
604502,12.466087,79.446101,47.2674
604503,12.541839,79.425626,71.1548
604504,12.6275,79.346935,29.2655
604505,12.530343,79.487212,67.5588
604601,12.277327,79.222954,96.7655
605001,11.929958,79.829157,3.3523
605002,11.938549,79.835122,0.2318
605003,11.949029,79.835454,1.4188
605004,11.912106,79.804499,12.8682
605005,11.932655,79.813993,2.4335
605006,11.950706,79.800389,0.9215
605007,11.873266,79.785899,45.3688
605008,11.961732,79.814277,5.8454
605009,11.941974,79.785074,12.2105
605010,11.924541,79.79171,3.8713
605011,11.941607,79.825042,0.6771
605013,11.948006,79.821745,3.2264
605014,12.052917,79.839382,63.571
605101,11.992628,79.815588,30.8578
605102,11.911419,79.680148,63.9368
605103,11.888587,79.522827,50.0274
605104,11.974487,79.839432,6.1605
605105,11.866735,79.588463,73.5277
605106,11.847522,79.678508,89.4392
605107,11.935414,79.630861,24.4606
605108,11.937924,79.585149,62.4092
605109,12.040065,79.711842,49.8485
605110,11.898235,79.737448,45.802
605111,11.984168,79.772381,47.4679
605201,12.134643,79.397238,54.4619
605202,12.079126,79.406985,102.1556
605203,12.057334,79.480483,100.512
605301,11.937184,79.432525,63.0564
605302,11.941598,79.373853,20.9744
605401,11.893704,79.462791,38.8846
605402,11.996113,79.403168,64.0277
605501,11.985032,79.635004,71.0058
605502,11.98945,79.700715,76.5874
605601,11.990548,79.514062,63.2113
605602,11.947816,79.498892,30.515
605651,12.118051,79.528779,61.1027
605652,12.038463,79.568012,76.2835
605701,12.034242,79.331559,97.9107
605702,12.020926,78.949606,81.8543
605751,11.885268,79.145242,137.5945
605752,11.997829,79.247422,65.6033
605754,12.029925,79.062529,58.8181
605755,11.961603,79.313042,68.9643
605756,11.98988,79.175494,29.1483
605757,11.959703,79.205204,12.0534
605758,12.047603,79.229553,52.7259
605759,11.98017,79.201323,3.4648
605766,11.947937,79.16646,133.7531
605801,11.93988,78.996779,106.5691
605802,11.976644,79.046557,88.621
605803,11.898444,79.276701,78.1524
606001,11.527539,79.334293,173.371
606003,11.588207,79.326805,25.4837
606102,11.792985,79.294192,135.1915
606103,11.464509,79.434187,73.2708
606104,11.612824,79.267971,131.4998
606105,11.427424,79.255383,98.1432
606106,11.446625,79.131036,103.0744
606107,11.698187,79.271715,100.8811
606108,11.486303,79.048412,75.1204
606109,11.545027,79.005886,92.6378
606110,11.44883,79.307576,46.3774
606111,11.419181,79.18231,68.9127
606115,11.670538,79.371337,149.1245
606201,11.670619,78.85672,235.9173
606202,11.73076,78.934937,29.9473
606203,11.665243,79.050721,128.887
606204,11.622439,78.983636,110.7957
606205,11.843066,79.082122,80.386
606206,11.768212,79.062981,236.401
606207,11.800246,78.843896,156.3893
606208,11.837646,78.936237,86.5225
606209,11.776037,78.719465,331.4067
606213,11.749445,78.961814,113.1451
606301,11.559483,78.899022,168.7807
606302,11.529387,79.198609,148.4717
606303,11.451953,78.971738,121.0596
606304,11.540393,79.105106,134.6429
606305,11.64404,79.17327,122.8614
606401,11.927588,78.812126,323.0694
606402,11.944109,78.92262,89.0691
606601,12.233875,79.070984,13.4581
606603,12.213873,79.045165,50.3996
606604,12.274839,79.061687,67.175
606611,12.235479,79.137052,60.888
606701,12.318728,78.762201,111.5851
606702,12.447906,78.830817,267.328
606703,12.195688,78.700235,201.2168
606704,12.334168,78.984104,136.0302
606705,12.349012,78.898923,69.3141
606706,12.251285,78.964046,67.6515
606707,12.199423,78.914901,92.2992
606708,12.077851,78.820876,387.3664
606709,12.243873,78.827259,246.0534
606710,12.129738,78.975313,186.4121
606751,12.436938,79.112851,71.9311
606752,12.330922,79.17633,119.6458
606753,12.115135,79.075092,83.8301
606754,12.105962,79.235648,60.1985
606755,12.175803,79.188512,77.2642
606801,12.481651,79.323306,60.7274
606802,12.382194,79.094566,121.6705
606803,12.522544,79.095102,208.9123
606804,12.093784,79.174306,58.8185
606805,12.325282,79.085548,48.7414
606806,12.080689,79.123367,85.8409
606807,12.476158,79.383765,47.731
606808,12.1654,79.104538,63.7262
606811,12.103922,79.092282,4.0704
606901,12.482733,78.946915,129.2952
606902,12.513802,79.283723,33.6593
606903,12.619074,79.19457,55.4971
606904,12.465393,79.216704,147.7085
606905,12.660156,79.093407,219.1209
606906,12.444288,79.040476,33.6219
606907,12.574536,79.174139,94.432
606908,12.417683,78.952506,101.1603
607001,11.763971,79.77286,22.6906
607002,11.746659,79.747637,6.9462
607003,11.696787,79.715769,66.2187
607004,11.728026,79.747129,12.04
607005,11.647554,79.742055,47.4755
607006,11.769902,79.73961,3.8646
607101,11.819429,79.473005,64.3585
607102,11.70914,79.616413,74.3619
607103,11.680402,79.54522,113.5131
607104,11.76776,79.633497,35.2014
607105,11.773769,79.673098,30.4923
607106,11.754997,79.494539,86.256
607107,11.838492,79.421779,67.5787
607108,11.794687,79.520088,37.2363
607109,11.776868,79.709065,28.1774
607112,11.794505,79.601127,21.9557
607201,11.799559,79.188627,121.9203
607202,11.730387,79.189258,60.6858
607203,11.882639,79.361426,72.0705
607204,11.743394,79.408233,139.6117
607205,11.828,79.556642,37.9819
607209,11.84576,79.321978,35.0171
607301,11.63701,79.667204,87.6888
607302,11.570091,79.619418,103.3861
607303,11.565476,79.558937,69.0124
607308,11.622957,79.558136,4.5357
607401,11.731681,79.702421,20.1281
607402,11.808459,79.749344,43.6679
607403,11.827011,79.788844,20.1862
607801,11.58482,79.516855,55.3182
607802,11.532344,79.474902,69.7897
607803,11.615804,79.486428,7.8775
607804,11.54856,79.407411,32.3911
607805,11.664268,79.474002,57.9963
607807,11.59124,79.443431,53.2231
608001,11.444399,79.76195,54.1252
608002,11.385413,79.75417,98.9333
608102,11.439228,79.708663,22.6311
608201,11.406336,79.582215,48.9677
608301,11.274145,79.528559,53.5922
608302,11.293647,79.616146,101.9694
608303,11.311984,79.565306,43.203
608304,11.198541,79.513849,32.6689
608305,11.358887,79.582201,30.0799
608306,11.223547,79.56144,20.3721
608401,11.339408,79.675221,35.3718
608501,11.51156,79.714991,81.3208
608502,11.490035,79.754949,26.5633
608601,11.47623,79.630141,104.0147
608602,11.403208,79.653074,62.4842
608701,11.359229,79.486213,93.3316
608702,11.414397,79.520269,64.8052
608703,11.409151,79.403262,73.5028
608704,11.480084,79.53225,83.7368
608801,11.571111,79.70575,58.0633
608901,11.363212,79.323934,117.3381
609001,11.096579,79.655282,34.9022
609003,11.107809,79.610474,21.777
609101,11.330382,79.792105,71.8369
609102,11.312451,79.7073,48.0502
609103,11.1574,79.657211,19.1676
609104,11.273326,79.772253,25.275
609105,11.132455,79.848348,6.1599
609106,11.217322,79.815536,68.0383
609107,11.134123,79.804492,22.2304
609108,11.283166,79.709271,28.2043
609109,11.193887,79.758921,28.4927
609110,11.232724,79.726472,5.8501
609111,11.249379,79.738607,29.1572
609112,11.184794,79.684561,29.3106
609113,11.164436,79.848533,7.0584
609114,11.164451,79.813612,27.3666
609115,11.267992,79.807104,27.4179
609116,11.244104,79.681983,30.9462
609117,11.186236,79.724203,36.7867
609118,11.142002,79.690004,15.214
609201,11.210708,79.654034,13.1092
609202,11.191612,79.59095,23.2007
609203,11.150929,79.620306,33.2451
609204,11.164303,79.545592,37.0638
609205,11.220081,79.625388,27.9686
609301,11.100316,79.790387,26.2083
609302,11.068992,79.707815,12.1712
609303,11.016174,79.819752,5.3826
609304,11.127251,79.736703,42.3171
609305,11.096159,79.693049,9.1676
609306,11.022553,79.727318,27.3012
609307,11.024344,79.842213,19.2425
609308,11.017922,79.763015,11.1022
609309,11.077542,79.740167,42.9708
609310,11.037219,79.788932,20.5799
609311,11.064775,79.80883,22.8461
609312,11.006337,79.796057,12.7058
609313,11.088273,79.838103,28.3998
609314,11.059996,79.687122,10.2399
609401,11.047977,79.638091,15.8363
609402,11.034054,79.683904,12.2136
609403,10.987634,79.698062,34.2497
609404,11.024423,79.647191,20.4355
609405,10.977748,79.654396,32.8221
609501,10.930494,79.535612,13.4769
609502,10.920497,79.635182,25.2186
609503,10.935071,79.680108,33.6237
609504,10.873484,79.642146,8.9187
609601,10.939565,79.748821,25.2444
609602,10.910422,79.841011,12.9903
609603,10.972474,79.77275,42.1171
609604,10.893717,79.80022,21.0138
609605,10.94371,79.83362,12.8534
609606,10.858843,79.834475,21.8682
609607,10.921813,79.79328,26.6956
609608,10.958325,79.709813,7.0577
609609,10.978935,79.829237,25.0359
609701,10.883737,79.678516,33.9473
609702,10.877849,79.739333,58.2502
609703,10.853588,79.791734,29.2458
609704,10.865557,79.698499,17.8004
609801,11.076853,79.558865,38.8927
609802,11.034284,79.514895,15.917
609803,11.035378,79.525162,3.9659
609804,11.059722,79.492304,25.8416
609805,11.010937,79.6057,32.5579
609806,11.063256,79.596049,34.7803
609807,11.130031,79.511431,42.1488
609808,11.055729,79.561511,2.6371
609810,11.049241,79.530886,1.4495
609811,11.14608,79.579104,18.4212
610001,10.781572,79.642294,26.1159
610003,10.761194,79.652577,5.1797
610004,10.774124,79.599758,6.1293
610005,10.814324,79.619886,10.9266
610101,10.819773,79.684826,76.53
610102,10.746693,79.5556,11.7027
610103,10.712735,79.634418,18.3959
610104,10.812186,79.587473,22.5846
610105,10.882646,79.60013,64.8015
610106,10.729562,79.669067,24.0934
610107,10.870258,79.556383,25.851
610109,10.741183,79.637953,8.6488
610201,10.615759,79.655801,31.6659
610202,10.678562,79.662999,15.3309
610203,10.587828,79.673477,36.4883
610204,10.618331,79.733386,53.1686
610205,10.650469,79.629483,22.2402
610206,10.69896,79.590659,69.5388
610207,10.673962,79.694746,57.2283
611001,10.780415,79.836371,7.8456
611002,10.809144,79.786614,55.6509
611003,10.804445,79.843292,5.2057
611101,10.764663,79.69192,13.8705
611102,10.673876,79.817806,13.1965
611103,10.624196,79.781131,37.6126
611104,10.756994,79.752455,23.666
611105,10.753725,79.719768,20.5787
611106,10.745745,79.83198,27.3111
611108,10.754745,79.792762,42.5184
611109,10.695804,79.768052,78.1458
611110,10.610291,79.824813,41.7902
611111,10.668817,79.842097,22.7406
611112,10.54342,79.836914,51.4584
612001,10.961279,79.390443,16.1324
612002,10.976223,79.379746,6.7174
612101,10.995895,79.495834,32.9928
612102,11.032742,79.462062,17.6167
612103,10.985367,79.428209,6.208
612104,10.987446,79.454548,9.8989
612105,11.022765,79.43191,22.6483
612106,11.085441,79.525358,18.5475
612201,10.953069,79.577727,50.948
612202,10.953145,79.48174,31.7975
612203,10.994069,79.555905,42.7971
612204,10.958558,79.434062,16.4578
612301,10.975442,79.304633,43.076
612302,10.953669,79.340077,10.712
612303,10.992806,79.340537,10.3247
612401,10.937692,79.406231,18.173
612402,10.908673,79.408968,20.6172
612501,11.009262,79.367621,45.5384
612502,11.127721,79.457356,23.7256
612503,11.044658,79.401557,32.3882
612504,11.087273,79.458889,37.9555
612601,10.854552,79.469402,15.4453
612602,10.917692,79.456211,20.4384
612603,10.836138,79.549313,19.4494
612604,10.890738,79.519108,46.2328
612605,10.889639,79.469275,29.1494
612610,10.828097,79.506282,19.8243
612701,10.887322,79.325348,32.652
612702,10.949146,79.357547,4.7083
612703,10.92256,79.352054,15.1951
612801,10.819708,79.414568,35.2803
612802,10.845814,79.341824,57.8753
612803,10.73821,79.403342,38.6838
612804,10.872388,79.403577,50.8015
612901,11.214361,79.445957,45.3096
612902,11.143913,79.408318,54.4646
612903,11.26016,79.479557,68.1123
612904,11.101514,79.343745,160.2663
612905,11.180583,79.436255,26.4259
613001,10.786202,79.172459,30.4357
613002,10.809953,79.123841,18.1239
613003,10.830781,79.182191,30.7755
613004,10.769476,79.097942,14.0595
613005,10.740324,79.118781,8.2179
613006,10.712268,79.142025,72.3527
613007,10.764184,79.126476,11.4037
613008,10.795973,79.107948,8.7239
613009,10.784572,79.122305,1.3461
613010,10.741675,79.093319,3.5841
613101,10.834659,79.043312,41.9182
613102,10.819122,78.882965,69.2712
613103,10.853419,79.090665,12.5556
613104,10.850332,78.983568,57.7742
613105,10.863641,78.945562,28.7766
613201,10.868781,79.13689,13.1136
613202,10.838456,79.128005,22.6402
613203,10.884997,79.074905,36.5338
613204,10.901569,79.126217,32.2604
613205,10.808573,78.966645,12.2655
613301,10.597567,79.03773,311.3916
613303,10.661156,79.098401,52.7477
613401,10.721699,79.034444,27.7206
613402,10.720537,78.92735,123.443
613403,10.707265,79.062778,34.8173
613501,10.784864,79.214993,32.8484
613502,10.797318,79.252829,16.8836
613503,10.763054,79.259278,13.9397
613504,10.798875,79.287843,40.2184
613601,10.781846,79.057729,46.2534
613602,10.772036,78.982309,85.1888
613701,10.78413,79.573437,38.6958
613702,10.764289,79.530987,16.8808
613703,10.774343,79.486337,27.0377
613704,10.754206,79.602792,16.5097
613705,10.81336,79.476824,21.0521
614001,10.655583,79.449629,18.2013
614013,10.703716,79.367116,39.5553
614014,10.681342,79.432742,69.4094
614015,10.546559,79.429973,40.1273
614016,10.624078,79.48351,62.4802
614017,10.515724,79.495081,27.3506
614018,10.615973,79.387393,73.9049
614019,10.700814,79.288614,126.6209
614020,10.557743,79.467197,51.913
614101,10.69059,79.530449,33.3352
614102,10.717117,79.477459,29.8774
614103,10.734686,79.515156,12.7625
614201,10.892807,79.194305,4.0561
614202,10.922524,79.186142,38.8163
614203,10.951136,79.257846,25.4106
614204,10.903241,79.245414,8.2515
614205,10.921257,79.279656,20.1419
614206,10.870115,79.177481,23.7476
614207,10.903596,79.263247,7.6886
614208,10.92271,79.317147,14.0479
614210,10.908933,79.219275,3.5327
614211,10.897829,79.217906,7.1589
614301,10.838626,79.248409,28.0126
614302,10.871603,79.27296,11.2379
614303,10.870352,79.225444,23.5198
614401,10.8079,79.336638,18.4446
614402,10.772194,79.326286,37.9396
614403,10.777177,79.377228,26.5903
614404,10.772088,79.44156,41.3534
614601,10.429281,79.302014,11.8519
614602,10.395772,79.306761,115.5757
614612,10.196068,79.184032,44.279
614613,10.404803,79.41279,69.8546
614614,10.502929,79.18851,67.1935
614615,10.470101,79.266993,84.0866
614616,10.153729,79.028041,150.2541
614617,10.014519,79.212011,20.6703
614618,10.064871,79.072862,151.1451
614619,9.993069,79.180567,26.3423
614620,10.059683,79.205918,65.9269
614621,10.006922,79.140191,80.7567
614622,10.251605,78.980333,84.508
614623,10.318674,79.156103,31.0492
614624,10.236724,79.053926,73.3003
614625,10.614325,79.29245,96.8408
614626,10.533656,79.278683,89.537
614628,10.392569,79.192786,142.9711
614629,9.925165,79.079111,184.4944
614630,10.125169,79.165167,101.2557
614701,10.34032,79.382002,55.8888
614702,10.464612,79.567562,50.6107
614703,10.397126,79.609533,155.4529
614704,10.376308,79.476032,106.3412
614705,10.459665,79.505346,32.6781
614706,10.350482,79.538724,91.0855
614707,10.396014,79.777487,64.5108
614708,10.621611,79.575633,39.4862
614710,10.525104,79.543982,55.8625
614711,10.528413,79.707677,70.9747
614712,10.542765,79.770866,74.4739
614713,10.52428,79.641566,27.5981
614714,10.369119,79.69301,226.4708
614715,10.55748,79.603116,72.924
614716,10.484286,79.675415,33.066
614717,10.613476,79.535336,67.5609
614723,10.299121,79.318165,40.2849
614738,10.399976,79.520994,13.4908
614801,10.246278,79.108608,25.3795
614802,10.228253,79.242229,100.8561
614803,10.339576,79.282866,53.7256
614804,10.278313,79.191512,110.3669
614805,10.19122,79.131033,47.728
614806,10.463568,79.740636,44.7903
614807,10.307883,79.79861,131.9063
614808,10.479433,79.808335,58.5785
614809,10.434637,79.83882,43.5277
614810,10.372003,79.843039,44.0002
614901,10.490259,79.346238,21.807
614902,10.598968,79.188447,82.2838
614903,10.481062,79.426913,89.393
614904,10.681582,79.205054,119.902
614905,10.560526,79.353598,64.802
614906,10.454835,79.370624,41.9346
620001,10.79798,78.682401,10.4305
620002,10.824577,78.702098,8.7193
620003,10.832108,78.66697,7.3321
620004,10.786569,78.724982,7.3361
620005,10.846104,78.747671,25.3356
620006,10.861765,78.679333,10.5708
620007,10.738632,78.72657,27.4658
620008,10.818326,78.69293,0.7998
620009,10.725155,78.589939,107.9593
620010,10.819678,78.736164,23.3589
620011,10.769098,78.750875,12.9693
620012,10.7154,78.653212,69.716
620013,10.806144,78.815412,50.7749
620014,10.768541,78.787265,19.8812
620015,10.738332,78.848357,53.922
620016,10.727391,78.775446,27.7511
620017,10.814485,78.667546,5.5452
620018,10.822161,78.6847,1.1281
620019,10.799111,78.747002,6.0657
620020,10.779601,78.708143,8.4263
620021,10.749856,78.692024,11.4683
620022,10.750428,78.815803,21.4704
620023,10.77563,78.695388,2.9506
620024,10.666895,78.745837,5.8716
620025,10.683974,78.781597,47.8664
620026,10.814792,78.687792,0.8376
620101,10.85592,78.65809,15.3969
620102,10.805819,78.623912,55.7455
621001,11.207845,78.529151,145.1193
621002,11.196928,78.648044,150.9777
621003,11.243796,78.463628,46.9093
621004,11.101594,78.664014,34.5491
621005,10.969122,78.741339,160.0004
621006,11.0144,78.634572,83.0823
621007,11.057744,78.715365,46.9201
621008,11.160139,78.580806,32.2414
621009,10.958175,78.681241,52.9159
621010,11.157611,78.610299,15.3238
621011,11.290709,78.651526,164.0887
621012,11.326077,78.508104,139.2243
621014,11.090297,78.586313,69.0153
621101,11.236726,78.747529,72.3267
621102,11.311642,78.782767,32.4369
621103,11.346721,78.713216,80.9498
621104,11.131478,78.786727,99.759
621105,11.029567,78.814623,101.0361
621106,11.11488,78.967982,82.3133
621107,11.22505,78.788601,40.2484
621108,11.369805,79.060835,98.8168
621109,11.115683,78.866333,114.7214
621110,11.410228,78.715281,88.395
621111,10.91642,78.795245,25.894
621112,10.945225,78.775169,38.21
621113,11.356074,78.962996,52.2006
621114,11.124222,78.703079,61.4948
621115,11.325509,78.908809,57.1811
621116,11.363637,78.824903,98.2204
621117,11.440587,78.873501,177.0735
621118,11.143582,78.735058,36.3342
621133,11.295383,78.980597,63.2716
621202,10.932801,78.523575,55.7988
621203,10.970919,78.293845,47.5604
621204,10.925767,78.58062,27.3618
621205,11.03726,78.492601,84.677
621206,11.103615,78.520292,63.9211
621207,11.012678,78.223573,127.327
621208,11.056872,78.395942,80.1336
621209,10.979486,78.387076,53.5615
621210,11.175282,78.439042,63.1914
621211,10.974443,78.452956,87.0803
621212,11.248409,78.866577,111.7999
621213,10.90386,78.61925,34.3957
621214,11.119495,78.417968,109.4305
621215,11.019839,78.315911,85.6609
621216,10.878511,78.707476,24.6165
621217,11.005212,78.564882,95.6563
621218,10.873451,78.765639,31.9838
621219,11.307563,78.84633,39.8147
621220,11.189281,78.890871,82.1466
621301,10.792734,78.230742,115.2471
621302,10.557407,78.320591,191.5004
621305,10.493047,78.467066,103.5718
621306,10.642553,78.448164,137.2702
621307,10.646892,78.355106,145.1539
621308,10.438233,78.50379,123.689
621310,10.472975,78.361279,85.4113
621311,10.65478,78.214848,325.075
621312,10.567666,78.439777,39.4802
621313,10.730854,78.437732,192.9903
621314,10.378538,78.365541,187.0013
621315,10.501872,78.239404,102.0664
621316,10.610268,78.55071,238.9729
621601,10.866096,78.841177,10.2006
621651,11.015813,78.918899,106.741
621652,11.057715,78.958736,54.1806
621653,11.032494,78.997613,21.0743
621701,11.04834,79.251441,95.6602
621702,10.885992,78.936369,28.2122
621703,10.86714,78.828761,34.5229
621704,11.105859,79.140033,147.4704
621705,11.167073,79.123002,81.4958
621706,10.892669,78.89808,23.5637
621707,11.039302,79.100936,127.5063
621708,11.208579,79.001884,169.9679
621709,11.322285,79.187525,30.3812
621710,11.279067,79.255823,87.789
621711,10.950399,78.909598,95.1575
621712,10.930774,78.842919,67.2816
621713,11.123204,79.025558,53.6665
621714,11.271401,79.161607,68.9441
621715,10.981372,79.185191,141.8044
621716,11.283073,79.103447,105.5111
621717,11.306902,79.049881,71.5489
621718,11.213014,79.156529,62.3376
621719,11.331768,79.235945,54.352
621722,10.903554,79.008823,22.2156
621729,11.145269,79.098999,1.739
621730,11.363155,79.198837,30.5331
621801,11.34482,79.379376,36.0781
621802,11.215689,79.377792,59.112
621803,11.285217,79.394176,83.625
621804,11.166851,79.26025,182.3397
621805,11.330247,79.430773,26.5122
621806,11.239895,79.325901,62.1914
621851,10.959231,79.043289,168.4773
622001,10.376048,78.830026,7.4268
622002,10.391586,78.593911,126.0789
622003,10.362418,78.805017,36.1908
622004,10.468185,78.923384,287.7431
622005,10.38823,78.812384,6.7338
622101,10.457845,78.735519,113.3118
622102,10.525899,78.631089,238.0622
622103,10.450548,78.659487,74.8482
622104,10.384162,78.720827,46.8177
622201,10.273216,78.915993,114.8621
622202,10.148895,78.95431,54.7213
622203,10.475585,79.042288,31.5926
622204,10.021842,78.990362,115.5526
622209,10.155306,78.861258,28.8407
622301,10.385748,78.998049,170.4062
622302,10.476094,79.123172,187.6141
622303,10.3459,78.895668,106.8062
622304,10.325133,79.084233,137.3987
622401,10.331405,78.565828,72.1911
622402,10.318017,78.633191,55.2768
622403,10.246142,78.511787,69.8945
622404,10.335495,78.720743,39.7337
622407,10.294384,78.448053,11.5542
622408,10.279767,78.542485,6.2462
622409,10.256038,78.660709,30.5972
622411,10.309871,78.534653,13.3279
622412,10.299718,78.706284,77.3101
622422,10.321394,78.781625,28.9614
622501,10.467773,78.788922,67.055
622502,10.622079,78.850587,263.9051
622503,10.180042,78.716645,48.672
622504,10.533222,78.848305,187.3594
622505,10.211206,78.799823,43.2036
622506,10.236702,78.854261,152.8186
622507,10.2378,78.727226,78.1503
622515,10.641546,78.692187,146.3691
623115,9.255338,78.345759,140.1626
623120,9.185501,78.405091,127.9539
623135,9.141766,78.366166,107.1373
623308,9.872678,78.95333,166.4412
623315,9.817174,79.025376,32.0949
623401,9.747459,78.783623,58.7675
623402,9.791384,78.847442,93.7745
623403,9.703598,78.957742,72.457
623404,9.810011,78.98872,35.2022
623406,9.840302,79.072487,23.9986
623407,9.78258,78.944348,81.6111
623409,9.778082,79.036671,36.8774
623501,9.40094,78.827881,39.2285
623502,9.394461,78.789124,30.3111
623503,9.368112,78.887425,25.506
623504,9.369074,78.77298,99.0225
623512,9.348498,78.974694,15.5642
623513,9.435179,78.885605,53.8936
623514,9.491085,78.878945,31.609
623515,9.251892,78.726299,68.4271
623516,9.287514,79.040688,39.2313
623517,9.272273,78.778042,41.727
623518,9.276626,79.096656,15.6749
623519,9.282918,79.148313,6.2876
623520,9.27546,79.129545,2.073
623521,9.27843,79.223915,8.1381
623522,9.37734,78.938881,25.4007
623523,9.286585,78.90721,63.3359
623524,9.285173,78.98588,10.098
623525,9.626529,78.869927,158.2587
623526,9.241134,79.329087,60.6439
623527,9.422325,78.714129,165.4505
623528,9.204567,78.595738,197.9468
623529,9.280131,79.264069,27.3405
623530,9.463205,78.81235,47.5786
623531,9.552113,78.889596,52.8351
623532,9.292468,78.836115,53.9476
623533,9.314791,78.732669,70.9306
623534,9.31976,78.998555,19.6148
623536,9.324093,78.943033,40.5272
623537,9.519872,78.832695,52.0421
623538,9.706558,78.869074,120.6874
623566,9.217938,78.695909,38.9313
623601,9.461863,78.45322,176.6171
623603,9.36235,78.353163,216.7678
623604,9.439433,78.38931,64.9769
623605,9.466929,78.34174,48.6444
623608,9.562389,78.450073,128.7856
623701,9.573641,78.602284,74.1137
623703,9.237978,78.508656,164.6744
623704,9.355708,78.502598,137.7524
623705,9.536339,78.738806,184.2828
623706,9.46908,78.548634,71.4683
623707,9.517904,78.589021,150.7834
623708,9.351529,78.43452,21.4897
623711,9.327006,78.613352,145.9257
623712,9.408442,78.605455,114.339
623806,9.234674,78.764301,5.4228
624001,10.369171,77.979081,15.7846
624002,10.359422,77.921913,73.4172
624003,10.24776,77.997549,271.9902
624004,10.435751,77.963426,54.7748
624005,10.410493,78.026769,90.4122
624101,10.199515,77.536657,200.9026
624103,10.236284,77.364896,337.586
624201,10.139847,77.915952,47.3618
624202,10.164921,77.810387,89.3468
624204,10.235716,77.749542,84.3897
624206,10.210977,77.900074,31.0023
624208,10.147234,77.853552,20.0751
624210,10.272494,77.594057,67.5518
624211,10.186225,77.76249,29.5872
624212,10.33027,77.573973,443.6317
624215,10.182799,77.86619,40.3114
624216,10.285288,77.66219,66.4847
624219,10.099206,77.866923,68.072
624220,10.088045,77.748102,124.8906
624301,10.287768,77.915417,8.3516
624302,10.267938,77.929303,31.0829
624303,10.314986,77.904835,21.9454
624304,10.293051,78.080719,49.7083
624306,10.350464,78.133439,116.6069
624307,10.310291,77.965386,20.7363
624308,10.239607,78.117447,120.2602
624401,10.225356,78.225001,403.3406
624402,10.251776,78.300919,79.419
624403,10.405248,78.246909,114.743
624601,10.448675,77.514613,26.6009
624610,10.393167,77.509042,42.5057
624612,10.549121,77.745749,110.5459
624613,10.489939,77.573084,150.9676
624614,10.498006,77.647551,165.9347
624615,10.424714,77.453174,104.7028
624616,10.630493,77.6683,217.6174
624617,10.58474,77.511776,159.7462
624618,10.540247,77.446254,148.8733
624619,10.45495,77.734854,117.7711
624620,10.74536,78.089039,198.6708
624621,10.424697,77.377811,142.8119
624622,10.445636,77.836148,140.5402
624701,10.279108,77.85205,6.2049
624702,10.501266,78.036235,110.8189
624703,10.68452,78.061875,78.6132
624704,10.596309,77.841493,53.1922
624705,10.347966,77.791205,197.6667
624706,10.595278,78.079674,194.0243
624707,10.274451,77.87946,56.1232
624708,10.253285,77.82548,53.6065
624709,10.450552,77.916795,72.3569
624710,10.556448,77.923436,211.0069
624711,10.604784,77.922546,98.638
624712,10.639716,77.788392,62.6608
624801,10.467067,78.165196,155.1666
624802,10.437112,78.092995,89.884
625001,9.916424,78.119345,4.5987
625002,9.937069,78.130666,4.6648
625003,9.905451,78.09241,5.6932
625004,9.908625,78.072619,9.1579
625005,9.865064,78.070503,10.5556
625006,9.884501,78.050702,15.0004
625007,9.965893,78.156266,8.5394
625008,9.850614,78.031385,37.6283
625009,9.850806,78.152661,59.0259
625011,9.904497,78.109156,2.3813
625012,9.877048,78.114389,18.5977
625014,10.0475,78.164592,49.3024
625015,9.883701,78.086308,4.1215
625016,9.931124,78.090725,13.2326
625017,9.984682,78.135074,45.776
625018,9.973852,78.090032,34.5044
625019,9.934063,78.04805,24.9928
625020,9.926812,78.212202,77.3346
625021,9.909587,78.016765,22.2065
625022,9.78846,78.079946,126.8788
625023,9.953663,78.188264,0.9166
625101,10.151373,78.350822,118.8875
625102,10.088311,78.437292,39.0074
625103,10.245298,78.368827,93.5756
625104,9.982522,78.213175,17.7412
625105,10.116061,78.304248,73.9616
625106,10.016865,78.341563,109.3317
625107,9.973053,78.189393,20.5757
625108,10.104968,78.398405,36.2608
625109,10.000275,78.413212,87.0134
625110,9.947455,78.300392,90.9056
625122,9.985334,78.252126,36.4371
625201,9.882764,78.229552,55.2617
625203,10.165599,77.691814,41.3514
625205,10.065339,77.931856,14.6379
625207,10.030899,77.927137,37.1541
625214,10.033538,77.963224,16.7454
625218,10.127977,78.030621,190.0325
625221,10.037324,78.014276,42.1549
625234,9.983192,78.000789,24.7827
625301,10.048161,78.238612,86.6225
625402,9.999626,78.047522,43.9663
625501,10.063926,78.081786,89.6982
625503,10.111192,78.13503,64.1244
625512,9.9518,77.60031,106.7762
625513,10.002856,77.345323,9.6587
625514,9.941379,77.987818,34.2723
625515,9.738692,77.432844,278.4058
625516,9.704356,77.276725,43.3854
625517,9.899293,77.552835,179.2232
625518,9.678778,77.228492,155.5936
625519,9.600306,77.417911,197.8258
625520,9.89447,77.458128,53.0756
625521,9.72759,77.323944,54.7694
625522,9.826399,77.285504,61.5603
625523,10.057699,77.529275,56.1413
625524,9.868959,77.322065,69.4657
625525,9.609334,77.235253,52.503
625526,9.780381,77.352943,22.8274
625527,9.847435,77.8146,71.4641
625528,9.958691,77.363716,138.1033
625529,9.910621,77.860693,69.1296
625530,9.903393,77.281093,84.8971
625531,10.029824,77.471993,51.2857
625532,9.967069,77.777031,266.4999
625533,9.808848,77.332033,32.3276
625534,9.946917,77.453805,99.962
625535,9.792764,77.64461,350.0737
625536,10.009198,77.658101,133.509
625537,9.995378,77.894982,166.9802
625538,9.604375,77.323676,22.6499
625540,9.832826,77.443296,57.1652
625556,9.766126,77.263518,42.1775
625562,10.055552,77.620019,70.8614
625579,9.778573,77.526073,195.2268
625582,10.05474,77.299799,229.8967
625601,10.129829,77.539583,24.9382
625602,10.162006,77.631537,65.0431
625603,10.092466,77.616128,50.9012
625604,10.130875,77.591047,27.6583
625605,10.104957,77.448971,249.7019
625701,9.694625,78.003676,108.5073
625702,9.689581,77.839232,120.8473
625703,9.728177,77.778196,103.4587
625704,9.786407,77.898947,91.8272
625705,9.756734,77.71502,158.8524
625706,9.832348,77.959282,237.031
625707,9.672729,77.915829,46.8315
625708,9.743593,77.895556,47.4334
626001,9.584563,77.956459,12.8721
626002,9.630788,77.958729,52.3116
626003,9.533857,77.933792,60.1776
626004,9.524569,77.99749,76.0773
626005,9.579019,77.858056,50.0965
626101,9.503304,78.120386,58.5468
626102,9.396614,77.581867,26.5502
626103,9.605096,77.835282,104.0592
626104,9.604738,78.068573,116.8452
626105,9.466404,78.168986,70.6123
626106,9.664508,78.160402,190.0135
626107,9.553803,78.099838,40.7715
626108,9.446981,77.889731,29.6427
626109,9.598515,77.994977,43.8636
626110,9.454076,77.57089,47.1331
626111,9.362913,77.506125,31.7933
626112,9.478408,78.047453,77.0161
626113,9.392212,78.114554,67.5393
626114,9.34078,78.265262,194.0341
626115,9.728617,78.105551,63.4125
626116,9.610694,77.631659,29.0695
626117,9.477451,77.520419,38.6076
626118,9.42865,78.20089,53.0854
626119,9.503594,77.894922,66.0259
626121,9.411388,77.429909,124.8193
626122,9.388906,77.496106,0.9101
626123,9.463582,77.81224,15.0974
626124,9.470629,77.758395,85.1635
626125,9.52322,77.609597,131.0669
626126,9.597966,77.675894,44.9512
626127,9.333812,77.685288,85.813
626128,9.364975,77.86006,32.1437
626129,9.533465,78.22674,216.8208
626130,9.511214,77.828053,73.5199
626131,9.366632,77.759456,109.0981
626132,9.659672,77.622332,25.9625
626133,9.582639,77.537196,196.7091
626134,9.429945,78.081183,53.2347
626135,9.483424,77.649434,24.5213
626136,9.36633,77.627545,99.8494
626137,9.433788,77.662501,64.9035
626138,9.557456,77.729902,92.348
626139,9.363365,77.57267,13.6173
626140,9.290566,77.752902,47.6216
626141,9.482252,77.701973,32.3402
626142,9.456314,77.477224,116.321
626149,9.650121,77.713599,121.7161
626161,9.171579,77.690595,9.1572
626188,9.394135,77.501346,1.9157
626189,9.406562,77.820546,99.6445
626201,9.277868,77.835697,79.0452
626202,9.339836,77.992297,221.6117
626203,9.359169,77.899538,111.5914
626204,9.443397,77.982982,62.0404
626205,9.240438,77.943813,126.8481
626607,9.659049,78.266848,205.2877
626612,9.576415,78.346515,144.826
627001,8.73817,77.697462,13.2413
627002,8.721217,77.747172,8.9288
627003,8.738366,77.730092,5.9647
627004,8.731295,77.651571,7.3142
627005,8.697434,77.717538,7.5575
627006,8.709602,77.679585,14.1247
627007,8.652955,77.762009,91.865
627008,8.744595,77.665085,8.5017
627009,8.71687,77.714907,6.256
627010,8.781631,77.633575,65.6175
627011,8.713232,77.776234,18.6144
627012,8.730735,77.599786,58.8676
627101,8.428914,77.664501,55.1948
627102,8.458829,77.584062,13.4283
627103,8.449157,77.611121,14.2514
627104,8.208535,77.756074,30.3602
627105,8.25278,77.579256,33.9263
627106,8.180117,77.675074,45.4564
627107,8.48755,77.569695,18.5942
627108,8.503204,77.665835,124.3397
627109,8.320583,77.579267,60.7787
627110,8.428012,77.733238,50.48
627111,8.246776,77.6891,130.0786
627112,8.318945,77.744746,144.1531
627113,8.325184,77.658653,40.5555
627114,8.187761,77.578973,50.8848
627115,8.428685,77.560407,34.8023
627116,8.232636,77.621682,36.1362
627117,8.382075,77.620147,108.2516
627118,8.39731,77.79284,51.0352
627119,8.38974,77.754193,13.9609
627120,8.160534,77.626276,6.1386
627127,8.152075,77.596983,3.7096
627131,8.299547,77.622508,11.9578
627133,8.372723,77.466702,135.067
627151,8.586735,77.725304,59.3873
627152,8.595789,77.650161,87.4434
627201,8.880412,77.645523,127.9535
627202,8.923812,77.615889,29.9826
627351,8.758192,77.810385,59.4013
627352,8.86495,77.764542,109.3679
627353,8.755302,77.759601,16.0881
627354,8.529845,77.762466,96.3487
627355,8.472124,77.801317,75.9176
627356,8.657637,77.697467,31.6284
627357,8.814268,77.710313,83.9724
627358,8.783561,77.684917,11.8597
627359,8.800645,77.776909,38.0128
627401,8.69829,77.437824,14.4344
627412,8.77922,77.286642,88.3074
627413,8.736067,77.441953,21.8489
627414,8.631357,77.569987,65.6662
627415,8.858314,77.430688,35.6826
627416,8.668091,77.469195,49.6406
627417,8.68772,77.54754,9.2958
627418,8.73258,77.299886,180.8818
627420,8.521715,77.462898,294.6375
627421,8.660833,77.405467,41.551
627422,8.702138,77.381011,2.4217
627423,8.802613,77.4363,24.006
627424,8.837481,77.333466,145.8068
627425,8.657553,77.323905,229.7427
627426,8.662028,77.513344,87.553
627427,8.573027,77.33237,44.9292
627428,8.719641,77.421318,6.3787
627451,8.673349,77.655189,26.1168
627452,8.654042,77.618225,20.4247
627453,8.660363,77.589894,22.8927
627501,8.524636,77.542526,56.4574
627502,8.546372,77.603826,73.998
627601,8.753661,77.528237,8.482
627602,8.77147,77.491904,54.8518
627603,8.746288,77.550333,33.3872
627604,8.697971,77.642531,12.9617
627651,8.312232,77.890776,66.1728
627652,8.397178,77.839382,20.0559
627654,8.303468,77.813095,24.9205
627657,8.347831,77.828597,24.6908
627659,8.265419,77.825306,36.7237
627713,9.235549,77.757326,81.504
627719,9.244675,77.656874,108.383
627751,9.116819,77.330879,222.5949
627753,9.280063,77.557335,136.1739
627754,9.159563,77.639134,124.5727
627755,9.169409,77.46177,51.1561
627756,9.17198,77.548173,106.7964
627757,9.334987,77.397358,205.6814
627758,9.226875,77.43811,70.3985
627759,8.679829,77.80205,9.0786
627760,9.262406,77.37418,119.0844
627761,9.260279,77.501056,27.5268
627764,9.309423,77.430313,28.3052
627802,8.914444,77.265431,62.1015
627803,9.012815,77.289,37.0352
627804,9.040549,77.325342,25.8318
627805,8.958961,77.273637,7.6157
627806,8.942585,77.387218,27.4008
627807,9.026745,77.249741,12.2725
627808,8.902691,77.404335,86.9168
627809,8.963974,77.230102,41.8816
627811,8.966293,77.305978,5.8374
627812,9.077682,77.271447,62.3159
627813,9.010682,77.200973,64.5344
627814,8.927289,77.326175,40.0581
627818,8.954641,77.297079,5.5305
627851,8.828433,77.532831,126.3441
627852,8.991949,77.350589,53.9836
627853,8.882407,77.519236,68.9294
627854,8.923983,77.555902,45.1539
627855,9.185676,77.369437,106.778
627856,9.023776,77.399186,29.7013
627857,9.05883,77.467573,62.7753
627858,8.964576,77.390445,7.4683
627859,8.993385,77.439929,56.7729
627860,9.009514,77.552339,154.8368
627861,8.953254,77.486928,58.3355
627862,9.105935,77.471967,83.1449
627951,8.982153,77.66126,85.7325
627953,9.080974,77.600051,88.0169
628001,8.811085,78.156557,3.1747
628002,8.84026,78.124553,65.7303
628003,8.796796,78.147001,2.9761
628004,8.76137,78.182297,16.3719
628005,8.741642,78.112176,33.5686
628006,8.77142,78.150501,11.6696
628007,8.717145,78.131294,17.0716
628008,8.786541,78.114701,26.4138
628101,8.777222,78.077762,19.6759
628102,8.74374,77.989345,43.9924
628103,8.733744,78.052706,44.229
628104,8.80343,77.955224,42.08
628105,8.922274,78.152374,80.2683
628151,8.627008,78.097341,37.7681
628152,8.678232,78.111598,26.9825
628201,8.553124,78.067449,10.709
628202,8.544695,78.091007,22.6186
628203,8.421617,78.032185,40.4402
628204,8.584425,78.115685,25.686
628205,8.525136,78.024143,80.3064
628206,8.386277,78.030094,16.5286
628207,8.594815,78.052235,18.5724
628208,8.452938,78.045074,12.777
628209,8.371985,78.044337,6.6677
628210,8.462897,77.993765,31.7948
628211,8.572347,78.046668,4.7037
628212,8.560276,78.057277,5.5696
628213,8.487725,78.03447,18.9939
628215,8.47962,78.108763,17.461
628216,8.514012,78.116715,3.7886
628217,8.54205,78.112894,9.5902
628218,8.527725,78.054811,6.1925
628219,8.470806,78.067159,12.2346
628229,8.328902,77.270631,26.7582
628251,8.692596,78.074405,43.2558
628252,8.718386,77.857955,90.0536
628301,8.84821,77.970453,72.6057
628302,8.90713,77.909389,60.1187
628303,8.840907,77.88022,84.2801
628304,8.79569,78.033149,50.0908
628401,8.942658,78.016006,169.5446
628402,8.861835,78.052805,61.2926
628501,9.204707,77.848722,61.7761
628502,9.14804,77.887159,83.006
628503,9.163581,77.825861,14.6685
628552,9.092682,77.711611,184.6058
628601,8.633145,77.926805,10.1366
628612,8.590195,77.941585,22.1183
628613,8.51592,77.870558,78.3828
628614,8.592112,77.978545,4.5031
628615,8.627621,77.854129,15.0253
628616,8.565215,77.976133,13.6369
628617,8.555443,77.926918,34.0244
628618,8.57686,78.029377,1.465
628619,8.65848,77.902471,33.6617
628620,8.656445,77.95414,24.5393
628621,8.611993,77.92054,27.0879
628622,8.584034,77.844941,85.2171
628623,8.595166,78.009877,20.9361
628653,8.376342,77.924947,30.1048
628656,8.354052,77.904366,54.6847
628701,8.501259,77.938905,35.156
628702,8.408439,77.959434,25.5557
628703,8.374484,77.988279,30.9608
628704,8.442711,77.904476,123.2576
628712,9.055304,78.085371,99.1041
628714,8.976186,77.856896,216.991
628716,9.076983,77.808712,95.5089
628718,8.989693,77.957702,63.2388
628720,9.064896,77.920289,75.1026
628721,9.173203,77.769188,65.5083
628722,8.949512,78.105295,76.0543
628751,8.670378,78.015017,13.799
628752,8.638237,77.999783,16.845
628753,8.63264,77.978843,12.305
628801,8.627368,78.049709,13.3957
628802,8.6519,78.047976,23.6718
628809,8.657395,77.836571,24.7544
628851,8.738985,77.924826,120.5413
628901,9.099139,78.290858,85.1813
628902,9.164695,78.029923,257.1981
628903,9.015873,78.211654,137.1532
628904,9.231804,78.134098,163.9559
628905,9.297337,78.162348,232.0238
628906,9.075465,78.341273,30.2352
628907,9.120982,78.201365,256.4912
628908,9.076205,78.008973,116.6849
628952,8.973689,77.759899,170.8677
629001,8.192697,77.440024,20.7696
629002,8.13585,77.440634,27.7178
629003,8.197281,77.401486,15.0591
629004,8.161674,77.409949,10.7631
629101,8.478682,77.268102,99.6011
629102,8.416873,77.274071,17.3038
629151,8.361482,77.243277,26.0719
629152,8.409982,77.220768,41.4793
629153,8.328073,77.164729,21.7061
629154,8.273179,77.152331,4.9984
629155,8.292322,77.247022,2.342
629156,8.241172,77.264475,10.4047
629157,8.252113,77.220237,19.6268
629158,8.279995,77.263575,6.9656
629159,8.209884,77.242359,7.8115
629160,8.291831,77.123444,14.8546
629161,8.427469,77.35523,380.8433
629162,8.277832,77.231192,6.4257
629163,8.313697,77.197815,17.8945
629164,8.15599,77.325545,6.625
629165,8.289293,77.201957,12.0825
629166,8.284985,77.353139,48.5312
629167,8.254128,77.287595,10.0983
629168,8.33707,77.220108,20.8658
629169,8.262456,77.252503,7.8955
629170,8.374129,77.186257,19.7025
629171,8.272727,77.179882,11.8901
629172,8.295372,77.154596,9.3304
629173,8.247676,77.177051,8.0333
629174,8.234669,77.301013,9.4146
629175,8.236744,77.33637,47.6485
629176,8.260383,77.149478,4.2581
629177,8.28454,77.28581,11.2924
629178,8.219979,77.227166,11.1926
629179,8.299934,77.236238,6.2384
629180,8.220341,77.380736,17.8452
629193,8.230269,77.196624,10.8807
629201,8.159355,77.377772,12.8194
629202,8.130834,77.329094,5.5977
629203,8.101435,77.525102,1.5136
629204,8.154944,77.344741,9.1014
629251,8.183534,77.244719,6.9672
629252,8.151449,77.310079,7.2982
629301,8.271889,77.516592,91.7251
629302,8.214825,77.518548,27.1496
629401,8.143319,77.552751,24.4656
629402,8.168867,77.513302,22.6021
629403,8.136869,77.511816,13.0002
629501,8.126247,77.402561,27.1413
629502,8.132595,77.358403,7.7651
629601,8.124907,77.473947,4.8003
629602,8.103932,77.46852,11.2683
629701,8.099582,77.510997,21.4545
629702,8.101764,77.552118,6.5982
629703,8.113672,77.528292,8.3716
629704,8.172543,77.483555,32.674
629801,8.18174,77.38163,7.1084
629802,8.177446,77.301655,24.771
629803,8.193932,77.269498,11.8017
629804,8.215235,77.270865,10.3059
629809,8.190651,77.351005,16.5554
629810,8.208036,77.327095,3.261
629851,8.304961,77.440212,59.7444
629852,8.26783,77.421049,34.6603
629901,8.227171,77.44392,34.0398
630001,10.054291,78.76405,23.9957
630002,10.094738,78.780834,7.1597
630003,10.087911,78.79094,1.6438
630004,10.091453,78.797582,0.8077
630005,10.01673,78.76149,4.5449
630006,10.081674,78.799546,1.7478
630101,10.149256,78.73016,26.9107
630102,10.146936,78.778705,9.2027
630103,10.18191,78.785907,17.3404
630104,10.092452,78.831713,26.5895
630105,10.188244,78.810235,10.6097
630106,10.110525,78.806191,14.8309
630107,10.144464,78.808744,16.8356
630108,10.081699,78.897558,142.9065
630201,10.180946,78.538447,26.2717
630202,10.0344,78.817948,52.3824
630203,10.216854,78.588097,132.5308
630204,10.039738,78.659632,50.9705
630205,10.199515,78.649132,22.7697
630206,10.098455,78.704818,36.0866
630207,10.103704,78.667605,47.0735
630208,10.116011,78.755325,24.5615
630210,10.065552,78.578285,61.5411
630211,10.115832,78.565245,125.0191
630212,10.164319,78.644408,18.2273
630301,10.021606,78.7781,9.773
630302,9.951871,78.818259,23.2886
630303,9.958123,78.909141,199.698
630305,9.975302,78.70378,78.1327
630306,9.967072,78.758602,40.9331
630307,10.0567,78.729554,43.5735
630309,10.338522,78.43679,94.1748
630311,9.924406,78.792004,34.3648
630312,9.869666,78.837328,49.1075
630313,10.004224,78.6046,60.3696
630314,9.988012,78.821365,25.3484
630321,9.931421,78.664306,51.1292
630405,9.89032,78.764686,57.5249
630408,9.810008,78.770886,62.9225
630410,10.304,78.482491,75.0911
630411,9.857037,78.72202,56.6658
630501,10.152123,78.486511,63.4077
630502,10.198059,78.435277,91.6207
630551,9.832878,78.663329,110.4677
630552,9.976682,78.470424,17.3337
630553,10.00497,78.512632,58.9798
630554,9.739854,78.676422,160.2599
630555,9.894374,78.580567,85.7733
630556,9.827294,78.560968,91.6784
630557,9.939754,78.507035,62.805
630558,9.94532,78.598768,62.1394
630559,9.81192,78.373255,26.0815
630561,9.805203,78.463945,340.1882
630562,9.908477,78.437524,136.9998
630566,10.050371,78.496792,63.0354
630602,9.754295,78.393916,40.5919
630606,9.67483,78.473203,261.7463
630609,9.691635,78.370847,69.2551
630610,9.768819,78.310911,149.1311
630611,9.814854,78.248023,94.3761
630612,9.810344,78.207099,80.6865
630702,9.627758,78.627715,139.2878
630709,9.679884,78.639889,46.7341
630710,9.62289,78.751325,100.8581
630713,9.686916,78.758208,48.1497
631001,13.089238,79.663283,7.1428
631002,13.037947,79.6348,47.4404
631003,13.128713,79.662074,123.3095
631004,13.082408,79.700699,42.1531
631005,13.074261,79.656168,3.9543
631006,13.060674,79.687387,12.7977
631051,12.9719,79.647496,85.0571
631052,12.94178,79.563388,90.3855
631101,13.119913,79.592056,34.3596
631102,13.075469,79.42919,119.0876
631151,13.024851,79.72152,61.002
631152,13.006242,79.739772,12.6762
631201,13.249578,79.671122,41.1111
631202,13.255275,79.449862,40.5262
631203,13.10747,79.84934,115.882
631204,13.196426,79.74576,98.6869
631205,13.170676,79.526676,75.2459
631206,13.231857,79.532739,45.7218
631207,13.309994,79.470429,76.9419
631208,13.26719,79.517604,54.0766
631209,13.193094,79.604575,57.4297
631210,13.111391,79.768516,114.2045
631211,13.146706,79.596635,22.3346
631212,13.251008,79.631338,26.9458
631213,13.237676,79.596082,20.2973
631301,13.171623,79.394831,30.6372
631302,13.110838,79.364516,98.5579
631303,13.129592,79.454316,27.5212
631304,13.185493,79.463232,46.8936
631402,13.005916,79.855155,119.9012
631501,12.83631,79.713405,32.2582
631502,12.844559,79.679837,149.8721
631551,12.869902,79.609331,69.7194
631552,12.899581,79.713163,15.7675
631553,12.964823,79.759862,114.5285
631561,12.881982,79.77116,89.0715
631601,12.810138,79.764319,50.4311
631603,12.704664,79.793569,115.4955
631604,12.857234,79.869615,93.9578
631605,12.781988,79.814771,84.8434
631606,12.787779,79.875092,34.7036
631701,12.692971,79.651731,92.9612
631702,12.740213,79.700278,63.9652
632001,12.903556,79.140603,12.8805
632002,12.890283,79.125912,48.4534
632004,12.926065,79.130959,3.4797
632006,12.952918,79.110895,38.2976
632007,12.995236,79.137754,25.7969
632008,12.928582,79.118777,2.4927
632009,12.938764,79.173908,17.3226
632010,12.917339,79.082779,12.7507
632011,12.855765,79.134957,10.707
632012,12.928934,79.143846,3.9838
632013,12.923656,79.10641,4.5208
632014,12.972295,79.179621,23.8961
632055,12.869065,79.095226,12.4948
632057,12.834223,79.165007,22.8236
632058,12.842053,79.097787,18.4463
632059,13.010148,79.099083,39.1711
632101,12.832218,78.979872,62.9179
632102,12.808394,79.140791,15.9893
632103,12.722646,78.927766,347.0407
632104,12.908186,79.012024,24.4324
632105,12.848155,79.049334,80.7748
632106,13.013153,79.192694,28.5901
632107,12.777668,78.85364,131.9085
632113,12.795048,79.084436,50.8162
632114,12.906039,79.049554,15.5483
632115,13.0329,79.215267,2.4712
632201,12.953926,78.99268,16.3877
632202,13.011508,79.048253,56.6756
632203,13.003895,78.99226,18.105
632204,12.965449,79.029628,46.5756
632209,12.984916,78.962315,36.7671
632301,12.660439,79.284869,16.1448
632311,12.738081,79.150289,20.9476
632312,12.751294,79.102759,29.5119
632313,12.559531,79.358891,85.2043
632314,12.724513,79.237316,63.8961
632315,12.707092,79.174792,47.3273
632316,12.621,79.270833,121.9812
632317,12.693121,79.319694,73.8438
632318,12.664026,79.398471,45.078
632319,12.775762,79.171991,51.9624
632326,12.539738,79.258353,28.7763
632401,12.933348,79.340238,16.5744
632403,12.962452,79.309885,6.4267
632404,12.945733,79.303661,31.3435
632405,13.000976,79.310647,49.822
632406,12.967305,79.282023,6.5554
632501,12.991651,79.392456,95.8097
632502,13.032025,79.560186,106.4563
632503,12.86363,79.358146,46.5793
632504,12.755551,79.335402,16.244
632505,13.027537,79.478893,99.213
632506,12.785299,79.409652,141.6025
632507,12.853844,79.225646,104.2693
632508,12.928562,79.471111,71.5992
632509,12.886864,79.277412,51.5442
632510,13.108802,79.527734,30.9519
632511,12.838321,79.485041,117.2191
632512,12.788305,79.288792,105.6925
632513,12.91561,79.397594,81.6649
632514,13.09491,79.288165,60.6759
632515,13.004393,79.261921,28.772
632516,13.057485,79.239457,62.1369
632517,12.934768,79.226974,34.68
632518,12.71303,79.401313,82.7834
632519,12.985772,79.22922,30.8525
632520,13.095841,79.244915,23.599
632521,12.860354,79.311738,36.4793
632531,12.887588,79.522164,60.3076
632601,13.029874,78.835501,201.3177
632602,12.954402,78.869141,30.2483
632603,13.054037,78.968165,59.5708
632604,12.968531,78.816761,25.272
635001,12.535987,78.241835,30.0228
635002,12.573417,78.21475,48.5075
635101,12.453452,78.168111,78.7665
635102,12.301319,77.688813,856.581
635103,12.816282,77.836668,59.8551
635104,12.546002,78.378571,140.818
635105,12.789932,77.986404,212.5424
635106,12.385477,78.135623,132.298
635107,12.505817,77.80439,352.706
635108,12.490875,78.305815,106.6292
635109,12.736096,77.872828,97.8596
635110,12.664169,77.789379,115.7539
635111,12.305169,78.208082,70.3326
635112,12.393793,78.229231,78.1869
635113,12.591093,77.882608,95.935
635114,12.620024,77.728749,75.9663
635115,12.636452,78.187109,97.3354
635116,12.537802,77.998353,137.5346
635117,12.652918,78.041508,277.1253
635118,12.549714,77.659637,302.9236
635119,12.630515,77.920838,74.7435
635120,12.61995,78.286798,165.46
635121,12.728885,78.145791,211.6394
635122,12.526915,78.130745,205.8396
635123,12.303341,78.264894,61.7382
635124,12.854748,77.89309,44.1515
635126,12.757805,77.814068,38.685
635130,12.696084,77.930337,101.7388
635201,12.283722,78.328595,77.6105
635202,12.204366,78.301267,153.4716
635203,12.400815,78.40374,166.8097
635204,12.410506,78.2807,124.9202
635205,12.236105,78.171582,100.7159
635206,12.362373,78.357606,78.7135
635207,12.236066,78.507179,189.9176
635301,11.975862,78.204919,107.4734
635302,12.023088,78.334945,127.9021
635303,12.075339,78.265227,116.5067
635304,12.245574,78.412131,111.3582
635305,12.124674,78.392894,203.0249
635306,12.339178,78.498786,126.7489
635307,12.258525,78.59763,177.1939
635601,12.505667,78.574291,29.5824
635602,12.442112,78.544312,83.7869
635651,12.516176,78.501705,47.984
635652,12.394478,78.617775,70.6272
635653,12.469996,78.619101,76.2073
635654,12.422496,78.480321,57.4617
635655,12.374876,78.690625,267.0632
635701,12.606317,78.792142,119.0349
635702,12.521226,78.659898,37.3357
635703,12.601323,78.944863,308.6014
635710,12.525045,78.739688,150.955
635751,12.685591,78.640576,46.3826
635752,12.634491,78.682237,85.1374
635754,12.735638,78.595786,63.2429
635801,12.666503,78.53345,99.6822
635802,12.768371,78.683553,15.5919
635803,12.955119,78.927198,49.0086
635804,12.860031,78.867137,75.178
635805,12.872546,78.776399,68.3692
635806,12.917819,78.868754,35.8883
635807,12.704253,78.713755,119.2918
635808,12.843256,78.720545,27.7771
635809,12.884957,78.953173,73.8413
635810,12.948104,78.707494,277.6743
635811,12.813484,78.654472,128.4297
635812,12.795609,78.770478,101.6256
635813,12.909372,78.815784,27.0888
635814,12.741029,78.744335,30.5731
635815,12.624159,78.581142,50.9125
635851,12.58158,78.585785,58.9389
635852,12.603981,78.480572,71.1575
635853,12.561966,78.639316,88.3287
635854,12.560457,78.465866,73.2378
635901,12.491116,78.457486,53.2677
636001,11.660229,78.169645,3.6776
636002,11.663416,78.111514,15.4729
636003,11.655533,78.184383,4.2832
636004,11.69612,78.128441,11.5588
636005,11.672304,78.12376,5.5617
636006,11.636588,78.152597,6.947
636007,11.671452,78.159873,6.9694
636008,11.706391,78.175669,33.1641
636009,11.660528,78.143019,2.833
636010,11.623061,78.111876,31.2347
636011,11.725574,78.075596,20.4493
636012,11.734492,78.120502,38.9785
636013,11.671411,78.018024,15.5035
636014,11.672376,78.208519,7.1844
636015,11.639394,78.182318,12.6194
636016,11.690083,78.149534,6.6785
636017,11.674269,78.190149,2.386
636030,11.669641,78.064795,19.3649
636101,11.542185,78.802478,59.8112
636102,11.585714,78.584853,18.1335
636103,11.674516,78.244092,23.2918
636104,11.805101,78.409624,89.4705
636105,11.435005,78.622711,274.8445
636106,11.679167,78.286733,50.049
636107,11.553034,78.500717,118.1113
636108,11.615681,78.61269,95.1418
636109,11.654476,78.552325,100.7926
636110,11.425007,78.536609,68.4243
636111,11.652208,78.340764,67.8321
636112,11.626884,78.762699,98.3612
636113,11.445424,78.483408,65.9512
636114,11.783676,78.56787,238.7505
636115,11.642817,78.413598,121.7349
636116,11.473734,78.752968,146.7784
636117,11.700803,78.473211,82.1343
636118,11.506296,78.428737,95.5015
636119,11.627454,78.476085,11.8008
636121,11.606287,78.702282,119.1194
636122,11.745573,78.294135,83.5579
636138,11.722918,78.607406,91.3327
636139,11.730108,78.381745,89.1047
636140,11.659068,78.213003,3.0938
636141,11.529257,78.587936,101.5951
636142,11.435215,78.405881,46.05
636201,11.615659,78.223849,97.7809
636202,11.544745,78.36632,150.6845
636203,11.574614,78.117442,23.6933
636204,11.569668,78.201685,77.9597
636301,11.513392,78.158973,26.1493
636302,11.68527,78.093269,5.4451
636303,11.845383,77.72003,185.3258
636304,11.699523,78.059981,14.9398
636305,11.792446,78.10846,53.7049
636306,11.651332,77.944125,59.5701
636307,11.633231,78.053693,40.3858
636308,11.577122,78.069829,38.1951
636309,11.790523,78.053119,51.9599
636351,11.88088,78.065721,145.967
636352,11.957279,77.994245,156.4481
636354,11.904901,78.170773,156.2144
636401,11.859622,77.79991,100.7546
636402,11.804738,77.828117,8.605
636403,11.811223,77.852704,12.0386
636404,11.851674,77.853394,25.4329
636406,11.75523,77.822256,46.5491
636451,11.841183,77.983228,107.5524
636452,11.725138,77.747348,129.0628
636453,11.800989,77.914552,55.6734
636454,11.771474,77.885468,18.9494
636455,11.747209,78.027269,39.3983
636456,11.784217,77.811339,4.2906
636457,11.743476,77.865877,18.5691
636458,11.86762,77.904384,65.5727
636501,11.69646,77.870368,122.7212
636502,11.712845,77.971163,64.1264
636503,11.746868,77.970116,33.6717
636601,11.801762,78.267364,208.308
636602,11.854039,78.221509,183.3937
636701,12.163186,78.154631,34.1231
636704,12.134786,78.208933,153.4748
636705,12.105385,78.119754,19.9417
636803,12.113051,78.029006,91.1451
636804,12.026508,78.15851,100.1206
636805,12.412481,78.055252,73.9061
636806,12.400532,77.933877,247.3159
636807,12.027676,78.080853,114.1854
636808,12.300683,78.051065,263.3377
636809,12.199754,78.056714,187.5781
636810,12.116381,77.842869,811.3621
636811,11.980925,77.91348,202.9617
636812,12.475722,77.974196,89.2855
636813,12.110705,77.932732,137.1848
636902,12.112012,78.502845,142.4879
636903,11.91159,78.505663,364.7419
636904,11.971286,78.305772,84.1006
636905,11.902989,78.381242,160.8301
636906,12.01789,78.620444,586.429
637001,11.222014,78.161988,38.5883
637002,11.188689,78.188785,78.4345
637003,11.248546,78.109144,54.2423
637013,11.12859,78.290728,161.1812
637014,11.368281,78.18048,26.9644
637015,11.07312,78.134573,87.582
637017,11.143037,78.120162,58.6248
637018,11.358961,78.12229,104.8466
637019,11.298156,78.170333,61.193
637020,11.112963,78.208407,87.3453
637021,11.158141,78.349634,35.8268
637101,11.619217,77.825267,104.8809
637102,11.564861,77.912423,133.2589
637103,11.531639,77.974922,66.1015
637104,11.53533,77.796835,118.8467
637105,11.631281,77.882423,11.4036
637107,11.621675,77.765806,39.7199
637201,11.302079,77.936675,94.5931
637202,11.37373,78.013393,104.6249
637203,11.244937,77.943441,61.2758
637204,11.175443,77.968636,50.5285
637205,11.392859,77.961619,67.3478
637206,11.214493,78.013871,44.7581
637207,11.187982,78.058157,81.2934
637208,11.094384,77.946525,46.0873
637209,11.401911,77.896592,31.6344
637210,11.277164,77.844257,55.8722
637211,11.366167,77.907283,36.2566
637212,11.288387,78.056499,91.485
637213,11.165242,77.90783,112.6923
637214,11.330746,77.859246,47.4077
637215,11.35923,77.827585,17.4687
637301,11.4764,77.887526,75.9827
637302,11.447286,77.941471,16.8226
637303,11.468221,77.779916,105.079
637304,11.412134,77.851005,60.707
637401,11.449053,78.161392,31.3904
637402,11.388566,78.255897,31.2952
637403,11.423051,78.108258,44.6186
637404,11.335912,78.254405,77.7834
637405,11.245644,78.226436,42.8882
637406,11.456656,78.285182,82.3047
637407,11.5267,78.262457,133.2524
637408,11.475433,78.199371,45.1852
637409,11.286884,78.238126,48.4576
637410,11.397188,78.064528,47.1126
637411,11.313277,78.364749,495.8291
637412,11.414396,78.211018,32.7004
637501,11.514792,78.031227,51.4355
637502,11.617748,77.993912,40.9087
637503,11.469389,78.032666,66.7722
637504,11.571819,78.023353,34.0739
637505,11.502659,78.110403,64.5306
638001,11.339542,77.728403,4.4845
638002,11.315814,77.739754,27.9794
638003,11.357531,77.731018,7.5508
638004,11.35504,77.688408,18.5718
638005,11.389525,77.690664,19.2162
638006,11.363906,77.750922,6.4404
638007,11.331361,77.78873,35.6541
638008,11.39847,77.763761,64.9337
638009,11.33347,77.696732,8.9427
638010,11.365488,77.787936,1.2944
638011,11.318578,77.700876,5.7539
638012,11.319318,77.678693,6.21
638051,11.161683,77.593229,133.5803
638052,11.273094,77.581811,80.6698
638053,11.282844,77.562088,1.9576
638054,11.37286,77.46707,36.3675
638055,11.334193,77.489832,48.3822
638056,11.239646,77.509109,115.6551
638057,11.335186,77.536271,53.4965
638060,11.244609,77.638579,63.9331
638101,11.146996,77.70801,139.984
638102,11.40857,77.647815,12.6293
638103,11.268662,77.399328,112.621
638104,11.224242,77.787683,90.0159
638105,11.041498,77.754484,59.0698
638106,10.762795,77.719661,310.7091
638107,11.345643,77.643392,62.3227
638108,11.069111,77.674066,97.866
638109,11.139532,77.810239,99.0013
638110,11.317152,77.413531,35.4156
638111,10.929748,77.711947,200.1838
638112,11.287488,77.668473,23.9483
638115,11.245943,77.727582,103.7392
638116,11.372841,77.589096,60.8622
638151,11.07056,77.85776,95.067
638152,11.144301,77.868301,11.7753
638153,11.24446,77.825344,13.7476
638154,11.202105,77.856109,27.2377
638181,11.123674,77.991184,14.4393
638182,11.120219,78.044878,59.5293
638183,11.430324,77.71502,38.3606
638301,11.484422,77.6855,26.3482
638311,11.586786,77.726568,74.5152
638312,11.490391,77.638501,118.5166
638313,11.495191,77.499336,40.2598
638314,11.603996,77.646615,137.4654
638315,11.503141,77.573512,84.9075
638316,11.43787,77.664287,17.7208
638401,11.653471,77.272085,1078.4971
638402,11.431864,77.20808,160.6238
638451,11.467083,77.065981,277.9648
638452,11.473411,77.438499,35.5754
638453,11.423868,77.388499,59.2708
638454,11.430385,77.285433,40.3937
638455,11.425562,77.54235,72.7901
638456,11.366723,77.414046,58.0977
638457,11.431807,77.339528,27.0709
638458,11.370229,77.331683,79.5263
638459,11.364167,77.139996,138.8494
638460,11.299816,77.292507,90.6683
638461,11.665784,76.987515,696.4635
638462,11.337795,77.243472,61.4602
638476,11.432625,77.471795,52.0137
638501,11.760609,77.555646,958.3811
638502,11.535355,77.522741,30.9921
638503,11.50263,77.28438,62.6532
638504,11.688711,77.676316,72.933
638505,11.53165,77.458735,41.7911
638506,11.499692,77.361156,109.4145
638656,10.746195,77.523104,30.7928
638657,10.72902,77.432905,259.9645
638660,10.939169,77.48007,73.0401
638661,10.80666,77.609843,61.3614
638672,10.674011,77.48604,42.2618
638673,10.709662,77.582532,215.1602
638701,11.020688,77.575477,405.0328
638702,10.839016,77.386133,208.175
638703,10.879636,77.516075,112.0284
638706,10.85533,77.574075,92.3719
638751,11.161897,77.48995,83.9839
638752,11.143035,77.424173,34.3571
638812,11.196205,77.405544,71.2221
639001,10.968281,78.075439,12.7738
639002,10.89985,77.944446,154.403
639003,10.896016,78.032749,56.5436
639004,10.981317,78.139499,48.1776
639005,10.855012,78.081058,84.2072
639006,11.008891,78.077912,28.4951
639007,10.921862,78.094794,45.7606
639008,10.982278,78.042386,45.3115
639101,10.866962,78.607819,21.9303
639102,10.899735,78.292817,39.1422
639103,10.813341,78.579397,26.7194
639104,10.922246,78.421029,13.1024
639105,10.910857,78.355194,73.8453
639107,10.8716,78.450854,57.9409
639108,10.900111,78.233104,103.3907
639109,10.823764,77.990591,101.4802
639110,10.810694,78.49209,190.3117
639111,10.96243,77.918501,137.7155
639112,10.897444,78.504409,22.6489
639113,11.058681,78.050007,57.2991
639114,10.91904,78.167937,68.3041
639115,10.874652,78.563351,16.9845
639116,11.02509,78.118543,32.173
639117,11.048267,77.957415,40.0737
639118,10.829058,78.133321,94.2734
639119,10.812005,78.320928,132.5251
639120,10.83649,78.393799,86.8467
639136,11.025081,77.996919,45.3056
639201,10.785028,77.92402,87.1549
639202,10.819147,77.814996,109.3623
639203,10.687577,77.964245,84.1002
639205,10.690054,77.878764,128.0811
639206,10.955592,77.819987,244.5895
639207,10.757776,77.831881,71.1114
641001,10.993305,76.957108,3.4266
641002,11.00909,76.95162,3.3604
641003,11.011409,76.933065,1.7381
641004,11.036448,77.004884,6.8846
641005,10.998562,77.025346,8.0444
641006,11.049625,76.974574,21.9734
641007,10.996955,76.892182,18.8578
641008,10.954337,76.952521,12.305
641009,11.011179,76.963157,1.4119
641010,10.95007,76.894492,60.0414
641011,11.021678,76.94604,1.6618
641012,11.021649,76.961881,1.8042
641013,11.020425,76.931659,0.9138
641014,11.035644,77.041178,15.2483
641015,11.010618,77.014394,5.6399
641016,10.963414,77.073341,50.6702
641017,11.084703,76.917616,13.629
641018,11.003867,76.975562,5.4178
641019,11.198756,76.964852,42.2567
641020,11.164527,76.822865,253.988
641021,10.926546,76.995593,21.0598
641022,11.113612,76.960894,16.1259
641023,10.958652,77.004283,14.3488
641024,10.97002,76.973656,17.2052
641025,11.042085,76.926869,10.3467
641026,10.991102,76.931081,11.5386
641027,11.027851,76.964324,1.2674
641028,11.015302,77.002294,3.7771
641029,11.067422,76.951447,9.3939
641030,11.045876,76.947249,1.702
641031,11.111695,76.925757,16.9985
641032,10.847423,76.968865,44.4677
641033,11.017724,77.044452,2.9211
641034,11.073728,76.939223,4.7942
641035,11.087627,76.99644,38.1109
641036,11.06065,76.899514,8.6884
641037,11.087457,76.888429,10.1604
641038,11.030383,76.940716,1.9211
641039,11.184734,77.092878,9.0208
641040,11.010228,76.941644,0.6025
641041,11.025833,76.897599,17.9076
641042,10.942847,76.936451,7.8899
641043,11.028466,76.951652,0.5449
641044,11.019336,76.979386,1.9251
641045,10.993648,76.994856,8.5844
641046,11.03923,76.864343,13.3057
641047,11.167253,76.947062,2.569
641048,11.09374,77.065423,75.4705
641049,11.058309,76.983432,2.0115
641050,10.901889,76.995095,9.2403
641062,11.061731,77.079587,28.945
641101,10.932872,76.803671,71.9392
641103,11.021676,77.076444,11.8034
641104,11.24076,76.94979,76.0001
641105,10.868272,76.928799,109.1528
641107,11.154246,77.063126,80.5263
641108,11.084704,76.810463,110.6155
641109,11.001636,76.801401,118.3951
641110,11.154274,76.997438,36.6572
641111,10.97626,77.02973,7.2172
641112,10.891912,76.851034,82.046
641113,11.227231,76.866394,69.3702
641114,10.965369,76.715299,111.3568
641201,10.924437,77.048075,41.5459
641202,10.834455,77.088872,60.9708
641301,11.330851,76.957241,64.3795
641302,11.331478,77.034589,135.2335
641305,11.280059,76.845317,159.6095
641401,11.030016,77.159005,17.239
641402,10.988987,77.127116,108.2722
641407,10.788733,77.185009,11.8324
641601,11.112545,77.31333,15.0193
641602,11.111502,77.361708,7.7077
641603,11.147688,77.340259,24.4243
641604,11.08883,77.34852,10.7635
641605,11.094527,77.3916,23.4714
641606,11.076476,77.407339,68.7727
641607,11.129783,77.362768,11.9801
641652,11.161508,77.31012,24.8203
641653,11.252749,77.103826,114.2206
641654,11.184566,77.266586,146.6931
641655,11.270119,77.198418,106.2158
641658,10.961847,77.188983,44.5613
641659,11.137345,77.151976,94.1739
641662,11.00269,77.243303,50.5889
641663,11.063799,77.245088,40.2176
641664,10.983795,77.319996,213.8949
641665,11.01322,77.444571,106.303
641666,11.200635,77.351424,38.916
641667,10.910844,77.355273,130.4169
641668,11.062849,77.200225,85.6031
641669,10.899728,77.089997,42.9801
641670,11.202798,77.193422,70.7888
641671,10.859966,77.215181,223.2176
641687,11.08247,77.292267,38.0965
641697,11.229246,77.044449,64.3406
642001,10.664969,77.010603,11.7691
642002,10.708833,76.993105,38.7397
642003,10.654986,77.043612,17.0412
642004,10.643078,76.978494,20.1717
642005,10.68323,76.928573,83.6801
642006,10.643029,77.006775,7.293
642007,10.544388,77.033758,66.4259
642101,10.408822,77.0959,487.9973
642102,10.340531,77.282322,223.5923
642103,10.621354,76.886579,70.6694
642104,10.598582,76.951843,23.2284
642105,10.411757,76.905659,228.2446
642106,10.259669,76.978947,39.0526
642107,10.613953,77.118413,61.6554
642108,10.353772,76.98577,7.4064
642109,10.814304,77.006555,132.4478
642110,10.748421,76.963779,88.6672
642111,10.636182,77.217559,36.9005
642112,10.497261,77.200449,105.7747
642113,10.556616,77.361252,24.2809
642114,10.543257,77.253363,2.5143
642117,10.285043,76.923218,76.8617
642120,10.750599,77.062653,77.6741
642122,10.585392,77.201125,47.7069
642123,10.601384,77.03245,62.6199
642125,10.319922,76.85835,30.8996
642126,10.610487,77.261031,45.7181
642127,10.312928,76.991007,104.5368
642128,10.575935,77.274631,7.8763
642129,10.538592,76.922032,158.3098
642130,10.33131,76.994159,5.6193
642132,10.540028,77.160733,46.8524
642133,10.50185,76.860272,52.3236
642134,10.580485,76.97905,20.6904
642154,10.507597,77.283314,114.9467
642201,10.732437,77.25354,208.8286
642202,10.792216,77.149075,56.3598
642203,10.625744,77.343822,123.2701
642204,10.497793,77.349263,84.3648
642205,10.687242,77.13292,184.8809
642206,10.723493,77.324407,54.3919
642207,10.541439,77.107355,73.2556
643001,11.419612,76.719129,42.5817
643002,11.446948,76.764112,47.9163
643003,11.344646,76.672289,31.5781
643004,11.378627,76.617816,123.536
643005,11.509722,76.658336,71.8191
643006,11.422847,76.673945,10.2933
643007,11.461408,76.684945,25.4936
643101,11.351022,76.800184,2.2662
643102,11.351096,76.83539,29.568
643103,11.374869,76.822816,19.688
643105,11.327375,76.777039,11.5458
643201,11.389745,76.869886,19.0611
643202,11.359566,76.761262,21.4671
643203,11.32692,76.694842,11.404
643204,11.28961,76.675502,8.9371
643205,11.505842,76.264204,27.7947
643206,11.527484,76.801174,193.3914
643207,11.539229,76.447798,67.6089
643209,11.264926,76.563286,211.0667
643211,11.620709,76.505186,218.6989
643212,11.499722,76.504802,104.6388
643213,11.318213,76.732026,26.0703
643214,11.443053,76.804974,30.5082
643215,11.363898,76.723416,23.4928
643216,11.459576,76.970994,41.3714
643217,11.49426,76.908376,231.674
643218,11.281854,76.756009,41.3799
643219,11.24329,76.647937,79.2577
643220,11.536438,76.312623,46.6843
643221,11.280418,76.702126,19.4474
643223,11.565946,76.671643,204.3164
643224,11.433684,76.551461,120.3555
643225,11.57458,76.397339,45.2784
643226,11.429916,76.496841,31.6219
643228,11.428864,76.448226,48.0181
643231,11.383096,76.789077,18.1204
643233,11.478814,76.328064,34.5296
643236,11.412837,76.936637,71.1553
643237,11.468065,76.614581,55.5815
643238,11.312117,76.828885,32.2534
643239,11.567839,76.275226,37.4617
643240,11.575645,76.35364,19.372
643241,11.492635,76.391037,84.7686
643242,11.367334,76.911449,16.1552
643243,11.380675,76.749943,6.6636
643253,11.520645,76.330785,9.8794
670001,11.871163,75.361177,2.9266
670002,11.881397,75.382002,5.8299
670003,11.861453,75.387123,4.0068
670004,11.893322,75.368965,4.0016
670005,11.904938,75.386645,5.451
670006,11.882118,75.423355,26.3533
670007,11.845595,75.411218,10.4816
670008,11.900609,75.348012,3.5232
670009,11.925237,75.326577,20.4719
670010,11.924127,75.351585,2.2019
670011,11.920788,75.370972,12.4353
670012,11.869649,75.387764,2.3282
670013,11.857952,75.366191,1.2207
670014,11.884301,75.351832,4.5159
670017,11.860881,75.371326,0.5804
670018,11.863698,75.416099,2.4958
670101,11.769861,75.499697,13.0553
670102,11.738272,75.520532,10.9424
670103,11.751642,75.511109,5.3546
670104,11.798567,75.494133,2.547
670105,11.772065,75.485252,4.2569
670106,11.777913,75.470333,5.9011
670107,11.791164,75.510477,2.777
670141,12.055331,75.3663,42.0699
670142,12.055765,75.438854,125.6695
670143,12.022523,75.327015,16.4698
670301,11.983106,75.309041,26.9256
670302,11.959688,75.294748,5.5723
670303,12.017281,75.258647,1.8018
670304,12.028378,75.258349,2.7504
670305,12.040525,75.244344,8.2458
670306,12.215604,75.36591,211.0682
670307,12.138628,75.241519,107.3806
670308,12.04776,75.217477,27.8683
670309,12.078841,75.232909,11.9969
670310,12.041943,75.197707,6.5463
670325,11.986664,75.276229,8.4108
670327,12.10462,75.234085,4.1684
670331,11.975308,75.339165,12.216
670334,12.027388,75.29035,24.6154
670353,12.201332,75.290127,43.411
670358,12.016484,75.246784,5.3393
670501,12.059479,75.256715,10.8129
670502,12.083925,75.327256,48.6915
670503,12.057938,75.288516,9.0038
670504,12.091539,75.268846,22.4958
670511,12.314265,75.394975,36.7423
670521,12.184097,75.21133,27.617
670561,11.944901,75.348656,8.9176
670562,11.955623,75.377333,16.3032
670563,11.993151,75.39073,13.9001
670567,11.99194,75.359228,11.2843
670571,12.211793,75.469767,161.8246
670581,12.138843,75.403805,66.1908
670582,12.141283,75.50513,95.4959
670591,11.906135,75.449589,3.9738
670592,11.935632,75.459121,30.5173
670593,12.009009,75.591845,84.7909
670594,11.908974,75.418982,7.502
670595,11.925301,75.512585,15.6208
670601,11.963941,75.413003,15.9526
670602,11.982273,75.456434,53.0244
670604,11.930071,75.413477,17.3846
670611,11.905123,75.495408,3.9219
670612,11.892588,75.526359,39.2689
670613,11.887196,75.474117,13.6798
670621,11.846628,75.451965,28.133
670622,11.841077,75.495855,30.8645
670631,12.065695,75.534702,131.7851
670632,11.729584,75.991519,28.2438
670633,12.095024,75.613932,83.1909
670641,11.769735,75.535233,7.9817
670642,11.794745,75.5338,10.4775
670643,11.849519,75.549329,32.8796
670644,11.825916,75.900508,151.2407
670645,11.754732,75.991858,198.039
670646,11.887496,76.046613,238.9978
670649,11.81148,75.520235,8.4967
670650,11.845008,75.708172,191.3711
670651,11.890617,75.895122,84.4062
670661,11.799409,75.471135,5.3674
670662,11.789689,75.455755,4.5691
670663,11.81233,75.438585,8.7052
670671,11.812113,75.586127,18.8762
670672,11.728192,75.572099,18.9514
670673,11.923689,75.696387,46.9567
670674,11.888479,75.807167,98.9918
670675,11.70875,75.581934,7.5919
670676,11.732278,75.612957,5.6347
670691,11.795154,75.560588,14.6651
670692,11.755962,75.59532,14.2793
670693,11.774242,75.639677,51.0447
670694,11.760843,75.565189,12.83
670701,11.868746,75.612396,70.2263
670702,11.941564,75.581145,131.0642
670703,11.978263,75.666889,58.9139
670704,11.97125,75.780831,158.0579
670705,12.066671,75.667238,46.2532
670706,12.04788,75.748797,97.3668
670721,11.752693,76.097949,75.3489
670731,11.747557,75.873656,174.8454
670741,11.813011,75.491851,8.9624
671121,12.502934,74.995937,13.2723
671122,12.483612,74.99434,1.656
671123,12.525823,75.0509,26.8954
671124,12.542744,74.9957,45.7275
671310,12.171307,75.170662,50.0034
671311,12.114599,75.174414,22.6808
671312,12.18153,75.13917,16.602
671313,12.249999,75.227753,82.457
671314,12.31568,75.303218,103.2794
671315,12.284221,75.127968,93.9846
671316,12.398074,75.094483,77.5615
671317,12.473395,75.015798,26.5127
671318,12.431711,75.064152,23.1458
671319,12.438863,75.03295,25.4167
671321,12.597647,75.007206,132.534
671322,12.671768,74.940214,30.0307
671323,12.736368,74.937886,116.9176
671324,12.651089,74.987629,46.9307
671326,12.296111,75.347596,26.8668
671348,12.698957,75.010034,53.3877
671351,12.220898,75.143061,18.9834
671531,12.361852,75.167499,164.9698
671532,12.446016,75.313097,155.6209
671533,12.338501,75.265614,77.1282
671534,12.37977,75.3484,76.286
671541,12.472437,75.177592,177.9644
671542,12.52146,75.123438,100.3943
671543,12.563461,75.22386,148.886
671551,12.586555,75.116005,52.0795
671552,12.648134,75.104333,80.9332
673001,11.23998,75.779174,2.1212
673002,11.244896,75.789372,2.0117
673003,11.223417,75.790675,6.1656
673004,11.255486,75.792191,0.9769
673005,11.292,75.768074,6.2114
673006,11.274959,75.78059,3.3442
673007,11.237216,75.806632,2.329
673008,11.267688,75.877996,54.7319
673009,11.291528,75.806043,3.0907
673010,11.300854,75.786508,4.5019
673011,11.271136,75.769656,2.1446
673012,11.297097,75.830398,10.3946
673014,11.239825,75.829568,12.5681
673015,11.181457,75.809546,8.088
673016,11.2599,75.804795,9.7568
673017,11.274354,75.817541,3.5326
673018,11.215031,75.799463,1.3796
673019,11.227636,75.860147,25.8631
673020,11.284011,75.792482,3.088
673021,11.311123,75.760242,5.3244
673027,11.210386,75.814703,4.9569
673028,11.199108,75.799306,3.9564
673029,11.224335,75.805267,1.2172
673032,11.256184,75.773369,1.5683
673051,11.259102,75.78433,2.5625
673101,11.590759,75.585388,3.7364
673102,11.645535,75.566063,3.8332
673103,11.621614,75.573333,2.9834
673104,11.605453,75.612818,22.3364
673105,11.579354,75.607017,9.3418
673106,11.631268,75.595081,8.871
673121,11.604487,76.095771,82.4749
673122,11.650269,76.042422,215.6621
673123,11.547717,76.091648,73.6802
673301,11.165242,75.823431,9.8768
673302,11.140529,75.82322,2.5018
673303,11.335187,75.748061,9.5648
673304,11.393635,75.731757,23.7946
673305,11.463667,75.701137,25.0868
673306,11.432849,75.714196,15.7257
673307,11.487263,75.668077,31.7087
673308,11.65207,75.57823,5.4083
673309,11.681848,75.553071,11.0397
673310,11.726421,75.539687,8.887
673311,11.715828,75.524362,2.359
673312,11.711302,75.544145,2.3672
673313,11.701885,75.566159,2.9229
673314,11.128082,75.851557,14.7921
673315,11.401477,75.765042,23.3252
673316,11.688051,75.582209,6.987
673317,11.367719,75.770081,15.1791
673323,11.447896,75.75733,27.4996
673328,11.150408,75.841118,9.0815
673501,11.6588,75.597626,19.283
673502,11.685083,75.611599,16.0982
673503,11.659066,75.664514,20.6855
673504,11.68372,75.668212,21.8098
673505,11.701225,75.631267,15.5623
673506,11.739385,75.709876,110.0072
673507,11.75094,75.763585,24.014
673508,11.629048,75.730918,55.6088
673509,11.556515,75.632449,14.0863
673513,11.684394,75.803102,155.134
673517,11.74252,75.682621,16.5791
673521,11.553356,75.60484,9.2438
673522,11.520989,75.625365,17.8414
673523,11.547874,75.661517,28.8136
673524,11.549908,75.704314,43.9989
673525,11.571543,75.769542,48.1995
673526,11.586493,75.843193,39.0016
673527,11.52459,75.831415,46.4192
673528,11.629012,75.840765,73.9307
673529,11.499231,75.639617,10.9455
673541,11.60981,75.690812,33.5397
673542,11.608571,75.665985,24.0134
673570,11.309001,75.881041,19.7097
673571,11.348885,75.914063,20.6457
673572,11.382123,75.915704,39.6169
673573,11.449001,75.941339,87.9572
673574,11.445342,75.893695,18.4315
673575,11.580327,75.999948,72.979
673576,11.52787,76.042285,33.0363
673577,11.521173,76.171551,133.1184
673579,11.790505,76.170665,200.3025
673580,11.479073,76.060343,34.8037
673581,11.586483,76.214804,27.4391
673582,11.362887,75.978173,26.1558
673585,11.365297,75.865074,37.9591
673586,11.481223,75.983961,65.4481
673591,11.670982,76.177821,60.7089
673592,11.689689,76.31392,398.7832
673593,11.627612,76.208771,19.0482
673595,11.605604,76.305925,27.521
673596,11.712363,76.139112,23.589
673601,11.311679,75.94984,62.0969
673602,11.295627,76.018391,64.8422
673603,11.424559,76.016934,116.1504
673604,11.367772,76.065802,121.2231
673611,11.325066,75.81349,45.1932
673612,11.453179,75.845943,80.5798
673613,11.402934,75.823469,43.2804
673614,11.507412,75.778186,73.7223
673615,11.551309,75.909005,118.0609
673616,11.357696,75.807567,25.0734
673620,11.497064,75.729581,22.9253
673631,11.170204,75.854882,4.7367
673632,11.193567,75.846446,10.1434
673633,11.197038,75.916479,77.2553
673634,11.157406,75.883721,16.9444
673635,11.138106,75.891685,2.7681
673636,11.11921,75.892018,15.311
673637,11.140444,75.932387,26.758
673638,11.154371,76.001187,89.2113
673639,11.262499,76.084732,121.0159
673640,11.240984,75.958836,22.128
673641,11.187051,76.075513,54.5208
673642,11.155356,76.063116,29.0774
673645,11.227555,75.990435,16.5998
673647,11.103054,75.936309,19.7609
673655,11.19769,75.827929,3.6247
673661,11.266994,75.94308,17.3549
676101,10.899106,75.93953,29.3969
676102,10.829409,75.927719,21.4609
676103,10.923621,75.951883,8.7192
676104,10.900516,75.923979,2.8566
676105,10.883007,75.907631,12.317
676106,10.953624,75.952961,13.0712
676107,10.922217,75.909987,1.0769
676108,10.848935,75.950442,17.6286
676109,10.923389,75.895317,10.1547
676121,11.115709,76.130704,53.5905
676122,11.152479,76.179821,31.7143
676123,11.17947,76.166566,66.3681
676301,10.893486,75.996351,30.2265
676302,10.988992,75.881184,26.891
676303,11.040405,75.869568,19.5539
676304,11.048046,75.987785,48.4454
676305,11.083128,75.968156,44.4935
676306,11.03772,75.921975,18.76
676307,10.960623,75.91662,34.1561
676309,11.021805,75.91968,7.1039
676311,11.081763,75.898536,23.6715
676312,11.082588,75.851599,3.0021
676317,11.098417,75.857209,13.7142
676319,11.072511,75.866787,9.9793
676320,11.005537,75.926543,13.8412
676501,10.98908,75.966479,16.9956
676502,10.896191,75.892383,3.6701
676503,11.004854,75.994943,36.6895
676504,11.017752,76.083421,27.289
676505,11.041774,76.082111,7.1099
676506,11.057394,76.117782,15.5547
676507,11.017908,76.123935,23.7558
676508,11.002731,75.943073,7.1836
676509,11.076949,76.120875,20.9004
676510,10.953133,76.004076,17.3558
676517,11.113823,76.06031,18.2174
676519,11.074052,76.067419,33.9141
676521,11.103226,76.219066,72.425
676522,11.097172,76.258553,8.2418
676523,11.137943,76.309767,100.2292
676525,11.189702,76.368076,104.3647
676528,11.008098,76.046085,44.3231
676541,11.218936,76.138542,53.7516
676542,11.307806,76.177416,198.4942
676551,10.928366,75.97967,23.8233
676552,10.910848,76.079431,55.6591
676553,10.932066,76.040427,38.6541
676561,10.842944,75.917679,5.3398
676562,10.829324,75.906333,8.6327
678001,10.770789,76.656061,5.2385
678002,10.802115,76.648561,1.7829
678003,10.794686,76.653214,1.1296
678004,10.764295,76.620238,15.3604
678005,10.783729,76.665258,1.704
678006,10.782959,76.613412,9.6886
678007,10.772674,76.692116,8.6365
678008,10.834457,76.644947,13.2192
678009,10.823944,76.631964,7.5986
678010,10.79025,76.656125,0.6533
678011,10.800112,76.658245,0.9722
678012,10.780377,76.643177,2.3456
678013,10.762211,76.669809,5.1667
678014,10.768566,76.649212,1.2581
678101,10.698896,76.75647,13.4442
678102,10.672391,76.708613,16.1356
678103,10.676706,76.742048,11.8802
678104,10.695828,76.724313,3.5241
678501,10.688805,76.650828,4.7384
678502,10.669979,76.63885,12.9381
678503,10.669287,76.674845,12.0805
678504,10.620837,76.724238,40.7344
678505,10.637217,76.661721,12.8932
678506,10.578427,76.703689,54.4998
678507,10.55366,76.777426,195.0523
678508,10.462235,76.685745,459.7521
678510,10.543921,76.571279,36.8448
678512,10.651526,76.632627,8.4827
678531,10.703305,76.683686,21.425
678532,10.646518,76.731809,7.0507
678533,10.650438,76.854673,23.5393
678534,10.662614,76.784752,31.7207
678541,10.641474,76.544207,12.7801
678542,10.635526,76.55713,6.4378
678543,10.655556,76.507569,29.1694
678544,10.684398,76.494075,35.9987
678545,10.654624,76.459091,5.6239
678546,10.659697,76.584124,21.3789
678551,10.742071,76.696927,17.5256
678552,10.723794,76.738492,20.3019
678553,10.721322,76.815343,67.2482
678554,10.968158,76.343408,7.9667
678555,10.710265,76.863269,50.4742
678556,10.782292,76.846783,29.884
678557,10.78659,76.88578,22.9191
678571,10.746114,76.585119,23.4061
678572,10.760859,76.55336,16.0176
678573,10.762818,76.521919,14.2879
678574,10.730219,76.489004,22.6883
678581,11.126429,76.594922,617.4163
678582,11.055215,76.557241,62.8556
678583,10.991641,76.391861,96.9396
678591,10.99079,76.568504,255.9173
678592,10.843467,76.572874,45.1144
678593,10.961884,76.485146,24.4594
678594,10.807058,76.613508,14.0153
678595,10.929651,76.475615,42.2906
678596,10.883603,76.540392,19.4078
678597,10.910602,76.546026,20.554
678598,10.991907,76.496545,17.8083
678601,11.054171,76.370625,104.1989
678611,10.790219,76.578801,7.9493
678612,10.804872,76.557906,23.4902
678613,10.794172,76.514395,20.3345
678621,10.811751,76.795222,59.1578
678622,10.760614,76.767393,50.3069
678623,10.840588,76.759846,83.3474
678624,10.842545,76.840857,7.2425
678631,10.863448,76.500069,28.1006
678632,10.89822,76.499218,12.3249
678633,10.88693,76.472355,8.8157
678641,10.82992,76.494322,25.8303
678642,10.797247,76.47675,20.0048
678651,10.87082,76.661713,177.9306
678661,10.450015,76.805965,70.097
678671,10.699651,76.632801,15.3265
678681,10.635373,76.59052,7.3092
678682,10.619225,76.503941,21.2402
678683,10.585846,76.47138,20.5468
678684,10.523266,76.510102,139.2827
678685,10.623983,76.475964,5.0907
678686,10.590459,76.437736,26.6295
678687,10.632286,76.445837,19.3538
678688,10.623327,76.628829,16.2093
678701,10.734258,76.649472,27.7894
678702,10.69914,76.595899,34.4049
678703,10.616205,76.585093,14.7863
678704,10.600337,76.561015,13.9691
678705,10.588501,76.51546,8.2526
678706,10.489102,76.568549,30.2584
678721,10.710893,76.541528,32.0325
678722,10.733601,76.521344,9.5543
678731,10.804603,76.630565,3.2939
678732,10.812851,76.701535,7.0436
678762,10.973322,76.437042,24.3651
679101,10.793214,76.433026,12.375
679102,10.794349,76.374066,14.8957
679103,10.759143,76.404084,6.9703
679104,10.785027,76.354222,8.1604
679105,10.753923,76.3771,9.8014
679106,10.714958,76.391918,17.0075
679121,10.771524,76.263353,8.8609
679122,10.800634,76.278793,18.8605
679123,10.757745,76.255967,3.4047
679301,10.766799,76.427302,17.7243
679302,10.765687,76.468402,12.9414
679303,10.813258,76.188475,17.22
679304,10.838605,76.145675,37.0564
679305,10.827744,76.115882,17.5867
679306,10.797872,76.263273,3.8968
679307,10.858036,76.18219,14.7417
679308,10.876988,76.152859,15.2887
679309,10.894453,76.176336,12.6541
679313,10.793395,76.229845,20.0858
679321,10.972777,76.145453,55.0819
679322,10.97069,76.234087,29.2772
679323,10.925083,76.191628,23.6555
679324,11.032604,76.169692,35.1685
679325,11.031697,76.214532,65.3727
679326,11.04046,76.285065,93.2225
679327,11.167476,76.296472,25.0593
679328,11.20188,76.261541,33.1385
679329,11.266988,76.224677,6.2899
679330,11.266469,76.265711,43.4242
679331,11.332441,76.411462,339.9267
679332,11.260876,76.357456,110.0127
679333,11.403611,76.366136,149.9282
679334,11.408557,76.223172,251.2042
679335,10.875183,76.271419,32.4225
679336,10.831995,76.232088,36.5212
679337,10.874787,76.218705,24.9337
679338,10.931966,76.144323,44.8031
679339,11.157296,76.237586,34.8581
679340,10.917871,76.235647,27.7582
679341,10.974921,76.309758,46.31
679357,10.931639,76.287168,36.6072
679501,10.819171,76.338664,22.0455
679502,10.858712,76.34322,14.7633
679503,10.881697,76.315282,11.958
679504,10.885319,76.355074,75.3056
679505,10.833083,76.300285,26.3208
679506,10.902731,76.299279,13.9154
679511,10.802852,76.400655,17.3414
679512,10.830456,76.395784,10.8703
679513,10.94069,76.402456,22.9509
679514,10.871538,76.386836,42.7818
679515,10.843522,76.409329,6.6388
679516,10.824437,76.443161,17.0791
679521,10.762282,76.34583,10.9134
679522,10.787254,76.324956,11.333
679523,10.768258,76.307767,18.2727
679531,10.733399,76.292512,42.6137
679532,10.75663,76.223676,25.6301
679533,10.753244,76.149071,40.9669
679534,10.790993,76.117744,50.7638
679535,10.735528,76.163338,21.4367
679536,10.746929,76.090288,22.4998
679551,10.818717,76.04221,6.2735
679552,10.777318,76.058497,24.7809
679553,10.837003,76.047366,3.1281
679554,10.826113,76.071419,10.7829
679561,10.679783,76.004047,8.4596
679562,10.656555,76.004907,14.9655
679563,10.641006,76.019665,5.8311
679564,10.67704,75.974587,9.6941
679571,10.860096,76.037183,31.0931
679572,10.870522,76.09751,25.709
679573,10.839643,75.99658,26.0567
679574,10.732717,76.0165,6.0914
679575,10.715201,76.024783,17.7088
679576,10.769397,75.992589,22.8897
679577,10.777054,75.921401,2.668
679578,10.788022,76.02502,22.2798
679579,10.727044,75.950775,10.086
679580,10.699811,76.002547,15.0407
679581,10.752831,75.966894,21.8026
679582,10.811585,75.990703,17.6822
679583,10.78975,75.925305,3.0513
679584,10.752624,75.934025,4.9182
679585,10.752632,76.028069,8.2505
679586,10.789023,75.949461,18.4861
679587,10.718052,75.98139,7.551
679591,10.731371,76.053475,9.581
680001,10.495994,76.249556,11.433
680002,10.53925,76.196018,4.3781
680003,10.529205,76.187187,2.3301
680004,10.516679,76.202806,1.1649
680005,10.531607,76.24371,5.0568
680006,10.502534,76.227796,3.5502
680007,10.49262,76.199309,10.7738
680008,10.548766,76.229296,1.4368
680009,10.554051,76.222827,2.4109
680010,10.568092,76.220571,6.5853
680011,10.526858,76.197342,1.2404
680012,10.5071,76.167427,16.737
680013,10.563347,76.192622,11.8009
680014,10.483474,76.300628,36.6064
680020,10.525984,76.223353,8.1028
680021,10.51504,76.211937,0.8439
680022,10.541165,76.213821,2.027
680026,10.488171,76.22695,3.4762
680027,10.48287,76.214951,4.8541
680028,10.583939,76.274064,13.255
680101,10.600855,76.040149,19.2669
680102,10.599053,76.076799,8.2562
680103,10.608278,76.034628,1.7525
680104,10.570832,76.072639,10.3604
680121,10.347219,76.214529,26.8594
680122,10.335061,76.169771,11.5767
680123,10.260954,76.218551,1.9336
680125,10.382418,76.207827,10.7449
680301,10.433631,76.257045,24.9712
680302,10.457471,76.305522,26.1944
680303,10.430222,76.30874,28.6961
680304,10.442701,76.446906,132.2389
680305,10.381921,76.272307,13.5094
680306,10.566828,76.124407,2.8315
680307,10.670833,76.413489,46.8071
680308,10.26028,76.362756,24.6555
680309,10.27508,76.329764,14.88
680310,10.401294,76.248971,12.9066
680311,10.293967,76.376875,23.3255
680312,10.403066,76.320556,21.4692
680317,10.46767,76.224118,5.2257
680501,10.637158,76.120914,24.7824
680502,10.622266,76.103094,5.4361
680503,10.658216,76.071526,29.1654
680504,10.613637,76.099619,3.7576
680505,10.610228,76.021821,4.7412
680506,10.58314,76.010688,5.0921
680507,10.557525,76.059384,8.1065
680508,10.546771,76.111666,10.4606
680509,10.536355,76.092041,7.87
680510,10.516004,76.107788,13.1115
680511,10.57062,76.096305,8.4164
680512,10.552999,76.039583,7.4925
680513,10.513251,76.077992,4.6847
680514,10.544727,76.027638,10.593
680515,10.621885,75.9998,8.0447
680516,10.602527,76.002733,4.0368
680517,10.632371,76.07998,5.0395
680518,10.645687,75.980788,5.2364
680519,10.701228,76.094406,15.3493
680520,10.629324,76.02378,2.4278
680521,10.626712,76.056689,7.0387
680522,10.574969,76.047816,4.308
680523,10.597742,76.152369,6.6838
680524,10.534827,76.066528,4.4928
680541,10.588145,76.187733,0.6715
680542,10.682182,76.057752,15.5753
680543,10.716247,76.081955,9.3029
680544,10.683795,76.031489,8.5995
680545,10.58158,76.166678,13.0054
680546,10.60178,76.135031,7.0816
680551,10.540245,76.151172,19.7598
680552,10.562319,76.133077,12.9771
680553,10.542098,76.174118,2.4273
680555,10.558856,76.174014,2.5551
680561,10.432347,76.190274,7.2868
680562,10.428164,76.220636,18.7361
680563,10.459154,76.189832,22.9148
680564,10.417626,76.166856,12.7581
680565,10.432583,76.122209,8.2367
680566,10.413675,76.103605,11.0678
680567,10.387313,76.110368,9.9126
680568,10.363855,76.117226,8.1012
680569,10.438944,76.086894,11.305
680570,10.411747,76.131586,6.6815
680571,10.442279,76.143286,4.3325
680581,10.600908,76.219522,45.366
680582,10.635799,76.246943,34.0081
680583,10.680527,76.286234,46.8819
680584,10.689782,76.165349,56.0611
680585,10.718387,76.215142,23.7091
680586,10.669304,76.36613,84.488
680587,10.312176,76.324718,25.2757
680588,10.725061,76.449537,27.307
680589,10.628938,76.315892,57.9854
680590,10.684177,76.231128,21.4951
680591,10.716541,76.324941,10.7424
680594,10.730752,76.415007,13.3824
680596,10.604821,76.196999,5.5517
680601,10.639294,76.16499,29.6946
680602,10.594555,76.102121,10.1898
680604,10.678378,76.109625,8.1568
680611,10.501907,76.182611,1.8457
680612,10.480171,76.119305,5.0076
680613,10.48333,76.098836,7.8905
680614,10.473005,76.072653,13.9197
680615,10.500452,76.062293,7.2026
680616,10.521279,76.051355,7.6717
680617,10.496973,76.112056,4.5749
680618,10.511503,76.194328,1.9769
680619,10.488359,76.076585,4.1457
680620,10.487139,76.144278,15.7616
680623,10.646781,76.211363,9.0304
680631,10.551763,76.240341,4.4517
680641,10.452906,76.137348,22.2971
680642,10.443985,76.12769,1.26
680651,10.545395,76.286953,17.1339
680652,10.578821,76.339756,71.9888
680653,10.515648,76.390611,155.9885
680654,10.544082,76.258787,1.5195
680655,10.521491,76.253273,3.7447
680656,10.544169,76.275143,2.9627
680661,10.320094,76.220968,5.8477
680662,10.300736,76.235713,17.8403
680663,10.241421,76.214756,10.4921
680664,10.228893,76.176984,15.5795
680665,10.266203,76.167313,7.0301
680666,10.197057,76.168654,9.0889
680667,10.525291,76.205301,0.7619
680668,10.25569,76.187513,4.7486
680669,10.20699,76.197613,16.1554
680670,10.277243,76.215476,8.8329
680671,10.252039,76.153968,14.3406
680681,10.330803,76.134125,14.2844
680682,10.259631,76.243163,22.4658
680683,10.341683,76.268311,30.9563
680684,10.382034,76.353661,26.1541
680685,10.290491,76.162696,5.5663
680686,10.308904,76.145509,8.5062
680687,10.351527,76.138037,6.5571
680688,10.29803,76.189404,27.1423
680689,10.355849,76.328064,13.5436
680691,10.286538,76.142792,7.1164
680697,10.309912,76.286197,20.9822
680699,10.379032,76.401202,12.837
680701,10.380565,76.178247,7.5225
680702,10.385639,76.156847,16.3773
680703,10.377094,76.140858,9.3521
680711,10.38602,76.193476,10.5933
680712,10.376981,76.230181,9.6826
680721,10.340427,76.586966,628.0508
680722,10.364022,76.298238,10.8576
680724,10.339264,76.420026,14.1851
680731,10.276668,76.28279,12.3237
680732,10.239716,76.258346,17.1928
680733,10.210065,76.255862,13.551
680734,10.205792,76.289666,25.1848
680741,10.236698,76.316541,31.9748
680751,10.514273,76.290103,18.5051
682001,9.96097,76.24242,3.9501
682002,9.955194,76.254211,3.2369
682003,9.946384,76.276213,12.9355
682004,9.952453,76.280332,2.8825
682005,9.937966,76.258743,1.7536
682006,9.914587,76.272743,4.8196
682007,9.8638,76.280069,15.3224
682008,9.818133,76.278673,8.3385
682009,9.973769,76.263113,2.9184
682010,9.910339,76.291746,8.572
682011,9.968089,76.287107,0.8914
682012,10.004583,76.275257,3.0105
682013,9.938096,76.299191,1.5887
682015,9.947955,76.295645,0.651
682016,9.98305,76.285647,0.6515
682017,9.995229,76.294084,4.8464
682018,9.993425,76.283265,2.0449
682019,9.966457,76.315828,4.1859
682020,9.964086,76.302045,5.9607
682021,10.020169,76.326248,12.1463
682022,10.046812,76.329032,2.8551
682023,10.021731,76.271249,6.9099
682024,10.022668,76.300071,4.5711
682025,10.0068,76.306995,3.1715
682026,10.019566,76.289086,2.3112
682027,10.054195,76.261034,14.4117
682028,10.000111,76.320528,1.734
682029,9.95728,76.289485,1.6007
682030,10.029291,76.365663,11.5146
682031,9.992055,76.272126,2.1966
682032,9.986904,76.310027,2.931
682033,10.03991,76.31915,1.0648
682034,10.047703,76.286093,8.6657
682035,9.976958,76.280298,1.6158
682036,9.958561,76.296271,1.0203
682037,10.008629,76.343114,8.6727
682038,9.938565,76.335694,0.5235
682039,10.002332,76.357355,4.4144
682040,9.925732,76.318936,8.2438
682041,10.035615,76.291654,0.7688
682042,10.006211,76.364359,1.4878
682050,9.974676,76.28726,0.1687
682051,9.977265,76.286571,0.1781
682301,9.935436,76.348723,10.4457
682302,9.972778,76.377462,12.6313
682303,10.005677,76.39726,31.4772
682304,9.943101,76.323696,6.867
682305,9.937818,76.372771,10.6723
682306,9.973574,76.332965,12.9833
682307,9.887376,76.368312,26.2308
682308,9.956987,76.430226,54.4916
682309,9.973816,76.354798,5.1033
682310,9.982375,76.42124,10.7458
682311,9.976972,76.475871,22.5009
682312,9.919198,76.401367,6.8372
682313,9.864487,76.441439,26.5686
682314,9.893413,76.406634,24.2149
682315,9.848603,76.40373,16.8377
682316,9.962756,76.526202,47.6062
682317,9.840252,76.429633,6.8061
682501,10.116643,76.198245,9.0301
682502,10.089046,76.206555,10.8935
682503,10.000849,76.228052,4.0903
682504,10.004975,76.250982,18.4682
682505,10.041747,76.224688,8.8257
682506,9.897077,76.325508,20.5764
682507,9.906025,76.264686,14.7858
682508,9.983742,76.232614,4.8354
682509,10.062973,76.219591,12.2164
682511,10.020881,76.226483,7.208
682551,10.812755,73.678453,5.1226
682552,11.124576,72.724164,2.7592
682553,10.947191,72.31728,4.2069
682554,11.691292,72.711755,1.1207
682555,10.559182,72.636497,4.4892
682556,11.227622,72.777288,3.4041
682557,10.082233,73.647021,2.9525
682558,11.48387,73.005693,1.7663
682559,8.295604,73.065087,4.6985
683101,10.105909,76.357829,5.7432
683102,10.135746,76.35063,15.5397
683104,10.051934,76.318272,7.9638
683105,10.117096,76.418565,3.4401
683106,10.08258,76.349231,6.2496
683108,10.111351,76.342238,5.9464
683110,10.098274,76.327099,8.614
683111,10.160269,76.397276,11.3341
683112,10.103634,76.387784,21.1671
683501,10.071819,76.306142,13.0824
683502,10.093408,76.302022,8.3174
683503,10.055875,76.34753,8.7904
683511,10.124438,76.306123,21.4673
683512,10.185874,76.217756,4.4971
683513,10.120904,76.225582,25.973
683514,10.137586,76.191665,4.1866
683515,10.160774,76.180234,8.2849
683516,10.177586,76.198133,8.0383
683517,10.077781,76.268056,8.9529
683518,10.104231,76.267021,10.9023
683519,10.107842,76.243779,12.3787
683520,10.139056,76.263865,18.4431
683521,10.167736,76.237571,6.7449
683522,10.158378,76.204133,7.2389
683541,10.035531,76.508429,31.2055
683542,10.116039,76.482126,4.1021
683543,10.125603,76.4686,5.1463
683544,10.158217,76.482322,39.4847
683545,10.080872,76.519408,31.4444
683546,10.15546,76.562439,82.0252
683547,10.09513,76.441942,21.7116
683548,10.107127,76.501789,9.8534
683549,10.09193,76.555213,22.6134
683550,10.150537,76.4546,10.7087
683556,10.088123,76.473175,13.5496
683561,10.064467,76.382682,13.6357
683562,10.041849,76.454701,41.4277
683563,10.069493,76.364604,5.3553
683565,10.063764,76.411849,26.2489
683571,10.128995,76.380272,2.3209
683572,10.196155,76.39886,28.2112
683573,10.182422,76.367536,4.2016
683574,10.179241,76.442942,20.3126
683575,10.138183,76.434642,14.2663
683576,10.246687,76.395206,22.6175
683577,10.243549,76.419312,28.1264
683578,10.158553,76.318291,19.7325
683579,10.202911,76.341612,26.2771
683580,10.134087,76.403677,8.5247
683581,10.239999,76.558634,277.5968
683585,10.151984,76.376129,7.4997
683587,10.20153,76.515217,21.0424
683589,10.172958,76.353427,7.9433
683594,10.178304,76.262043,27.9379
685501,9.624092,76.982227,85.6364
685503,9.698115,76.931084,78.0269
685505,9.755302,76.998211,119.3145
685507,9.686335,77.058024,57.0244
685508,9.754567,77.110745,77.2752
685509,9.490006,77.221432,816.8613
685511,9.754003,77.052688,63.7084
685512,9.694739,77.178388,39.9062
685514,9.84718,77.124702,40.2103
685515,9.841182,77.01801,22.9445
685531,9.556881,77.041575,137.7673
685532,9.545449,76.946989,134.435
685533,9.578672,77.109036,68.3179
685535,9.668536,77.107107,16.0794
685551,9.723715,77.151251,20.9511
685552,9.771902,77.204373,56.7545
685553,9.817971,77.16676,94.241
685554,9.896983,77.197677,30.8743
685561,10.065766,76.916554,277.9366
685562,9.983952,76.98271,36.5967
685563,9.946026,77.044263,90.6039
685565,10.022144,77.06929,102.8577
685566,9.962568,77.092407,26.6903
685571,9.877453,77.149685,18.3767
685581,9.924708,76.796237,43.4297
685582,9.962143,76.762147,32.253
685583,9.86368,76.655532,21.199
685584,9.898633,76.740744,19.7756
685585,9.869623,76.75386,20.2585
685586,9.854243,76.699277,24.6379
685587,9.831292,76.731118,18.8104
685588,9.847614,76.816532,62.2616
685589,9.763912,76.854707,32.4119
685590,9.813075,76.789137,29.6821
685591,9.807607,76.855039,21.5669
685595,9.905774,76.850322,80.8605
685601,9.758625,76.91869,50.3451
685602,9.857037,76.94774,47.6681
685603,9.843596,76.894894,124.7587
685604,9.894936,77.026297,70.2049
685605,9.92593,76.733722,14.0368
685606,9.943319,76.936053,57.2854
685607,9.990405,76.829476,87.6025
685608,9.926976,76.707151,56.0193
685609,9.849539,77.065083,40.2384
685612,10.159956,77.088241,368.8983
685613,10.039572,77.16039,60.1842
685614,10.292963,77.158104,107.5488
685615,10.189504,77.253098,75.4347
685616,10.092863,77.15675,81.6429
685618,10.054369,77.202484,31.1554
685619,9.957441,77.182844,194.572
685620,10.247179,77.20303,121.171
686001,9.592175,76.519083,5.7525
686002,9.586869,76.533761,1.0309
686003,9.560472,76.491091,29.337
686004,9.574424,76.538856,6.7935
686005,9.583631,76.498275,4.3771
686006,9.614406,76.542078,7.0204
686007,9.523823,76.512825,5.3038
686008,9.634439,76.504077,11.531
686009,9.594302,76.536765,0.7408
686010,9.578926,76.570148,22.6326
686011,9.53964,76.568047,13.3218
686012,9.547251,76.521264,4.5195
686013,9.555333,76.511793,3.5928
686014,9.607882,76.488782,7.8268
686015,9.615999,76.496127,2.7009
686016,9.630047,76.538321,7.1148
686017,9.619104,76.509005,2.9311
686018,9.569663,76.559223,2.3382
686019,9.611299,76.587354,29.1906
686020,9.518784,76.490202,5.9881
686021,9.542505,76.594279,3.1097
686022,9.59608,76.472316,8.2212
686041,9.610263,76.518855,2.1528
686101,9.442887,76.528012,11.5917
686102,9.424909,76.493746,30.3424
686103,9.454189,76.512133,11.2107
686104,9.462354,76.55671,5.5197
686105,9.44593,76.579531,10.0319
686106,9.47703,76.553266,7.4955
686121,9.690597,76.787288,9.8157
686122,9.687425,76.755261,12.9109
686123,9.65719,76.774897,8.1285
686141,9.750253,76.394319,4.7881
686143,9.774117,76.393612,15.6583
686144,9.670191,76.428587,31.4295
686146,9.7572,76.423909,12.8484
686501,9.606441,76.615403,7.4255
686502,9.550014,76.633799,16.9376
686503,9.607388,76.663888,80.9235
686504,9.564929,76.717351,11.0019
686505,9.55305,76.72067,3.9576
686506,9.574927,76.766241,24.6802
686507,9.568269,76.806625,8.9575
686508,9.616842,76.793972,43.2066
686509,9.475715,76.89433,140.2042
686510,9.428933,76.879839,20.7541
686511,9.423507,76.847115,17.2627
686512,9.550868,76.843004,66.6809
686513,9.568074,76.871066,16.5319
686514,9.625209,76.885174,50.398
686515,9.548712,76.689448,13.9076
686516,9.570629,76.61283,16.091
686517,9.535646,76.728952,8.5454
686518,9.52517,76.811286,20.2712
686519,9.540387,76.754946,9.2549
686520,9.52436,76.784818,14.6963
686521,9.541762,76.659822,9.6369
686522,9.599224,76.734004,23.1407
686531,9.531489,76.529136,5.9694
686532,9.503492,76.530489,17.979
686533,9.558107,76.543999,4.5835
686534,9.481338,76.48462,23.3111
686535,9.481921,76.524324,7.6594
686536,9.490115,76.598033,15.5294
686537,9.529929,76.548851,7.5071
686538,9.501001,76.569421,9.7918
686539,9.521176,76.597303,11.9477
686540,9.506715,76.628187,14.5491
686541,9.498353,76.712251,48.6086
686542,9.502423,76.662277,24.6681
686543,9.514109,76.757129,10.3533
686544,9.473531,76.773618,34.3399
686545,9.47344,76.628061,6.6353
686546,9.465692,76.593687,9.7824
686547,9.44774,76.734254,20.7284
686548,9.42471,76.57266,9.1092
686555,9.5557,76.796355,1.9748
686560,9.653959,76.537538,2.1845
686561,9.648425,76.524977,4.6699
686562,9.664167,76.539741,1.9716
686563,9.596608,76.432497,74.5244
686564,9.647524,76.610232,9.7188
686571,9.724312,76.614759,11.5171
686572,9.697319,76.616102,19.3484
686573,9.68743,76.657221,19.6019
686574,9.769404,76.655638,42.4725
686575,9.701369,76.683165,49.0326
686576,9.819225,76.664176,34.9009
686577,9.658996,76.728766,53.6471
686578,9.714238,76.717796,7.8581
686579,9.722924,76.75392,30.1293
686580,9.707377,76.850205,69.258
686581,9.666235,76.80145,11.964
686582,9.658699,76.846283,40.9911
686583,9.664723,76.615105,5.0882
686584,9.674968,76.635454,9.0938
686585,9.630727,76.701366,6.303
686586,9.753412,76.801221,31.3693
686587,9.734537,76.590153,15.058
686601,9.694696,76.506064,8.2553
686602,9.660382,76.482315,44.1852
686603,9.729732,76.501198,14.4173
686604,9.77571,76.486784,21.0354
686605,9.7814,76.452809,17.5364
686606,9.716082,76.392859,16.6523
686607,9.71333,76.423973,24.6208
686608,9.806384,76.40368,33.4523
686609,9.828101,76.454581,3.6527
686610,9.822711,76.495243,28.2502
686611,9.712072,76.463755,29.4321
686612,9.79277,76.533397,28.6107
686613,9.749132,76.491406,19.6124
686616,9.820538,76.440584,15.9091
686630,9.647023,76.550285,2.6002
686631,9.679051,76.572491,32.5862
686632,9.718113,76.529841,24.5575
686633,9.741608,76.562463,30.5975
686634,9.791274,76.612556,17.3859
686635,9.753268,76.623638,16.4384
686636,9.814861,76.593673,38.1661
686637,9.643535,76.571146,9.9687
686640,9.768532,76.56816,3.6332
686651,9.775063,76.722307,55.3187
686652,9.778298,76.771498,28.2982
686653,9.773278,76.696567,3.123
686661,9.966713,76.58749,61.4564
686662,9.883002,76.581535,80.0317
686663,9.927039,76.489411,14.8181
686664,9.889749,76.475897,56.7398
686665,9.83677,76.550086,31.59
686666,10.054982,76.610002,63.0927
686667,9.903586,76.523142,20.4911
686668,9.965477,76.691246,29.3144
686669,10.003199,76.499958,19.3235
686670,9.937358,76.666294,25.0191
686671,10.011282,76.714319,60.8253
686672,9.927443,76.602334,29.2274
686673,10.006829,76.608475,67.6616
686681,10.114721,76.725961,316.0339
686691,10.202204,76.86324,481.5582
686692,10.119035,76.616433,58.8638
686693,10.036254,76.793605,15.2011
688001,9.489225,76.333598,1.4834
688002,9.474246,76.329934,3.1178
688003,9.460063,76.343174,7.4567
688004,9.439915,76.348492,11.0252
688005,9.407746,76.361767,19.6229
688006,9.54115,76.359008,39.7598
688007,9.510583,76.329993,2.6465
688008,9.517349,76.319353,4.6883
688009,9.478586,76.350643,6.4441
688011,9.493078,76.346228,2.5375
688012,9.490982,76.323444,2.5227
688013,9.505459,76.349682,5.9086
688014,9.495405,76.353816,1.5893
688501,9.499164,76.395432,56.0567
688502,9.447976,76.422272,5.6997
688503,9.424042,76.395599,30.9224
688504,9.483078,76.4343,41.4576
688505,9.413586,76.432883,17.7355
688506,9.524926,76.456775,27.7757
688521,9.539125,76.318182,5.1486
688522,9.572174,76.315884,14.9272
688523,9.616303,76.314136,18.3813
688524,9.676215,76.361306,55.2576
688525,9.611232,76.358393,29.7647
688526,9.815345,76.352043,22.6964
688527,9.179461,76.48006,2.8521
688528,9.780353,76.347988,13.3009
688529,9.703875,76.299508,5.1846
688530,9.653444,76.309244,16.322
688531,9.729312,76.304018,16.4876
688532,9.763546,76.326205,11.1418
688533,9.794596,76.309786,13.1153
688534,9.862622,76.307166,14.51
688535,9.851402,76.332964,12.9254
688536,9.722077,76.33889,6.641
688537,9.821232,76.308857,11.5663
688538,9.578511,76.361011,20.1069
688539,9.677381,76.318083,17.1
688540,9.771325,76.295803,17.5584
688541,9.735589,76.362933,29.6539
688555,9.624062,76.379154,10.4415
688561,9.353873,76.381196,33.2517
688562,9.366375,76.420103,29.7497
688570,9.854161,76.355993,15.936
688582,9.83769,76.292647,3.9414
689101,9.379633,76.568909,9.5387
689102,9.384194,76.55779,2.0013
689103,9.40697,76.582401,7.2478
689104,9.352264,76.542886,3.8202
689105,9.386984,76.599782,9.6449
689106,9.356116,76.583699,6.3797
689107,9.407551,76.548303,7.2257
689108,9.37937,76.541765,2.6504
689109,9.342261,76.586201,7.1888
689110,9.363502,76.546886,6.6277
689111,9.390163,76.577865,0.5681
689112,9.38221,76.520086,6.0538
689113,9.391446,76.554836,1.2156
689115,9.367386,76.584932,2.046
689121,9.328076,76.61566,6.4025
689122,9.307683,76.629608,7.7031
689123,9.325687,76.637361,5.7352
689124,9.323226,76.592586,6.3015
689126,9.291033,76.62053,6.1631
689501,9.204544,76.686912,41.254
689502,9.217481,76.71612,9.1629
689503,9.247682,76.673079,12.394
689504,9.286113,76.650402,8.4641
689505,9.278132,76.675496,6.3866
689506,9.330155,76.568419,7.5386
689507,9.276407,76.704912,8.124
689508,9.267069,76.618237,5.4146
689509,9.244419,76.616026,12.8614
689510,9.300283,76.59153,9.3246
689511,9.279617,76.592015,5.7364
689512,9.180399,76.670839,5.6267
689513,9.210521,76.743386,7.6302
689514,9.299404,76.677333,12.1881
689520,9.283005,76.612774,3.7419
689521,9.255959,76.644319,13.1892
689531,9.343542,76.653956,9.8768
689532,9.319357,76.665897,9.7996
689533,9.318575,76.694282,4.1644
689541,9.372969,76.607781,4.6101
689542,9.375496,76.63298,9.5807
689543,9.399415,76.661238,10.5829
689544,9.394906,76.693734,7.9254
689545,9.271522,76.787253,18.9398
689546,9.35042,76.625898,7.218
689547,9.374724,76.670156,14.4399
689548,9.351141,76.677231,8.9928
689549,9.347993,76.694484,7.6616
689550,9.358793,76.709171,1.4658
689551,9.356223,76.6075,3.3058
689571,9.378064,76.494896,7.7464
689572,9.357826,76.500057,7.2634
689573,9.375404,76.464088,29.6745
689574,9.393261,76.500117,5.0338
689581,9.438952,76.616067,19.6765
689582,9.411526,76.615397,10.6983
689583,9.406589,76.636469,6.122
689584,9.433664,76.659258,2.333
689585,9.466489,76.661424,10.9034
689586,9.417313,76.705339,21.4044
689587,9.439879,76.674088,7.2076
689588,9.444896,76.697894,5.518
689589,9.466006,76.68919,7.4838
689590,9.446482,76.478525,11.8944
689591,9.395123,76.533112,6.5307
689592,9.425159,76.743273,5.2068
689594,9.449861,76.645662,7.2057
689595,9.423897,76.460287,8.8618
689597,9.416084,76.654314,5.6565
689602,9.424456,76.637492,1.7078
689611,9.361434,76.727395,5.9935
689612,9.37954,76.741324,8.6042
689613,9.39471,76.72973,6.6625
689614,9.347913,76.748146,12.8914
689615,9.404872,76.751782,6.5526
689621,9.339222,76.506091,11.7157
689622,9.31136,76.527516,16.0922
689623,9.286804,76.542213,4.7391
689624,9.294139,76.562925,13.9818
689625,9.25026,76.700308,16.9011
689626,9.342151,76.539197,14.9509
689627,9.320587,76.480003,7.5534
689641,9.335587,76.720996,8.2282
689642,9.314068,76.744952,10.6258
689643,9.29002,76.731278,8.1349
689644,9.287599,76.713229,1.3969
689645,9.373788,76.707601,5.6343
689646,9.236732,76.800366,11.0095
689647,9.252161,76.747331,33.0296
689648,9.204934,76.782995,28.7853
689649,9.313384,76.773471,9.1581
689650,9.33787,76.765877,3.2952
689652,9.306993,76.716076,7.0308
689653,9.270447,76.819733,7.1013
689654,9.330572,76.706692,4.6741
689656,9.236016,76.826432,13.1966
689661,9.321251,76.813554,5.9087
689662,9.38733,77.017297,336.4101
689663,9.304293,77.183009,369.7384
689664,9.286848,76.851283,21.308
689666,9.289547,76.82591,3.7228
689667,9.336431,77.026152,167.5036
689668,9.289583,76.76186,8.5879
689671,9.2944,76.809519,7.6558
689672,9.34739,76.792185,24.185
689673,9.374909,76.808216,21.5648
689674,9.387676,76.77141,13.7221
689675,9.426764,76.773597,10.9711
689676,9.414994,76.796585,7.9556
689677,9.43353,76.811886,16.4717
689678,9.31258,76.795102,5.0902
689691,9.17072,77.089526,494.2969
689692,9.244331,76.861998,22.7819
689693,9.160151,76.852132,23.3613
689694,9.132092,76.87742,59.1379
689695,9.115788,76.930977,73.9503
689696,9.078653,76.886483,20.3087
689698,9.199364,76.833886,23.9715
689699,9.253686,76.961431,178.7375
689711,9.37954,76.852201,42.4238
690101,9.24454,76.538014,13.596
690102,9.258352,76.560693,3.2913
690103,9.249002,76.513742,4.7858
690104,9.268266,76.534438,4.7939
690105,9.286379,76.513567,15.7686
690106,9.219269,76.509017,11.8761
690107,9.211746,76.56185,13.6229
690108,9.248063,76.575861,6.0735
690110,9.23547,76.562277,4.2404
690501,9.131133,76.571649,21.7154
690502,9.176021,76.506829,17.997
690503,9.170003,76.555911,21.2678
690504,9.16143,76.64349,16.4568
690505,9.180829,76.592194,11.5797
690506,9.216517,76.453761,14.1746
690507,9.234009,76.482684,7.38
690508,9.211851,76.485709,8.0968
690509,9.264194,76.584166,9.5804
690510,9.199498,76.540122,10.0106
690511,9.25228,76.48346,8.3126
690512,9.276495,76.486946,14.9655
690513,9.260556,76.464837,1.3901
690514,9.298002,76.461679,16.8287
690515,9.22724,76.427689,27.5212
690516,9.259246,76.436115,9.5493
690517,9.323824,76.432703,29.2026
690518,9.05502,76.527114,2.0765
690519,9.044806,76.578265,21.9906
690520,9.082159,76.657401,14.4963
690521,9.041434,76.639077,31.955
690522,9.09267,76.618876,42.9382
690523,9.087336,76.563124,17.7361
690524,9.009494,76.574934,9.9216
690525,9.113491,76.514946,24.3666
690526,9.074875,76.551617,7.2119
690527,9.157636,76.490599,5.3928
690528,9.088456,76.523078,2.6023
690529,9.200787,76.634786,23.9758
690530,9.149524,76.605586,20.2785
690531,9.189489,76.459233,3.1613
690532,9.24537,76.449376,9.8737
690533,9.14455,76.526788,8.2366
690534,9.211396,76.598612,13.725
690535,9.159391,76.471518,11.3784
690536,9.026494,76.549534,6.6981
690537,9.162039,76.533061,5.0921
690538,9.024717,76.584657,6.0092
690539,9.03967,76.53132,12.8735
690540,9.064344,76.688711,22.7044
690542,9.066284,76.519195,1.6037
690544,9.082579,76.515744,13.1561
690546,9.106566,76.479902,3.1069
690547,9.131924,76.493703,9.7761
690548,9.287352,76.427568,15.2634
690558,9.230207,76.586467,5.9265
690559,9.211862,76.522531,4.3515
690561,9.134238,76.657119,13.0175
690571,9.175563,76.641146,3.6358
690572,9.199267,76.473876,3.9288
690573,9.049829,76.510135,7.6824
690574,9.105106,76.588125,12.5394
691001,8.885842,76.593448,3.2491
691002,8.897586,76.594583,2.3003
691003,8.91431,76.55665,2.8898
691004,8.899923,76.622876,1.759
691005,8.915733,76.632012,3.2833
691006,8.876363,76.589556,0.9524
691007,8.887449,76.566726,2.216
691008,8.898398,76.612729,2.2305
691009,8.897086,76.577923,1.0166
691010,8.880384,76.614131,7.0474
691011,8.857677,76.626768,8.1325
691012,8.902667,76.558701,4.4084
691013,8.888397,76.57696,1.2713
691014,8.931993,76.634047,2.6156
691015,8.918156,76.618834,3.3636
691016,8.868675,76.612266,1.8789
691019,8.902316,76.605539,1.5946
691020,8.874647,76.636177,1.612
691021,8.893706,76.636634,5.1224
691301,8.841667,76.68331,1.671
691302,8.80998,76.683193,34.825
691303,8.834242,76.646479,6.4181
691304,8.849826,76.652068,4.3244
691305,9.001708,76.945484,25.7362
691306,8.946956,76.89557,49.1774
691307,9.05171,76.9947,187.6031
691308,9.025135,77.069759,101.4791
691309,9.007454,77.140605,163.7244
691310,8.877553,77.126917,404.7242
691311,8.882103,76.974571,56.7637
691312,8.927944,76.959863,22.6414
691319,8.964893,76.56245,5.0768
691322,9.020437,76.880202,15.5661
691331,9.026241,76.944505,11.9928
691332,9.035905,76.896269,4.9442
691333,8.981982,76.91755,28.4839
691334,8.833764,76.703802,5.0161
691500,9.010018,76.613842,10.1253
691501,8.956369,76.679444,24.0749
691502,9.003411,76.641254,19.822
691503,8.979665,76.645781,23.8415
691504,8.917224,76.666358,16.9785
691505,8.985062,76.720414,34.3458
691506,8.988574,76.76909,9.8851
691507,9.037028,76.729389,14.2525
691508,9.026292,76.841749,55.8528
691509,8.942217,76.725406,20.0364
691510,8.877991,76.810141,38.0281
691511,8.9579,76.645145,5.4641
691512,8.950087,76.768852,13.2609
691515,8.916597,76.713816,8.0698
691516,8.912709,76.822705,16.3056
691520,8.931416,76.796691,13.8056
691521,9.065852,76.741095,19.8812
691522,9.069023,76.798701,29.5494
691523,9.151518,76.732773,9.3661
691524,9.035258,76.703636,13.3311
691525,9.185545,76.742249,4.5559
691526,9.099231,76.704491,11.7069
691527,8.965845,76.778825,6.5761
691530,9.091496,76.733228,5.7444
691531,8.993229,76.801383,29.0897
691532,8.944916,76.833902,23.3227
691533,8.889333,76.903412,60.8602
691534,8.864921,76.859342,25.2144
691535,8.829498,76.873143,20.1181
691536,8.821262,76.92264,51.2362
691537,8.893148,76.760667,27.687
691538,8.986561,76.835755,12.2647
691540,8.927321,76.760895,9.5286
691541,8.802209,77.012528,16.175
691543,9.017325,76.687717,8.1813
691551,9.126282,76.718273,37.5474
691552,9.092431,76.816995,24.5114
691553,9.106244,76.67272,10.5507
691554,9.150484,76.767081,34.9209
691555,9.18069,76.770844,15.2021
691556,9.131785,76.794861,43.909
691557,9.030998,76.819069,10.4206
691559,8.811283,76.97648,48.8915
691560,9.039743,76.789779,11.25
691566,9.017658,76.755332,21.3678
691571,8.865632,76.678904,15.5259
691572,8.856762,76.71793,18.0416
691573,8.884729,76.721219,15.3996
691574,8.81398,76.757654,24.6925
691576,8.91084,76.697194,14.1073
691577,8.897569,76.657759,7.9389
691578,8.830937,76.738405,12.926
691579,8.849812,76.756891,11.3742
691581,8.926776,76.551699,4.5122
691582,8.947543,76.5447,6.961
691583,8.996147,76.541621,17.9888
691584,8.965001,76.532674,0.9499
691585,8.97372,76.547188,5.9712
691589,8.870352,76.653862,9.3131
691590,8.989544,76.574146,3.1784
691601,8.944471,76.596739,56.7945
691602,8.937,76.582379,2.9583
695001,8.494352,76.951284,1.2331
695002,8.466293,76.967554,6.2856
695003,8.517779,76.958317,3.3932
695004,8.522203,76.939858,4.0232
695005,8.537001,76.962266,7.0897
695006,8.50465,76.98831,3.2009
695007,8.490283,76.90608,1.9439
695008,8.469673,76.928499,8.5315
695009,8.470136,76.949283,3.0768
695010,8.507997,76.967201,1.2447
695011,8.524391,76.918433,13.6756
695012,8.490184,76.976972,5.9655
695013,8.535008,76.994689,17.0056
695014,8.494751,76.961026,2.2316
695015,8.554568,76.936277,13.2832
695016,8.545946,76.904384,1.998
695017,8.54604,76.919755,2.2032
695018,8.467579,76.98,1.6025
695019,8.474157,76.993135,3.1413
695020,8.449251,77.012732,23.1616
695021,8.507085,76.89497,2.7827
695022,8.528227,76.876063,4.4509
695023,8.479736,76.942431,2.2564
695024,8.493305,76.923669,5.7389
695025,8.527741,76.949336,1.1468
695026,8.449931,76.951668,4.8156
695027,8.440212,76.964641,6.3905
695028,8.585101,76.95466,14.0205
695029,8.508737,76.910864,3.8466
695030,8.51684,76.977781,1.0124
695032,8.489481,76.996267,4.5077
695033,8.507012,76.95468,2.0385
695034,8.503804,76.941399,1.3502
695035,8.494762,76.942862,1.4364
695036,8.483078,76.951816,0.797
695038,8.511794,76.993647,1.2191
695040,8.473879,76.972581,1.1911
695042,8.414811,77.012411,21.2445
695043,8.545419,76.968727,4.5243
695099,8.514991,76.963028,0.2237
695101,8.703572,76.815637,21.3027
695102,8.730921,76.845025,19.4986
695103,8.697207,76.868085,15.593
695104,8.672252,76.824093,26.0181
695121,8.394531,77.081541,14.0529
695122,8.363433,77.126521,20.0432
695123,8.378554,77.059826,8.7291
695124,8.430373,77.131204,29.7891
695125,8.484053,77.146579,53.2548
695126,8.42377,77.092519,18.4018
695132,8.360629,77.104997,9.2682
695133,8.358275,77.072163,7.0898
695134,8.361924,77.092058,2.6756
695141,8.744563,76.716697,14.9733
695142,8.726061,76.754124,5.8515
695143,8.746506,76.76165,12.1692
695144,8.709739,76.775338,6.8242
695145,8.76048,76.74121,9.2456
695146,8.782894,76.752773,8.5565
695301,8.567177,76.864082,6.9561
695302,8.613626,76.835543,9.4374
695303,8.603832,76.818365,7.5288
695304,8.666448,76.780342,6.0981
695305,8.63959,76.82141,20.5476
695306,8.681285,76.768988,1.5395
695307,8.696369,76.791451,5.1078
695308,8.691392,76.754487,6.8828
695309,8.65356,76.776564,9.1395
695310,8.782248,76.718938,13.5513
695311,8.769272,76.691466,7.7045
695312,8.715572,76.73152,6.8024
695313,8.785742,76.806589,12.3072
695316,8.596744,76.85517,9.7172
695317,8.637659,76.860575,11.6442
695318,8.707721,76.754275,4.9621
695501,8.401462,77.048813,13.3651
695502,8.343694,77.160429,9.4803
695503,8.393798,77.133115,12.1047
695504,8.408809,77.171931,17.6223
695505,8.474766,77.192006,52.8675
695506,8.324004,77.120855,7.4986
695507,8.460877,77.051769,10.4011
695508,8.373607,77.149315,4.9943
695512,8.458276,77.07194,26.6233
695513,8.306283,77.093272,6.2514
695521,8.379116,77.00074,6.8295
695522,8.42304,76.980387,11.9079
695523,8.390445,77.009663,3.6995
695524,8.354826,77.044818,9.3762
695525,8.332648,77.072128,11.8166
695526,8.365314,77.030602,13.4358
695527,8.395706,76.977635,3.0842
695528,8.449995,77.034607,0.6731
695541,8.634209,77.036609,80.1128
695542,8.598639,77.100123,31.1353
695543,8.570774,77.050383,22.3266
695547,8.611721,77.034795,18.3244
695551,8.667606,77.140656,123.6146
695561,8.618102,76.977613,13.4899
695562,8.697805,77.021198,43.9956
695563,8.765981,77.096802,233.7278
695564,8.567676,77.00386,30.2215
695568,8.672124,76.992763,22.8713
695571,8.484937,77.03547,12.9357
695572,8.540943,77.180356,172.9607
695573,8.514918,77.02863,32.9967
695574,8.600078,77.169393,93.3195
695575,8.544375,77.083539,10.0029
695581,8.559001,76.900412,4.5797
695582,8.540753,76.882495,10.4199
695583,8.329132,77.09876,9.9344
695584,8.596772,76.88921,28.2209
695585,8.582971,76.871617,2.9501
695586,8.568367,76.843005,7.5244
695587,8.583106,76.917481,8.7789
695588,8.575567,76.93114,3.2059
695589,8.650381,76.886396,27.5759
695601,8.778278,76.873072,43.4583
695602,8.816762,76.828884,20.2687
695603,8.785271,76.780853,14.6889
695604,8.837635,76.802468,17.3495
695605,8.754435,76.81489,15.2904
695606,8.706917,76.904413,30.2577
695607,8.673214,76.943291,43.1803
695608,8.7323,76.961043,10.3716
695609,8.754577,76.986032,38.6035
695610,8.716943,76.940761,21.2179
695611,8.736022,76.790719,15.3145
695612,8.744821,76.895508,26.9273
695614,8.79735,76.864448,12.8686
695615,8.625305,76.939562,27.0207
700001,22.575328,88.346611,2.932
700002,22.619712,88.37172,5.9372
700003,22.606729,88.364898,1.5848
700004,22.599778,88.374983,1.8157
700005,22.59918,88.357408,2.4258
700006,22.589191,88.365162,4.3835
700007,22.581802,88.358561,1.9738
700008,22.481764,88.316966,2.7258
700009,22.575452,88.372714,1.9545
700010,22.564874,88.397202,3.0408
700011,22.577105,88.381141,1.0015
700012,22.569557,88.360953,1.0722
700013,22.564211,88.363354,0.5217
700014,22.555509,88.368659,3.8846
700015,22.55611,88.39057,5.5383
700016,22.554261,88.356952,1.5876
700017,22.54118,88.364068,2.1096
700018,22.534587,88.257785,3.2034
700019,22.528807,88.365587,3.3766
700020,22.537746,88.350064,1.6104
700021,22.559326,88.336731,4.1162
700022,22.549569,88.328227,2.2289
700023,22.538223,88.321343,4.1132
700024,22.546918,88.286441,3.8617
700025,22.52975,88.346992,2.2831
700026,22.517911,88.344532,1.3842
700027,22.524852,88.331584,6.018
700028,22.6299,88.419507,5.7942
700029,22.518734,88.356808,2.6897
700030,22.621074,88.396087,2.2258
700031,22.509108,88.372594,1.7885
700032,22.494219,88.367635,3.2249
700033,22.503647,88.346444,1.6024
700034,22.49623,88.319421,6.6486
700035,22.648672,88.363193,3.7313
700036,22.636639,88.366283,3.7436
700037,22.608623,88.386696,3.4656
700038,22.506315,88.326741,1.6958
700039,22.526754,88.386273,5.822
700040,22.486361,88.350427,4.3925
700041,22.474897,88.337661,9.2066
700042,22.518293,88.379083,1.8076
700043,22.539486,88.304998,7.8394
700044,22.548745,88.256602,8.7236
700045,22.508581,88.355963,2.2026
700046,22.544231,88.383653,3.3924
700047,22.47367,88.375162,4.1587
700048,22.60039,88.397718,1.6523
700049,22.666247,88.409507,5.9912
700050,22.626335,88.385303,1.3543
700051,22.664707,88.426447,4.9895
700052,22.652146,88.453083,14.7404
700053,22.512041,88.331533,1.5312
700054,22.579793,88.394169,3.4613
700055,22.609671,88.410538,2.407
700056,22.663595,88.388316,6.9203
700057,22.670125,88.369782,2.1613
700058,22.693729,88.371292,1.0628
700059,22.609495,88.435988,3.7061
700060,22.506269,88.302154,4.4442
700061,22.4864,88.288315,9.055
700062,22.566382,88.347064,0.1682
700063,22.468485,88.307812,10.8874
700064,22.592254,88.410036,5.5695
700065,22.643995,88.408051,4.698
700066,22.529418,88.269687,1.2582
700067,22.590891,88.385246,2.5907
700068,22.505871,88.363348,0.7873
700069,22.561903,88.348991,0.8306
700070,22.466015,88.359141,2.1106
700071,22.547938,88.347211,2.1728
700072,22.564298,88.355386,0.6491
700073,22.575146,88.358923,0.6869
700074,22.621211,88.406351,1.8192
700075,22.493469,88.385059,4.1893
700076,22.659745,88.366375,3.1798
700077,22.631315,88.39713,0.6906
700078,22.50715,88.38825,2.336
700079,22.649217,88.428633,1.7984
700080,22.626047,88.423254,0.9947
700081,22.644827,88.419811,0.6862
700082,22.533827,88.280395,4.2926
700083,22.671804,88.397034,2.4585
700084,22.460282,88.395957,4.4248
700085,22.569143,88.384826,0.9773
700086,22.482495,88.381721,1.4951
700087,22.560761,88.352348,0.2103
700088,22.518938,88.301024,6.3304
700089,22.607673,88.40238,1.0875
700090,22.638812,88.389088,4.1111
700091,22.582467,88.429226,5.8588
700092,22.484147,88.367321,0.8467
700093,22.468222,88.348449,3.3697
700094,22.476818,88.395783,3.9461
700095,22.493538,88.356465,1.5049
700096,22.46052,88.372039,2.6014
700097,22.575754,88.407184,1.1041
700098,22.561484,88.434955,11.0117
700099,22.495155,88.407242,6.5536
700100,22.523603,88.415366,7.0995
700101,22.604021,88.42544,1.1998
700102,22.594013,88.437189,3.0089
700103,22.418096,88.351624,27.7109
700104,22.431484,88.267072,31.6748
700105,22.541347,88.450786,40.054
700106,22.576586,88.416735,2.328
700107,22.510304,88.40351,3.3075
700108,22.64743,88.382277,1.8063
700109,22.681572,88.374363,3.6935
700110,22.700748,88.386728,5.226
700111,22.686314,88.406643,3.5989
700112,22.716771,88.396313,2.8818
700113,22.715563,88.417649,17.3145
700114,22.690236,88.392805,2.425
700115,22.704173,88.372785,2.175
700116,22.71342,88.372241,1.6147
700117,22.723376,88.366938,4.1225
700118,22.733682,88.396138,9.7172
700119,22.741582,88.379002,5.9246
700120,22.766147,88.356591,11.5518
700121,22.763114,88.429864,51.3693
700122,22.766102,88.380743,8.8399
700123,22.785342,88.383652,2.5307
700124,22.726376,88.49752,21.5737
700125,22.762694,88.485851,24.1798
700126,22.79552,88.474196,17.0251
700127,22.718995,88.459146,13.6983
700128,22.675079,88.527944,31.9951
700129,22.688967,88.473453,10.5329
700130,22.703257,88.451009,4.4182
700131,22.688798,88.429703,7.5231
700132,22.674671,88.462119,2.9376
700133,22.678845,88.443575,3.1437
700134,22.66862,88.432891,0.2759
700135,22.596893,88.538414,191.8129
700136,22.627751,88.444772,7.3962
700137,22.458985,88.18196,32.5992
700138,22.46168,88.135597,14.3006
700139,22.432446,88.317702,25.4775
700140,22.444158,88.222202,20.7286
700141,22.466522,88.257299,25.3389
700142,22.498821,88.232304,48.2681
700143,22.507307,88.281468,3.5706
700144,22.365871,88.445443,19.9909
700145,22.388013,88.400348,31.662
700146,22.41119,88.416244,10.564
700147,22.404698,88.452888,6.9706
700148,22.415228,88.415657,1.4601
700149,22.422604,88.41481,2.0128
700150,22.468607,88.445521,75.0623
700151,22.412036,88.378934,8.4467
700152,22.473511,88.419972,11.139
700153,22.43715,88.394217,6.9435
700154,22.447561,88.36876,8.2131
700155,22.697862,88.478695,3.5822
700156,22.575947,88.460556,8.2786
700157,22.614332,88.450591,3.5944
700158,22.665038,88.437738,1.5605
700159,22.607884,88.431662,0.6729
700160,22.564671,88.506446,3.6556
700161,22.595083,88.472453,6.2387
700162,22.592637,88.453863,5.39
711101,22.586537,88.327571,6.7235
711102,22.570643,88.324553,3.4886
711103,22.561108,88.300847,8.7095
711104,22.586621,88.303579,9.1287
711105,22.602483,88.317183,3.2942
711106,22.603595,88.34358,6.2432
711107,22.619534,88.351931,2.176
711108,22.610084,88.319658,1.2988
711109,22.569516,88.266245,7.2228
711110,22.576587,88.28501,4.5569
711111,22.589356,88.274511,2.5406
711112,22.592594,88.285105,1.4312
711113,22.608511,88.301745,1.9821
711114,22.63259,88.2995,3.4045
711115,22.658833,88.285272,14.3691
711201,22.644019,88.346615,2.5285
711202,22.629657,88.348357,3.3804
711203,22.622627,88.312519,4.483
711204,22.618886,88.330853,5.9053
711205,22.664102,88.316625,8.2269
711206,22.637805,88.318569,4.107
711225,22.695263,87.945205,9.3742
711226,22.725369,87.972103,52.3212
711227,22.645548,88.327943,5.039
711301,22.330188,87.961583,36.853
711302,22.579981,88.180869,70.9827
711303,22.500191,87.932114,219.137
711304,22.404941,87.952287,4.0535
711305,22.505544,88.177012,6.1879
711306,22.476032,88.023003,4.2247
711307,22.513944,88.135948,13.1223
711308,22.489898,88.1489,17.6343
711309,22.525213,88.223032,4.7476
711310,22.524331,88.169188,10.0114
711312,22.374991,88.002847,138.4923
711313,22.543083,88.215499,26.705
711314,22.262834,88.031778,94.5084
711315,22.367721,88.079422,136.3535
711316,22.475107,88.068446,125.6168
711317,22.566546,88.246634,4.3151
711322,22.548476,88.122427,50.5834
711401,22.588439,87.993332,191.7131
711403,22.606352,88.278578,8.4358
711404,22.653986,88.145611,31.212
711405,22.649798,88.21655,41.8965
711408,22.663658,88.08747,68.5157
711409,22.62615,88.257851,32.0372
711410,22.660269,88.016482,28.6878
711411,22.610911,88.188231,39.7159
711412,22.657783,87.964043,40.9271
711413,22.551536,87.951198,40.3049
711414,22.598259,88.092856,59.0395
712101,22.885333,88.395203,8.5448
712102,22.926648,88.330811,72.6786
712103,22.905799,88.388151,8.5029
712104,22.932062,88.395056,9.678
712105,22.873694,88.383329,2.2461
712121,22.941915,88.385172,1.2557
712122,22.887362,87.556656,69.8534
712123,22.923899,88.373199,5.028
712124,22.8296,88.315583,41.3038
712125,22.833465,88.36708,2.9989
712134,23.11077,88.184772,67.45
712135,23.120855,88.232411,43.0561
712136,22.863711,88.365397,13.4223
712137,22.840759,88.371036,1.3527
712138,22.871,88.323272,38.5017
712139,22.839393,88.349847,1.7177
712146,23.125639,88.3334,139.4069
712147,23.039663,88.32137,76.3218
712148,22.987526,88.302458,86.1951
712149,23.039086,88.229712,145.0307
712152,23.028157,88.196515,8.3424
712201,22.751703,88.349596,3.4615
712202,22.739605,88.351523,3.1501
712203,22.747189,88.32798,4.2102
712204,22.760635,88.334301,2.5917
712221,22.814135,88.350859,1.984
712222,22.794465,88.323544,15.5606
712223,22.78957,88.284789,47.484
712232,22.673625,88.351699,3.6816
712233,22.683121,88.34603,4.507
712234,22.700139,88.316373,8.1117
712235,22.703218,88.35337,9.677
712245,22.669051,88.335971,1.9471
712246,22.703506,88.335427,4.815
712247,22.678031,88.320989,6.0099
712248,22.731685,88.336568,7.6429
712249,22.720013,88.323908,6.0516
712250,22.723716,88.292398,7.5085
712258,22.660116,88.347675,2.8526
712301,22.914761,88.115656,53.0903
712302,22.965488,88.096547,103.3702
712303,23.027321,88.13631,76.472
712304,22.730907,88.235124,19.2151
712305,22.924882,88.228522,139.7994
712306,22.751253,88.266145,41.6755
712308,23.018809,88.065234,33.2722
712310,22.700279,88.297471,6.6014
712311,22.682673,88.287629,8.4836
712401,22.815304,87.977215,77.9502
712402,22.939029,88.021672,41.1746
712403,22.797396,88.075821,94.6521
712404,22.719186,88.085162,90.14
712405,22.853091,88.113884,69.5254
712406,22.724166,87.920925,98.3602
712407,22.852978,88.180877,68.6213
712408,22.741221,88.009351,52.9084
712409,22.82846,88.236961,91.5439
712410,22.905115,88.009909,117.6524
712411,22.847314,88.025248,17.6001
712412,22.765986,87.910656,56.1994
712413,22.847846,87.845919,75.1748
712414,22.905079,87.945178,51.0731
712415,22.838541,87.911532,56.9412
712416,22.655499,87.900449,60.5527
712417,22.644867,87.845566,58.6463
712418,22.729527,87.869318,19.9595
712419,22.850048,87.951041,6.9393
712424,22.772074,88.038242,11.9844
712426,23.034206,88.217877,4.6866
712501,23.109774,88.441024,100.9633
712502,22.964021,88.385175,25.2689
712503,22.994911,88.395772,6.987
712504,23.047498,88.277905,3.0642
712512,23.169531,88.417154,87.3777
712513,23.023709,88.39623,24.4914
712514,23.150744,88.180549,3.8408
712515,23.05295,88.424444,35.6641
712601,22.890659,87.792303,39.0571
712602,22.935442,87.75805,70.9418
712611,22.971797,87.687505,54.4146
712612,22.890864,87.640467,54.9625
712613,22.759461,87.813033,80.87
712614,22.869835,87.680902,97.3647
712615,22.914152,87.873047,82.4294
712616,22.834767,87.741179,125.8339
712617,22.777585,87.7745,42.9162
712701,22.717155,88.190896,69.9266
712702,22.697716,88.256804,26.6976
712704,22.696556,88.219179,4.8529
712705,22.724704,88.215678,5.5556
712706,22.737468,88.142379,29.1047
712707,22.782981,88.158059,37.0548
712708,22.671905,88.265459,2.1214
713101,23.215828,87.825826,60.6839
713102,23.29551,87.897352,199.1658
713103,23.190149,87.88016,78.4668
713104,23.250733,87.843779,5.4641
713121,23.449691,87.855357,111.2312
713122,23.182501,88.254223,95.0379
713123,23.754747,88.057349,34.2717
713124,23.214217,87.947121,65.732
713125,23.409399,87.928189,184.1408
713126,23.572619,87.706207,81.3784
713127,23.392741,87.809965,61.4337
713128,23.496024,87.738057,194.1381
713129,23.743809,87.97807,180.3608
713130,23.706941,88.139261,112.3927
713131,23.526866,87.830351,50.5696
713140,23.696408,88.041222,80.1256
713141,23.322516,87.774835,206.1672
713142,23.189437,87.70711,149.1789
713143,23.540921,88.026591,375.1918
713144,23.454128,87.612367,100.0948
713145,23.449037,88.139503,120.9223
713146,23.193844,88.148087,232.5691
713147,23.528566,87.913901,89.0018
713148,23.499708,87.482661,255.6239
713149,23.216031,88.000335,29.4946
713150,23.610754,88.082799,110.3644
713151,23.178093,88.032157,60.19
713152,23.54752,87.610031,128.9413
713153,23.500406,87.564594,45.7247
713154,23.208486,88.076808,20.5775
713155,23.434082,87.584618,15.6715
713156,23.522757,87.668412,11.9316
713157,23.197667,88.270072,3.669
713158,23.398384,87.971367,23.5922
713160,23.222896,87.919974,3.4228
713162,23.417254,87.673738,17.0821
713165,23.403283,88.012822,53.7545
713166,23.091577,88.074966,107.3399
713167,23.443305,87.76355,38.8179
713168,23.232358,88.092154,8.7462
713169,23.421778,87.444227,9.3247
713170,23.164663,88.272875,3.5757
713171,23.42464,87.61142,12.3092
713172,23.565704,87.440946,83.5494
713173,23.550208,87.759789,3.7836
713201,23.503831,87.326124,12.6189
713202,23.561736,87.321233,7.3662
713203,23.546631,87.251628,25.4
713204,23.581862,87.287359,7.6775
713205,23.572207,87.301067,9.6562
713206,23.55386,87.359881,19.7315
713207,23.578304,87.204403,5.2243
713208,23.494553,87.30077,5.3085
713209,23.552306,87.292074,2.6561
713210,23.521854,87.307281,9.16
713211,23.488971,87.354935,9.4439
713212,23.55895,87.395718,132.0011
713213,23.550804,87.272982,9.6097
713214,23.539667,87.332133,10.4841
713215,23.51428,87.267806,10.0865
713216,23.53771,87.297794,10.0838
713217,23.572804,87.227353,5.9268
713218,23.471827,87.347896,16.404
713219,23.495586,87.338674,1.3829
713301,23.686021,86.960028,4.1564
713302,23.700394,86.972088,8.0363
713303,23.677095,86.985011,9.6189
713304,23.695497,86.94157,8.7317
713305,23.716568,86.940899,8.9864
713315,23.814779,87.000978,92.5226
713321,23.602272,87.225818,15.3325
713322,23.659388,87.194644,16.7845
713323,23.576253,87.163998,21.4789
713324,23.643027,86.777516,94.4365
713325,23.652029,86.943664,44.7754
713326,23.691556,86.920394,1.8592
713330,23.721056,87.005276,8.1811
713331,23.853858,86.909636,13.3461
713332,23.668376,87.065475,12.596
713333,23.698411,86.835844,14.3416
713334,23.751629,87.016184,37.1586
713335,23.818309,86.914459,78.818
713336,23.707441,87.077797,78.2608
713337,23.754865,86.854019,17.1202
713338,23.62657,87.193407,24.8994
713339,23.650405,87.000116,21.6209
713340,23.695667,87.004139,23.7859
713341,23.734827,86.956201,20.1936
713342,23.673897,87.160811,8.5472
713343,23.723599,86.835765,37.2174
713344,23.30972,88.304402,8.7281
713346,23.70819,87.285422,51.4034
713347,23.624155,87.059005,92.0805
713357,23.76925,86.876487,4.7288
713358,23.635224,87.105999,20.5578
713359,23.763103,86.923705,96.3282
713360,23.676731,86.870121,15.2807
713361,23.220554,87.863469,1.6334
713362,23.704636,87.13776,58.4018
713363,23.626482,87.292686,164.3734
713365,23.86262,86.897028,9.0838
713368,23.773184,87.089694,64.5872
713369,23.783318,86.834258,10.4005
713370,23.672914,87.035766,3.0586
713371,23.681532,86.903767,28.8477
713372,23.699363,86.868418,3.4599
713373,23.698024,87.037971,10.7722
713375,23.675713,87.078492,1.6157
713376,23.631621,87.167422,4.0124
713377,23.676629,87.402433,11.241
713378,23.707362,87.207161,65.6465
713380,23.727168,87.219887,13.5661
713381,23.679585,87.352043,57.0032
713383,23.650149,87.082978,1.2466
713384,23.651856,87.154634,7.8293
713385,23.642822,87.315276,3.2613
713386,23.809849,86.8846,1.4911
713401,23.135439,88.038971,30.9871
713402,23.405749,87.506097,13.2363
713403,23.365403,87.559748,157.2035
713404,23.001393,87.994808,49.6658
713405,23.288234,88.297288,93.0947
713406,23.34914,87.685597,137.2554
713407,23.262037,88.011627,84.5921
713408,23.072795,87.983806,149.9375
713409,23.221981,88.32899,79.7995
713419,23.383267,88.043756,15.5338
713420,23.455491,87.435152,7.334
713421,23.009842,87.90705,118.7491
713422,23.338601,88.155232,310.3143
713423,23.073497,87.790368,150.1213
713424,23.103177,87.869967,237.4646
713425,23.26865,88.254797,4.8874
713426,23.326472,88.040777,86.7581
713427,22.985929,87.783829,99.2837
713428,23.278576,87.65071,129.9492
713429,23.32017,88.089588,17.5994
713430,23.276577,88.194676,12.5006
713432,23.287343,87.716276,4.7429
713433,23.316134,87.723442,6.3893
713434,23.236202,88.339422,1.4337
713501,23.24601,88.33097,1.299
713502,23.592086,88.171441,72.592
713512,23.550478,88.270702,138.921
713513,23.465714,88.289953,190.2753
713514,23.525352,88.179399,79.4428
713515,23.367827,88.239122,30.26
713516,23.632594,88.133028,2.5508
713517,23.606632,88.12443,10.2591
713519,23.374117,88.295518,98.368
713520,23.597198,87.653827,17.5354
721101,22.43797,87.321671,102.8834
721102,22.464768,87.172687,210.9109
721121,22.865694,87.311945,53.0072
721122,22.571619,87.397643,117.0381
721124,22.335516,87.551471,69.9363
721125,22.003147,87.061963,367.8763
721126,22.421412,87.543508,111.7681
721127,22.865163,87.399492,386.3203
721128,22.706772,87.1022,105.0929
721129,22.516767,87.297602,166.2571
721130,22.483235,87.869241,25.7617
721131,22.331128,87.669238,82.6601
721132,22.630052,87.295909,37.0961
721133,22.122947,87.236626,308.9544
721134,22.415748,87.897916,42.6021
721135,22.209739,87.162533,224.077
721136,22.467783,87.63006,99.7222
721137,22.380053,87.920251,57.4606
721139,22.452527,87.680789,131.2865
721140,22.271559,87.576445,182.4508
721143,22.185437,87.101072,32.7102
721144,22.143939,87.621014,180.5257
721145,22.260021,87.263825,62.6747
721146,22.528317,87.73273,63.6947
721147,22.627163,87.355259,228.2067
721148,22.147356,87.076789,64.0782
721149,22.368406,87.454699,201.3741
721150,22.517336,87.472593,292.1999
721151,22.40418,87.812315,67.1319
721152,22.352003,87.722455,92.2417
721153,22.543811,87.829409,69.7418
721154,22.463443,87.822416,49.2879
721155,22.218554,87.672292,80.0677
721156,22.489728,87.570097,81.6172
721157,22.796592,87.182149,402.4055
721158,22.490158,87.840739,11.5555
721159,22.018631,87.16118,142.8473
721160,22.358315,87.617338,52.7382
721161,22.169108,87.690415,17.5571
721166,22.201451,87.531394,95.0339
721167,22.460193,87.720465,12.1982
721171,22.416561,87.869967,1.5265
721172,22.36742,87.884191,3.1237
721201,22.753922,87.508723,220.0493
721211,22.577365,87.687162,187.3655
721212,22.664138,87.74496,223.6245
721222,22.73147,87.693501,57.2734
721232,22.690077,87.61785,256.9202
721242,22.81492,87.593788,91.572
721253,22.739578,87.329098,250.1951
721260,22.659122,87.46616,237.5565
721301,22.308613,87.363608,269.7156
721302,22.314586,87.309957,5.8533
721303,22.336387,87.230421,21.6139
721304,22.295766,87.230255,29.2259
721305,22.402707,87.370222,38.6568
721306,22.312075,87.277017,27.1428
721401,21.758586,87.73721,172.4682
721420,21.852458,87.473291,28.6237
721422,21.877495,87.613644,142.2562
721423,21.683276,87.600906,80.7519
721424,22.085903,87.357731,176.3736
721425,22.003458,87.72653,44.0092
721426,21.922532,87.293983,184.8057
721427,21.86394,87.824999,73.5667
721428,21.63885,87.519286,26.7559
721429,21.901186,87.524971,142.4779
721430,21.946456,87.817177,136.8748
721431,21.859589,87.923117,150.1718
721432,21.937123,87.905884,55.3028
721433,21.758494,87.655428,82.0361
721434,22.092003,87.640922,17.6077
721435,21.905502,87.370143,47.6289
721436,21.828447,87.410049,80.8628
721437,22.186525,87.4037,280.0445
721438,21.950019,87.566335,18.6993
721439,22.034086,87.534271,142.5656
721440,21.984588,87.603298,56.5675
721441,21.673038,87.53822,32.4945
721442,21.800428,87.835287,72.3199
721443,21.932011,87.463401,78.7201
721444,21.910599,87.738385,105.6633
721445,22.004344,87.430998,189.5787
721446,21.696761,87.489262,52.8424
721447,21.804407,87.458436,46.8381
721448,21.776633,87.526335,138.9036
721449,21.845666,87.741462,47.7401
721450,21.73413,87.806692,52.6763
721451,22.008724,87.306626,120.3887
721452,21.822415,87.64804,92.4382
721453,21.719952,87.556239,31.109
721454,22.056119,87.624411,58.1386
721455,21.690241,87.663747,62.4301
721456,21.973371,87.662233,107.3074
721457,21.826128,87.333003,98.1099
721458,22.077957,87.683344,58.2839
721463,21.624955,87.501015,3.5404
721467,22.128083,87.518172,66.4237
721501,22.681495,86.693853,450.2948
721503,22.421396,86.868814,108.0992
721504,22.570502,86.952388,294.0142
721505,22.500371,86.854642,236.3505
721506,22.164225,86.881996,409.824
721507,22.356458,86.989956,540.3892
721513,22.354263,87.147001,295.2394
721514,22.463426,87.001229,41.2051
721515,22.633404,86.833165,108.4644
721516,22.594703,87.114373,427.3836
721517,22.23285,86.946909,172.8329
721601,22.111952,87.748873,89.3196
721602,22.079162,88.137455,19.206
721603,22.191011,88.034274,40.9408
721604,22.060455,88.111154,11.1241
721606,22.054039,88.074192,3.6708
721607,22.036542,88.086377,15.2187
721625,22.062867,87.888293,30.2427
721626,22.033343,87.763766,58.1406
721627,22.325835,87.85948,40.4788
721628,22.164234,87.970844,78.7602
721629,22.247488,87.786201,36.872
721631,22.008815,87.990652,130.2102
721632,22.177659,87.923682,43.2799
721633,22.131382,87.830056,88.2854
721634,22.35633,87.78409,48.9687
721635,22.111362,88.114678,130.8705
721636,22.306588,87.92728,55.5185
721641,22.489473,87.755972,48.7314
721642,22.187649,87.782176,65.2547
721643,22.207994,87.900234,14.5397
721644,22.241164,87.737179,59.6825
721645,22.126705,88.066119,30.3292
721646,21.93995,87.974063,50.3143
721647,22.295541,87.755718,27.4706
721648,22.243421,87.942841,67.8371
721649,22.272573,87.868801,39.2655
721650,22.011393,87.901465,77.8441
721651,22.270355,87.816982,32.0591
721652,22.189093,87.869436,91.4089
721653,22.318797,87.814293,25.4675
721654,22.126313,88.019645,67.4877
721655,22.021682,87.824134,43.8327
721656,22.083317,87.946601,64.1352
721657,22.039873,88.047594,22.3309
721658,22.172034,88.102886,18.9044
721659,22.075775,87.839378,66.5116
721668,22.336101,87.903619,8.8289
722101,23.083062,86.776679,172.7334
722102,23.266615,87.005562,69.1372
722107,23.216299,87.092909,7.6003
722110,23.256833,87.456811,30.786
722111,23.388946,87.417718,49.0845
722112,23.255425,87.355806,57.843
722121,23.097874,86.947787,135.2778
722122,23.079739,87.373436,257.639
722132,23.43683,86.943351,193.7387
722133,23.409921,87.078557,237.7994
722134,22.796475,86.911911,217.1827
722135,22.879598,86.716755,230.6054
722136,23.184179,86.888196,263.292
722137,23.352552,86.857597,200.0873
722138,22.984077,87.451293,168.8698
722139,23.291387,86.916595,175.635
722140,22.966304,86.878158,299.7914
722141,23.000522,87.605771,212.3077
722142,23.488831,87.236477,155.4489
722143,23.554636,87.083697,205.2273
722144,23.151624,87.193488,375.5428
722145,22.962374,87.318631,45.6084
722146,23.21924,87.001436,84.956
722147,23.066644,87.258703,56.0659
722148,22.851165,86.794511,208.0734
722149,22.964153,87.24663,129.996
722150,22.781262,87.00906,252.3736
722151,22.928225,87.132135,242.5942
722152,23.030763,87.072821,259.0428
722153,23.590398,86.926965,107.9159
722154,23.048764,87.526525,100.5086
722155,23.289003,87.116141,110.959
722156,22.949505,87.183944,64.1593
722157,23.20065,87.326772,149.508
722158,23.525713,86.96273,158.7266
722160,22.917986,87.004079,115.6126
722161,22.927103,87.591201,51.5446
722162,22.718089,86.85535,252.9909
722163,23.168351,87.275782,15.2105
722164,23.002372,87.344381,100.3642
722165,23.128353,87.353288,31.2335
722166,23.477077,87.087486,23.157
722168,23.438789,87.260202,8.736
722169,23.351139,87.110275,9.6317
722170,23.191778,87.01508,15.7515
722171,23.052993,86.85878,84.571
722172,23.196782,87.068325,15.4504
722173,23.166026,86.800298,77.7118
722174,23.144999,87.075391,123.324
722175,23.321823,87.025212,53.0166
722176,23.267087,87.142573,11.6518
722177,23.455201,87.199694,21.3654
722178,23.300169,87.076102,13.5901
722179,23.10155,87.089412,34.2483
722180,23.233394,87.100749,5.2388
722181,23.244852,87.007721,10.2363
722182,23.401103,86.977033,15.4326
722183,23.469441,87.135828,44.9029
722201,23.071552,87.7192,79.3529
722202,23.405658,87.246188,79.4625
722203,23.326743,87.237285,296.8443
722204,23.397024,87.31624,26.5853
722205,23.122609,87.634176,198.9871
722206,23.195366,87.518553,388.2531
722207,23.306611,87.428106,246.9777
722208,23.407642,87.35969,76.9283
722209,23.200691,87.463585,22.117
723101,23.299606,86.589239,456.2607
723102,23.294291,86.354183,63.6593
723103,23.397334,86.253462,107.5141
723104,23.355314,86.341598,2.0433
723121,23.470505,86.737521,368.7436
723126,23.464711,86.507237,292.7097
723127,23.081412,86.376444,340.256
723128,23.136585,86.519294,376.708
723129,22.826346,86.524948,427.2769
723130,23.307159,86.717297,206.5655
723131,22.991385,86.628377,586.6445
723132,23.3978,86.668036,154.9545
723133,23.609519,86.676632,233.1302
723142,23.587361,86.788896,25.9263
723143,23.077027,86.218898,263.864
723145,23.607398,86.549853,200.8811
723146,23.575328,86.436311,50.137
723147,23.408884,86.381861,80.0506
723148,23.34947,86.488341,230.2425
723149,23.380709,86.323743,105.4876
723151,23.191417,86.674737,264.1462
723152,23.194611,86.071011,383.579
723153,23.181889,86.278359,286.2765
723154,23.281919,86.227975,185.2036
723155,23.52581,86.466272,153.3364
723156,23.540243,86.837978,159.125
723161,23.634774,86.845834,56.4046
723168,23.429358,86.840178,7.3672
723201,23.36668,86.150142,290.1455
723202,23.365479,85.973042,380.3113
723212,23.239161,85.905352,269.5203
723213,23.450521,86.077208,225.6655
723215,23.531247,86.071344,106.7626
731101,23.905573,87.531659,14.592
731102,23.859826,87.528989,121.9208
731103,23.954342,87.536728,132.2053
731104,23.827325,87.453501,86.0007
731121,23.781176,87.569163,131.9822
731123,23.829481,87.333615,251.1588
731124,23.717528,87.440473,221.8219
731125,23.797173,87.199795,189.2414
731126,23.931181,87.425151,168.5944
731127,24.026155,87.524215,142.3313
731129,23.861596,87.605883,62.1072
731130,23.966647,87.31588,154.6209
731132,24.061689,87.622687,167.7424
731133,23.742682,87.320693,45.5794
731201,23.827566,87.704051,249.971
731202,24.107966,87.857218,2.4958
731204,23.683592,87.717915,211.85
731214,23.658869,87.54831,218.575
731215,23.605187,87.89913,129.3297
731216,24.050152,87.731785,196.2728
731218,23.967153,87.786979,148.8705
731219,24.473033,87.867008,169.602
731220,24.297493,87.867005,127.5101
731221,24.466418,87.958106,167.0693
731222,24.54747,87.873229,96.1788
731223,24.224404,87.749847,140.6899
731224,24.171172,87.852461,255.3799
731233,24.126378,87.794884,88.5123
731234,23.925671,87.715699,216.6582
731235,23.679193,87.673429,11.0435
731236,23.702418,87.620705,111.0856
731237,24.278443,87.968288,152.6977
731238,24.378168,87.882535,114.8171
731240,23.611271,87.797884,113.4918
731241,24.198739,87.925601,39.9757
731242,24.246599,87.904677,29.814
731243,24.302471,87.779317,108.1171
731244,24.113359,87.882166,46.046
731245,24.032775,87.845176,81.6598
731301,23.681549,87.848858,109.8286
731302,23.752863,87.889404,107.0809
731303,23.801587,87.817878,210.2384
731304,23.816277,87.918957,39.9097
732101,24.898186,88.133132,56.6878
732102,25.18861,88.065971,248.3334
732103,25.01488,88.102864,121.4136
732121,24.926473,88.293132,87.1772
732122,25.027058,88.324194,341.6945
732123,25.391458,88.001394,284.4598
732124,25.221484,88.241774,479.221
732125,25.376809,87.859398,311.3211
732126,25.367688,88.080634,130.4717
732127,24.843495,87.933955,20.4758
732128,25.089631,88.124812,106.3921
732138,25.162491,88.395542,271.0337
732139,25.268425,87.988269,155.8927
732140,25.486652,87.939984,117.917
732141,25.076681,88.204724,105.3305
732142,24.993754,88.19435,75.6127
732143,25.039565,88.112791,1.5341
732144,25.045959,88.10189,2.3148
732147,25.147816,88.325358,43.4055
732150,25.428183,88.087824,11.7901
732201,24.787839,88.076699,283.4914
732202,25.066161,87.900887,136.8995
732203,25.141532,87.856647,212.7335
732204,25.294443,87.929764,1.6685
732205,25.217666,87.901049,167.394
732206,24.897238,88.08785,50.628
732207,24.943938,87.973616,260.9232
732208,25.043647,88.034514,153.3652
732209,25.043288,87.969618,43.7249
732210,24.804636,87.994721,66.196
732211,25.020768,87.99404,6.3523
732212,24.888944,88.049575,8.0824
732213,25.132194,88.033161,10.7263
732214,25.126321,87.985529,15.3471
732215,24.814898,87.942281,10.9741
732216,24.849409,88.111528,18.8902
733101,25.229127,88.779516,11.1812
733102,25.255871,88.726464,98.2093
733103,25.234759,88.828805,160.7729
733121,25.444095,88.42439,332.244
733123,25.282803,88.935,33.8135
733124,25.40033,88.503939,330.973
733125,25.371552,88.271622,280.8071
733126,25.297231,88.97186,36.9554
733127,25.274337,88.589679,407.0649
733128,25.388676,88.166152,281.3612
733129,25.625044,88.318969,427.062
733130,25.639653,88.187625,51.382
733132,25.523053,88.363557,276.5311
733133,25.339928,88.794984,164.8883
733134,25.641694,88.14689,516.7658
733140,25.402216,88.639063,152.2981
733141,25.447048,88.745736,257.1661
733142,25.294578,88.480034,101.1142
733143,25.505082,88.162177,125.8179
733145,25.262299,88.901103,101.4839
733156,25.767375,88.153532,237.7312
733158,25.330458,88.704882,44.3917
733201,25.875143,87.976251,208.3256
733202,26.205008,88.189227,249.6255
733207,26.369052,88.357181,616.2566
733208,26.041332,88.010307,336.5012
733209,26.013111,87.902149,250.5697
733210,26.007209,88.092433,335.9125
733215,25.788445,87.980429,224.8258
734001,26.734496,88.43247,20.0549
734002,26.816887,88.423704,16.8567
734003,26.764575,88.404513,62.2309
734004,26.701301,88.436385,4.4771
734005,26.702258,88.417331,6.4218
734006,26.710203,88.456683,15.7362
734007,26.686512,88.432747,6.1445
734008,26.885234,88.416344,168.7694
734009,26.819699,88.335442,105.6306
734010,26.751378,88.351693,46.586
734011,26.699122,88.38025,11.3885
734012,26.685498,88.383713,7.4715
734013,26.720133,88.353781,12.4471
734014,26.673387,88.338439,28.8933
734015,26.662535,88.433128,31.291
734101,27.059352,88.242637,33.5472
734102,27.012294,88.212615,70.2058
734103,27.026413,88.262552,0.5963
734104,27.029401,88.281072,15.8466
734105,27.081209,88.296191,61.6206
734121,26.969599,88.227878,20.1733
734122,27.06048,88.20095,11.861
734123,26.999309,88.27635,11.6117
734124,27.097609,88.253845,16.0123
734201,27.101351,88.096022,397.976
734203,26.879398,88.261414,28.2857
734204,26.885845,88.291033,4.0584
734213,27.075484,88.345776,45.7962
734214,26.897297,88.171525,32.2202
734215,26.918632,88.203603,27.3163
734216,26.952485,88.186046,19.8691
734217,26.824532,88.264339,44.1235
734218,26.860309,88.211777,39.1788
734219,26.941047,88.259108,70.6168
734220,26.897827,88.301066,4.8736
734221,26.975313,88.15173,64.2612
734222,27.038397,88.357919,30.0764
734223,26.90113,88.329551,74.3526
734224,26.931111,88.297115,11.6401
734226,27.017435,88.38832,40.3562
734227,26.844316,88.188068,8.9963
734301,26.969062,88.520714,410.4153
734311,27.132981,88.63097,39.0148
734312,27.068174,88.406382,25.8927
734313,26.978923,88.348817,90.3636
734314,27.057295,88.605901,97.6024
734315,27.163916,88.575555,49.7193
734316,27.094439,88.519666,103.3366
734317,27.112871,88.578533,37.0058
734319,27.122042,88.687484,98.6031
734320,26.939986,88.431172,21.3658
734321,27.016169,88.431782,10.983
734421,26.684401,88.325301,8.7019
734423,26.753926,88.231879,161.6329
734424,26.72365,88.317832,18.0332
734425,26.506035,88.254108,113.3041
734426,26.597842,88.24167,57.5046
734427,26.579948,88.168674,152.4873
734429,26.674558,88.215996,80.7066
734431,26.768679,88.279247,25.8291
734434,26.628361,88.325937,184.9194
734436,26.531291,88.325064,71.2393
734501,26.840045,88.545014,92.3234
734503,27.02568,88.8551,76.2407
735101,26.527301,88.731387,55.1351
735102,26.487221,88.722835,31.6781
735121,26.569774,88.732908,29.5212
735122,26.323509,88.844823,254.3009
735132,26.403431,88.726502,241.6698
735133,26.559136,88.611857,411.9058
735134,26.730555,88.532657,329.2904
735135,26.580322,88.492784,126.1652
735202,26.809964,88.950718,189.9293
735203,26.634405,88.459309,68.4857
735204,26.709253,89.134958,330.8101
735205,26.888938,88.991097,127.6894
735206,26.850062,88.785685,68.4822
735207,26.870752,89.075285,24.046
735208,26.777993,89.401965,103.351
735209,26.844991,88.661165,41.4507
735210,26.595124,89.00458,346.5597
735211,26.512594,89.213602,366.126
735212,26.7248,89.01865,154.2682
735213,26.659653,89.220521,93.4335
735214,26.684055,89.389253,60.9569
735215,26.734405,89.375904,20.5598
735216,26.608251,89.14744,53.7598
735217,26.644655,89.52997,475.7056
735218,26.670263,88.714918,188.4592
735219,26.69599,88.824527,120.9657
735220,26.737524,89.287275,164.1639
735221,26.796584,88.631019,306.428
735222,26.953625,88.819501,48.5973
735223,26.928104,88.784479,40.5405
735224,26.541891,88.870437,361.3603
735225,26.84585,88.866186,394.3424
735226,26.774398,89.437672,22.9957
735227,26.741171,89.595989,313.8981
735228,26.781114,89.229135,87.2146
735229,26.90479,88.675103,56.3779
735230,26.762071,88.74857,88.5633
735231,27.016431,88.7257,424.385
735232,26.771387,89.041743,17.4552
735233,26.719674,88.92437,115.8389
735234,26.771706,88.578548,12.8905
735301,26.450768,88.936796,35.3451
735302,26.596471,88.792764,39.8868
735303,26.449955,89.063371,295.1736
735304,26.31714,88.960724,184.6342
735305,26.470963,88.825846,105.5503
736101,26.31569,89.458215,22.4734
736121,26.487576,89.537446,155.2344
736122,26.522745,89.50436,11.0986
736123,26.523065,89.538513,41.7706
736131,26.390008,89.779757,210.129
736133,26.408438,89.491828,239.3031
736134,26.223835,89.51888,250.9065
736135,26.102019,89.460797,294.6228
736145,26.152351,89.364519,60.0097
736146,26.34112,89.188667,251.1897
736156,26.254347,89.590674,107.2256
736157,26.281586,89.320917,296.8665
736158,26.154562,89.216187,136.9781
736159,26.31422,89.678285,289.9045
736160,26.351144,89.593448,134.5143
736165,26.414668,89.372276,205.4303
736167,26.080733,89.337932,193.5877
736168,26.039124,89.562528,96.2152
736169,26.125282,89.534159,52.9251
736170,26.279705,89.428937,76.4083
736171,26.370777,89.313591,81.095
736172,26.229224,89.219349,179.3973
736176,26.107692,89.592975,46.2131
736179,26.349988,89.449941,16.8859
736182,26.748941,89.342532,123.2491
736201,26.617782,89.742544,168.4317
736202,26.490149,89.723386,181.7779
736203,26.581406,89.835211,130.561
736204,26.559703,89.357816,389.3927
736205,26.67953,89.829723,77.6901
736206,26.573802,89.683344,151.7935
736207,26.474787,89.826501,69.1416
736208,26.523181,89.601448,100.6952
737101,27.338944,88.601601,18.2856
737102,27.315475,88.593975,17.4631
737103,27.352128,88.746777,383.3268
737106,27.234345,88.611245,55.1266
737107,27.365035,88.517641,131.9519
737111,27.313209,88.267936,119.8624
737113,27.412762,88.167542,994.4849
737116,27.5388,88.405462,988.1725
737117,27.444832,88.709502,169.9926
737118,27.429583,88.638735,17.4051
737119,27.414561,88.580014,20.906
737120,27.808327,88.547752,4247.2734
737121,27.193586,88.18032,413.9323
737126,27.178207,88.399337,266.6573
737128,27.120819,88.410041,79.6016
737131,27.237806,88.757761,270.3946
737132,27.190706,88.536045,75.1995
737133,27.19451,88.636345,41.3258
737134,27.253998,88.504338,100.9485
737135,27.287404,88.64248,130.8338
737136,27.183907,88.512226,3.1038
737138,27.296966,88.472188,35.0979
737139,27.362497,88.373706,490.326
741101,23.396599,88.502686,29.3918
741102,23.376371,88.545817,57.5315
741103,23.412048,88.464534,82.6001
741121,23.306868,88.535852,57.5732
741122,24.023884,88.681594,122.0192
741123,23.538951,88.595235,250.9542
741124,23.618594,88.528311,82.1686
741125,23.475506,88.407814,89.2237
741126,23.625383,88.399818,273.936
741127,23.260681,88.56878,47.2654
741137,23.667684,88.26689,216.0013
741138,23.559162,88.376792,23.6605
741139,23.478524,88.448366,7.0787
741140,23.492754,88.473075,67.4024
741150,23.72416,88.229965,63.6538
741151,23.382398,88.574813,25.7673
741152,23.945905,88.612645,201.0766
741153,23.631817,88.187884,26.2898
741154,23.554502,88.452792,63.6268
741155,23.811556,88.468133,79.6621
741156,23.777601,88.365816,260.2649
741157,23.755881,88.273087,8.8432
741158,23.973227,88.726412,78.9625
741159,23.263512,88.533792,17.5972
741160,23.728405,88.523011,231.069
741161,23.423567,88.588449,59.7153
741162,23.553602,88.323889,22.584
741163,23.829903,88.556009,87.2553
741164,23.479347,88.545239,59.9598
741165,23.902376,88.545914,136.4311
741166,23.500243,88.583964,7.096
741167,23.433776,88.639133,8.8759
741181,23.729354,88.313119,25.6715
741201,23.172325,88.604079,15.0335
741202,23.185884,88.607576,43.1275
741221,22.935911,88.547065,6.1856
741222,23.060968,88.574151,207.8191
741223,23.078189,88.650887,40.6667
741232,23.187143,88.550872,39.9902
741234,22.961808,88.492565,11.2426
741235,22.973502,88.443543,28.3878
741238,23.13775,88.6536,80.9759
741245,23.008484,88.485541,60.1173
741246,22.952354,88.525009,12.1303
741247,23.122407,88.546507,1.8587
741248,23.031024,88.523171,11.4063
741249,22.968904,88.57026,97.3244
741250,22.947598,88.477911,9.4997
741251,23.0007,88.428978,16.181
741252,22.948958,88.533603,1.6759
741253,23.189958,88.696942,28.344
741254,23.21519,88.5599,9.6967
741255,23.138967,88.514677,38.3101
741256,23.134932,88.571014,18.9851
741257,22.951367,88.637856,91.4545
741301,23.3785,88.395713,14.2453
741302,23.367474,88.362124,44.758
741313,23.419214,88.39761,17.3633
741315,23.399528,88.406549,8.5538
741316,23.410351,88.350279,13.7862
741317,23.332253,88.396914,45.6066
741319,23.407086,88.323738,7.7111
741401,23.336913,88.468265,47.9893
741402,23.195081,88.495658,74.4115
741404,23.268193,88.423717,171.1373
741501,23.243943,88.646969,116.7377
741502,23.330796,88.659094,158.4535
741503,23.458711,88.76252,49.6537
741504,23.25656,88.716814,25.0298
741505,23.370761,88.607779,29.9918
741506,23.442722,88.681714,28.7093
741507,23.393405,88.726571,75.2889
741508,23.493622,88.697523,71.265
741509,23.417564,88.666113,18.4828
742101,24.083639,88.253211,9.3663
742102,24.101029,88.345967,113.6522
742103,24.115934,88.262232,12.2244
742104,24.202884,88.205429,29.5798
742113,24.237018,88.319077,26.6769
742121,23.932022,88.43739,162.3458
742122,24.258281,88.20788,121.3288
742123,24.271632,88.26179,28.1564
742132,23.917042,87.920831,104.6087
742133,23.926413,88.282697,145.1171
742134,23.992057,88.269626,111.2406
742135,24.310953,88.367884,323.1091
742136,24.083645,88.119726,201.1467
742137,23.969349,88.099932,113.3644
742138,23.936113,88.012731,25.0092
742140,23.909775,88.051613,52.3518
742147,24.030066,87.990882,177.6884
742148,24.40292,88.234114,175.3064
742149,24.172849,88.280368,109.9113
742151,24.355317,88.241058,42.4327
742159,24.121436,87.984832,206.4029
742160,24.203044,88.267733,8.584
742161,23.86533,87.949668,98.0557
742163,23.835514,88.186952,81.2526
742164,24.179544,88.284685,1.5188
742165,24.051301,88.259244,46.4259
742166,24.037743,88.411847,267.1806
742168,23.98816,87.919784,128.2072
742174,23.874613,88.349152,60.8678
742175,23.936024,88.37887,61.147
742184,24.195854,88.074964,193.1579
742187,24.113962,88.202769,111.9995
742189,23.837598,88.267228,134.0776
742201,24.589114,88.01906,104.5917
742202,24.680274,87.933783,164.6787
742212,24.800702,87.918007,43.6525
742213,24.464838,88.122477,134.7684
742223,24.52973,88.057461,85.3601
742224,24.630622,87.978826,42.1444
742225,24.444184,88.052451,24.1614
742226,24.293094,88.083966,209.635
742227,24.400704,88.082412,78.7492
742235,24.405556,88.005041,99.4928
742236,24.76536,87.873161,41.8253
742237,24.347905,88.132316,95.6491
742238,24.17387,88.143651,12.9085
742301,23.881983,88.109951,119.9736
742302,24.185124,88.385861,157.1542
742303,24.122914,88.611563,237.1507
742304,24.211094,88.48635,224.4527
742305,24.150688,88.695874,60.2985
742306,24.258949,88.678615,143.4598
742308,24.267302,88.575487,160.7107
742401,23.811735,88.068296,130.5685
742402,23.76849,88.152548,45.8009
742404,23.819224,88.157055,34.4805
742405,23.983056,88.18436,93.8509
742406,24.072153,88.545307,176.0168
742407,24.06914,88.260816,6.2126
742408,24.018784,88.249437,1.4697
742409,24.247106,88.553082,8.0719
743122,22.786175,88.352347,6.3213
743123,22.873594,88.406973,0.9801
743124,22.852489,88.37619,0.8993
743125,22.844921,88.404326,6.1398
743126,22.831919,88.449786,47.5698
743127,22.816609,88.401615,25.4895
743128,22.846054,88.383378,2.0166
743129,22.861707,88.414891,7.2165
743130,22.867724,88.425546,2.3853
743133,22.856196,88.49232,27.3524
743134,22.943967,88.42045,7.0604
743135,22.914795,88.413813,4.7945
743136,22.923087,88.421797,4.7145
743144,22.804089,88.373135,14.0676
743145,22.911111,88.479104,39.5754
743165,22.891312,88.419399,8.7751
743166,22.888193,88.447907,19.7011
743193,22.93944,88.446659,11.3594
743194,22.860917,88.391361,4.6654
743221,22.867247,88.522475,70.2352
743222,22.848118,88.569725,7.8116
743223,22.84539,88.640798,3.2922
743232,23.193924,88.928069,69.4274
743233,22.808541,88.651058,7.1534
743234,22.783901,88.576093,50.1722
743235,23.053114,88.832052,163.1261
743245,22.953946,88.822017,134.7468
743247,22.848302,88.802336,52.1808
743248,22.767037,88.534372,26.7536
743249,22.928046,88.707508,90.6947
743251,23.151241,88.828908,160.2295
743252,22.878356,88.744197,28.43
743262,23.060754,88.74,67.3956
743263,22.84236,88.683421,62.8778
743268,22.857005,88.655625,6.8326
743270,23.212568,88.851534,55.2383
743271,22.79712,88.685602,14.0531
743272,22.859793,88.61301,59.6203
743273,22.842723,88.941145,193.8146
743286,22.824707,88.863381,57.787
743287,22.919416,88.763363,21.9215
743289,22.839633,88.741173,22.4179
743290,22.992389,88.700343,60.2758
743291,22.630306,88.815555,53.6518
743292,22.685662,88.914367,64.403
743293,22.711123,88.738011,28.6911
743294,22.728799,88.553804,49.611
743297,23.197857,88.750766,81.2538
743312,22.110006,88.692959,396.6175
743318,22.385013,88.145282,85.6837
743329,22.284901,88.693341,396.8014
743330,22.445107,88.514816,101.1903
743331,22.196104,88.18996,12.2569
743332,22.159239,88.250515,65.6638
743336,22.109234,88.303351,90.5255
743337,22.210843,88.529294,127.1576
743338,22.113991,88.540532,255.5088
743339,21.590691,88.26442,38.8273
743345,22.125183,88.347476,11.0018
743347,21.853347,88.270146,270.7527
743348,21.997684,88.239665,80.5954
743349,21.965418,88.383752,330.2556
743351,22.079174,88.250137,45.6031
743354,22.073774,88.367633,126.5356
743355,22.229538,88.372385,122.016
743356,21.891429,88.113548,26.3175
743357,21.698285,88.25275,233.5927
743363,22.387348,88.548983,52.0055
743368,22.218649,88.163177,161.0171
743370,22.14545,88.825145,204.0763
743371,21.730012,88.388021,371.4703
743372,22.254309,88.464954,112.4486
743373,21.736964,88.112762,244.3569
743374,21.945458,88.197258,66.4495
743375,22.240843,88.274107,65.1938
743376,22.331942,88.607466,213.0281
743377,22.370981,88.202821,36.5214
743378,22.224756,88.900412,120.6934
743383,21.920371,88.500188,377.4072
743384,22.418041,88.19337,13.2152
743385,22.264745,88.44504,1.5467
743387,22.317675,88.46969,2.6851
743389,22.341845,88.487201,73.2836
743390,21.701745,88.136198,13.4935
743391,22.288975,88.449534,5.035
743392,21.817589,88.15385,5.1601
743395,22.163885,88.358617,68.2133
743396,22.245883,88.533942,4.7516
743398,22.355128,88.263,15.0473
743399,21.986689,88.305017,172.8738
743401,22.760908,88.79218,133.3688
743405,23.034281,88.86807,16.1886
743411,22.656047,88.871283,29.1523
743412,22.65002,88.874669,17.1399
743422,22.605338,88.859898,32.8761
743423,22.684889,88.612081,160.5926
743424,22.709359,88.690003,101.622
743425,22.557991,88.689339,282.9656
743426,22.526132,88.912743,108.7386
743427,22.733203,88.878507,86.1184
743428,22.67463,88.792773,40.1352
743429,22.601965,88.922163,55.3573
743435,22.447249,88.949361,130.5195
743437,22.689023,88.756485,10.1325
743438,22.785983,88.733502,46.5341
743439,22.289589,88.986458,199.7877
743442,22.443088,88.821687,218.1136
743445,22.631738,88.755419,35.1874
743446,22.330297,88.885559,174.8791
743456,22.54775,88.80356,151.4854
743502,22.471509,88.610379,270.2193
743503,22.359666,88.280538,156.2658
743504,22.290586,88.138877,128.1079
743507,22.44176,88.600769,15.6106
743513,22.299291,88.266263,72.3915
743601,22.262517,88.397851,8.3117
743603,22.069865,88.411211,37.8945
743606,21.654631,88.082606,14.6097
743609,22.269514,88.334955,40.1655
743610,22.323877,88.392327,86.5849
743611,22.252964,88.793531,112.5865
743613,22.418449,88.47669,16.9377
743701,23.024121,88.756277,25.0785
743702,22.822463,88.568375,34.3012
743704,22.784844,88.641439,28.7141
743710,23.112005,88.71628,53.5097
743711,22.889622,88.568715,28.6168
744101,11.650953,92.731411,13.6745
744102,11.673933,92.723521,3.1425
744103,11.788854,92.568401,500.2975
744104,11.82882,93.046251,14.7557
744105,11.470521,92.66979,209.525
744106,11.660033,92.749496,1.1224
744107,11.823711,92.745999,164.4977
744112,11.649259,92.748361,2.3405
744201,12.707871,92.922596,132.3693
744202,13.237792,92.936474,1467.7383
744203,12.395952,92.936349,14.5505
744204,12.799904,92.802611,633.2962
744205,12.581388,92.834846,434.4432
744206,11.630837,92.667309,160.499
744207,10.702199,92.487401,719.2935
744209,12.383799,92.810173,696.6846
744210,12.04884,92.713311,642.085
744211,12.077758,93.047475,258.8956
744301,9.16874,92.767108,131.3158
744302,7.062026,93.792947,1140.9147
744303,7.972372,93.544681,326.7634
744304,7.940675,93.385927,161.8262
751001,20.274195,85.836456,3.438
751002,20.208965,85.832526,59.1131
751003,20.273525,85.796987,6.6858
751004,20.302446,85.841498,2.8427
751005,20.315381,85.835209,2.9234
751006,20.262219,85.867714,17.0383
751007,20.287213,85.848531,2.5288
751008,20.275434,85.811187,2.6904
751009,20.260247,85.832534,1.7915
751010,20.293549,85.876456,14.3219
751011,20.286764,85.801126,1.3634
751012,20.283989,85.819505,3.1223
751013,20.303932,85.814664,7.0922
751014,20.251392,85.840632,2.3469
751015,20.294499,85.797786,5.6617
751016,20.330109,85.818194,3.0319
751017,20.334234,85.866282,40.8184
751018,20.246602,85.860032,3.0426
751019,20.229097,85.781145,21.5951
751020,20.248917,85.812691,9.3767
751021,20.320431,85.800807,6.9046
751022,20.288172,85.834891,3.7637
751023,20.313487,85.814309,1.6408
751024,20.384058,85.849218,23.5568
751025,20.26421,85.822743,1.2384
751026,20.267071,85.835301,0.8433
751027,20.349776,85.81589,3.1026
751029,20.333752,85.758656,92.822
751030,20.260182,85.785206,5.015
751031,20.351667,85.839108,12.0502
751032,20.353231,85.802525,6.0039
752001,19.800856,85.806091,18.0186
752002,19.834585,85.828132,210.9038
752003,19.810414,85.855549,2.8152
752011,19.782425,85.597591,399.3399
752012,19.897814,85.794367,132.0587
752013,19.85282,85.724907,60.1677
752014,19.955454,85.759955,174.2807
752015,20.092897,85.72206,114.5448
752016,20.026715,85.753254,64.6295
752017,19.969838,85.620899,217.4322
752018,20.061178,85.591742,85.9515
752019,19.984871,85.572351,40.7661
752020,20.04316,85.518157,87.2783
752021,19.959314,85.486837,158.8068
752022,19.880724,85.402749,15.6777
752023,19.913049,85.399889,42.2277
752024,19.975568,85.283765,398.4125
752025,20.072165,85.371025,113.5223
752026,20.108538,85.295139,88.917
752027,19.889717,85.337171,103.3534
752028,19.831826,85.315801,29.4869
752029,19.802548,85.306738,1.0215
752030,19.720464,85.335766,1088.2037
752031,19.792851,85.171734,99.4691
752032,19.633761,85.354849,57.6625
752033,19.667492,85.425889,100.8733
752034,19.871957,85.245921,90.3907
752035,19.858113,85.08315,343.9748
752036,19.93923,85.511627,1.8779
752037,19.685206,85.189922,3.7239
752038,20.073768,85.421888,65.9967
752045,19.96828,85.899565,43.0385
752046,20.006736,85.82354,59.7984
752050,20.154424,85.712277,127.79
752054,20.262228,85.698296,198.2835
752055,20.17693,85.63256,29.477
752056,20.141264,85.568443,134.6155
752057,20.236293,85.583454,161.0574
752060,20.256872,85.638704,11.6609
752061,20.244693,85.482198,131.5441
752062,20.138533,85.464761,145.6923
752063,20.290033,85.302859,146.6527
752064,20.219951,85.379889,89.9357
752065,20.157344,85.353844,26.8822
752066,20.186193,85.278488,151.7074
752068,20.178963,85.158352,75.8918
752069,20.11848,85.111805,21.3809
752070,20.131015,85.060181,154.7477
752071,20.067567,85.189863,7.4504
752072,20.008749,85.023652,28.9895
752077,20.283287,85.16517,316.0525
752078,20.359644,85.180516,83.178
752079,20.094581,85.197335,115.3271
752080,19.985421,85.083143,137.0662
752081,19.985484,84.981724,238.1337
752082,20.12407,84.887619,215.3535
752083,20.246476,84.920645,271.0399
752084,20.418381,84.760031,424.2132
752085,20.459436,84.937689,249.1514
752086,20.251821,85.41888,10.3537
752087,20.151576,85.194269,13.042
752089,20.319695,84.603335,409.9541
752090,20.032038,84.901191,103.633
752091,20.325003,84.82894,291.1425
752092,20.02629,85.164114,94.4188
752093,20.35226,84.995897,211.4652
752094,20.188717,85.019386,202.5409
752100,20.229519,85.905262,45.6391
752101,20.272079,85.92825,65.6383
752102,20.172846,85.953911,132.7185
752103,20.143808,86.027694,53.8502
752104,20.121421,85.829148,168.1439
752105,20.023304,85.892499,74.7249
752106,20.060082,86.011927,129.5699
752107,20.006157,86.14325,58.7786
752108,20.000544,86.194399,58.6679
752109,19.965306,86.28459,157.7588
752110,19.961978,86.006593,93.5712
752111,19.888434,86.043932,206.24
752112,20.069924,85.840034,16.113
752113,20.041252,86.078332,36.2334
752114,20.089401,85.924631,106.814
752115,20.029158,85.492056,8.0607
752116,19.970594,86.068562,70.186
752118,19.925255,86.1711,76.8664
752119,20.01928,86.250659,43.0111
752120,20.039118,86.110706,13.1254
752121,19.949439,85.941552,68.2598
753001,20.470215,85.879677,2.1971
753002,20.469003,85.863813,2.4667
753003,20.465833,85.899883,4.2212
753004,20.458941,85.912161,3.783
753005,20.483857,85.87028,3.7948
753006,20.453063,85.932885,3.2438
753007,20.471486,85.890278,2.0668
753008,20.480715,85.853203,3.7608
753009,20.461185,85.873274,2.0786
753010,20.44256,85.919306,6.9835
753011,20.365427,85.947989,30.7233
753012,20.450704,85.890553,3.1897
753013,20.450194,85.90169,0.7078
753014,20.482952,85.819599,10.8967
753015,20.46962,85.849922,0.8345
753051,20.413474,85.890281,41.9874
754001,20.327921,85.932776,48.0715
754002,20.287582,85.966849,14.0495
754003,20.333145,86.004951,48.1462
754004,20.138929,86.116619,199.6134
754005,20.422836,85.817339,99.3367
754006,20.448427,85.764242,46.1308
754007,20.373089,85.646194,194.0808
754008,20.353767,85.522516,190.3804
754009,20.317054,85.407816,110.5963
754010,20.236622,86.011756,13.7329
754011,20.209909,86.026162,11.008
754012,20.359699,85.728516,24.8659
754013,20.421142,85.775486,6.6179
754016,20.258112,85.979122,12.3698
754017,20.34834,85.381787,11.1535
754018,20.277296,86.01294,42.6475
754021,20.551366,85.958344,12.9509
754022,20.592566,85.994577,192.1425
754023,20.507537,85.864604,17.011
754024,20.655546,86.126027,49.4249
754025,20.49974,85.942067,55.4551
754026,20.508987,85.892872,9.4827
754027,20.50016,85.78814,46.0914
754028,20.604711,85.851533,311.2148
754029,20.510362,85.676837,366.7422
754030,20.46413,85.512136,138.2611
754031,20.429393,85.343187,388.0068
754032,20.522329,85.051365,533.515
754034,20.443744,85.432548,5.4337
754035,20.442147,85.455945,19.8462
754036,20.180533,86.057522,26.742
754037,20.453086,85.196939,203.4748
754071,20.526396,85.91241,13.3325
754081,20.671382,86.131973,2.1376
754082,20.669687,86.02114,169.3436
754100,20.421328,85.98265,33.4837
754102,20.319975,86.107515,79.3097
754103,20.237512,86.17573,141.124
754104,20.299068,86.235546,80.4575
754105,20.237543,86.056719,29.4668
754106,20.220307,86.258683,66.5881
754107,20.132763,86.213771,23.0997
754108,20.158587,86.288794,123.6903
754109,20.156873,86.178732,28.5789
754110,20.113638,86.410435,142.0073
754111,20.338876,86.049139,52.4177
754112,20.415141,85.939841,27.0462
754113,20.084238,86.213493,88.7192
754114,20.266906,86.10564,30.446
754117,20.403963,86.018755,1.5695
754118,20.383372,85.981435,21.2461
754119,20.052538,86.344907,185.2531
754120,20.284178,86.676973,11.5912
754130,20.387175,86.09413,71.1418
754131,20.424988,86.100139,96.8451
754132,20.340826,86.177381,40.7663
754133,20.343836,86.248678,28.4283
754134,20.392527,86.27853,90.1661
754135,20.355126,86.276468,11.6199
754136,20.277827,86.30749,58.0393
754137,20.317997,86.34844,78.683
754138,20.215196,86.369614,115.6069
754139,20.188615,86.458802,96.3566
754140,20.285282,86.438641,124.6278
754141,20.270891,86.555925,258.7753
754142,20.278229,86.643916,17.1953
754143,20.303576,86.656331,6.8435
754145,20.256454,86.615714,31.1091
754153,20.390457,86.372768,51.1323
754155,20.416486,86.328069,5.9309
754156,20.414868,86.281656,4.0467
754157,20.413137,86.259058,9.4291
754159,20.368248,86.11526,3.8183
754160,20.30878,86.385183,2.2811
754162,20.350473,86.399532,27.2897
754200,20.479687,86.01506,115.666
754201,20.536165,86.086705,40.15
754202,20.485387,86.119103,49.4309
754203,20.449652,86.143439,10.6926
754204,20.599448,86.156458,109.0299
754205,20.611727,86.277701,50.6138
754206,20.574926,86.228045,27.1316
754207,20.512964,86.230285,79.1323
754208,20.50347,86.296987,60.117
754209,20.450279,86.246663,45.4033
754210,20.45425,86.320515,35.8535
754211,20.534361,86.42716,175.7655
754212,20.479502,86.511013,118.8003
754213,20.393381,86.499333,127.7543
754214,20.601334,86.396949,60.8056
754215,20.582655,86.576777,121.1247
754216,20.512089,86.575432,16.5856
754217,20.550098,86.652452,121.6659
754218,20.641684,86.547062,32.4248
754219,20.672042,86.637774,61.6667
754220,20.710299,86.746773,134.7285
754221,20.523333,86.162044,62.8944
754222,20.468377,86.356994,1.7272
754223,20.443987,86.365624,23.9283
754224,20.402868,86.66809,454.2185
754225,20.626013,86.848224,356.5375
754226,20.598389,86.642088,3.5891
754227,20.744117,86.630179,122.1685
754228,20.39928,86.409776,2.0869
754229,20.50536,86.469853,5.8403
754231,20.65651,86.702665,34.1715
754233,20.483267,86.568326,6.7976
754237,20.687282,86.729753,5.4634
754238,20.611715,86.511752,10.0384
754239,20.685472,86.581252,36.4249
754240,20.623847,86.478256,44.2194
754241,20.609625,86.552896,7.5493
754242,20.758036,86.941274,5.9239
754243,20.772516,86.640497,20.6804
754244,20.437996,86.426815,54.2863
754245,20.488817,86.630906,41.0028
754246,20.614714,86.695054,62.5289
754248,20.724403,86.888828,194.4258
754250,20.546185,86.357411,27.0087
754251,20.54305,86.48033,18.9117
754253,20.37248,86.436329,29.5164
754261,20.63783,86.340869,3.2026
754282,20.46417,86.182043,8.2732
754285,20.612296,86.213223,2.3053
754286,20.552036,86.182236,11.5422
754288,20.595336,86.25284,6.4932
754289,20.561923,86.310838,48.231
754290,20.564172,86.118641,7.2809
754292,20.650596,86.27202,70.4161
754293,20.427145,86.192911,48.5499
754294,20.535227,86.330077,1.7076
754295,20.533349,85.622502,4.7654
754296,20.697535,86.135447,3.7635
755001,20.849697,86.335163,16.3948
755003,20.681047,86.35031,55.5775
755004,20.704287,86.421515,63.4663
755005,20.718914,86.255439,119.6777
755006,20.828368,86.486258,49.6542
755007,20.840505,86.304438,74.0695
755008,20.812506,86.1519,52.9191
755009,20.790213,86.220648,93.5051
755010,20.633748,86.383525,54.8433
755011,20.812679,86.565305,105.1262
755012,20.702356,86.453245,29.3456
755013,20.768051,86.498648,40.7753
755014,20.800604,86.426037,58.7307
755015,20.895391,86.157618,28.5133
755016,20.722618,86.512057,62.6599
755017,20.762089,86.300578,37.039
755018,20.972697,85.893375,330.3358
755019,20.985052,86.123976,145.9325
755020,20.943339,86.094355,8.4647
755021,20.726803,86.320834,2.9077
755022,20.992136,86.180737,55.4689
755023,20.828794,86.038555,162.7866
755024,20.742629,86.118861,73.0604
755025,20.965216,86.233022,178.7578
755026,20.969087,86.022702,246.6047
755027,20.749775,86.380968,59.2276
755028,21.07016,85.769615,198.6419
755030,20.62854,86.119424,2.8123
755031,20.838273,86.094972,9.8869
755032,20.676055,86.115008,9.9046
755033,20.928431,86.265111,8.2478
755035,20.667714,86.449337,3.8349
755036,20.852977,86.524976,16.5628
755037,20.809905,86.502649,9.7733
755038,20.801223,86.130716,4.9932
755039,20.834331,86.456476,5.775
755041,20.791117,86.100679,8.229
755042,21.052077,86.135949,15.0983
755043,20.861734,86.2501,60.0124
755044,20.716955,86.069396,45.6905
755045,20.709281,86.215566,12.2818
755046,20.907718,85.96134,12.0782
755047,21.034647,85.769709,9.8649
755049,20.676883,86.18978,43.0145
755050,20.754283,86.140345,17.2382
755051,20.860641,86.147929,71.4211
755061,20.675915,86.510592,49.3842
755062,20.808594,86.364334,64.1533
756001,21.498661,86.907664,71.4366
756002,21.435809,86.923426,83.1033
756003,21.53706,86.944871,52.7826
756018,21.532182,86.884392,1.8037
756019,21.553504,86.854599,144.4579
756020,21.569814,86.77012,67.0271
756021,21.379717,86.917374,72.9823
756022,21.678768,87.127015,35.628
756023,21.672354,87.223091,55.7408
756024,21.583553,87.181074,112.4465
756025,21.501473,87.010796,146.1717
756026,21.643859,87.299067,60.5562
756027,21.559204,87.074095,149.9572
756028,21.635767,87.024398,47.4058
756029,21.665488,87.077674,84.1476
756030,21.740848,87.136714,59.7131
756032,21.792448,87.251222,19.1031
756033,21.910844,87.179591,145.2714
756034,21.732114,87.285685,97.2366
756035,21.731587,87.386137,138.4478
756036,21.673503,87.421462,73.9058
756037,21.599795,87.390414,91.057
756038,21.646724,87.361301,36.5366
756039,21.6428,87.43237,5.1343
756040,21.420579,86.729769,176.1426
756041,21.501617,86.754967,62.0551
756042,21.307846,86.760424,56.2122
756043,21.377604,86.80554,118.1851
756044,21.30731,86.840867,85.4242
756045,21.299314,86.669867,221.0713
756046,21.218419,86.782702,135.2903
756047,21.285913,86.568641,120.381
756048,21.29462,86.483935,116.4097
756049,21.381343,86.559974,168.0145
756051,21.257654,86.83436,14.249
756053,21.398429,86.83903,13.8854
756055,21.230509,86.67844,21.6194
756056,21.474672,86.890936,6.316
756058,21.496298,86.653899,252.1675
756059,21.280577,86.420233,84.0107
756060,21.44332,86.84386,52.6174
756079,21.685659,87.318749,18.7205
756080,21.625338,87.132574,38.7983
756081,21.687914,87.176858,54.2561
756082,21.621063,87.077794,2.251
756083,21.582176,87.287878,113.6253
756084,21.793453,87.292707,13.1256
756085,21.628575,87.465318,19.7436
756086,21.765742,87.218606,81.3193
756100,21.046417,86.533706,51.7237
756101,21.102993,86.517028,71.2369
756110,21.102749,86.276342,7.0772
756111,21.1384,86.562607,81.0739
756112,21.003188,86.421425,82.0201
756113,21.088912,86.421041,85.2733
756114,21.106106,86.348103,122.4088
756115,21.210857,86.39283,98.6733
756116,20.987308,86.527379,66.7104
756117,20.917249,86.453167,145.4418
756118,20.938221,86.508651,21.1907
756119,20.879616,86.59759,103.5142
756120,20.908658,86.381651,62.6964
756121,21.0191,86.314774,151.9415
756122,20.915895,86.324838,64.8421
756123,21.066953,86.614795,51.2172
756124,21.062019,86.699149,76.0244
756125,21.097927,86.774737,151.7867
756126,21.190198,86.632956,130.4678
756127,21.01814,86.602894,38.4565
756128,21.008511,86.552555,9.9197
756129,20.914297,86.82058,108.8347
756130,20.969821,86.655485,142.4697
756131,20.956758,86.738843,179.2088
756132,20.839446,86.804001,159.9135
756133,20.801897,86.743954,138.4375
756134,21.184358,86.503977,84.0096
756135,21.143643,86.398217,39.3949
756137,20.94989,86.526843,23.3034
756138,20.834932,86.657093,55.6458
756139,20.982793,86.610337,7.3526
756140,21.149669,86.792056,8.3576
756142,21.011614,86.369608,5.4137
756143,20.894899,86.513511,21.675
756144,21.14757,86.295033,17.4356
756161,20.995951,86.623651,2.1608
756162,21.164021,86.772534,19.9763
756163,20.970507,86.582617,17.4122
756164,20.981145,86.864221,169.0425
756165,21.110687,86.681584,16.7468
756166,21.117858,86.630345,39.4044
756167,21.029609,86.633139,7.9709
756168,21.151988,86.69777,36.536
756171,20.828272,86.915793,146.3969
756181,21.067247,86.467438,47.6806
756182,21.215959,86.471178,29.3774
757001,21.931194,86.72446,20.8445
757002,21.958697,86.734025,8.0392
757003,21.927094,86.753264,73.478
757012,21.651071,86.80281,3.2798
757014,22.070099,86.766549,157.7205
757015,21.967642,86.851257,3.54
757016,21.764433,87.058593,85.3098
757017,21.647397,86.820079,68.7745
757018,21.822021,86.935708,115.5668
757019,21.69425,86.622268,115.6165
757020,21.836259,86.989779,122.5293
757021,22.047128,86.821941,65.3036
757022,22.035272,86.9487,195.0874
757023,21.930165,86.908785,67.3323
757024,21.859108,86.671321,95.9481
757025,21.750971,86.812918,131.7178
757026,21.721506,86.737788,120.1041
757027,21.622464,86.750515,36.3871
757028,21.637722,86.933786,96.9249
757029,21.838082,86.826779,204.501
757030,22.057268,86.64458,121.0037
757031,22.220766,86.643963,33.5563
757032,22.143164,86.5943,135.9263
757033,22.114978,86.340927,523.3322
757034,21.934483,86.225999,681.5929
757035,22.025662,85.755385,154.2192
757036,21.838481,86.078358,422.7121
757037,21.743068,86.127506,655.5471
757038,21.513528,86.204416,1070.9142
757039,21.912736,85.876415,226.3026
757040,21.487772,86.513843,169.4584
757041,21.593917,86.539216,92.2108
757042,22.344708,86.296812,287.18
757043,22.268856,86.206511,206.6982
757045,22.254505,86.063364,201.7181
757046,22.363273,86.081765,157.2202
757047,22.10091,86.064209,172.559
757048,22.210794,86.329582,267.2555
757049,21.942186,86.570236,417.1924
757050,22.174465,86.138383,198.8439
757051,22.253854,86.577797,105.1402
757052,21.699693,86.946659,174.0767
757053,22.473078,86.05444,243.4744
757054,22.414045,86.185664,156.1827
757055,21.803467,87.12415,75.1455
757073,21.847142,87.043774,85.3221
757074,21.794617,86.544206,173.3326
757075,21.80901,86.621827,153.6586
757077,21.567978,86.409635,376.1575
757079,21.397547,86.362826,279.6784
757081,22.108287,86.712996,55.1228
757082,21.608391,86.926815,37.2304
757083,21.636525,86.777946,27.5407
757084,21.989924,86.900866,125.213
757085,21.615957,86.657248,43.5717
757086,22.177794,86.657646,122.9468
757087,21.720399,86.472854,346.6426
757091,21.928563,86.078014,347.6536
757092,22.013069,86.422841,574.0899
757093,22.275586,86.479125,156.4748
757100,21.74525,86.899834,38.1121
757101,21.563546,86.613085,67.1555
757102,21.641115,86.695996,59.1902
757103,21.808121,86.727144,28.1932
757104,21.733529,86.542414,59.8819
757105,21.991406,86.692164,64.8834
757106,21.41883,86.454953,81.5044
757107,21.927838,86.827925,123.1503
758001,21.634829,85.616712,7.0657
758002,21.657349,85.609003,94.9672
758013,21.728137,85.560387,218.6971
758014,21.537507,85.684419,359.4657
758015,21.306569,86.021436,311.3688
758016,21.68766,85.953434,191.0442
758017,21.68635,85.781681,102.5649
758018,21.515635,85.51342,311.2004
758019,21.345302,85.412495,332.0179
758020,21.167986,86.148861,35.2597
758021,21.351239,86.087462,382.9929
758022,21.106987,86.211587,92.7582
758023,21.24717,86.280425,174.461
758024,21.442439,86.046378,47.5174
758025,21.14858,85.997649,313.4303
758026,21.338258,85.53901,68.7048
758027,21.408773,85.891015,397.6821
758028,21.283131,85.706394,433.3377
758029,21.533837,85.810838,410.6233
758030,21.609075,85.869813,149.8463
758031,21.833982,85.561827,232.8587
758032,21.831755,85.694348,284.4728
758034,21.976991,85.448046,145.8692
758035,22.046591,85.370173,234.9788
758036,22.067421,85.331596,32.447
758037,22.109283,85.333089,13.8937
758038,22.072036,85.483166,64.3342
758040,22.042136,85.278029,53.9716
758041,22.037153,85.580154,224.8485
758042,22.13625,85.401199,38.9126
758043,21.096336,86.107206,188.0287
758044,21.933828,85.671762,205.951
758045,21.743698,85.863044,137.3433
758046,21.778023,85.76209,183.0179
758047,21.976249,85.582794,124.3229
758049,21.815305,85.818567,2.7213
758072,21.381471,85.380097,6.6919
758076,21.225952,85.50618,498.8287
758078,21.298168,86.320009,109.5588
758079,21.422399,85.605261,294.2834
758080,21.229982,85.843889,353.5681
758081,21.603514,86.010645,200.6821
758082,21.140023,85.87241,178.6573
758083,21.148068,86.247028,76.886
758084,21.436909,85.345723,135.8422
758085,21.666173,85.364649,953.5826
758086,21.85734,85.425555,314.5983
758087,21.841383,87.196669,110.5612
759001,20.64807,85.60845,30.4123
759013,20.688077,85.596492,196.5204
759014,20.778945,85.704761,213.9969
759015,20.575063,85.4758,262.832
759016,20.762723,85.868688,559.143
759017,20.90085,85.835219,167.1249
759018,20.976751,85.547164,557.1219
759019,20.778838,85.402738,178.9995
759020,20.704078,85.303371,171.0731
759021,20.574809,85.328695,290.1895
759022,20.634998,85.196223,191.2525
759023,20.841471,85.6423,82.8897
759024,20.919034,85.73225,114.2784
759025,20.688854,85.463673,189.4391
759026,20.796672,85.518261,207.2271
759027,20.615099,85.653547,220.0373
759028,21.080315,85.540065,254.3216
759029,21.075076,85.355937,500.0479
759037,21.114529,85.175268,180.7588
759039,20.97738,85.667176,250.7997
759040,20.70446,85.188342,24.92
759100,21.008384,85.165047,146.7882
759101,20.911827,85.208613,7.4099
759102,20.94531,85.202631,21.296
759103,20.950645,85.107814,130.0035
759104,20.902103,85.237053,14.6041
759105,21.235614,85.01847,198.5437
759106,20.913027,85.174206,10.7959
759107,20.948067,85.232934,15.3074
759109,20.880418,85.223828,3.5759
759111,20.9023,85.003211,12.9999
759116,20.923669,85.154041,1.9096
759117,21.105852,85.040784,342.1181
759118,21.255171,85.223197,554.8849
759119,21.448344,85.183529,831.3825
759120,20.896004,85.345412,216.6678
759121,20.786053,85.278871,160.9779
759122,20.838313,85.100049,12.0871
759123,20.895442,85.100128,70.6058
759124,21.062516,84.86865,259.2645
759125,20.775382,84.614159,950.0064
759126,20.91011,84.430977,487.3922
759127,20.77756,84.841059,1269.9334
759128,20.785695,85.199396,113.5094
759129,20.691724,85.066193,374.4116
759130,21.030742,84.963145,189.1928
759132,20.793336,85.026518,123.9856
759133,21.035708,84.505621,134.2115
759134,21.011555,84.653523,296.2698
759135,20.876596,85.203691,21.7391
759136,20.94441,84.95678,32.4967
759138,20.892292,84.895166,4.7251
759139,20.859983,85.243651,19.296
759140,20.856747,85.081112,7.1597
759141,21.101223,84.759013,234.8859
759142,20.839024,84.636478,33.5118
759143,20.881955,84.997572,122.9748
759145,20.841791,85.156628,66.9141
759146,21.004694,85.249544,119.6618
759147,21.085342,85.083655,23.0526
759148,20.999158,84.436042,8.8163
760001,19.314277,84.795879,4.3953
760002,19.308029,84.73763,63.858
760003,19.238128,84.803528,52.7451
760004,19.311084,84.812566,3.2061
760005,19.293769,84.79697,3.2879
760006,19.324233,84.773892,0.9523
760007,19.317272,84.8803,35.6574
760008,19.258716,84.818911,30.6927
760009,19.330749,84.793643,6.9701
760010,19.304627,84.84122,10.3905
760011,19.31882,84.851948,5.9916
760020,20.792901,83.846196,32.7438
761001,19.362785,84.813997,71.0177
761002,19.264212,84.869109,62.5488
761003,19.420937,84.868465,128.3066
761004,19.121448,84.574216,69.3113
761005,19.03054,84.442861,190.2645
761006,19.067262,84.61662,41.9208
761007,19.320025,84.593192,320.0631
761008,19.212178,84.751313,152.4341
761009,19.144891,84.733263,68.9119
761010,19.201413,84.624149,176.7784
761011,19.243024,84.473758,132.4217
761012,19.394273,84.561866,85.4344
761013,19.463578,84.569431,133.9897
761014,19.458558,84.435922,179.1758
761015,19.472473,84.30113,423.5269
761016,19.176526,84.138259,683.0921
761017,19.292004,84.304763,550.9569
761018,19.522037,84.911393,143.7548
761019,19.51886,84.988853,48.7264
761020,19.381322,84.966706,109.9895
761025,19.376458,85.050741,7.306
761026,19.423928,85.00093,85.0148
761027,19.45141,85.073394,132.3662
761028,19.541435,85.100897,200.5375
761029,19.671896,85.11749,170.7219
761030,19.57719,85.026944,34.113
761031,19.631226,85.022318,87.1991
761032,19.654248,84.923064,221.2561
761035,19.741744,85.00529,240.4705
761036,19.560053,85.060907,29.2246
761037,19.160682,84.521405,82.0529
761041,19.574352,84.862915,62.193
761042,19.292492,84.523479,65.6421
761043,19.50419,84.824064,25.2733
761045,19.33106,84.938391,75.0009
761052,19.857359,84.766855,14.0441
761054,19.410485,84.668849,69.0161
761055,19.392757,84.464277,65.5445
761100,19.3919,84.73871,70.4712
761101,19.439047,84.765971,70.5666
761102,19.484865,84.790778,26.2197
761103,19.515866,84.732226,72.5026
761104,19.586826,84.772883,149.9471
761105,19.707053,84.830169,214.3281
761106,19.530523,84.602332,216.5772
761107,19.645328,84.528047,226.4466
761108,19.76962,84.450051,316.3033
761109,19.662687,84.32569,639.1854
761110,19.621175,84.657767,10.6798
761111,19.60379,84.679311,125.5693
761114,19.695093,84.587474,60.0891
761115,19.660661,84.629069,44.5005
761116,19.683583,84.687654,54.385
761117,19.75236,84.722773,151.8236
761118,19.806259,84.775781,190.5716
761119,19.91093,84.6684,129.4048
761120,19.884752,84.703442,49.5535
761121,19.983241,84.804657,214.8915
761122,19.727143,84.639107,58.8413
761123,19.78513,84.600428,45.9972
761124,19.834148,84.567419,95.721
761125,19.916116,84.514711,145.6972
761126,19.959443,84.56824,14.4687
761128,19.795375,84.644489,32.7532
761131,20.111947,84.700491,720.7285
761132,20.044818,84.469844,429.8054
761133,19.90321,84.581684,10.6204
761140,19.908873,84.608156,48.1162
761141,20.124823,84.562242,94.6696
761142,19.93313,84.714797,6.8909
761143,19.874931,84.867347,274.7211
761144,19.468588,84.656498,28.1526
761146,19.092348,84.493451,36.3042
761151,19.863827,84.337478,498.7571
761200,18.778319,84.080909,19.2916
761201,18.81874,84.069257,87.1792
761206,18.92392,83.867791,169.9046
761207,18.941058,84.049789,261.2091
761208,18.909225,83.956556,226.379
761209,19.136622,84.417374,222.7919
761210,18.822437,84.216136,42.1797
761211,18.835851,84.157112,108.2767
761212,18.946615,84.255528,467.7628
761213,19.112311,84.297881,251.4765
761214,19.094588,84.069271,230.5155
761215,18.842579,84.288392,139.8689
761217,19.486161,84.088245,934.9056
762001,20.484461,84.228101,16.3289
762002,20.523352,84.088872,1166.6897
762010,20.250157,84.357298,133.349
762011,20.351263,84.039425,746.5817
762012,20.438142,84.369858,352.8948
762013,20.66595,84.43243,87.2951
762014,20.839409,84.246968,174.6087
762015,20.712073,84.15445,473.7457
762016,20.710515,83.988551,642.6559
762017,20.613124,83.803571,353.7661
762018,20.485558,83.702196,306.4736
762019,20.297104,84.260411,118.5646
762020,20.565702,84.609136,685.9699
762021,19.69185,84.08347,581.0232
762022,20.196549,84.416635,84.1667
762023,20.524409,84.464599,351.3723
762024,20.729259,84.355988,180.5696
762025,20.260972,84.393741,7.104
762026,20.765488,84.260185,158.4362
762027,20.346544,84.336314,52.3776
762028,20.264465,84.48108,378.1299
762029,20.389788,84.243989,131.8697
762030,20.736646,83.82512,146.9616
762100,20.092187,84.345933,219.0692
762101,20.032531,84.244253,269.8724
762102,20.089582,84.054965,475.4772
762103,20.198945,83.958833,353.7384
762104,19.904537,84.101151,724.7196
762105,19.817054,83.810641,1094.7187
762106,20.197727,84.164015,198.7153
762107,19.971188,83.639554,708.4286
762109,20.052936,83.849955,478.7261
762110,20.302978,83.797957,470.8023
762112,20.187166,84.276888,141.9363
763001,18.749123,82.797507,17.7678
763002,18.710708,82.800819,38.5479
763003,18.733937,82.847159,10.921
763004,18.728606,82.830933,7.3049
763008,18.764466,82.927258,125.1406
764001,18.85023,82.574967,19.7931
764002,18.920377,82.409164,478.0768
764003,18.745005,82.576721,192.0524
764004,18.872698,82.566712,1.2065
764005,18.848457,82.512299,67.2154
764006,18.875054,82.617002,48.6759
764011,18.829457,82.62673,7.3965
764014,18.818988,83.132407,385.6233
764020,18.798609,82.741426,112.2037
764021,18.851989,82.739174,643.078
764027,18.925465,83.293219,542.9818
764028,19.064099,82.887631,687.9533
764036,18.624118,82.867733,409.083
764037,18.593755,82.715841,421.6843
764038,18.379184,82.686375,426.9505
764039,18.525203,82.969525,744.5763
764040,18.548025,82.488501,169.3839
764041,18.48222,82.610863,165.5293
764042,18.496193,82.326282,440.7333
764043,18.737908,82.328412,1258.883
764044,18.56298,82.080297,988.9465
764045,18.361559,81.92309,737.2911
764046,18.48421,82.207661,43.6056
764047,18.124492,81.665253,1155.6658
764048,18.343476,81.809199,131.1833
764049,19.371612,82.667376,103.5994
764051,18.304216,82.120105,628.1673
764052,18.142693,82.139226,1407.045
764053,19.186926,82.52281,12.4478
764055,18.99126,82.474643,151.2011
764056,19.068437,82.560317,584.9831
764057,19.085866,82.704022,277.5081
764058,19.081325,82.320372,457.9242
764059,19.274694,82.54447,191.0212
764061,19.261256,82.227076,412.3497
764062,19.086551,83.808375,24.4607
764063,19.212572,82.51651,98.1608
764069,19.31645,82.666374,14.657
764070,19.293823,82.717342,138.2889
764071,19.424951,82.531498,649.9937
764072,19.505274,82.288157,637.8861
764073,19.728764,82.189401,1067.0506
764074,19.936313,82.031556,886.8913
764075,19.31916,82.3357,528.5014
764076,19.688626,82.421315,774.2753
764077,19.827759,82.495188,327.0038
764078,19.213102,82.654971,99.7172
764081,18.608843,82.575441,163.963
764085,19.231571,82.784893,198.7041
764086,18.231959,81.772422,385.9782
764087,17.910503,81.57786,622.0205
764088,20.025304,81.977149,50.1668
765001,19.171865,83.420537,14.5113
765002,19.084275,83.382664,382.0511
765013,18.948505,83.046392,841.6569
765015,19.302928,83.08332,1565.1787
765016,19.508992,83.320512,359.3346
765017,19.227956,83.42153,1160.4905
765018,19.346544,83.428356,55.1235
765019,19.469367,83.54445,825.7701
765020,19.591104,83.726668,1158.8391
765021,19.807955,83.51932,540.8989
765022,19.075519,83.929661,295.3362
765023,19.111195,83.7253,191.0581
765024,19.245835,83.758693,140.9187
765025,19.295874,83.918143,387.1658
765026,19.389962,83.765238,565.808
765029,19.233263,83.63948,311.0802
765033,19.169797,83.883826,238.6081
765034,19.017753,83.760514,131.6445
766001,19.869181,83.274809,166.4767
766002,19.880238,83.136043,1009.7927
766011,20.069975,83.145258,337.8088
766012,20.222269,83.291542,334.5117
766013,19.58159,82.885676,225.5327
766014,19.784946,82.940085,371.9576
766015,19.880257,82.781327,314.1765
766016,20.038666,82.817175,256.3096
766017,19.702014,82.797757,221.2645
766018,19.488645,82.753342,473.8115
766019,19.647233,82.724547,198.687
766020,19.778205,83.351878,384.8645
766021,20.005442,83.195453,22.4939
766023,19.777059,82.873753,165.9965
766026,19.331262,82.871841,320.306
766027,19.647536,83.286869,313.4405
766028,19.615258,82.610594,260.0034
766029,19.963418,82.902443,130.5954
766031,20.389362,83.469486,97.5679
766032,20.359521,83.465,19.4834
766036,20.102403,82.973077,440.3958
766037,19.57764,83.059748,854.362
766100,20.082069,83.460031,386.8414
766101,20.138276,83.336224,291.7387
766102,20.238652,83.592417,986.6194
766103,19.758514,82.665079,181.9774
766104,20.935931,82.613848,378.7313
766105,20.733151,82.523897,1084.9556
766106,20.533944,82.548479,793.3553
766107,20.289892,82.780755,229.2875
766108,20.095188,82.567144,702.5696
766109,20.865706,82.538188,9.8447
766110,19.986886,83.370921,204.2201
766111,20.324174,82.546108,793.6352
766113,20.265063,82.845032,13.9048
766117,20.360589,82.693174,36.9358
766118,20.190342,82.705738,380.8588
767001,20.710987,83.477126,40.2669
767002,20.695706,83.557673,394.0589
767016,20.691635,83.681558,410.022
767017,20.855677,83.815656,230.4639
767018,20.943233,84.073502,607.4107
767019,21.010456,83.74506,321.6587
767020,20.865927,83.527063,273.6557
767021,20.937705,83.567868,137.622
767022,21.027653,83.371821,102.8937
767023,21.036834,83.567404,222.6343
767024,20.688108,83.356053,157.5915
767025,20.771213,83.147456,520.8429
767026,20.599711,82.967859,543.8643
767027,20.76153,82.999252,240.1309
767028,20.807131,82.89341,394.7306
767029,20.568784,83.281035,527.4422
767030,20.462295,83.49573,149.4873
767032,20.416745,83.384639,445.1124
767033,20.258821,83.197612,349.9295
767034,20.939055,83.934319,18.4845
767035,20.212871,82.930681,228.2737
767037,20.409743,83.105037,433.9705
767038,20.627246,82.771428,410.6161
767039,20.452473,82.925044,294.9108
767040,20.350466,82.872452,340.9955
767041,20.736757,83.193373,67.9727
767042,20.272835,83.125013,12.0295
767045,21.104676,83.72085,137.0041
767046,20.415536,83.605615,122.7028
767048,20.684316,83.248535,163.4669
767049,20.509205,83.093679,47.587
767060,20.477353,82.800958,164.7102
767061,20.964913,83.446366,124.3155
767062,21.015115,83.903464,499.1585
767064,21.000077,83.511295,11.0898
767065,20.795943,83.368859,370.321
767066,20.230434,83.093871,124.9687
767067,20.561672,83.515427,252.9293
767068,20.914595,83.689026,153.2052
767070,20.384011,83.271599,80.2332
767071,20.80825,83.548537,88.8131
768001,21.460095,83.992811,19.5482
768002,21.473577,83.971459,1.5824
768003,21.494992,83.951259,10.7094
768004,21.488399,83.981885,7.8384
768005,21.453668,84.041231,97.3132
768006,21.513123,83.991069,27.667
768016,21.551023,83.884698,129.1252
768017,21.504502,83.873978,16.7117
768018,21.504838,83.905286,5.6394
768019,21.47171,83.882184,7.2878
768020,21.483918,83.905381,11.4415
768023,21.476396,83.960423,2.2589
768025,21.413877,83.92324,164.1976
768026,21.322392,83.895957,28.5057
768027,21.455942,83.743303,540.575
768028,21.292083,83.567812,184.1289
768029,21.166899,83.574571,287.0556
768030,21.467908,83.512381,448.4119
768031,21.617951,83.528944,53.1754
768032,21.151626,83.441037,308.7591
768033,21.29193,83.374726,490.2023
768034,20.916589,83.068042,262.6254
768035,21.113089,83.266717,363.1486
768036,21.068187,83.012497,322.5543
768037,20.943025,83.288024,353.7817
768038,21.38559,83.588233,193.6203
768039,20.962849,82.868245,432.1747
768040,21.308237,83.683561,138.0389
768041,21.702245,83.549685,29.9841
768042,21.082937,82.78749,529.0679
768043,21.214841,83.673858,45.3844
768045,21.572867,83.556273,327.4816
768048,21.097575,83.378923,63.3401
768049,21.055157,83.145386,194.2959
768050,20.842192,82.745006,252.9572
768052,21.648684,83.641098,260.3664
768054,21.203745,83.917282,27.1902
768101,21.509879,83.947303,5.5264
768102,21.30625,83.85998,80.2594
768103,21.243562,83.780957,167.2117
768104,21.172584,83.772571,185.504
768105,21.21804,84.111428,749.7617
768106,21.167285,84.408284,2295.105
768107,21.558858,84.361399,841.6999
768108,21.574386,84.724214,1154.3042
768109,21.317992,84.796324,1173.8259
768110,21.543703,85.026602,698.6815
768111,21.453938,83.837954,124.387
768112,21.423104,84.183541,442.4971
768113,21.287938,83.980407,333.606
768115,21.153647,83.856243,52.4673
768116,21.28401,83.899323,9.9516
768118,21.267975,84.547134,30.065
768119,21.455638,84.686616,76.6656
768121,21.440563,84.498037,339.7667
768200,21.542261,84.08553,242.2465
768201,21.846136,84.031043,26.1086
768202,21.874789,84.08594,231.692
768203,21.88701,83.993821,42.2864
768204,21.915112,84.046328,52.8282
768211,21.674225,83.914656,238.1436
768212,21.680065,84.059967,490.8619
768213,21.819157,84.214206,259.6079
768214,21.699735,84.207804,178.9317
768215,21.917932,84.275222,156.9693
768216,21.894499,83.899491,129.5801
768217,21.809444,83.816205,124.9358
768218,21.804228,83.879638,32.2342
768219,21.743045,83.732117,180.8083
768220,21.929764,84.166753,187.5095
768221,22.033401,84.323685,249.8069
768222,21.748456,84.329411,307.384
768223,21.660228,84.381282,25.2688
768224,22.092628,84.439977,278.1683
768225,21.84269,83.922581,30.643
768226,21.754225,83.55823,312.8697
768227,21.743303,84.500352,369.8301
768228,21.917466,84.43735,385.4283
768230,21.846367,83.647905,12.2297
768232,21.747182,84.019685,34.6273
768233,21.795705,83.916892,26.2867
768234,21.652807,83.810415,247.2751
769001,22.230067,84.85905,4.5673
769002,22.243139,84.860518,4.0848
769003,22.255498,84.85424,3.8304
769004,22.227565,84.81806,13.376
769005,22.26253,84.873308,4.9755
769006,22.245818,84.879981,4.2156
769007,22.187969,84.861858,4.5739
769008,22.249329,84.902604,4.5938
769009,22.250499,84.828671,7.915
769010,22.236635,84.8945,5.1121
769011,22.202078,84.885301,43.7438
769012,22.228497,84.840164,3.5184
769013,22.262195,84.831155,2.0274
769014,22.265402,84.83881,2.012
769015,22.25254,84.802336,5.5922
769016,22.200519,84.845153,5.7295
769041,22.238491,84.781858,7.5058
769042,22.285869,84.909397,36.8221
769043,22.16704,84.865844,28.6001
770001,22.111642,84.045653,18.6579
770002,22.144958,84.024095,254.8673
770011,22.102094,83.897645,65.7645
770012,22.166299,83.760426,440.7906
770013,21.978933,83.66953,184.8594
770014,22.317858,84.132301,332.484
770015,22.270024,83.93216,462.0856
770016,22.220171,84.281448,552.0247
770017,22.167279,84.579576,550.6192
770018,22.262482,84.426239,234.7324
770019,21.984909,84.011922,201.0795
770020,22.187394,83.989554,96.6636
770021,22.006825,83.868763,144.9088
770022,22.052873,84.194961,235.466
770023,22.256174,84.51321,47.7994
770024,22.069075,83.645108,239.0438
770025,21.956067,84.042601,3.9238
770031,22.166522,84.774463,149.9713
770032,22.222836,84.92975,27.427
770033,22.363448,84.639627,437.5743
770034,22.14116,84.698667,254.9626
770035,22.414936,85.035241,135.6119
770036,22.265025,85.010844,377.8847
770037,22.035604,84.838996,808.9168
770038,21.816205,84.9126,130.1458
770039,22.295934,84.782365,228.4195
770040,21.966654,85.039715,707.0003
770041,21.812462,85.125598,220.9964
770042,21.854956,85.148888,61.3447
770043,21.875797,84.651954,760.3467
770044,21.715386,85.077226,481.7653
770046,22.3918,84.889055,266.1719
770048,21.890282,85.270966,325.1684
770051,21.732188,84.841917,502.7388
770052,21.982683,85.204083,75.7713
770070,22.188812,84.494331,48.3874
770071,22.235642,84.745093,21.42
770072,21.954223,83.883118,75.7179
770073,22.094434,84.08617,195.453
770074,22.419882,84.08971,258.2277
770075,21.885284,83.681731,346.4462
770076,22.022767,83.784342,197.3364
781001,26.187173,91.748289,3.1336
781002,26.178558,91.739602,0.2552
781003,26.186336,91.76874,2.0745
781004,26.194871,91.769634,4.0593
781005,26.158822,91.790361,7.3785
781006,26.143218,91.789709,0.6068
781007,26.174421,91.766952,4.5952
781008,26.174968,91.749168,2.7108
781009,26.144613,91.715027,18.8933
781010,26.166989,91.702831,4.7041
781011,26.141481,91.686771,12.5527
781012,26.163185,91.682684,3.9961
781013,26.130832,91.66341,9.8845
781014,26.153781,91.659746,13.1426
781015,26.026166,91.660961,321.9241
781016,26.159359,91.750441,3.649
781017,26.111641,91.62068,27.2732
781018,26.149849,91.746133,2.8713
781019,26.135059,91.774925,6.0126
781020,26.194594,91.801672,8.5284
781021,26.179934,91.795199,7.5927
781022,26.120032,91.824883,9.5785
781023,26.109966,91.862241,8.0266
781024,26.170163,91.794755,2.5143
781025,26.142996,91.728826,5.012
781026,26.19448,91.849052,37.3922
781027,26.145151,91.880957,59.1978
781028,26.119391,91.79792,3.0127
781029,26.10236,91.770621,16.6431
781030,26.249819,91.752462,64.3014
781031,26.194623,91.671568,34.0505
781032,26.15549,91.769042,5.8645
781033,26.133593,91.64071,10.822
781034,26.130114,91.743082,13.4211
781035,26.107956,91.700961,19.1343
781036,26.14368,91.808061,5.5865
781037,26.134098,91.832299,6.5739
781038,26.132267,91.794892,3.6882
781039,26.20254,91.69761,9.7612
781040,26.11871,91.768844,8.2226
781101,26.279034,91.697921,136.333
781102,26.26351,91.509009,220.9569
781103,26.167339,91.525873,223.8681
781104,26.226913,91.618284,93.5311
781120,25.913171,91.460273,172.3282
781121,26.358831,91.779249,96.2087
781122,26.108693,91.475634,65.4413
781123,25.985415,91.238521,158.0738
781124,25.927888,91.33956,464.0406
781125,25.999309,91.502647,95.8575
781126,26.236233,91.344379,390.6611
781127,26.114122,91.020122,245.4469
781128,26.097052,91.578943,41.12
781129,25.804987,91.221721,163.2173
781130,26.02018,91.521807,1.1345
781131,25.903745,91.5619,416.03
781132,26.061855,91.475442,82.9489
781133,25.875148,91.113778,78.6056
781134,26.108423,91.386542,85.8318
781135,25.93036,91.121097,271.3072
781136,26.080581,91.135317,164.6487
781137,26.108075,91.256626,222.3942
781138,26.323951,91.395333,14.6018
781141,26.05027,91.325562,75.7476
781150,26.200826,91.929627,93.7464
781171,26.166183,91.821091,7.2687
781301,26.312416,91.001381,17.0076
781302,26.20722,91.122956,256.9135
781303,26.399758,91.392023,42.4432
781304,26.358466,91.349408,24.4676
781305,26.240885,91.19767,109.0712
781306,26.407166,91.33718,29.009
781307,26.348599,91.219434,69.0258
781308,26.194694,90.885235,438.394
781309,26.323072,91.057783,139.3717
781310,26.349755,91.39475,34.2639
781311,26.341046,91.152008,92.5714
781312,26.297948,91.255191,81.9257
781313,26.485559,90.980028,40.1504
781314,26.327346,90.956864,150.3423
781315,26.631305,90.97329,476.0749
781316,26.42262,90.986819,130.3273
781317,26.495544,90.879292,164.0458
781318,26.647749,91.079641,450.6915
781319,26.348459,90.87163,209.4335
781321,26.241625,90.75465,216.0134
781325,26.511569,91.156983,158.2211
781326,26.503434,91.233873,40.4928
781327,26.688157,91.211762,176.2215
781328,26.612454,91.153841,69.0692
781329,26.578711,91.229803,86.7905
781330,26.762776,91.205263,168.6288
781333,26.590659,91.406374,51.2982
781334,26.408145,91.452577,54.712
781335,26.445644,91.446678,4.8057
781337,26.472201,91.465149,38.7853
781338,26.372509,91.291361,72.4051
781339,26.331645,91.455264,31.7015
781340,26.481764,91.380402,29.9326
781341,26.464089,91.414557,48.4905
781343,26.656887,91.39716,47.1287
781344,26.663864,91.454682,133.0612
781346,26.535156,91.37438,110.6132
781347,26.340903,91.502289,19.6121
781348,26.366703,91.450819,18.5431
781349,26.551203,91.476933,96.5919
781350,26.374201,91.51946,10.0522
781351,26.382932,91.489752,17.895
781352,26.401061,91.060496,100.7076
781353,26.427125,91.307842,3.2012
781354,26.410363,91.610233,199.5972
781355,26.551393,91.297216,51.687
781358,26.357828,91.512584,3.2122
781360,26.777774,91.521238,370.1799
781364,26.650299,91.713115,155.394
781365,26.461447,91.60707,20.9948
781366,26.510539,91.703515,235.4896
781367,26.617976,91.579866,281.5983
781368,26.722131,91.657239,171.2415
781369,26.478537,91.53133,152.5777
781370,26.454048,91.33081,64.4552
781371,26.476336,91.271909,68.9037
781372,26.714306,91.36869,246.8872
781373,26.704487,91.305189,62.6807
781374,26.430915,91.266766,8.3376
781375,26.422016,91.186896,96.5726
781376,26.520488,91.591133,37.6545
781377,26.62729,91.286177,74.4232
781378,26.414753,91.285229,12.9386
781380,26.352281,91.659255,119.2952
781381,26.421242,91.740297,74.385
781382,26.318819,91.607204,53.7202
782001,26.358636,92.732651,49.1324
782002,26.341085,92.643313,101.2416
782003,26.308502,92.688683,61.3163
782101,26.44336,92.960725,91.2033
782102,26.273643,92.764026,164.446
782103,26.251874,92.502489,200.7252
782104,26.295644,92.396142,193.8862
782105,26.239404,92.272214,219.3513
782106,26.312974,92.337528,23.4726
782107,26.300665,92.488576,12.8916
782108,26.317362,92.441011,6.8999
782120,26.518815,92.812237,134.3057
782121,26.345988,92.195506,282.8761
782122,26.444115,92.528134,150.2464
782123,26.444119,92.449471,159.706
782124,26.442467,92.618797,199.7519
782125,26.442398,92.762426,122.0416
782126,26.427742,92.372651,170.3385
782127,26.388932,92.305025,139.4009
782128,26.462069,92.702794,105.5187
782135,26.341532,92.901051,62.8732
782136,26.589983,93.166175,391.1814
782137,26.532429,92.969314,89.8971
782138,26.45863,92.917266,31.9126
782139,26.452192,93.053624,71.947
782140,26.443545,92.867948,161.8238
782141,26.343198,92.826637,109.9013
782142,26.336565,92.544506,124.2248
782143,26.573658,92.910465,107.1696
782144,26.239152,92.705924,53.854
782401,26.160375,91.97458,47.5518
782402,26.093076,91.970733,288.3367
782403,26.110843,92.102124,226.7599
782410,26.105037,92.239146,129.5433
782411,26.225437,92.108494,349.8378
782412,26.156847,92.344715,140.0481
782413,26.132297,92.222026,16.1653
782425,26.182708,92.527721,278.605
782426,26.101165,92.647416,388.9531
782427,26.185666,92.749709,47.0599
782428,26.133172,92.778708,164.1019
782429,26.053798,92.78224,63.2839
782435,25.990891,92.849171,228.0382
782439,26.066267,93.015159,101.3284
782440,25.750309,92.756087,1090.9755
782441,26.34202,93.054323,1269.7228
782442,25.982643,92.94935,68.2938
782445,26.117264,92.90267,286.2359
782446,25.90199,93.074779,852.1035
782447,25.718567,93.300588,1166.2517
782448,25.700549,92.913276,475.0907
782450,26.01708,92.496726,644.4683
782460,25.865147,93.450116,24.1106
782461,25.980046,93.368848,728.8389
782462,25.827079,93.545889,682.0301
782470,26.394507,93.636177,2108.5852
782475,26.446549,93.776343,17.9638
782480,26.053315,93.617003,761.3239
782481,26.286173,93.235614,1133.7336
782482,26.19091,93.382679,1118.9421
782485,25.935437,92.691221,357.7251
782486,25.839106,92.379346,1750.8344
782490,26.101129,93.750969,191.3147
783101,26.145142,90.545084,450.9658
783120,26.064704,90.465159,259.6164
783121,26.168025,90.6682,31.608
783122,25.935328,90.771781,26.3965
783123,25.979868,91.031357,169.9515
783124,25.988938,90.829022,222.2524
783125,26.077893,90.813262,226.1115
783126,26.011753,90.652188,325.5627
783127,25.893141,89.977146,160.8639
783128,25.80916,89.88748,251.0073
783129,26.079552,90.300119,409.6886
783130,26.008023,90.952133,179.7939
783131,25.579814,89.918716,141.4702
783132,26.038654,90.199559,137.2422
783133,26.011956,90.545689,92.5453
783134,25.930588,90.913375,4.1512
783135,25.671872,89.907807,115.4091
783301,26.004742,89.971288,14.192
783323,25.943052,89.904109,105.5068
783324,26.004462,89.892834,95.9078
783325,26.051323,90.012025,94.2621
783330,25.988808,90.084765,244.9976
783331,26.130351,89.95546,257.4936
783332,26.331357,89.833202,80.8002
783333,26.370339,89.874831,43.101
783334,26.160432,89.864829,371.6821
783335,26.222048,89.785224,270.6058
783336,26.466759,90.09029,104.331
783337,26.300803,90.048311,545.4471
783338,26.166773,89.736853,3.9669
783339,26.10382,90.074895,128.8439
783345,26.321106,90.206496,199.4254
783346,26.67058,90.223983,288.3916
783347,26.480744,90.175878,111.2815
783348,26.217031,90.256656,299.1856
783349,26.146564,90.133676,166.6513
783350,26.654905,90.038177,744.1464
783351,26.269128,90.272034,6.7958
783354,26.419433,90.162434,33.5096
783360,26.504794,89.970871,311.3056
783361,26.415617,89.922405,207.1239
783362,26.550112,89.993805,38.3166
783369,26.429823,90.380288,55.756
783370,26.605024,90.296674,939.8463
783371,26.295805,90.428219,138.6445
783372,26.495914,90.431369,77.3943
783373,26.566825,90.454227,194.7895
783374,26.459756,90.270836,17.9468
783375,26.777739,90.434412,504.2505
783376,26.331411,90.344604,206.5202
783380,26.444196,90.576425,198.5587
783381,26.430858,90.474912,155.5327
783382,26.24502,90.63538,64.9951
783383,26.342769,90.58569,40.8136
783384,26.348793,90.697637,357.7968
783385,26.505357,90.512722,28.6213
783386,26.396932,90.716054,10.2911
783388,26.250339,90.519169,219.9553
783389,26.334457,90.510738,87.3146
783390,26.600554,90.725512,550.19
783391,26.644679,90.84143,446.3381
783392,26.427857,90.802422,123.2114
783393,26.674098,90.614643,499.1452
783394,26.645859,90.500056,185.3897
784001,26.576687,92.703062,253.3569
784010,26.692074,92.653811,27.054
784025,26.671957,92.869843,45.6617
784026,26.723741,92.850421,22.3203
784027,26.624318,92.862424,81.1716
784028,26.709502,92.826252,13.1067
784101,26.822524,92.746636,83.5028
784102,26.925662,92.863117,296.2321
784103,26.939296,92.700909,448.934
784104,26.708645,92.787135,17.3867
784105,26.764544,92.825466,99.773
784110,26.655828,92.48695,143.7501
784111,26.834325,92.46829,405.6072
784112,26.590622,92.415355,226.9489
784113,26.619927,92.234945,29.9007
784114,26.655906,92.288963,207.2494
784115,26.541755,92.149144,129.7405
784116,26.52172,92.247335,342.5482
784117,26.756606,92.37021,283.2208
784118,26.701578,92.506314,11.6457
784125,26.368669,92.046369,380.2126
784144,26.470123,91.881987,80.1995
784145,26.31465,91.866182,402.4021
784146,26.489963,92.098237,79.7051
784147,26.507777,91.900628,61.7327
784148,26.449779,91.813482,92.1025
784149,26.641444,92.567713,419.3687
784150,26.632356,92.750692,62.5598
784151,27.17336,94.755529,7.9719
784152,26.807276,92.770587,19.4869
784153,26.664155,92.677819,47.6052
784154,26.655458,92.772443,17.1306
784160,27.129698,93.898061,203.418
784161,27.011893,93.943755,158.1485
784162,26.958904,93.942686,11.4066
784163,27.054609,93.85649,37.8239
784164,26.948257,93.874588,233.2381
784165,26.923956,93.778901,176.0611
784166,26.802271,93.379082,149.8993
784167,26.826382,92.825616,44.9376
784168,26.884935,93.632087,252.3777
784169,26.826094,93.735159,129.6132
784170,26.893028,93.480526,214.6006
784171,26.77377,92.892595,21.9485
784172,26.782602,93.547114,267.4713
784173,26.835216,93.195191,38.4826
784174,26.862287,93.119637,161.0376
784175,26.782065,93.038651,296.3484
784176,26.728948,93.257335,293.516
784177,26.73985,93.14748,211.0459
784178,26.918001,93.715566,107.4542
784179,26.903897,93.345055,201.0431
784180,26.666013,92.996597,278.6031
784181,26.793646,92.950124,6.6234
784182,26.86161,92.943678,148.4159
784183,26.714397,92.999787,5.3095
784184,26.881657,93.231826,187.7483
784185,26.809173,92.921404,17.5344
784189,26.738053,92.970124,89.0445
784190,26.572516,92.064446,128.2429
784501,26.688008,92.759844,74.5807
784502,26.73856,92.694627,88.1134
784504,26.807447,92.640909,33.5921
784505,26.794702,92.688819,77.7952
784506,26.879853,92.562817,181.5048
784507,26.83947,92.262794,358.7141
784508,26.74276,92.212361,90.4637
784509,26.755577,92.102711,342.345
784510,26.764048,91.999201,188.582
784513,26.853365,92.10967,31.6527
784514,26.660404,92.170459,130.4266
784521,26.656206,91.922051,77.9234
784522,26.602353,91.810269,225.562
784523,26.76939,91.890785,140.5454
784524,26.803251,91.943244,111.1193
784525,26.579997,91.977378,261.0457
784526,26.762097,91.826115,110.2981
784527,26.752521,91.765584,153.4357
784528,26.636847,91.874887,87.4429
784529,26.430537,91.987739,145.2858
785001,26.75277,94.204133,22.3105
785004,26.671175,94.180307,50.9263
785005,26.724323,94.176895,9.55
785006,26.749536,94.107363,92.1299
785007,26.733659,94.255432,27.1894
785008,26.716578,94.229164,10.5429
785009,26.552701,94.347308,197.4978
785010,26.779887,94.255324,68.7459
785013,26.723107,94.201393,6.4095
785014,26.717381,94.534739,83.2115
785015,26.810858,94.154338,78.3536
785101,26.827975,94.257973,67.9857
785102,26.907531,94.243457,46.092
785104,26.955572,94.205857,233.4769
785105,27.051985,94.305573,172.1302
785106,26.90617,94.064578,301.2668
785107,26.790628,94.388548,100.3914
785108,26.814901,93.922459,490.7106
785110,27.02221,94.414052,448.2035
785111,26.853565,94.220192,42.4098
785112,26.882042,94.420765,199.7598
785601,26.018748,93.883763,789.862
785602,26.264639,93.936571,334.193
785603,26.410584,94.020453,121.0039
785604,26.430057,94.047758,6.0068
785609,26.657717,93.405147,412.0485
785610,26.468967,94.018294,33.8483
785611,26.692228,93.84081,201.2054
785612,26.666428,93.562085,280.5954
785613,26.52168,93.805868,155.8725
785614,26.706435,93.924786,97.4846
785615,26.650496,93.672141,95.2332
785616,26.654429,94.111445,156.7848
785617,26.708614,94.147083,16.5596
785618,26.64961,93.985081,109.8532
785619,26.659376,93.782763,281.11
785620,26.719489,94.00852,10.7416
785621,26.508016,93.959126,13.9625
785622,26.563296,93.971845,110.164
785625,26.521561,94.065758,156.8522
785626,26.62511,94.055349,79.1505
785630,26.617588,94.214795,71.6372
785631,26.460286,94.160695,242.8524
785632,26.556398,94.155018,77.6283
785633,26.584431,94.262329,64.4855
785634,26.648236,94.312607,74.1043
785635,26.694533,94.391521,268.1504
785636,26.778078,94.472635,103.8182
785640,26.980656,94.636367,34.3687
785660,27.013662,94.67303,8.6852
785661,26.920558,94.54752,36.7941
785662,27.13474,94.659433,182.5224
785663,27.044255,94.61026,44.4895
785664,26.964852,94.500969,73.5524
785665,26.916619,94.633096,80.096
785666,26.893862,94.596667,46.9403
785667,27.008202,94.548556,129.3992
785669,27.138136,94.853181,92.3846
785670,27.156806,94.94905,102.8635
785671,27.213006,94.709669,133.6072
785672,27.064363,94.722844,237.2982
785673,27.088409,94.896766,137.3535
785674,27.022384,94.888756,79.3123
785675,27.217248,94.87732,232.6845
785676,27.289452,94.904937,178.3494
785680,26.826141,94.540273,43.1099
785681,26.764105,94.562233,103.1104
785682,26.923305,94.503972,47.0946
785683,26.869568,94.520324,65.9412
785684,26.807693,94.616743,100.2862
785685,26.918648,94.706433,180.8746
785686,26.95403,94.794387,51.5538
785687,26.885358,94.813417,184.0486
785688,26.977305,94.860721,58.5366
785689,27.011113,94.966943,114.9754
785690,26.971174,95.013045,105.148
785691,27.106135,95.032492,110.9892
785692,27.085224,95.170752,216.0974
785693,27.123495,95.289589,222.0185
785694,27.055882,95.0734,64.3576
785695,26.988321,95.094101,87.0946
785696,26.802904,94.70991,127.1154
785697,27.038288,94.652391,43.4464
785698,26.994737,94.809219,12.1066
785699,26.604471,93.750674,61.4201
785700,26.819848,94.327569,87.4715
785701,27.003283,94.724151,42.5374
785702,26.465209,93.896559,285.4449
785703,26.735856,93.977495,102.2656
785704,26.673219,94.249438,67.7627
785705,26.320236,94.040815,268.6621
786001,27.509134,94.891472,72.6143
786002,27.507415,94.947079,46.081
786003,27.402223,94.947283,109.8856
786004,27.457898,94.901609,14.2552
786005,27.626693,95.14592,461.5064
786006,27.389732,94.881207,45.3701
786007,27.302781,94.733623,540.3351
786008,27.437954,94.808548,227.1354
786010,27.422864,95.022264,127.0992
786012,27.534378,94.997941,231.16
786101,27.537691,95.092672,45.3535
786102,27.454743,95.123849,31.1216
786103,27.386313,95.137828,241.1632
786125,27.497607,95.392458,40.0773
786126,27.51939,95.351986,34.1981
786145,27.409795,95.4853,274.5823
786146,27.465171,95.395124,31.1165
786147,27.554202,95.375501,38.4983
786148,27.423483,95.366978,5.0563
786150,27.537695,95.511026,12.3555
786151,27.581492,95.560007,349.9462
786152,27.657206,95.710153,234.1884
786153,27.615043,95.485546,41.5801
786154,27.744096,95.646128,232.7215
786155,27.818304,95.676977,572.6486
786156,27.680671,95.52504,209.1418
786157,27.9146,95.728466,493.6137
786158,27.639587,95.366112,269.4347
786159,27.545419,95.592487,28.5636
786160,27.539373,95.708157,177.9453
786170,27.468341,95.559018,165.8367
786171,27.364353,95.614195,466.7438
786173,27.335602,95.701247,102.1827
786174,27.485187,95.810846,226.0932
786179,27.296942,95.811108,64.8886
786181,27.280628,95.710032,46.2219
786182,27.34928,95.830128,220.2633
786183,27.479511,95.278231,191.3226
786184,27.506493,95.170675,204.2942
786187,27.267179,95.660237,73.2676
786188,27.375031,95.939028,181.2891
786189,27.567787,95.231615,24.8789
786190,27.525929,95.53961,64.0738
786191,27.382605,95.389355,42.0798
786192,27.483931,95.329537,16.0914
786601,27.393785,95.272632,25.6798
786602,27.346458,95.354182,193.0097
786610,27.308336,95.267694,195.0549
786611,27.189166,95.092685,158.9353
786612,27.226501,95.211771,247.9484
786613,27.247493,95.024892,185.6759
786614,27.243519,95.419628,136.423
786621,27.215533,95.295017,143.8753
786622,27.46887,94.934181,2.3017
786623,27.158154,95.409501,108.4447
786624,27.147138,95.063543,6.9414
786692,27.379865,95.322802,13.3358
787001,27.183609,94.211062,133.4681
787023,27.158339,93.994647,7.718
787026,27.421811,94.422946,97.3779
787029,27.307295,94.143288,12.0739
787030,27.719971,95.270381,90.1313
787031,27.211282,94.003995,383.9648
787032,27.324463,94.179188,473.2462
787033,27.027831,93.796779,51.4335
787034,27.395155,94.335525,126.1719
787035,27.527136,94.333892,330.0843
787051,27.308683,94.062172,120.1558
787052,27.0813,94.127636,458.726
787053,27.296135,94.376298,335.744
787054,27.049046,93.992844,96.1535
787055,27.189153,94.421084,638.3363
787056,27.450152,94.243306,165.9771
787057,27.495937,94.537151,500.813
787058,27.352806,94.559595,263.1934
787059,27.627087,94.824862,376.579
787060,27.773578,95.26057,716.6474
787061,27.703606,94.974999,259.4943
787110,27.523293,94.697936,448.8191
788001,24.824227,92.804811,2.5698
788002,24.867962,92.80596,42.4549
788003,24.858621,92.756651,40.9131
788004,24.816783,92.800907,3.0555
788005,24.810163,92.7944,2.0836
788006,24.796861,92.809377,10.5402
788007,24.805298,92.749967,31.8489
788008,24.832018,92.78149,2.6536
788009,24.819535,92.857752,72.3083
788010,24.766592,92.777219,19.0018
788011,24.702234,92.736444,17.7652
788012,24.805536,92.786314,1.0739
788013,24.75827,92.826996,35.8993
788014,24.778475,92.798215,0.9448
788015,24.790926,92.775427,9.6796
788025,24.887101,92.730142,15.9613
788026,24.810491,92.693318,73.6675
788030,24.959731,92.908452,241.1995
788031,24.944823,92.966732,109.7282
788098,24.827692,93.003081,54.5002
788099,24.636651,92.968953,65.7017
788101,24.793649,92.911048,93.4163
788102,24.852792,93.030013,33.5254
788103,24.790378,92.975486,3.6187
788104,24.780647,93.089565,70.6685
788106,24.600467,93.036463,334.5977
788107,24.910381,93.135009,443.231
788108,25.026564,93.013043,145.4447
788109,24.895677,92.991376,38.6092
788110,24.968341,92.742554,67.5642
788111,24.974043,92.820692,249.1375
788112,24.675351,92.819422,9.927
788113,24.597886,92.712833,44.5965
788114,24.579611,92.834062,121.3733
788115,24.682139,92.853648,46.6554
788116,24.567211,92.927013,152.8626
788117,24.669545,92.748839,182.649
788118,24.710871,92.78494,73.8838
788119,24.710125,92.920013,101.6584
788120,24.465915,92.873431,361.5968
788121,24.684167,92.886319,5.3142
788122,24.575717,92.962373,19.3804
788123,24.631379,92.861705,7.3446
788126,24.740085,92.98588,144.1096
788127,24.915379,92.724271,20.2967
788150,24.762272,92.636325,175.7521
788151,24.684185,92.56223,8.3589
788152,24.692099,92.524125,109.8993
788155,24.677844,92.613708,128.9824
788156,24.6668,92.449829,91.6671
788160,24.617062,92.650838,23.087
788161,24.43398,92.60868,260.4106
788162,24.251222,92.494026,297.5152
788163,24.527005,92.656364,317.936
788164,24.602371,92.54654,72.156
788165,24.342623,92.586175,192.4802
788166,24.575853,92.483521,82.7598
788167,24.504091,92.617854,25.5989
788168,24.599274,92.608168,35.4355
788701,24.798419,92.485473,99.2621
788702,24.854345,92.527686,3.0222
788706,24.829459,92.499181,8.7211
788709,24.897817,92.306094,37.7276
788710,24.869109,92.367191,9.9756
788711,24.846468,92.382277,13.3914
788712,24.846744,92.321826,91.5583
788713,24.835663,92.416878,18.2443
788719,24.71032,92.353203,22.6416
788720,24.769085,92.434285,96.9706
788721,24.844204,92.267114,5.6777
788722,24.763841,92.338036,143.4277
788723,24.682649,92.318154,175.0462
788724,24.609921,92.308387,190.1219
788725,24.535536,92.25472,140.3198
788726,24.505815,92.332693,84.6674
788727,24.427627,92.331146,68.7175
788728,24.344164,92.287857,227.7337
788733,24.613332,92.412014,21.7013
788734,24.537214,92.426691,78.3093
788735,24.570323,92.403191,23.542
788736,24.476094,92.435212,118.6371
788737,24.352133,92.414908,355.958
788781,24.828462,92.289721,27.3387
788801,24.793212,92.563797,29.6064
788802,24.860691,92.644406,58.9381
788803,24.851886,92.59446,4.5911
788804,24.897435,92.609055,25.1324
788805,24.892116,92.544219,60.4749
788806,24.825231,92.53753,73.8547
788815,25.017286,92.561348,382.7821
788816,24.997669,92.465391,89.4661
788817,25.012336,92.696683,344.674
788818,25.126879,92.796422,376.0699
788819,25.30518,92.935751,1389.6947
788820,25.189218,93.032079,23.4865
788830,25.134457,93.227644,869.1705
788831,25.35628,93.281912,980.9294
788832,25.562655,93.104675,1031.2949
788834,25.328034,93.091789,124.8896
788931,25.497642,92.76217,763.8889
790001,27.51106,92.51354,1237.8993
790002,27.071571,92.141701,742.565
790003,27.101515,92.314175,703.8075
790101,27.435321,92.246729,1831.1819
790102,27.513823,92.934317,7448.5622
790103,27.049028,92.927586,1326.8679
790104,27.615264,91.882636,248.3025
790105,27.667343,92.115821,1432.0597
790106,27.608522,91.751283,943.8609
790114,27.093992,92.54201,838.8584
790116,27.223209,92.474507,497.7421
791001,28.57982,94.526014,6616.4194
791002,28.534042,95.15219,2743.2731
791003,28.630685,94.15476,1443.5878
791101,28.025849,94.63842,1540.6388
791102,28.149979,95.05586,3857.8143
791103,28.109397,95.258653,102.1805
791104,28.115883,95.442531,1168.6447
791105,28.990755,94.868446,4855.3702
791109,27.095838,93.781262,91.6578
791110,27.114113,93.692491,73.4954
791111,27.129681,93.636231,88.9352
791112,27.259048,93.535429,1507.502
791113,27.093967,93.582844,178.9711
791118,27.998892,93.379369,8834.5087
791119,27.469452,93.526601,1193.3065
791120,27.661537,93.963361,3036.2753
791121,27.391862,93.952413,905.7567
791122,28.306618,93.924295,8678.2652
791123,27.053572,93.475229,897.5128
791125,27.726476,94.567884,1714.1572
792001,28.049308,96.272276,1226.2207
792055,27.254406,96.964363,829.4394
792056,27.476492,95.972845,324.129
792101,28.871692,95.905291,12285.2849
792102,27.754169,96.358349,2507.0097
792103,27.674421,95.940672,496.485
792104,28.074496,96.846088,7867.6459
792105,27.605267,95.875631,196.8675
792110,28.271384,95.835591,4903.3762
792111,27.971271,96.037543,1046.2339
792120,27.085586,95.73714,996.8087
792121,27.239265,95.960731,744.221
792122,27.5078,96.493721,2763.0345
792123,27.32804,96.332428,881.0528
792129,27.145745,95.547464,443.135
792130,26.961287,95.449462,1150.8896
792131,26.803935,95.332711,819.4394
793001,25.629437,91.905124,16.6982
793002,25.581924,91.878729,3.0885
793003,25.569238,91.896641,1.7872
793004,25.587135,91.88723,8.4044
793005,25.613907,91.853873,52.7907
793006,25.584183,91.956157,21.9484
793007,25.563373,91.931483,9.8897
793008,25.670268,91.951873,16.9459
793009,25.535217,91.854014,54.2167
793010,25.522974,91.899088,50.2077
793011,25.609092,91.931733,3.388
793012,25.616951,92.070121,73.8633
793014,25.591488,91.929762,3.5296
793015,25.429145,92.016317,549.5631
793016,25.631691,91.984271,66.0015
793017,25.636679,91.896981,13.463
793018,25.640673,92.123326,25.705
793019,25.578208,91.911764,10.8284
793021,25.56266,92.03585,125.2662
793022,25.63379,91.928475,14.0408
793101,26.036461,91.79896,217.2376
793102,25.9185,91.859426,952.4847
793103,25.720659,92.075992,324.3163
793104,25.700929,91.85547,126.0632
793105,25.863661,92.027149,926.4101
793106,25.240551,91.209651,960.5667
793107,25.166879,91.726857,20.9953
793108,25.231482,91.72572,131.5133
793109,25.187053,92.116899,145.75
793110,25.297675,91.890772,669.0999
793111,25.33081,91.747811,333.5342
793112,25.172739,91.667673,65.9668
793113,25.235263,91.583993,292.7962
793114,25.36176,91.354271,888.5556
793115,25.574526,91.756534,282.827
793119,25.574504,91.124345,3444.8741
793120,25.636324,91.59247,1196.4555
793121,25.428414,91.662917,464.1303
793122,25.673097,91.894428,45.4103
793123,25.877347,91.631815,53.2881
793150,25.445435,92.307498,1256.9697
793151,25.619925,92.270983,732.8838
793160,25.324708,92.295952,587.868
793200,25.268254,92.554386,1589.4524
793210,25.173961,92.342817,372.2351
794001,25.494238,90.242752,4.5723
794002,25.61113,90.30594,699.9782
794003,25.69257,90.220434,109.7066
794005,25.39457,90.321158,963.5086
794101,25.504476,90.208149,82.0766
794102,25.326924,90.630067,654.9517
794103,25.263259,90.26011,851.0889
794104,25.792323,90.133054,882.8761
794105,25.648815,90.042525,349.1911
794106,25.351731,89.870645,169.1196
794107,25.784926,90.933954,88.5102
794108,25.867627,90.572172,844.7336
794109,25.900649,90.314968,528.0446
794110,25.763832,90.844508,975.1643
794111,25.65049,90.591557,1126.4132
794112,25.484261,90.520783,452.7481
794114,25.247967,90.793627,693.5748
794115,25.451962,89.983145,715.515
795001,24.813877,93.942549,8.4152
795002,24.906668,93.872021,182.9979
795003,24.758035,93.930104,46.1277
795004,24.815801,93.909599,37.096
795005,24.797047,94.029393,92.1222
795006,24.343594,93.730338,9.6858
795007,25.491314,93.902242,362.7055
795008,24.752916,93.991395,61.8902
795009,24.690263,93.89893,93.8153
795010,24.862229,94.094367,241.0541
795011,24.57964,93.757516,15.9192
795015,25.332197,94.280752,408.9186
795101,24.239304,93.82337,149.0502
795102,24.057587,93.998318,1692.9454
795103,24.443844,93.924457,308.7514
795104,25.468613,94.331175,434.1589
795106,25.348592,94.096345,1020.8472
795107,25.028337,93.859604,164.7872
795112,25.175642,93.848894,181.6235
795113,24.779345,93.782637,184.9968
795114,24.944569,94.04429,318.3113
795115,24.783801,93.149914,4.5115
795116,24.531302,93.135788,990.4001
795117,24.31349,93.779541,57.2242
795118,25.085916,94.067255,414.8997
795122,25.105627,93.903695,120.1655
795124,24.581655,93.687543,101.3087
795125,25.204819,93.730972,1355.3341
795126,24.584061,93.798928,158.1123
795127,24.264957,94.080171,562.4143
795128,24.428676,93.567942,1334.9494
795129,25.251404,93.955675,310.9949
795130,24.689875,93.973176,64.2789
795131,24.306778,94.241103,548.0978
795132,24.596808,93.866559,114.8795
795133,24.44216,93.78629,436.1252
795134,24.697186,93.777593,223.9864
795135,24.47685,94.171973,1136.9554
795136,24.987669,93.929807,127.1037
795138,24.623455,93.979467,153.7832
795139,24.119771,93.585464,1301.7674
795140,24.750984,93.874048,9.7411
795141,24.976378,93.398818,1865.334
795142,25.23172,94.458772,2224.8144
795143,24.265568,93.257828,2035.2842
795144,25.147381,94.246778,246.8832
795145,24.872079,94.474474,2059.6342
795146,24.86341,93.798046,195.0821
795147,24.688036,93.466494,1277.4475
795148,24.563825,94.038436,174.4815
795149,24.680798,94.248054,950.1756
795150,25.512971,94.141782,51.2154
795159,24.909882,93.649713,484.6082
796001,23.683897,92.718691,162.4799
796004,23.73172,92.671242,7.9034
796005,23.607069,92.703277,114.0275
796007,23.737394,92.729839,5.3613
796008,23.733651,92.729414,0.7393
796009,23.737756,92.636212,57.0333
796012,23.754554,92.725833,3.9579
796014,23.911089,92.742751,152.3396
796015,23.812175,92.742861,167.3003
796017,23.87387,92.891809,403.036
796070,24.098686,92.732319,1078.9717
796081,24.212694,92.623688,222.4237
796082,24.190256,92.689029,24.0035
796091,24.29731,92.698006,139.0627
796101,24.383402,92.779565,273.7855
796111,24.178846,92.931773,838.4477
796161,23.671012,92.821043,328.0293
796181,23.307636,92.933371,1196.7338
796184,23.134965,93.068194,26.762
796186,23.265238,92.736244,112.8662
796190,23.435648,92.722475,490.0518
796261,23.796437,93.026546,1544.8429
796290,23.898968,93.245767,712.0532
796310,23.519527,93.141763,1189.2672
796320,23.150056,93.255299,671.9662
796321,23.550148,93.332327,1187.9181
796370,23.245769,93.101054,365.5311
796410,23.798891,92.652352,53.5622
796421,23.839331,92.616819,21.2955
796431,23.547662,92.413542,1248.4712
796441,23.922105,92.416557,1022.6935
796471,24.160585,92.396095,303.7667
796501,23.711845,92.577101,986.0931
796571,22.964048,92.953741,792.6422
796581,22.91766,93.085921,290.7295
796691,23.161285,92.794972,272.0008
796701,22.952084,92.741792,2094.0385
796710,23.226475,92.48299,521.6481
796730,22.836082,92.627653,828.5735
796751,22.965804,92.456005,612.9026
796770,22.593434,92.59315,471.7529
796891,22.331303,92.747304,2005.4562
796901,22.560596,93.042189,1054.3884
796911,22.211806,92.990516,1137.3846
797001,25.671837,94.109356,17.5883
797002,25.650311,93.989632,355.0734
797003,25.673362,94.178619,185.1841
797004,25.728221,94.085206,78.3461
797006,25.595085,94.121232,179.6562
797099,26.286593,94.140781,63.0945
797100,26.251743,94.181121,1205.7958
797101,25.363368,93.594093,619.3305
797102,25.600616,94.36688,207.4211
797103,25.804551,93.752725,115.2291
797104,25.72466,94.328386,306.4596
797105,25.812928,94.138551,494.4868
797106,25.790368,93.899481,591.9594
797107,25.554528,94.266877,209.9541
797108,25.713282,94.473621,430.1364
797109,25.941583,94.160111,354.3519
797110,25.554101,93.627212,1498.2773
797111,26.084339,94.234916,695.1049
797112,25.737013,93.655451,272.2372
797113,25.903366,93.704006,10.0628
797114,25.620748,94.709467,1100.1462
797115,25.868233,93.756092,51.914
797116,25.923266,93.770704,32.8699
797117,25.903124,93.727969,17.3613
797118,25.873964,93.709179,8.5451
797120,25.659232,94.099146,0.2535
797121,25.68366,94.102299,2.1599
798601,26.581508,94.546729,320.8098
798602,26.882568,95.121625,530.6464
798603,26.475725,95.000082,880.0867
798604,26.511814,94.425722,452.4484
798607,26.270168,94.406649,161.0045
798611,25.849214,94.825095,1453.0436
798612,26.157029,94.820402,809.6376
798613,26.563247,94.654711,252.068
798614,26.445125,94.626132,217.5163
798615,26.423975,94.52695,133.2069
798616,26.315266,94.721332,606.1003
798617,26.321875,94.523795,365.7968
798618,26.665121,94.739469,69.6017
798619,26.127511,94.44855,321.9971
798620,25.96296,94.494349,1609.3213
798621,26.727279,95.062216,763.1991
798622,26.756518,94.865191,609.4994
798623,26.702214,94.693733,103.8552
798625,26.510892,94.809807,563.8586
798626,26.107677,95.023435,1180.0002
798627,26.231355,94.482326,59.1177
799001,23.831058,91.269622,9.1872
799002,23.857698,91.261323,17.31
799003,23.80507,91.254812,24.9226
799004,23.829873,91.298334,1.6241
799005,23.845031,91.284404,0.9567
799006,23.864388,91.305497,19.3997
799007,23.837819,91.296253,1.5385
799008,23.858002,91.35664,53.6318
799009,23.892795,91.258445,34.8007
799010,23.781457,91.329198,76.3199
799011,23.700596,91.452581,213.3677
799012,23.907196,91.347145,84.4016
799013,23.47031,91.521334,102.567
799014,23.78343,91.267723,6.2062
799015,23.097232,91.374161,49.7263
799022,23.76374,91.259198,3.841
799035,23.832037,91.395529,97.8608
799045,23.823062,91.485237,294.0706
799046,23.845585,91.425701,2.4844
799101,23.587968,91.668829,724.8061
799102,23.66145,91.248426,356.9583
799103,23.610738,91.331878,173.8693
799104,23.378589,91.758429,522.039
799105,23.458478,91.389826,158.8081
799113,23.539414,91.436528,24.0534
799114,23.609202,91.511826,286.0454
799115,23.519733,91.336107,163.5311
799120,23.534799,91.526906,88.7484
799125,23.404721,91.514398,239.2562
799130,23.747509,91.264563,60.8708
799131,23.342057,91.346575,138.2633
799132,23.466136,91.268058,126.9361
799141,23.203069,91.651975,137.5092
799142,23.23395,91.594607,39.6084
799143,23.074892,91.6453,331.4359
799144,23.302909,91.628636,346.5802
799145,23.050692,91.734451,172.4873
799150,23.262769,91.374545,44.7607
799153,23.221029,91.345208,62.7898
799155,23.280473,91.468262,256.9473
799156,23.116882,91.550054,166.1854
799157,23.156021,91.354339,35.1891
799201,24.08677,91.644141,313.5777
799202,24.07573,91.614996,10.0848
799203,23.918519,91.61439,138.8387
799204,23.891014,91.823707,179.4046
799205,23.833416,91.688891,531.6424
799207,23.99322,91.622889,251.4941
799210,23.951116,91.315021,64.3623
799211,23.963214,91.442059,180.4203
799212,24.053997,91.433138,126.9235
799250,24.371451,92.162475,11.2033
799251,24.395861,92.176244,66.5758
799253,24.34329,92.204789,54.9927
799254,24.326534,92.107032,85.6312
799256,24.17184,92.283771,160.5203
799260,24.257685,92.183835,184.9272
799261,24.460637,92.20219,88.3102
799262,24.383597,92.244021,31.0345
799263,24.179307,92.130735,157.093
799264,24.170991,92.056446,81.5239
799266,24.072428,92.028229,94.1285
799269,23.967722,92.286172,207.0417
799270,24.058406,92.173234,418.8699
799271,23.844071,92.210702,381.9095
799273,23.810261,92.061494,693.7296
799275,24.008097,91.984352,326.7645
799277,24.270844,91.951632,111.144
799278,24.002336,91.839043,134.9396
799279,24.324698,92.031009,53.9083
799280,24.244914,92.016104,77.9764
799281,24.361204,92.013617,38.866
799282,24.284772,92.056,36.0469
799284,23.570943,91.867008,547.8274
799285,24.181774,91.818317,95.8968
799286,24.080739,91.831716,184.1215
799287,24.148709,91.80001,53.1116
799288,24.116255,91.968098,41.8362
799289,23.799438,91.878117,503.3069
799290,24.16919,91.975241,103.2696
800001,25.608959,85.129798,21.5506
800002,25.577019,85.102141,14.5146
800003,25.607358,85.152159,1.338
800004,25.612658,85.167548,5.0918
800005,25.620039,85.16764,0.5092
800006,25.616163,85.181074,2.0131
800007,25.557509,85.196502,51.0893
800008,25.589459,85.236939,10.9589
800009,25.561876,85.249283,16.9704
800010,25.643765,85.114493,5.7443
800011,25.646847,85.092547,8.0849
800012,25.629537,85.06073,11.366
800013,25.632433,85.121496,7.8179
800014,25.601011,85.085127,8.5357
800015,25.59966,85.116842,1.1768
800016,25.606323,85.166493,1.5462
800017,25.614039,85.137648,0.1476
800018,25.647678,85.073069,4.0126
800019,25.607301,85.14468,0.0757
800020,25.595513,85.159975,7.2669
800021,25.610282,85.128267,0.0254
800022,25.600258,85.098499,1.5091
800023,25.607639,85.10006,1.0895
800024,25.628128,85.094106,3.7505
800025,25.616159,85.074267,4.5328
800026,25.590974,85.177122,4.2929
800027,25.580285,85.167029,3.9486
800028,25.607603,85.122505,0.4331
800029,25.615863,85.10031,2.0583
800030,25.564181,85.167284,6.7668
801101,25.61154,84.861622,2.386
801102,25.37073,84.872808,97.1508
801103,25.557759,84.846615,132.8573
801104,25.440129,84.856674,117.5296
801105,25.547908,85.008338,47.9029
801106,25.539552,84.836273,12.2364
801108,25.670677,84.904374,142.8888
801109,25.485758,84.945902,179.0149
801110,25.294262,84.804273,305.8564
801111,25.578892,84.923202,35.8203
801112,25.448193,84.78357,94.1927
801113,25.591822,84.980594,46.6211
801115,25.480064,84.855046,16.1148
801117,25.465811,84.944093,12.7113
801118,25.503765,84.842363,6.9786
801301,25.223398,85.259999,130.0312
801302,25.306744,85.271083,178.4385
801303,25.114291,85.264276,273.2369
801304,25.39793,85.254801,129.8022
801305,25.395788,85.358066,122.1575
801306,25.22522,85.191988,54.463
801307,25.289934,85.36335,46.4928
801501,25.606064,85.051927,4.232
801502,25.640806,85.00214,2.3929
801503,25.629048,84.981771,101.0418
801505,25.540511,85.072713,85.5519
801506,25.596259,85.066227,3.9219
801507,25.682328,85.035743,73.9325
802101,25.569991,83.977907,16.597
802102,25.542764,83.932703,17.1093
802103,25.5345,84.017702,128.4472
802111,25.627184,84.245256,117.0934
802112,25.497885,84.010694,17.7408
802113,25.679263,84.094613,44.4662
802114,25.44643,83.864159,136.0373
802115,25.48005,84.24489,28.8763
802116,25.591822,84.031938,33.902
802117,25.323093,84.013041,109.1673
802118,25.616909,84.074253,25.0916
802119,25.526262,84.151382,103.8249
802120,25.640481,84.180439,27.7998
802122,25.397379,83.907157,88.273
802123,25.453895,84.009751,186.0442
802125,25.427145,84.270869,105.0382
802126,25.481135,84.161188,96.0001
802127,25.461726,84.210767,9.2432
802128,25.336901,83.915588,140.2124
802129,25.397432,84.135807,231.0637
802130,25.665919,84.32847,69.9958
802131,25.679843,84.155663,80.4646
802132,25.321276,83.772078,251.3005
802133,25.585235,84.142524,89.4394
802134,25.537258,84.299681,191.6384
802135,25.642944,84.106515,18.0438
802136,25.566252,84.141393,8.5353
802152,25.534843,84.476747,54.1639
802154,25.59804,84.476815,68.0452
802155,25.426098,84.390528,67.6157
802156,25.620121,84.572279,66.8839
802157,25.56791,84.54034,30.432
802158,25.476514,84.431823,168.439
802159,25.373051,84.378929,27.9667
802160,25.601023,84.781367,80.4539
802161,25.5355,84.745074,41.2271
802162,25.526204,84.550191,71.932
802163,25.66443,84.80549,51.3562
802164,25.401621,84.714883,113.755
802165,25.60933,84.368349,14.1592
802166,25.655337,84.428155,211.8211
802183,25.558497,84.38531,95.5203
802201,25.347318,84.63067,173.0481
802202,25.375525,84.322484,83.1779
802203,25.417501,84.550971,201.7108
802204,25.272991,84.356187,98.8908
802205,25.180639,84.346117,57.353
802206,25.463934,84.638785,102.5598
802207,25.313381,84.41964,129.9077
802208,25.260638,84.583305,144.1601
802209,25.219658,84.450355,128.5456
802210,25.52239,84.636338,69.6971
802211,25.33085,84.187488,75.0721
802212,25.20548,84.262758,149.2801
802213,25.267969,84.073779,236.854
802214,25.118543,84.295543,125.3773
802215,25.073218,84.043371,281.5879
802216,25.315901,84.274763,69.7972
802217,25.020441,84.116334,85.8441
802218,25.221621,84.14137,182.8671
802219,25.057876,84.212638,116.7696
802220,25.137378,84.179355,69.0675
802221,25.24533,84.238015,11.7672
802222,25.28242,84.506568,50.549
802223,25.359982,84.481616,97.0803
802226,25.274927,84.237672,75.2855
802237,25.562653,84.624825,3.7041
802301,25.562195,84.683453,74.4143
802302,25.540095,84.652011,7.1503
802311,25.692724,84.718045,97.2563
802312,25.60527,84.641526,66.7862
802313,25.650108,84.657239,36.3836
802314,25.604605,84.731075,30.0866
802315,25.635162,84.705649,12.2905
802316,25.689283,84.606416,101.4169
802351,25.667125,84.534487,18.998
802352,25.479039,84.731077,51.0013
803101,25.210911,85.522339,48.0874
803107,25.230638,85.659918,286.0292
803108,25.337837,85.41841,103.6861
803109,25.05393,85.526309,91.1799
803110,25.363758,85.539331,241.939
803111,25.159062,85.457118,125.7202
803113,25.272821,85.48072,62.0728
803114,25.185476,85.37145,126.5743
803115,25.102614,85.550745,49.9737
803116,25.036923,85.378745,160.5079
803117,25.091365,85.416667,85.2475
803118,25.262334,85.532838,42.9651
803119,25.282072,85.59317,98.8345
803120,25.260935,85.421166,52.2016
803121,25.016174,85.472486,43.332
803122,25.243379,85.367301,17.0453
803123,25.399696,85.500665,21.1827
803201,25.483412,85.262423,138.3934
803202,25.465858,85.395315,137.5363
803203,25.490331,85.211325,41.3301
803204,25.426328,85.447922,25.4397
803205,25.495405,85.372961,10.5058
803206,25.520743,85.203656,11.2822
803211,25.431676,85.612671,103.8805
803212,25.475076,85.520499,117.8098
803213,25.416869,85.69935,189.564
803214,25.432633,85.781468,107.551
803215,25.497487,85.753941,35.5875
803216,25.160525,85.546128,100.9078
803218,25.578036,85.589133,7.2717
803221,25.474248,85.83372,161.3684
803301,25.352894,85.996739,96.7687
803302,25.354133,85.888434,98.6794
803303,25.400772,85.928628,32.1601
803306,25.347215,85.798384,72.6278
803307,25.334183,85.746881,4.8481
804401,25.255685,84.686177,72.2244
804402,25.197681,84.633352,80.9225
804403,24.980482,84.98643,160.3276
804404,24.912541,84.981521,65.214
804405,25.061218,85.075877,86.3357
804406,25.14294,85.143422,61.3054
804407,25.061974,85.155348,120.0182
804408,25.211331,85.003454,20.6698
804417,25.21946,84.96857,170.786
804418,25.244047,85.069247,79.4706
804419,25.148644,84.711357,154.2321
804420,25.177257,85.062474,44.0592
804421,25.162717,84.82299,55.6481
804422,25.070382,84.981542,127.1598
804423,25.174787,84.863467,18.1122
804424,25.051537,84.915636,54.9532
804425,25.104985,84.819856,195.1623
804426,25.2205,84.76974,78.9843
804427,25.127597,85.006558,77.5168
804428,25.152865,84.583212,117.6771
804429,25.208849,84.90113,73.7936
804430,25.176707,84.513891,24.6289
804432,25.235773,85.140289,131.4324
804433,25.171688,84.97307,8.541
804434,25.131999,85.089057,26.1824
804435,25.01695,84.892814,20.6481
804451,25.366721,85.13549,195.899
804452,25.353641,85.003219,235.1005
804453,25.471943,85.098366,263.4945
804454,25.293985,84.988646,54.4496
805101,24.969328,85.841773,25.1402
805102,24.756811,85.681461,106.8312
805103,24.845379,85.409507,148.2937
805104,24.910367,85.609388,123.7384
805105,25.07179,85.609548,62.8339
805106,24.825151,85.909704,361.1077
805107,24.842832,85.704156,135.6923
805108,25.086453,85.675509,30.2869
805109,24.936093,85.423953,162.597
805110,24.883818,85.569796,25.9093
805111,24.880446,85.502242,71.8275
805112,24.817716,85.530181,90.2421
805113,25.060113,85.739551,73.3465
805121,24.80182,85.597941,90.0648
805122,24.76524,85.385263,184.7983
805123,24.954372,85.525232,70.5861
805124,24.935922,85.777961,175.376
805125,24.62914,85.539304,450.9292
805126,24.732778,85.573194,132.5155
805127,24.64865,85.388931,302.1988
805128,24.716701,85.274453,118.9616
805129,24.83838,85.320167,54.2849
805130,25.008657,85.639563,171.5821
805131,24.809715,85.209629,311.4061
805132,24.946707,85.691343,86.6789
805133,24.904623,85.432316,6.6777
805135,24.906077,85.262128,18.0114
805141,24.897071,85.6843,16.7284
805236,24.941181,85.346962,28.3838
811101,25.203384,85.74177,134.3024
811102,25.034415,85.817677,109.7252
811103,25.12051,85.670469,39.467
811104,25.281275,85.815642,190.9384
811105,25.159611,85.838926,323.5445
811106,25.2585,86.204675,236.2502
811107,25.146189,85.981992,203.5533
811112,25.203595,86.31992,214.471
811201,25.410169,86.560249,149.603
811202,25.331317,86.436482,288.3986
811211,25.286208,86.609579,245.7235
811212,25.207969,86.447064,267.0492
811213,25.095616,86.51911,462.9338
811214,25.325526,86.515907,55.0341
811301,24.933386,85.928886,189.1302
811302,25.269231,86.017674,301.4678
811303,24.528201,86.375814,642.8696
811304,25.047718,85.921489,185.7066
811305,24.873065,86.316491,105.3431
811307,24.93894,86.180073,284.6288
811308,24.784608,86.426683,481.5746
811309,25.145747,86.240596,140.8453
811310,25.096316,86.187723,202.3962
811311,25.100592,86.086227,317.04
811312,24.964647,86.408638,312.6384
811313,25.03076,86.315615,275.0613
811314,24.69639,86.269676,404.9485
811315,24.952652,86.037574,245.9416
811316,24.651155,86.515032,361.3284
811317,24.812641,86.157438,462.4082
812001,25.257286,86.990511,6.8059
812002,25.240578,86.988728,12.1272
812003,25.282241,87.051544,54.0101
812004,25.295265,86.889611,198.0274
812005,25.144212,87.013665,138.6592
812006,25.188626,86.892362,185.4398
812007,25.243907,86.954691,2.4996
813101,25.035444,86.889581,200.315
813102,24.861223,86.88206,306.5241
813103,24.860922,86.991048,46.0298
813104,24.723296,87.003528,383.0229
813105,25.075812,87.018136,145.6132
813106,24.705809,86.805507,691.9112
813107,24.992561,87.001935,145.3326
813108,25.151249,86.797201,175.7352
813109,24.89861,87.07411,150.8737
813110,24.97441,87.118531,242.6458
813112,25.180319,86.970043,4.9366
813113,25.215785,86.973729,16.6628
813115,24.874758,87.042064,12.0362
813116,24.929771,86.81508,72.5962
813117,24.819548,87.013966,9.6685
813118,24.811886,86.859431,29.4345
813119,24.830649,86.978516,15.006
813121,24.912577,87.008972,5.678
813123,24.889667,87.019703,24.1761
813124,24.988202,86.884306,12.3559
813125,25.083859,86.872153,7.9376
813126,24.98686,86.842365,23.4689
813127,25.098051,86.844436,5.1991
813128,24.743929,87.062133,10.8838
813129,25.170035,86.952132,4.6531
813201,25.173802,86.662569,77.7566
813202,24.920923,86.603459,288.1793
813203,25.304642,87.279252,72.3216
813204,25.172193,87.24498,254.2417
813205,25.145106,87.15463,139.1785
813206,25.23092,87.368563,21.548
813207,24.955479,86.759704,180.7103
813208,25.167915,87.516323,367.8125
813209,25.313988,87.425981,367.4338
813210,25.212302,87.070593,178.0867
813211,25.052667,86.727581,214.0849
813212,24.995074,86.570478,51.3063
813213,25.215712,86.731283,122.4631
813214,25.102331,86.644816,81.6236
813221,25.004334,86.621968,64.6687
813222,25.286204,87.327947,118.7062
813223,25.227106,86.817053,37.3333
813225,25.083412,87.154685,11.7646
813227,25.16138,86.7375,9.0232
813228,25.26202,86.788247,13.3545
813231,25.235719,87.255426,14.6332
813233,25.252207,87.045156,3.0145
814101,24.227782,87.195309,482.7667
814102,24.530772,87.250103,251.8026
814103,24.387769,87.482312,772.4559
814110,24.258115,87.247711,13.2148
814111,24.549263,87.587932,460.9875
814112,24.475019,86.696861,19.1112
814113,24.551274,86.733952,146.5794
814114,24.37978,86.662907,134.0089
814115,24.498,86.70457,3.1009
814116,24.478964,86.671512,3.6404
814118,24.373207,87.088302,141.2973
814119,24.259596,87.315059,211.4748
814120,24.438889,86.917476,306.8385
814122,24.483798,86.712741,3.6376
814124,24.239067,87.410006,31.3262
814131,24.736739,86.637224,565.602
814133,24.832584,87.207873,427.2704
814141,24.401962,87.025801,138.1774
814142,24.541154,86.623006,93.2742
814143,24.441714,86.740727,83.556
814144,24.089585,87.307097,289.9979
814145,24.497506,87.143967,285.1475
814146,24.188654,87.021423,728.4166
814147,24.924834,87.381972,339.6643
814148,24.068778,87.44074,226.9959
814149,24.268512,86.897868,130.1791
814150,24.347849,86.826276,407.2119
814151,24.560314,87.007975,336.417
814152,24.43682,86.565313,369.7361
814153,24.632068,87.248707,596.7426
814154,25.036838,87.282555,166.7381
814155,24.994797,87.202892,142.9619
814156,24.732446,87.384628,719.4402
814157,24.515613,86.81955,145.1188
814158,24.415546,87.292686,210.2765
814160,25.16334,87.364935,149.092
814165,25.047322,87.415569,304.5107
814166,24.042777,87.010746,363.2655
814167,24.153214,87.157516,24.9257
815301,24.158382,86.349394,106.9727
815302,24.068215,86.417626,251.7913
815311,24.136194,86.259536,108.4406
815312,24.26164,86.41887,668.3716
815313,24.631397,85.90669,390.8979
815314,24.4974,86.188836,524.3686
815315,24.372321,86.233634,132.3489
815316,24.233143,86.210832,389.8445
815317,24.627875,86.05416,520.9463
815318,24.318226,86.162171,265.7176
815351,23.98266,86.790541,594.6826
815352,24.020029,86.620264,330.3099
815353,24.238034,86.639737,731.3818
815354,23.869561,86.844719,114.0348
815355,23.900694,87.051993,378.46
815357,24.134511,86.785964,302.3465
815359,23.939238,87.200356,355.7653
815552,24.060907,86.761974,5.1833
816101,24.876837,87.825756,330.5852
816102,24.891329,87.606062,484.7657
816103,24.191131,87.563676,361.3957
816104,24.694782,87.631996,646.3253
816105,24.76332,87.821442,58.5016
816106,24.466356,87.737058,392.5622
816107,24.644567,87.845751,267.5041
816108,25.060414,87.799477,255.2583
816109,25.21069,87.628712,404.4976
816110,24.810933,87.696249,208.7797
816115,25.233743,87.722486,27.5825
816116,24.990976,87.708872,118.8803
816117,24.327021,87.674104,244.3761
816118,24.204468,87.410674,203.5321
816120,25.02256,87.593432,259.5514
816129,25.134832,87.722651,125.3213
821101,25.068979,83.624681,287.9075
821102,24.79363,83.579722,1792.8355
821103,25.050985,83.486127,243.6963
821104,24.882869,83.779432,449.2923
821105,25.229882,83.499939,213.3296
821106,25.110101,83.403397,265.4971
821107,25.114969,83.914176,323.3402
821108,25.059377,83.769779,195.8955
821109,25.179078,83.699656,428.7463
821110,25.271126,83.645891,223.1983
821111,24.966935,83.893009,161.1158
821112,25.224115,83.921306,299.3652
821113,24.852014,83.912545,307.6845
821115,24.87469,84.015709,364.5762
821301,24.981033,84.182721,92.1941
821302,24.69677,84.010581,26.1415
821303,24.685194,83.962507,103.8518
821304,24.559239,83.762925,303.6463
821305,24.914963,84.138639,140.1426
821306,24.964028,84.249876,59.0486
821307,24.887735,84.188313,15.0349
821308,24.837652,84.129764,22.4062
821309,25.141863,84.40539,105.6629
821310,25.055934,84.324146,123.6633
821311,24.654442,83.861649,330.1988
821312,24.773959,84.038621,155.3805
822101,24.05792,84.086078,75.7413
822102,23.995476,84.132291,86.3133
822110,23.986041,83.982663,791.9921
822111,23.776286,84.158712,797.1096
822112,24.443203,83.561662,635.0034
822113,24.39005,84.207152,1010.5662
822114,24.095367,83.723124,909.3068
822115,24.475353,83.906041,257.6174
822116,24.512221,84.022621,288.815
822117,24.537282,83.993154,13.7055
822118,24.073837,84.248659,333.8095
822119,23.422822,84.137148,453.6914
822120,24.446989,83.776188,205.6123
822121,24.266006,83.471974,354.6683
822122,24.11526,84.428406,1081.1275
822123,24.183378,84.180081,499.9012
822124,24.219203,84.002802,305.9246
822125,23.804161,83.82479,1596.2877
822126,23.875906,84.330808,675.5318
822127,23.732823,84.003658,16.4021
822128,24.174454,83.524848,550.7891
822129,24.359271,83.59957,43.6837
822131,24.540717,84.285361,11.2091
822132,24.325877,83.920264,476.1457
822133,24.165437,83.657057,270.6746
822134,24.328151,83.737647,207.309
823001,24.770253,84.938184,72.2987
823002,24.848221,84.976641,117.1067
823003,24.815393,85.063299,168.3545
823004,24.73155,84.921667,26.5818
823005,24.752638,84.954979,10.1025
823311,24.939625,85.238679,349.5885
824101,24.764947,84.3553,63.7733
824102,24.766162,84.433053,113.3137
824103,24.726378,84.508344,192.1111
824111,24.629307,84.319216,192.7871
824112,24.845406,84.257414,359.4386
824113,24.995285,84.418234,107.3608
824114,24.979364,84.575954,83.5126
824115,24.988137,84.513774,36.2448
824116,24.875948,84.694946,57.4033
824118,24.783156,84.767924,250.9397
824119,24.558104,84.287718,2.8252
824120,25.06415,84.586538,120.6185
824121,24.841598,84.402976,177.8695
824122,24.873788,84.543455,166.3886
824123,24.626524,84.245888,108.8746
824124,24.930903,84.404109,254.6166
824125,24.784785,84.641718,280.5844
824127,25.12768,84.502325,75.6947
824129,24.920597,84.654277,93.9154
824130,24.978047,84.306577,10.7575
824143,25.060177,84.46739,144.6237
824201,24.484528,85.04112,422.3105
824202,24.614249,84.40334,305.106
824203,25.012041,84.674104,210.7255
824205,24.655685,84.726746,149.1031
824206,24.440586,84.499596,596.6101
824207,24.914562,84.777533,162.6061
824208,24.601487,84.537078,207.675
824209,24.807162,84.874835,146.2831
824210,24.694411,84.625918,71.2261
824211,24.565531,84.823915,150.7275
824213,25.043186,84.387587,7.8156
824216,24.625473,84.472469,17.6179
824217,24.531341,84.659672,250.3559
824218,24.684006,84.590757,11.792
824219,24.603566,84.695226,127.2452
824220,24.507351,84.914922,283.1369
824221,24.429725,84.391951,96.5314
824231,24.674398,85.019186,234.896
824232,24.601065,85.193128,738.4092
824233,24.966175,85.126912,230.3125
824234,24.650472,84.925386,84.7689
824235,25.022436,84.807097,163.7204
824236,24.925188,84.874778,173.6913
824237,24.677227,84.844135,161.5137
824301,24.658785,84.189004,181.3456
824302,24.547672,84.154189,123.3515
824303,24.701841,84.119159,355.9778
825101,23.532763,85.616612,178.5968
825102,23.680952,86.026316,45.1671
825103,24.052013,84.882049,1127.8136
825106,23.998794,86.045766,177.0296
825108,24.029512,86.222059,465.0506
825109,24.291634,85.721678,312.8904
825132,24.715356,85.782656,450.0339
825137,24.426681,85.56239,5.4449
825167,23.94539,86.078431,213.4294
825301,24.021888,85.390352,75.2936
825302,23.91998,85.440976,196.1428
825303,23.966695,85.467834,111.7671
825311,23.831132,85.25904,811.9669
825312,23.954249,85.794838,490.6856
825313,24.008129,85.598585,301.2488
825314,23.781134,85.592533,22.8141
825315,23.853639,85.737422,265.9906
825316,23.731545,85.536059,173.7349
825317,24.009695,85.476507,30.9038
825318,24.376816,85.851773,451.7622
825319,24.075024,85.265479,479.6035
825320,24.138077,85.998776,376.8245
825321,23.854424,85.024573,773.9861
825322,24.069896,85.85251,468.6656
825323,24.18179,85.688314,349.7544
825324,24.261228,85.991258,386.3746
825325,23.8412,85.623155,140.4906
825326,23.814573,85.562824,34.1963
825329,23.955553,86.172658,58.4735
825330,23.741658,85.438879,112.521
825335,24.025276,85.350396,1.9937
825336,23.846167,85.511893,207.9202
825337,23.997353,85.995648,30.1202
825401,24.251125,84.941681,813.4846
825402,24.106955,85.452933,399.4768
825403,24.380891,84.804245,599.3385
825404,24.253177,84.621252,814.8853
825405,24.254544,85.499161,518.3664
825406,24.422756,85.326957,777.192
825407,24.533842,85.746851,321.9199
825408,24.218659,85.149098,731.1218
825409,24.424258,85.519131,231.4888
825410,24.486617,85.611322,351.7599
825411,24.194809,85.369127,224.6371
825412,24.432535,86.002296,358.4463
825413,24.300709,85.567245,31.5173
825414,24.454527,84.819728,18.0464
825418,24.418369,85.750985,131.4653
825421,24.387662,85.560654,17.5129
826001,23.801576,86.426929,25.2007
826003,23.784016,86.468149,13.0162
826004,23.859507,86.435015,60.067
826005,23.818581,86.473214,16.9686
826006,23.887713,86.364036,110.313
826007,23.815204,86.454942,0.8288
826009,23.818902,86.576379,23.855
827001,23.64241,86.145713,12.809
827003,23.659817,86.149061,2.5876
827004,23.674536,86.155985,6.2498
827006,23.675883,86.174071,5.2213
827009,23.695455,86.158403,10.865
827010,23.646115,86.099406,18.3383
827011,23.678908,86.108486,32.2591
827012,23.658345,86.107665,2.6509
827013,23.559692,86.210066,244.1397
827014,23.673279,86.059088,18.7815
827015,23.644297,86.187618,30.3399
827302,23.538436,85.927468,230.7253
828101,23.787222,86.355615,11.6064
828102,23.864842,86.714579,4.6909
828103,23.77161,86.317282,2.2031
828104,23.813239,86.3793,17.9669
828105,23.827642,86.39589,6.8123
828106,23.760516,86.414932,12.2454
828107,23.644882,86.489944,4.2801
828108,23.687053,86.41363,2.1518
828109,23.918042,86.498978,556.0827
828110,23.704893,86.41734,6.1587
828111,23.759732,86.447663,19.3486
828112,23.71037,86.399106,3.2328
828113,23.821426,86.319692,49.0537
828114,23.850481,86.275848,24.4403
828115,23.71876,86.48223,38.2324
828116,23.780271,86.386321,20.0325
828117,23.747281,86.379016,12.5377
828119,23.694837,86.461306,18.2143
828120,23.6464,86.469345,2.4507
828121,23.791885,86.334572,12.401
828122,23.676088,86.488475,18.7127
828123,23.661445,86.474726,3.6459
828124,23.67149,86.500277,0.6159
828125,23.808191,86.26428,29.9685
828126,23.661973,86.430844,3.72
828127,23.808121,86.45472,1.6906
828128,23.796251,86.255901,1.5032
828129,23.736583,86.350135,33.7864
828130,23.682542,86.510271,3.1977
828131,23.726981,86.423825,10.0413
828132,23.680595,86.428998,9.0595
828133,23.695488,86.440171,3.9337
828134,23.55715,86.31843,365.4246
828135,23.658999,86.452012,7.1004
828142,23.99229,86.46561,15.4489
828201,23.726488,86.556938,250.4758
828202,23.76081,86.772167,60.8574
828203,23.768609,86.794185,18.7599
828204,23.718362,86.707484,120.2136
828205,23.830025,86.691958,271.1311
828206,23.692058,86.74721,3.7923
828207,23.777643,86.813242,4.4087
828301,23.716109,86.388974,11.1125
828302,23.683233,86.398338,10.2994
828303,23.645017,86.398867,62.0887
828304,23.782309,86.297751,3.991
828305,23.748918,86.257158,130.2042
828306,23.83824,86.224251,26.5913
828307,23.806017,86.188483,47.8507
828308,23.673603,86.258354,95.5172
828309,23.742283,86.407555,5.0989
828311,23.684166,86.37351,4.4973
828401,23.878024,86.171988,60.949
828402,23.897851,86.247895,104.1048
828403,23.772403,86.142815,151.8652
828404,23.740946,86.170661,12.7134
829101,23.669006,85.456979,83.8363
829102,23.620884,85.472624,13.1071
829103,23.623605,85.423382,22.643
829104,23.76871,85.978041,36.3796
829105,23.623216,85.384203,31.5529
829106,23.628608,85.331867,27.7234
829107,23.839492,85.934257,70.1872
829108,23.677051,85.37616,1.4522
829109,23.690456,85.403946,19.6881
829110,23.492353,85.790934,391.213
829111,23.746741,85.866032,94.3335
829112,23.6724,85.715782,241.6067
829113,23.715717,85.954922,13.7223
829114,23.731604,85.997554,23.2664
829115,23.626348,85.936759,27.8604
829116,23.727466,85.912609,18.5276
829117,23.647692,85.561164,66.8361
829118,23.639316,85.266278,124.9563
829119,23.501692,84.058691,206.931
829120,23.677591,85.303127,8.4691
829121,23.64706,85.880481,172.2342
829122,23.584375,85.528762,75.7856
829123,23.701079,85.894253,37.3237
829124,23.700237,85.382079,18.7133
829125,23.685114,85.328863,8.4114
829126,23.676398,85.347986,3.8916
829127,23.776951,85.937072,30.4931
829128,23.795836,85.837105,47.4724
829129,23.768491,85.774212,93.7261
829130,23.624463,85.499431,4.1662
829131,23.638858,85.503248,3.8038
829132,23.747783,86.063425,33.977
829133,23.663572,85.336288,4.793
829134,23.706197,85.643668,53.2109
829135,23.656606,85.362931,14.2867
829137,23.67025,85.61221,43.9596
829143,23.582309,85.404418,114.1903
829144,23.817099,86.038103,267.3691
829145,23.727307,85.622117,9.4021
829146,23.695435,85.501788,6.2173
829149,23.705975,85.773155,53.5995
829150,23.528397,85.695753,143.321
829201,23.713616,85.130942,125.7677
829202,23.87113,84.748427,1212.7366
829203,23.664011,84.763671,762.1448
829204,23.599472,84.202689,562.6694
829205,23.618523,84.977533,54.5364
829206,23.783508,84.514558,372.9868
829207,23.679085,84.436821,262.6438
829208,23.666013,84.954472,56.567
829209,23.684065,85.054083,18.7968
829210,23.674539,85.016259,9.7415
829301,23.595716,86.033658,230.5207
831001,22.808241,86.196029,8.7433
831002,22.583591,86.167462,534.6393
831003,22.786066,86.225968,7.2382
831004,22.756826,86.251462,4.6628
831005,22.80647,86.161306,5.5446
831006,22.773039,86.182825,2.7314
831007,22.769326,86.217502,4.02
831008,22.774527,86.259979,8.8562
831009,22.806644,86.228925,5.9989
831010,22.766362,86.236214,2.011
831011,22.820606,86.171424,6.5454
831012,22.797215,86.299673,135.7261
831013,22.791245,86.147705,19.099
831014,22.774322,86.145292,2.0316
831015,22.74203,86.259168,2.2566
831016,22.746868,86.243052,2.0851
831017,22.800274,86.248505,5.4912
831018,22.813487,86.21222,0.2594
831019,22.787123,86.256932,5.6138
831020,22.889527,86.102918,7.5922
831021,22.819045,86.221773,2.2006
831032,22.789114,86.182144,3.0757
831033,22.786394,86.20086,9.0194
831037,22.797077,86.178812,0.4296
832101,22.288945,86.751852,349.3532
832102,22.634791,86.310994,305.1023
832103,22.612158,86.444437,12.8855
832104,22.468399,86.404461,642.1495
832105,22.897895,86.390297,336.549
832106,22.631066,86.386581,11.6278
832107,22.693757,86.208746,148.5749
832108,22.829972,86.114505,53.0372
832109,22.783299,86.139701,4.027
832110,22.840704,86.186144,24.419
832111,22.702099,86.257624,11.2192
832112,22.94493,86.294405,215.8428
832113,22.660544,86.040918,124.8312
832119,22.645541,85.882531,11.2911
832301,22.455744,86.730601,423.556
832302,22.440628,86.584274,583.4743
832303,22.634738,86.535091,323.6811
832304,22.720207,86.416953,199.7435
832401,22.899244,86.050102,878.579
832402,22.848026,86.026656,50.1458
832403,23.103153,85.936566,266.8486
832404,22.964359,85.932027,482.2681
833101,22.762781,85.762055,59.4089
833102,22.704642,85.581313,851.9102
833103,22.469408,85.364439,542.8975
833104,22.446664,85.175114,766.0413
833105,22.644741,85.324109,890.5108
833106,22.215255,85.213702,820.6714
833201,22.532463,85.793108,45.6306
833202,22.494303,85.826282,38.6302
833203,22.243784,85.684001,384.0929
833204,22.485986,85.853462,1457.3278
833210,22.756158,86.054358,4.0793
833212,22.202951,85.598487,46.1315
833213,22.195662,85.347058,134.721
833214,22.129845,85.837588,997.0756
833215,22.413446,85.616429,770.9053
833216,22.855842,85.723433,345.6836
833217,22.147758,85.520976,96.9428
833218,22.272557,85.532256,303.7327
833219,22.686224,85.927696,142.6026
833220,22.757368,85.969628,197.1672
833221,22.189945,85.422515,120.5302
833222,22.097768,85.280954,19.2342
833223,22.087712,85.245748,72.4195
834001,23.368424,85.34425,36.2758
834002,23.332464,85.322119,26.6192
834003,23.288191,85.311898,16.2349
834004,23.31286,85.27138,74.1481
834005,23.374484,85.270359,29.044
834006,23.477818,85.290201,280.6862
834007,23.440002,85.337694,2.1992
834008,23.400654,85.328326,10.7379
834009,23.393211,85.357564,10.0353
834010,23.243506,85.417264,450.3539
834011,23.34456,85.34822,2.5055
834013,22.781022,86.143529,0.2485
834026,23.353021,85.327744,0.5527
835101,23.356602,85.84478,81.6603
835102,23.271809,85.760673,383.5864
835103,23.364882,85.577632,636.2545
835201,22.651996,84.94428,849.7162
835202,23.257533,84.945693,359.8766
835203,23.238086,84.827255,183.2868
835204,23.158939,85.579626,573.6802
835205,23.450025,85.115009,176.4746
835206,23.13104,84.315693,918.3649
835207,23.008924,84.590928,464.3744
835208,23.232486,84.542232,271.1384
835209,23.153823,85.088487,386.717
835210,23.062461,85.313971,896.4036
835211,22.581404,84.740226,1245.8677
835212,22.539662,84.122409,349.8647
835213,23.533106,84.759979,258.3842
835214,23.55327,85.056121,733.6559
835215,23.419573,85.428175,12.8685
835216,22.869292,85.343038,1193.0391
835217,23.429119,85.396444,66.7486
835218,23.365428,84.287353,275.4588
835219,23.505395,85.464215,303.2297
835220,22.838316,84.591766,474.0278
835221,23.215187,85.266293,150.6366
835222,23.458469,85.191516,254.7662
835223,22.629092,84.351853,789.6092
835224,23.17327,84.711645,686.2651
835225,23.019213,85.709672,855.931
835226,22.453215,84.411131,797.0244
835227,22.865402,85.005251,1159.6461
835228,22.724634,84.474194,334.8256
835229,22.899878,84.761031,443.6964
835230,23.194396,84.138073,545.607
835231,23.426328,84.397077,631.5775
835232,22.894005,84.399027,411.2471
835233,23.134987,84.487164,220.1835
835234,23.064294,84.946382,344.977
835235,22.527182,84.349273,199.0753
835236,23.48252,85.612822,5.2027
835238,23.456681,85.433431,3.9688
835239,23.480234,84.920121,15.5514
835240,23.426347,85.333758,10.8249
835244,23.129228,84.880755,57.5032
835301,23.372031,84.984512,255.8792
835302,23.470687,84.592582,1196.9996
835303,23.293086,85.148036,228.5641
835304,23.352891,84.633422,41.5046
835305,23.516657,84.655336,7.0925
835306,23.374254,84.758358,40.43
835325,23.421302,84.830725,199.8569
841101,25.706349,85.148094,194.6155
841105,25.808314,85.150651,25.0372
841201,25.907349,84.548748,21.473
841202,25.821923,84.943707,56.1904
841203,26.010016,84.396031,53.1847
841204,26.015231,84.491293,43.5062
841205,25.910935,84.602927,88.4258
841206,26.030717,84.623557,54.9929
841207,25.734631,84.987384,117.3474
841208,25.968698,84.530788,70.0435
841209,25.911614,84.498945,60.8354
841210,25.955601,84.404053,94.3274
841211,25.729752,84.816981,83.986
841212,26.000853,84.449492,22.0317
841213,25.860308,84.655706,45.8402
841214,25.839083,84.630726,17.2036
841215,25.967907,85.025186,65.6373
841216,25.770477,84.87736,105.6193
841217,25.788291,85.091054,91.8701
841218,25.899521,84.894975,61.7274
841219,25.886281,85.041732,150.556
841220,25.990462,84.585094,59.8549
841221,25.805708,85.038677,65.5139
841222,25.833527,84.981352,28.3735
841223,25.957981,84.462912,19.7607
841224,26.074401,84.64065,32.9586
841225,25.776114,84.986763,24.2187
841226,26.236156,84.32037,134.6952
841227,26.247317,84.400844,128.5633
841231,26.097628,84.281766,81.7605
841232,26.314994,84.449304,169.5758
841233,26.089511,84.447223,77.7357
841234,26.089831,84.148583,86.4685
841235,26.149414,84.139976,80.6879
841236,26.069315,84.3567,61.5427
841237,26.164668,84.329903,17.2087
841238,26.130385,84.513521,102.8752
841239,26.216388,84.141656,147.3314
841240,26.052544,84.42602,29.3976
841241,26.163627,84.410552,78.9506
841242,26.124825,84.577366,16.1351
841243,26.303388,84.2292,100.0356
841244,26.0686,84.557015,62.7606
841245,26.191333,84.245908,142.9137
841247,25.838884,85.133227,11.9357
841286,26.126921,84.356916,48.3317
841287,26.083348,84.206834,59.0204
841301,25.775149,84.728554,193.4062
841302,25.789428,84.79515,11.8215
841305,25.802203,84.643918,29.2042
841311,25.832239,84.874917,59.7325
841312,25.730306,84.638843,26.7099
841313,25.848556,84.573522,45.4927
841316,25.824981,84.71736,24.2942
841401,25.98025,84.942376,34.6871
841402,25.908722,84.945889,64.0791
841403,25.991235,84.702259,150.9218
841404,26.046838,84.484834,29.5986
841405,26.398127,84.59681,212.084
841406,26.176099,84.676387,143.9259
841407,26.309978,84.672716,88.6645
841408,26.117431,84.68494,54.5696
841409,26.286295,84.763869,134.4719
841410,26.177244,84.870051,89.3666
841411,26.014143,84.828762,72.3748
841412,25.901531,84.689183,84.8623
841413,26.305124,84.556408,56.3036
841414,25.864065,84.765688,51.8198
841415,25.864638,84.828455,41.0414
841416,26.237325,84.686807,107.7419
841417,26.117249,84.789446,186.8233
841418,25.963613,84.858989,67.5206
841419,25.921901,84.828022,62.0961
841420,26.233847,84.826908,88.9771
841421,26.049003,84.774504,46.7257
841422,26.051555,84.688851,32.9692
841423,26.368137,84.690789,112.8633
841424,26.067218,84.902167,164.6368
841425,26.463796,84.232667,63.5098
841426,26.437735,84.121142,156.0291
841427,26.413237,84.496811,177.0255
841428,26.524609,84.4593,237.8407
841433,26.127473,84.83107,12.7886
841434,26.254825,84.583973,78.1019
841435,26.160209,84.06245,83.4225
841436,26.354701,84.282862,197.4221
841437,26.558467,84.112438,235.2868
841438,26.426326,84.292746,153.1093
841439,26.20917,84.559591,66.53
841440,26.42795,84.390248,106.6064
841441,26.506543,84.185856,92.2877
841442,25.909223,84.763095,50.0403
841443,25.959648,84.754518,33.4609
841446,26.149246,84.275421,6.768
841460,25.94679,84.981891,29.3078
841501,26.556002,84.347409,147.1895
841502,26.050626,84.242438,30.0009
841503,26.567379,84.265536,139.4155
841504,26.007952,84.26831,136.6013
841505,26.515961,84.374462,50.2588
841506,26.201064,84.490354,101.5111
841507,26.117367,84.617336,58.8194
841508,26.465305,83.996541,168.1772
841509,25.975243,84.332893,22.7187
842001,26.146959,85.411686,52.4976
842002,26.090163,85.401494,21.0212
842003,26.133768,85.360051,8.9355
842004,26.189317,85.392213,64.8607
842005,26.121438,85.418312,10.6993
842101,26.11091,85.378325,1.8264
843101,26.014727,85.084114,115.1993
843102,25.944541,85.472176,52.9668
843103,26.183913,85.492398,105.4373
843104,25.947335,85.595888,50.639
843105,25.96622,85.537679,79.4845
843106,26.055402,85.309355,65.4215
843107,26.054362,84.999749,130.4384
843108,26.170823,85.320457,56.9267
843109,26.1905,85.249396,108.6955
843110,25.804857,85.565161,121.9037
843111,26.276451,85.149637,178.3422
843112,26.113183,85.074573,149.4424
843113,26.122865,85.248413,106.6831
843114,25.883976,85.536933,158.2425
843115,26.054781,85.619014,142.1579
843116,26.105098,85.406469,0.6492
843117,26.287834,85.425037,164.3098
843118,26.118038,85.526886,52.4102
843119,26.027662,85.477439,128.7506
843120,26.153163,84.98116,114.4009
843121,26.00612,85.586244,42.7762
843122,26.151294,85.141764,10.3691
843123,26.115613,85.153982,63.2439
843124,26.184448,85.115566,68.2096
843125,26.261677,84.954059,214.2248
843126,26.04833,85.183304,78.4774
843127,26.244767,85.048892,106.4579
843128,26.319749,85.308113,340.7573
843129,26.245742,85.536488,145.5168
843130,26.20099,85.303669,4.1979
843132,26.258334,85.125318,24.1492
843133,25.983191,85.465647,2.5034
843139,25.994167,85.505834,4.5269
843141,26.221649,85.100204,17.2685
843143,26.073494,85.247413,30.8576
843144,25.920219,85.51602,6.344
843146,26.102488,85.349203,28.4328
843147,26.099655,85.463624,77.3487
843152,26.227417,84.970015,20.1357
843153,26.277194,85.224568,14.4256
843161,26.165357,85.232017,7.3418
843162,26.212985,85.160713,9.4077
843165,26.321716,85.354188,28.3306
843301,26.591437,85.49422,8.8706
843302,26.560122,85.472595,94.8689
843311,26.431366,85.456348,33.4821
843312,26.326816,85.55347,170.6754
843313,26.703357,85.281416,80.5144
843314,26.560592,85.583432,290.2536
843315,26.711126,85.375551,121.3071
843316,26.434628,85.406342,95.1635
843317,26.769463,85.545909,115.1628
843318,26.351197,85.65928,56.4586
843319,26.552448,85.774041,90.7395
843320,26.482283,85.722842,150.809
843321,26.222815,85.652151,104.0134
843322,26.668663,85.55106,177.8386
843323,26.459123,85.532091,97.7343
843324,26.743665,85.67222,270.7774
843325,26.5128,85.408649,90.4341
843326,26.390418,85.608185,62.4948
843327,26.622094,85.413687,154.3804
843328,26.387319,85.477705,138.6105
843329,26.485767,85.282993,288.952
843330,26.825984,85.59515,94.3432
843331,26.621735,85.696576,173.7942
843332,26.740435,85.460824,119.3448
843333,26.457824,85.64169,135.3975
843334,26.599717,85.317638,137.1984
843351,26.685658,85.324204,26.5506
843360,26.291977,85.659103,49.3492
844101,25.671841,85.215782,25.5266
844102,25.664438,85.243408,89.9966
844103,25.748296,85.204667,40.5351
844111,25.988039,85.24145,141.2906
844112,25.963167,85.400933,50.5808
844113,25.769171,85.366017,26.7245
844114,25.846476,85.310471,134.8557
844115,25.674474,85.368892,44.7353
844116,25.760226,85.329355,31.1697
844117,25.797655,85.227032,23.3568
844118,25.910262,85.37029,121.8734
844119,25.810657,85.194043,28.8563
844120,25.977877,85.330434,78.0474
844121,25.868156,85.157748,59.9821
844122,25.810061,85.41481,169.0111
844123,25.881478,85.228565,99.6535
844124,25.723587,85.332803,55.3184
844125,25.76714,85.267979,62.6155
844126,25.783361,85.487392,59.5369
844127,26.038257,85.379087,87.195
844128,25.946545,85.143549,140.6724
844131,25.83188,85.260249,4.0304
844134,25.89855,85.348404,12.1072
844139,25.763892,85.39267,4.6712
844141,25.804345,85.515431,14.2253
844501,25.661427,85.532818,67.0476
844502,25.679711,85.301015,61.8463
844503,25.612094,85.365625,76.3791
844504,25.659975,85.416246,79.1698
844505,25.728643,85.547487,104.5886
844506,25.590947,85.505391,155.7092
844507,25.694187,85.47693,51.6134
844508,25.558229,85.358721,231.0325
844509,25.667171,85.448204,29.9896
845101,27.053165,84.204285,439.0813
845102,27.297258,84.539028,278.5647
845103,27.112999,84.329819,150.196
845104,26.907286,84.183026,553.9785
845105,27.254196,84.057952,973.3792
845106,27.314262,84.22834,883.7053
845107,27.376729,83.908276,172.6691
845301,26.898807,84.916391,217.1966
845302,26.810399,84.971863,187.2508
845303,26.831753,85.116906,163.917
845304,26.739018,85.214106,76.8103
845305,26.973318,84.826887,88.2112
845306,27.104347,84.625175,182.5201
845307,26.967338,84.662874,273.562
845315,26.776615,85.06404,107.2266
845401,26.648889,84.949,188.009
845406,26.335369,85.213936,69.4898
845411,26.579326,84.680219,125.484
845412,26.404331,85.029602,107.9844
845413,26.437202,84.924735,81.051
845414,26.514732,85.092884,100.7277
845415,26.70389,85.045736,141.9342
845416,26.486492,84.987004,157.0205
845417,26.521387,84.763535,180.6593
845418,26.660492,85.117469,293.4135
845419,26.498536,84.610087,110.5321
845420,26.433433,85.136018,152.0385
845422,26.661978,84.698962,152.2016
845423,26.400528,84.794365,106.6704
845424,26.328465,84.858411,140.402
845425,26.56825,84.549645,104.9385
845426,26.350455,85.063808,154.121
845427,26.622158,85.234295,84.3995
845428,26.577049,85.079627,65.6795
845429,26.558179,84.933603,114.9004
845430,26.51244,85.18117,71.0862
845431,26.789742,84.850366,97.3163
845432,26.402195,84.891397,106.3916
845433,26.874344,84.79336,172.7963
845434,26.444257,84.715099,96.7398
845435,26.719957,84.860854,176.0853
845436,26.405169,85.212625,48.5556
845437,26.558832,84.846321,291.7314
845438,26.759688,84.443446,414.5778
845440,26.931147,84.74539,104.3688
845449,26.955315,84.540199,220.1487
845450,26.867423,84.497284,149.8769
845451,27.153898,84.570569,340.8328
845452,26.881502,84.349243,260.4651
845453,26.995461,84.41005,239.4426
845454,26.794661,84.652103,335.6099
845455,27.209371,84.425711,537.4654
845456,26.760011,84.755254,129.9224
845457,26.582969,85.170007,94.6706
845458,26.609557,84.595042,106.8175
845459,26.682278,84.521213,243.6732
846001,26.10625,85.894771,14.5207
846002,26.060298,85.893701,63.1434
846003,26.099736,85.819391,195.7724
846004,26.153135,85.899397,3.9504
846005,26.199622,85.876593,66.5231
846006,26.157551,85.863469,29.0341
846007,26.198639,85.945689,34.2376
846008,26.163243,85.896189,1.91
846009,26.136477,85.981391,96.3293
847101,26.036902,85.978149,182.6084
847102,26.45533,85.803747,71.0664
847103,26.024525,86.227092,126.3821
847104,26.233015,85.754724,69.3119
847105,25.956415,86.038971,53.9698
847106,26.114813,85.745349,69.9851
847107,26.138652,85.641757,254.9092
847108,26.40918,86.609469,321.0454
847109,26.309954,86.348523,39.8825
847115,26.200673,86.002914,69.8462
847121,26.304643,85.938964,136.3688
847122,26.332622,85.895974,29.1925
847123,26.199256,85.718923,24.8843
847201,26.058337,86.125339,229.7002
847202,25.979659,86.114379,99.5655
847203,25.927091,86.235259,277.8599
847204,26.159043,86.273535,52.3092
847211,26.349106,86.070033,9.4088
847212,26.313922,86.066846,68.2259
847213,26.394103,86.049777,35.8806
847214,26.364813,86.097108,36.758
847215,26.409476,86.077128,20.669
847222,26.435087,85.978604,87.0664
847223,26.425642,85.889393,199.8206
847224,26.454767,86.280533,92.6568
847225,26.576952,86.024367,144.1276
847226,26.573766,86.123629,179.889
847227,26.474472,86.388842,164.8498
847228,26.494778,86.160859,211.1172
847229,26.46543,86.047147,88.6415
847230,26.53059,85.938393,98.8794
847231,26.279168,86.137163,104.2146
847232,26.564247,86.295679,213.0581
847233,26.1297,86.080199,72.1609
847234,26.264077,86.033943,40.2451
847235,26.401189,86.194309,191.9832
847236,26.33443,86.158355,60.6912
847238,26.356799,86.003537,70.6518
847239,26.204138,86.075882,91.0698
847240,26.61617,85.973204,94.4634
847301,25.98126,85.912034,113.9109
847302,26.367888,85.732572,107.1962
847303,26.402748,85.787831,40.6949
847304,26.323092,85.83069,111.2143
847305,26.584533,85.833599,22.8862
847306,26.240539,85.857056,64.5507
847307,26.289728,85.754964,116.2918
847308,26.527552,85.853453,96.0652
847337,26.260166,85.976294,39.8371
847401,26.405637,86.34718,88.2698
847402,26.30137,86.452351,285.6793
847403,26.211473,86.296615,90.0124
847404,26.291425,86.261294,163.1691
847405,26.101163,86.28391,76.7715
847406,26.47488,86.576206,9.7057
847407,26.194741,86.220889,36.4522
847408,26.148598,86.401905,308.6992
847409,26.380475,86.484937,130.8085
847410,26.261654,86.355684,42.0598
847411,26.35822,86.310081,48.4339
847421,26.511934,86.46957,206.829
847422,26.181092,86.154899,100.086
847423,26.128758,86.215141,53.6724
847424,26.245384,86.186265,38.6181
847427,26.018011,86.331414,167.8384
847428,26.18343,85.790135,26.9865
847429,26.116331,85.95247,24.0698
847451,26.412147,86.758903,77.2655
847452,26.249205,86.55256,129.0841
848101,25.846671,85.781039,83.1691
848102,25.908947,85.782007,26.9714
848111,25.695441,85.744343,3.5824
848113,25.919338,85.734926,51.1967
848114,25.688014,85.827489,186.33
848115,25.91993,85.674001,63.1831
848116,25.610862,85.742479,12.0407
848117,25.883434,85.972204,201.3747
848118,25.691878,85.764336,12.3414
848121,25.803634,85.676578,37.6297
848122,25.782184,85.637189,40.6351
848125,25.999895,85.692141,127.942
848127,25.74549,85.724893,138.7832
848129,25.85954,85.72281,24.093
848130,25.848824,85.656318,71.819
848131,25.885792,85.661626,18.8026
848132,25.770008,85.838954,90.4659
848133,25.931847,85.901954,62.2
848134,25.815745,85.866269,102.6166
848160,25.71859,85.909874,56.7498
848201,25.587216,86.253143,109.474
848202,25.675686,86.061645,113.7583
848203,25.628512,86.398043,344.4457
848204,25.672284,86.150208,175.3583
848205,25.717345,86.1995,113.4182
848206,25.784343,86.207816,85.6175
848207,25.705727,86.303008,156.3362
848208,25.786271,86.110758,48.1304
848209,25.860313,86.144798,172.9879
848210,25.776297,86.02522,116.528
848211,25.669426,85.980809,134.4299
848213,25.8045,86.319768,262.0122
848216,25.826462,86.047638,70.2198
848220,25.674146,86.000774,5.7346
848236,25.772219,85.954624,63.9064
848237,25.757391,85.967935,6.0819
848301,25.914093,85.829367,99.3408
848302,25.991214,85.789551,111.4851
848501,25.517273,85.63338,107.9518
848502,25.598143,85.693473,101.175
848503,25.591564,85.758833,122.9022
848504,25.636394,85.614407,119.3296
848505,25.707462,85.659479,106.2397
848506,25.541041,85.581324,59.6724
851101,25.409731,86.138097,29.3866
851103,25.528594,86.225143,66.6108
851111,25.575307,85.865784,205.0029
851112,25.489889,85.982368,157.7723
851113,25.439431,85.921489,52.233
851114,25.431819,86.058384,10.6609
851115,25.419798,86.09852,1.5242
851116,25.399389,86.027378,6.9044
851117,25.412731,86.109516,3.9493
851118,25.44145,85.980195,17.1493
851119,25.553632,86.00052,2.6049
851120,25.574757,86.03769,65.8909
851122,25.446418,86.070983,3.1726
851126,25.449611,86.003703,7.5482
851127,25.552788,86.127587,165.5871
851128,25.626634,85.935865,33.9405
851129,25.366541,86.155096,251.0025
851130,25.396859,86.005747,31.893
851131,25.472578,86.174443,161.3892
851132,25.610854,86.080974,32.9111
851133,25.551556,85.976405,79.5522
851134,25.419694,86.087353,18.0371
851135,25.430693,86.02434,11.0419
851201,25.520471,86.704355,118.1134
851202,25.457785,86.619777,92.7278
851203,25.404489,86.664068,85.5934
851204,25.52988,86.388507,181.6534
851205,25.517995,86.50508,144.917
851210,25.447432,86.04491,10.8441
851211,25.40481,86.297523,253.4915
851212,25.417317,86.758342,135.6165
851213,25.504799,86.648218,38.5296
851214,25.563345,86.601517,157.1571
851215,25.319214,86.675866,72.9209
851216,25.335934,86.771649,166.2855
851217,25.43431,86.408298,162.6254
851218,25.441677,86.148035,14.7028
851219,25.418935,86.354758,22.2655
851220,25.566275,86.574869,18.9881
851225,25.549349,86.274824,3.8374
852101,25.753751,86.981729,182.1439
852105,26.308016,86.680798,139.3596
852106,25.741022,86.48618,175.2744
852107,25.814395,86.797989,147.7055
852108,26.072315,86.699678,261.4817
852109,26.245031,86.812195,61.7805
852110,26.04552,86.563754,81.7866
852111,26.321547,86.808833,258.5121
852112,26.005816,86.984976,329.4417
852113,25.911101,86.786695,106.1687
852114,25.903179,86.871156,125.5623
852115,25.778239,86.89613,111.0705
852116,25.617709,87.005003,110.5282
852121,25.90938,86.721708,61.6273
852122,25.878312,86.966254,168.0706
852123,25.994963,86.446767,220.9515
852124,25.971754,86.600163,245.3672
852125,26.304841,86.93137,134.8162
852126,25.65136,86.557824,145.7939
852127,25.715974,86.619901,177.6191
852128,25.998832,86.796541,161.9258
852129,25.677543,86.743767,150.9148
852130,26.092771,86.502632,98.4695
852131,26.154703,86.619073,238.2487
852132,26.061996,86.852698,125.5219
852133,26.181264,86.458519,54.7129
852137,26.215264,87.028186,277.4403
852138,26.23616,86.676459,184.2987
852139,26.160972,86.894797,232.2503
852161,25.571839,86.770069,279.0031
852201,25.876962,86.600446,36.4183
852202,25.833658,86.589654,215.4877
852212,25.852696,86.524246,49.5321
852213,25.530766,87.0315,141.0859
852214,26.120503,86.980862,150.3685
852215,26.382781,86.893216,104.7154
852216,25.861885,86.426066,279.9814
852217,25.734655,86.788752,155.8965
852218,26.163424,86.787847,129.1008
852219,25.542833,86.90532,290.4527
852220,25.668464,86.903974,168.8449
852221,25.844017,86.690421,173.2306
853201,25.399113,86.931211,188.7164
853202,25.381076,87.002219,164.8654
853203,25.417303,86.865104,75.0258
853204,25.365221,87.155721,427.5424
853205,25.309521,87.106733,82.7279
853207,25.347111,87.134294,8.8997
854101,25.4684,87.284499,273.284
854102,25.910539,87.075651,198.4311
854103,25.45844,87.591476,73.9981
854104,25.445913,87.423802,266.6101
854105,25.56119,87.589229,79.4125
854106,25.590243,87.547314,11.0051
854107,25.500833,87.579003,75.5928
854108,25.60535,87.458016,350.6376
854109,25.568273,87.556786,15.6122
854112,25.301706,87.771326,233.7934
854113,25.376769,87.61419,289.5021
854114,25.628273,87.311996,220.4472
854115,25.493389,87.479539,105.6618
854116,25.482386,87.711494,190.0286
854117,25.402285,87.721276,36.6032
854201,25.94455,87.333341,178.4441
854202,25.85201,87.194858,294.049
854203,25.763187,87.085866,259.6755
854204,25.57521,87.15868,578.3965
854205,25.723775,87.195155,121.2222
854301,25.77147,87.494943,25.1017
854302,25.778025,87.452969,19.7469
854303,25.724344,87.411834,191.4021
854304,25.829107,87.379919,413.2749
854305,25.780605,87.526046,21.0168
854306,25.851888,87.273608,110.7234
854311,26.140058,87.493913,534.2361
854312,26.059394,87.366418,514.042
854315,25.915317,87.721758,553.379
854316,26.376393,87.17951,100.959
854317,25.727334,87.923953,410.6776
854318,26.255658,87.252046,592.4698
854325,25.966433,87.461371,34.1409
854326,25.775337,87.634532,207.8782
854327,25.943885,87.535301,109.9327
854328,26.390585,87.245113,23.2094
854329,26.157772,87.622729,269.3252
854330,25.877957,87.587986,295.9602
854331,26.310619,87.414298,121.3785
854332,26.384183,87.412846,153.6455
854333,26.317545,87.554814,391.5582
854334,26.073197,87.176446,503.9082
854335,26.284847,87.098576,124.1755
854336,26.433724,87.084979,140.6076
854337,25.711362,87.562591,149.6175
854338,26.437003,86.868414,67.928
854339,26.363675,87.011382,121.9253
854340,26.468827,86.994186,249.5738
855101,26.335224,87.780769,798.9135
855102,25.560671,87.992698,170.4849
855105,25.691355,87.782515,329.7153
855106,26.524008,88.111687,9.5449
855107,26.212188,87.963043,406.1815
855108,26.274175,87.894814,159.7537
855113,25.541973,87.838844,336.5992
855114,25.614301,87.676393,301.9843
855115,26.109782,87.789695,573.3413
855116,26.434536,88.130151,293.7998
855117,26.311412,88.147022,472.9296
